motif	name	variability	bootstrap_lower_bound	bootstrap_upper_bound	p_value	p_value_adj	270502_S0_L001.sorted.dedup.bam	304955_S0_L001.sorted.dedup.bam	278106_S0_L001.sorted.dedup.bam	304944_S0_L001.sorted.dedup.bam	313308_S0_L001.sorted.dedup.bam	2792020_S32_L003.sorted.dedup.bam	2781090_S41_L003.sorted.dedup.bam	2858490_S0_L001.sorted.dedup.bam	2811610_S33_L003.sorted.dedup.bam	2705020_S0_L001.sorted.dedup.bam	2858810_S31_L003.sorted.dedup.bam	2781080_S30_L003.sorted.dedup.bam	2705010_S40_L003.sorted.dedup.bam	2858800_S38_L003.sorted.dedup.bam	3049430_S42_L003.sorted.dedup.bam	2705000_S0_L001.sorted.dedup.bam	3049380_S0_L001.sorted.dedup.bam	2792010_S0_L001.sorted.dedup.bam	3013500_S34_L003.sorted.dedup.bam	2811630_S35_L003.sorted.dedup.bam	2792040_S0_L001.sorted.dedup.bam	2781020_S37_L003.sorted.dedup.bam	3049400_S39_L003.sorted.dedup.bam	3049450_S36_L003.sorted.dedup.bam	m329861_S198.sorted.dedup.bam	m329883_S194.sorted.dedup.bam	m344004_S196.sorted.dedup.bam	m344001_S207.sorted.dedup.bam	m329885_S199.sorted.dedup.bam	m329865_S206.sorted.dedup.bam	m318978_S195.sorted.dedup.bam	m318979_S197.sorted.dedup.bam	m313309_S193.sorted.dedup.bam	m318986_S33_sorted.dedup.bam	m334087_S35_sorted.dedup.bam	m357484_S37_sorted.dedup.bam	m357486_S34_sorted.dedup.bam	m357488_S36_sorted.dedup.bam	m364088_S38_sorted.dedup.bam
MA0003.3_TFAP2A	TFAP2A	2.63950232944123	1.8035040694552	3.35716865690194	9.12580806465542e-36	1.12541914151981e-35	-2.25934032017586	-3.70818295853026	-3.14238378013068	-1.64035093165976	-4.78997736624729	-0.105842216978485	0.0135555900328478	0.679596251024022	-1.00790052001054	-1.69325218252417	3.92708127928122	0.310564790301257	-1.75749129616372	0.224478647389919	1.48302899254472	0.302828630644964	8.2414685519713	3.63699360144094	-0.0228359888221805	5.73444471391269	-1.63639864086984	-0.918886428720498	0.0715338376329268	0.802668657606261	-1.99063228881336	1.641254212999	-2.56457879804845	2.61732838597501	-1.81117415110333	1.54627940438518	-1.44399856318707	-1.08416077298389	-1.59514709746405	-2.79347306323968	1.549074749221	0.747009776149941	-3.21748744633358	-1.14419525014095	-3.98350011555153
MA0009.2_T	T	2.7436170688402	2.28485297877635	3.0931414793317	8.61891036014719e-40	1.11267538428656e-39	-2.94899394253315	-0.46061597094093	0.214536599986031	-0.506448776258579	-0.295084564048407	-3.23389780566409	2.37815318476069	0.647071849739121	3.0573642897111	-2.33214942325954	4.86752642959467	3.44302586779271	-2.68384746652979	0.674558215525302	1.32293826504689	2.86112950675947	-3.9741274153345	3.48823557579942	4.75955330607127	-3.58139353064282	-0.378497572705421	-1.89308930416978	3.02391269929596	1.35181054489388	-3.29799679374287	-0.866265118814747	2.9983503796214	3.42867378808493	-2.94778548631753	3.27841062451554	3.2312496325092	-0.0540742585179309	1.84834927016991	-0.58265874773489	-4.07205273298042	-2.730056967463	-0.913842092485269	-4.69590898032597	-1.21519950659838
MA0014.2_PAX5	PAX5	6.05940453626297	4.78440131778522	7.24294592181392	2.63819616558451e-268	8.27921723508634e-268	-6.48801377207925	4.80577215455126	1.41042350290116	-1.01830006308072	7.39018488020516	-8.72016128971596	-1.16391420905042	-7.96201401032614	6.08819989342277	1.24379363452002	3.22356484841313	2.89742803329046	-2.34658124870314	-6.66767567164119	-6.62434880607151	5.71481913785329	0.887840850908657	2.18112792203533	5.95335184761738	2.76392152262762	1.07990433022371	-5.34483666142336	0.91737713012044	-7.1320741524288	-5.0427454160023	-1.20171611749215	-0.960844193735786	12.5151805302301	-4.71449735116757	11.124347899185	-3.20511067374362	-3.05524171384985	15.3539307692913	2.87820493802532	-8.08666147579966	-2.20955136219168	3.98423585755684	-6.92457332177566	9.69453604007145
MA0017.2_NR2F1	NR2F1	5.14971551008751	3.57286838346693	6.36417860287758	1.05300818034719e-186	2.69179574578818e-186	0.366590691030405	4.92107375215199	3.98868369022645	0.299467996410932	5.87628796579489	-7.59950019195492	10.1691447516967	1.11575099083368	9.40248649703543	-0.0307046419818976	3.4540331102717	1.67389122605845	-4.4195118669825	1.94113267247241	2.37089835280115	6.11542688846421	-6.39956327516634	1.69960278541514	3.54214986052428	-2.51249832740967	2.10674329706785	-0.48765358202229	10.0716439916008	2.10524568814039	-3.11038586757658	1.44305885596125	-0.387061072283986	1.24777532703118	-3.56523550968692	-1.02643596923473	-2.69662750812431	-1.39968583931555	6.74657856599906	2.09491739744872	-14.4400309907382	2.53406489123225	4.527943752431	-10.7561483437404	4.80519275981463
MA0018.2_CREB1	CREB1	3.71564342023443	3.03761846704839	4.2398092297506	6.94415953407161e-87	1.09854327055395e-86	-4.10416874912818	-3.55722265613203	-5.0179193316201	2.41833435311983	-1.48717036992748	-2.86476019194909	-4.46544724673414	4.87087181919903	-4.04992141078051	-1.85756607907122	-5.24672627013842	-3.48614286096326	-1.83865462746392	2.22487943742559	3.95996842924946	-4.91246250000239	-2.05189077777852	-6.058500044267	-2.66868681030717	-1.00422227465365	-0.403246198399979	-4.9453198674803	-1.55671848871559	3.26416146293727	1.73128881726632	0.61597173728557	-1.65557728958448	-2.39681834591696	1.20449453561726	-2.83162908340463	-4.06960723551499	-3.15993944174082	5.89923124577888	3.93348314896457	2.62150703019536	2.29657584438501	4.43165430072417	6.8887383000273	7.13024902828827
MA0024.3_E2F1	E2F1	2.11906883041733	1.63015609087803	2.49818262000973	1.00068227801727e-18	1.1099521819387e-18	-0.531741644183149	-2.39786529162375	-2.82527512008505	-0.137048475948952	-2.48995776451191	0.508683585295417	-1.40204497969615	1.65506530922163	-3.15879870806845	-0.839052297961041	-4.92250060754965	-1.02587949880012	2.38538791584376	1.01854586009557	1.01446413404682	-5.33009749422739	1.16223454347139	-4.64169175667592	-1.27140711242555	1.5883040720303	-1.2489890065479	-0.274693488698158	-1.54422862360226	1.00326158776936	0.308185567996612	-0.808318400387694	-1.6406206515098	-1.4295689425218	0.480876470471937	-0.998782102633538	-2.36367564372477	2.15776525505935	2.02710041223325	1.14079739396587	2.35190570362267	1.75053116635733	0.901937235846091	3.45144293079778	1.74550474996686
MA0025.1_NFIL3	NFIL3	2.15557579813863	1.75307201457596	2.49916735053706	9.46035155863901e-20	1.05540338197533e-19	-2.38536022572665	0.227119035268601	-2.54730852131005	-0.893132353744334	-0.162347490685684	-0.996377098984128	2.85761297776125	1.5097032328236	-2.10905756708721	-1.97452293886701	2.07556422183842	-1.41018161947461	0.606246438701946	0.572689511273581	1.36184181270828	-1.17020856647649	4.29253930634928	1.72477198281394	1.22184576467959	3.77443591169748	-1.70364796275883	-2.53516223272422	3.21992072581998	1.07603929833391	-1.16262077001015	-0.836300092400682	3.55413818747664	0.469389840655885	-1.59060333402167	-0.313078236127055	1.93126199457271	0.525980399277818	4.70783108057713	0.135655183502578	-2.98007008208722	-2.46059160296226	-0.65530982013364	-1.99923632030125	-3.54745543791236
MA0027.2_EN1	EN1	3.74805329291197	2.44099944023506	4.91112523882388	9.56788832267657e-89	1.52611772419552e-88	-0.663218793346204	-1.1158324832516	-0.870708216682686	-1.09767454668593	-0.227522976271993	0.536432847239247	-0.0856341613695115	4.49864734776592	-3.28841636091975	-2.99110609629354	1.60549167238348	-0.99195695608142	5.80826120885852	6.43756795319806	6.26040228309884	-4.07554671274843	-1.29472875048326	1.19892237244397	-4.74274499577395	-1.26449379694474	-1.40969956583464	-5.84619250297166	-1.32692421205249	3.73367887638253	-0.412888678231499	-0.481525970549557	-1.63040320282381	-1.25063192736529	-0.436418600309431	-3.99789918287802	-2.44552390118264	0.0791834324580844	-0.672140541131918	0.319228956155522	13.6249809856755	-2.81377458097649	-0.725453368582069	6.99120292235957	-2.46359877852854
MA0028.2_ELK1	ELK1	4.56642721871082	3.15959719625464	5.92783871326071	8.16076483887702e-142	1.64924357476782e-141	0.973740773491499	-0.03807905599695	-4.33301244466553	2.28726507256338	-2.05432901226739	3.02740728376182	-3.74067118612587	-0.392557556078778	-2.52499076835823	-0.455654180052612	-4.76606860784027	-4.96946577964669	6.25469077802386	-0.119149596967872	-1.63198294234902	-1.34551722198569	1.03867565476008	-5.82983958431351	-0.39238903011492	2.91671810376182	1.31567937084264	3.69620365696119	-3.01367439034118	-0.535917382134582	2.61912716884313	-0.736800396990784	-4.44790635179903	-9.68931717230112	1.26231237470815	-7.68416998645709	-4.90559203709748	-2.60895237835852	2.94103457451691	3.06827208880125	0.455016675114064	7.14404260927701	4.00203791663405	5.25852537794204	15.759778868534
MA0030.1_FOXF2	FOXF2	9.12575028656225	7.16230188373366	10.7730087044023	0	0	0.293201196802445	9.54080330766041	2.83030680218245	0.935041835639455	3.80977981068484	2.81471994893174	-7.45987318395993	7.25524631662968	8.37293962327001	-5.84976434424107	10.6357790032796	-0.992493374417869	-2.46448339424659	9.46527296847376	9.47731702504065	11.1467259750674	-11.469698061192	10.6277330860594	3.3857443689527	-12.4489412488441	-3.87279074740704	0.883180375481292	-5.1180069936346	8.84609708326377	0.992392245975629	-6.36018286889885	22.5299401214831	-12.2529650153736	1.12633829157694	-13.9687843537687	17.7875053138443	-2.06684202527124	6.02029360767153	8.75605145898741	-15.5129300783836	-2.42391913698934	5.60850944652241	-14.769629273566	-9.17930000286075
MA0031.1_FOXD1	FOXD1	9.98167690002957	7.74141998824419	11.6999891394868	0	0	2.82124256828109	13.8973082314707	4.89995168512398	2.97462919938233	5.61641916861564	4.70633213953934	-9.51120184345524	3.89701935379114	11.6688654554795	-5.79707798491723	15.8884078863027	0.508709544183306	-0.470729877448006	5.23706016574619	6.7201409259939	14.3573403195808	-8.38893552160253	13.8696876667186	3.03724927636058	-10.1460058236545	-2.77230203477184	4.8739636370469	-7.93643640853259	4.82406355643383	1.60329735221825	-6.37604372955131	23.0571767926325	-15.8570763950907	1.55832763538965	-16.3698276080507	19.9603582786844	1.08056223661764	5.68912232855076	10.8939395246862	-16.9183081751466	-1.6287292607505	6.66411642124665	-15.762137485872	-8.60079679083129
MA0032.2_FOXC1	FOXC1	11.8938294781725	9.45814045892072	13.9170753513657	0	0	-2.5781960720566	12.4766060141171	10.3122272344835	3.04303016329506	5.80771907389872	-4.16164059998816	-0.587247275830727	6.48017784786853	23.1842402894967	-6.79270300942509	14.7272906064793	-6.36953854598416	-9.68706823122914	8.47692493782199	10.6143315101115	25.9919377277821	-10.4435382211948	11.8782953052398	-2.06368868727035	-10.610466441443	-2.29989103074217	-1.71301029194835	2.29794077854106	8.77656472908127	-1.76432758585193	-3.89341806142137	21.6604387057646	-18.5409902766714	-1.43390356865083	-19.0900024594289	15.5744143263382	-9.74029200993563	11.6224566863095	11.2495637829646	-20.4811015409016	-4.68381966475605	6.41877995844443	-19.9518038123078	-11.000653099893
MA0033.2_FOXL1	FOXL1	10.7155349139124	8.84072108253381	12.3634717073608	0	0	-4.7718062696698	17.5727453473072	6.52955214544207	1.74266737236839	4.82075433795032	0.635562461531072	-2.66831533084476	7.22075770136605	14.4894934916986	-5.11079678267911	14.6876842725512	3.81298312106646	-5.75853887682808	10.5171242489647	11.4120264057646	15.7861362046931	-12.832911975691	12.5629907631038	7.17517997328217	-14.5747836540444	-4.21208655846012	-3.85380414341989	0.396126094050168	8.87746995560578	-6.4764573102535	-7.05557867002923	21.7147129116249	-11.4162121353445	-5.29370832638255	-12.6087150409654	20.1932139845676	-6.33552595673712	7.49214457072184	9.01125823476186	-17.6558944031738	-2.75062447484351	5.70809161011082	-17.7753733166721	-12.0004974997074
MA0036.2_GATA2	GATA2	5.85493811231096	4.42994811448348	7.02299660985509	9.70551743198564e-249	2.88179209903574e-248	4.48194877196374	1.56137586651555	7.30799916375683	-2.33084559457901	-1.55610504729746	-0.704732046841268	-0.627182713386642	-4.69091747707303	11.485657371649	-3.41909511098363	6.43590905415024	0.827767653267801	-2.92888624142492	-3.66008451948462	-4.81104881411678	13.7290784668359	-12.4436364805449	6.14897668534262	3.86652523041585	-8.82051238361941	-2.97572170603527	12.5804186169401	-0.108522042656777	-4.462819836161	0.703689050360512	-2.65672915937413	3.76972032107881	7.63875537384156	1.94667552533234	9.42462335355237	2.73471508360345	-0.337127551344763	1.42770314291748	-0.955377235403822	-7.90301738089561	-2.75559419295804	-0.506368399745669	-6.6408180425206	-3.73571479576873
MA0037.2_GATA3	GATA3	4.07204859720516	3.19489362750811	4.74122316943977	2.31989683651521e-108	4.10770724263702e-108	1.96203136901795	3.10394270500361	3.25487708280445	-0.880502436231973	-3.3520795267774	3.91487566248657	0.448686531058647	-3.35402621607994	6.07450697495403	-4.92281074568281	2.16525881971915	2.15165184236384	2.8454983409643	-2.19081103438369	-3.12749580103306	6.04962722073416	-8.34697315872105	3.07723750568067	4.21380052044289	-7.76712562455812	-2.21878458261036	9.73374229000728	0.314832772356718	-2.43378240950896	0.341379499628503	-2.505729404734	5.67826165630231	3.38494922893211	1.65222516091061	4.82085462396557	3.85912686340355	1.36845857919151	1.56628476094236	-2.46140569167933	-5.20185174188772	2.11254273604191	-2.40271244467843	-5.74046385720894	-2.87260254636161
MA0042.2_FOXI1	FOXI1	10.7155349139124	8.84072108253381	12.3634717073608	0	0	-4.7718062696698	17.5727453473072	6.52955214544207	1.74266737236839	4.82075433795032	0.635562461531072	-2.66831533084476	7.22075770136605	14.4894934916986	-5.11079678267911	14.6876842725512	3.81298312106646	-5.75853887682808	10.5171242489647	11.4120264057646	15.7861362046931	-12.832911975691	12.5629907631038	7.17517997328217	-14.5747836540444	-4.21208655846012	-3.85380414341989	0.396126094050168	8.87746995560578	-6.4764573102535	-7.05557867002923	21.7147129116249	-11.4162121353445	-5.29370832638255	-12.6087150409654	20.1932139845676	-6.33552595673712	7.49214457072184	9.01125823476186	-17.6558944031738	-2.75062447484351	5.70809161011082	-17.7753733166721	-12.0004974997074
MA0043.2_HLF	HLF	2.37297764774977	1.68836891218592	2.9541913530071	2.16728280575109e-26	2.51979265969856e-26	-1.52109993614159	-1.14686742248235	-1.69905595957615	-1.64765812247019	-1.48941306756833	-0.674038517570837	-0.163680535687398	0.170835176443998	-1.92212926783346	-2.71758786231357	3.25038973864111	-1.72158027964595	-0.125628196158106	-0.1743993157819	0.104218502491623	-0.151423144789499	7.20979270864809	1.97059259322759	1.46407930961761	4.56699577378987	-2.26357062960507	-0.720924080358705	0.430838235259542	0.0934908754498355	-1.66563697750543	-0.879865226159729	5.42466417221391	-0.972418650394267	-2.04734758589259	-2.33365839191132	3.31034870464212	1.18469088948007	2.48485947099694	3.10135304585856	-2.16333740606924	-0.800008248633089	1.83598851537152	-2.18761930880712	-2.76011690852431
MA0046.2_HNF1A	HNF1A	2.35898179309738	1.74811791855763	2.83770609943211	6.1792254073145e-26	7.14126050066885e-26	-1.56278940676113	-0.79895909666336	-0.626793667159929	0.24266158783574	-0.784851673023007	-4.69776799901689	0.161055858719912	3.8790473911261	1.05627012595684	-3.0449593411075	-0.0763607229726406	0.270995053623625	-3.7483666975506	4.74153804141093	5.5513819584723	2.61754480110229	0.367964735995126	-0.223846438671746	0.103289868886152	0.474459227857921	-0.160037870903181	-4.02637859150094	0.566055310353491	3.48618453328408	-1.22856065188132	-1.31949596593341	-1.61553106435175	-1.48568349316189	-1.25155067183464	-3.00342323889258	-1.14284112082877	-3.61157932832413	0.428405122180496	3.87667668732604	0.479946016166382	-1.72706535185644	1.2230358815344	-1.31986899535547	-2.06524724029005
MA0048.2_NHLH1	NHLH1	7.62351404399587	6.03626889042957	8.80349091974167	0	0	-11.0893434383222	-7.21060473248892	-1.38634305536531	0.0226507924564528	-11.730102986399	-10.1919524717955	10.7314451736071	2.62306388783321	2.81475086412918	-5.52347732914932	11.8357376993402	-6.55021557085446	-5.3788220948097	3.31586861698117	3.39143736987303	1.51516775298142	-17.2505829896068	1.56309266848006	3.3660621235181	-15.695252487003	-5.81633598657401	-5.95046982358929	8.61617869480324	2.21203774127746	-10.5064051605767	-6.37079662743697	-6.13985760119492	11.47878101358	-8.20837347100908	11.4909816244805	1.04194791455291	-0.45702171946524	-3.14381245753631	-1.30679672388315	8.52265798068839	-11.0540857791302	-1.24508034161744	1.87749296621655	-10.0922896235764
MA0050.2_IRF1	IRF1	6.17321197586418	4.84127046523709	7.26280587294777	1.67590545922441e-279	5.43613031311447e-279	3.63320495735671	-1.75258481207605	-3.55088805916073	-0.657935764216587	-5.26797993975563	9.83894645768354	-9.89615863534065	2.35519574598582	-1.56731221925181	-2.04132564655344	-11.1709535827415	-1.50874353945033	7.8962767017567	-1.39752727939088	-1.80263579233035	-0.805855239825997	8.70386972032512	-5.82127587286077	1.29968398233479	11.3072972100257	-1.2719129307541	4.71366490733892	-9.62456067222133	-0.201800062502838	1.9502825045307	2.11561646376999	-5.97862784280533	3.07154258788819	1.42279322007228	4.88017331404195	-8.06118800276619	0.531040573786646	11.9638359537226	-1.08269393616286	-8.3528203340394	6.73100091754826	1.31155544024295	-4.59638980295524	14.4901508827443
MA0051.1_IRF2	IRF2	4.75248198351519	3.55068784357025	5.80338982636766	1.68925370920652e-155	3.74742489513631e-155	0.286264521338751	-1.73338438197863	-5.95711248073979	-2.23421074418639	-6.53138763882606	2.53267955359358	-4.66973288504868	5.90488685996094	-5.3765047650703	-3.19890867513459	-6.84586388585268	-0.84996427721031	5.23313916606589	-0.539678321606731	-0.560829233920723	-2.73034162995059	4.72511070397742	-3.66752342363863	1.09408940296957	5.47119812280741	-1.04980947913384	1.72812472713291	-4.18936862811013	-0.331394604182563	-2.03964085126955	-0.075151582961591	-6.48640104502521	4.2212868636623	-2.14542059506266	6.79249687965642	-8.06583402342014	2.69298672700567	5.79130284295992	-0.977143191017264	-3.405707496521	9.75427890565281	-0.764334065967921	-2.56995420444659	12.8144954347793
MA0052.3_MEF2A	MEF2A	4.64314487066062	3.49541006568693	5.6545477076276	2.19526740169148e-147	4.58039576785358e-147	2.24299271210982	-1.73837771708411	-1.56783020484354	2.31551421861209	0.687378018212981	-8.73758468690028	-0.677250683917255	3.60723119475892	-0.105610683877978	-2.20009621417997	-5.21471273614085	-6.07676920962237	-1.09731051889008	3.099933668041	4.9581217484861	-1.24297577678324	5.76207370643354	-0.574412035499281	-9.96810313660644	8.94149925657015	3.6991122585894	0.935176607750328	1.41109063295546	4.50635275408145	0.315550249399332	2.60934187163762	-2.07119864491444	-1.29066289478869	-0.0766003743175626	-3.29697591150982	-2.61233338863047	-2.7762563057819	9.68808807218109	3.62761712980088	-11.4287611229775	-2.47499916920069	4.19280564106351	-4.99815091851685	5.74068919186582
MA0056.1_MZF1	MZF1	4.61595157509711	3.71606310465608	5.39119537053161	2.12577461959561e-145	4.36462235725483e-145	-6.85724320511988	-6.05340595270483	-1.43468916983913	-1.53313013310453	-7.22833609580662	-0.21637384638966	0.859044436833087	2.85835368516038	0.193709669651703	-9.42879182680816	2.29448795425626	-1.27176703127381	-5.9625012618425	3.07118811137707	3.12407010594217	0.517283708513023	2.62762551173866	2.62214117354567	-1.10860638036082	2.5008192024071	-4.07417292486642	-4.9428125457698	0.994913790542686	3.26374806528175	-6.19454605984193	-1.43362903060655	-2.32222529901649	5.3202893295096	-5.48247348564808	6.86926175452057	-1.23233588635965	-5.70414710904396	-6.49826530244908	-3.91138681160894	9.6716467016805	-9.38650239374494	-4.28527851880155	3.49155277893201	-7.36657782519129
MA0057.1_MZF1(var.2)	MZF1(var.2)	3.03264035604738	2.4308558953972	3.48722725119023	5.18223873862461e-52	7.14408626110393e-52	-1.11298258770739	-3.39539865819126	-2.11763304087723	-0.605104157652354	-4.11758215144609	0.46746644052558	-3.71795276106742	5.38205668860037	-4.67123541407381	-4.121585360966	-6.18777644185489	0.933918568363498	1.95841476506068	4.02931926675525	4.23463984670391	-5.3057176281777	1.99668942026684	-2.17418596290894	-3.14639622129326	1.75710017718486	-1.52539440346931	-2.04797398231993	-4.16331951335474	4.43769008220227	0.3009459663464	4.93687439245501	-0.340082598467213	-0.0811573527386787	-0.228228460675667	-0.248410658308328	-0.962641629590477	2.24358077054005	0.364520035622627	0.261380789890205	2.81263580339605	-3.84554900345139	-0.914034716038516	3.05234635722573	-2.78001250265673
MA0058.3_MAX	MAX	2.73025832825074	2.09919900002194	3.36077558409524	2.90492089379446e-39	3.72524739204206e-39	-5.32450968550976	0.558614869086884	-2.15149160660463	3.0127462639894	1.72183910560232	-5.25871437562538	1.84419977110442	2.50453040027917	1.00933920707864	-0.620576506997388	3.43417003087793	2.64303870037816	-3.07256409839531	2.27189243453875	2.0983092201461	-1.82285106562978	-2.81911528240604	-1.55437451723074	4.86785911925626	-1.71860340885239	1.28959419927662	-7.62367445365054	2.36917206957281	2.14168353842539	-0.350990654715227	-2.10518384479747	-1.70493136297933	1.06192734697641	-0.773610271600965	-0.738590714899018	-2.50700147633729	-1.51042814658535	2.61298395602719	1.10878433819774	-0.760988514449205	-3.58212208852717	1.31150760622302	-1.90052925469913	2.71504236486423
MA0059.1_MAX::MYC	MAX::MYC	2.64651845042312	2.04184771181882	3.07283501453132	4.95895639216432e-36	6.13511912620329e-36	-5.37604189279843	0.544567595886708	-2.52894779650614	1.97660634658827	0.148873144832778	-5.92171719032052	2.18523444149114	1.73435022688098	0.621243959713958	-0.79268751968794	3.17786657770984	1.4284488338248	-1.54403584442847	1.99906860192063	2.03302016336939	-3.05495954636681	-5.84927696784389	-1.07449694735882	2.70469013869864	-3.90323239122383	0.259458258701219	-5.87842278396745	2.53448523722329	1.43848500151241	-1.43838924458193	-2.27627636237058	-3.16563542204685	2.92861717577613	-0.776343017128315	1.24294564924169	-2.73567378187915	-1.51457434476652	2.12358539801426	0.321248666273984	1.51857667622293	-3.22405835038239	0.934800231973162	0.484884971921143	1.19232011161126
MA0060.2_NFYA	NFYA	6.65103011928492	4.49683921039552	8.5200049155879	0	0	-6.49906374597267	-5.75629896118504	-8.48991924152263	0.47791057454114	-2.57997595727157	-4.9457962640452	-0.518001377333279	1.27382493702028	-11.4635030847265	-4.11830152744166	-9.06321666919931	7.47640106402106	5.42708750352782	1.00987356021112	1.00588468638201	-23.4506425005956	1.04104957565136	-16.1134106797895	6.85536437454081	0.652932787464657	-5.81839771374305	-6.78276535868979	-0.949364574986266	0.52729343509089	3.43672835003329	0.386132710336606	-2.22847010658653	-1.16504452785873	1.48817762576389	-3.59116231408164	-4.03757345089149	0.248676567143575	5.71661475038345	4.34347236775436	7.40043222192246	-0.813345929500384	2.45807400185037	9.04282492788533	7.95273413438676
MA0066.1_PPARG	PPARG	3.04866746241894	2.38580332874382	3.55915023493746	9.82116812244421e-53	1.35877093020196e-52	0.0901015958783913	1.56715448642439	3.09125400956998	-0.650042614850438	2.6502555559663	-4.89397096075036	3.43447045267879	2.83478657939387	3.4949658143253	-2.25282478528159	3.88626167367401	0.993936752862112	-6.90160620947796	2.82392888892431	3.2192136181728	5.13155092135812	0.57621763198896	3.18344568485805	1.74380613835052	1.67574089538765	0.431474648814077	-1.14522557503905	4.27730639476843	2.99075812453547	-3.34428367601359	0.130971511461981	0.431839813748827	1.54845669620834	-2.85558208871796	1.372015442801	-0.658032235660033	-3.98397851721119	-1.5394346367455	-1.01851829134201	-5.11606401662812	-2.26223739090483	0.755935280862926	-6.35901981863916	-2.16577722951585
MA0068.2_PAX4	PAX4	6.68849339520058	5.06341593218514	8.09109432175867	0	0	-7.19286384441669	-8.49631685793965	-9.72908366137121	-4.65625841446264	-6.19113889844384	-1.90123054716135	-3.46328956378446	8.41584886207085	-6.41250533752426	-3.26742215324139	4.70829156764255	-0.893456684206063	5.88057773661766	12.0564676878471	9.75186277484211	-9.09003061401723	1.56100060178597	5.17722937648335	-6.33441184139263	0.825296357047558	-2.52196460525647	-6.42842434500768	-4.2907017336962	9.03129457504656	-5.9433841339099	-0.385792470939257	-8.19556738325014	-0.474248694322107	-6.66645416543905	-5.34519704468464	-5.95306738178552	-2.06713375434372	-2.47972582688003	-1.00068451289073	17.3477901415518	-6.23996483583188	-4.40484740534844	8.84869643072514	-10.3497591375693
MA0069.1_Pax6	Pax6	5.30111514284405	3.63621453455364	6.52267181124364	2.62091061725097e-199	6.97704481557843e-199	-3.74749655413944	9.88981445550443	-3.74902507117938	-1.24772865067148	3.39610098648553	-4.48189906842679	-0.659658168428097	-4.5632524169419	1.18575071707574	-3.86192910812743	6.53436389478618	8.56752182039578	-1.99977792598979	-4.23982433184833	-5.32842874325176	1.13309802856512	-2.19210947420539	6.59489377685866	15.3389753771876	-2.74504882989232	-3.68425014589259	-3.37922089956331	0.412875670135477	-5.30079882296377	-4.21360145421226	-3.16175377665148	0.681069311227509	11.3580778716576	-3.99030751100439	9.12527662147779	0.552581326455961	-2.62220129381416	4.02453090694455	-2.82767189366698	1.00917131736083	-5.69059522722605	-4.85586463767894	-1.47557659163111	-3.53390606355479
MA0070.1_PBX1	PBX1	2.14476063538293	1.72366476300323	2.46802199386754	1.91481250736209e-19	2.13002198225293e-19	-1.29083755407344	-0.969086847744853	0.15165658708589	0.845292560338859	1.08444931875025	-3.0652589776551	-0.690817249734898	2.27417227953222	-2.0077073730154	0.771724262288745	2.53283949187527	3.37938277820886	-2.50594957602318	2.59247762346923	2.32618806012187	-3.18981196328898	-4.2277405813144	0.436665830992447	-0.515315394788897	-3.41578538640021	0.728677730950934	-2.81123329184981	-0.345943114084042	1.04319464481687	1.92963315899687	-0.217206812723071	1.20899220873223	3.69422529109993	0.933226074083533	2.5178735020683	2.58827693361972	-1.7042426121611	-3.99188999594846	-1.06853922407489	2.2800230806289	1.08166011787945	-0.89136751114341	2.1418637325224	-0.523829375155147
MA0071.1_RORA	RORA	3.58596802081441	2.64667023037865	4.3475721005457	1.26328625324076e-79	1.93503370536084e-79	-2.3337203530518	3.69464657857105	1.43022341781327	-0.700352416146317	1.64335866380972	-6.42586327284697	7.72460836913191	-0.282000273958137	2.76280740072185	-1.25487984968827	3.22773207353734	2.20134970555263	-7.00210720261602	-0.398032516776177	-0.18786686795235	2.6685920171528	-7.12737179352541	1.22475902362443	3.68837659990898	-5.87534870780331	-0.114854461797668	-1.85390974970864	8.05695111874356	-0.447329163359704	-2.12041082264017	1.16476808973612	-0.0626939681251572	3.81936518961656	-2.01178993792476	2.76627833403415	-0.974848171967928	3.73799833180285	3.45004727411012	1.60099889254866	-3.98712701487954	0.571326178162541	1.95417306169373	-5.72585073672477	1.24240689685105
MA0072.1_RORA(var.2)	RORA(var.2)	2.68322762049604	2.07237762102996	3.16930427691	1.97027794114028e-37	2.47728757420244e-37	1.98236512612286	-0.497503460442859	-2.17244294761299	1.37651608883431	0.2935253916307	-5.03515867309623	3.49799335882423	0.549703006920313	0.0102195702770297	-4.02987099646284	-0.296662760794052	1.47970973133627	-3.80578648269846	1.46975912617036	0.986916439492125	-0.870897788805465	-5.62903437213486	-0.895571001457853	0.742347445725133	-4.80133547890567	2.83284310114703	3.74543575988624	3.3844320341611	0.578604099867839	1.59566009274585	2.85363036907542	-1.95307781480657	0.815461133421133	1.10608537933379	-0.643212874577487	-2.20806902916976	5.93346303502433	1.82483437373004	0.475625118181836	-4.17068291357117	-2.03259113201927	1.3410442694389	-3.80407519203313	0.309812648611309
MA0073.1_RREB1	RREB1	3.82701805143391	2.42551173157319	5.03758677935258	2.34267779343102e-93	3.83166791637447e-93	2.19306401245241	1.18086969954376	2.70205734297112	-0.745583091309254	2.0212180121048	4.35961139642726	-8.24285539652855	2.6907322163556	-1.4485411597532	-4.11986466722707	-0.251274910766818	-0.930785759751832	1.43365226130356	1.06848803578529	1.79435106229153	-3.8122726581783	-0.169116152830303	1.33908849304153	-5.79299124075224	1.26952371452286	1.60812496025178	-0.309311959339266	-7.0697906613289	3.7251017148817	1.76666302249399	14.2471889247944	-1.9119633613549	-0.7239344626874	0.459945205872977	-1.33240211263217	-1.61061515032268	-1.61304511142935	2.55976718197575	2.47658354508767	-5.55651175770966	4.39341571700087	2.39036399661574	-0.722551370250043	4.22709907979661
MA0074.1_RXRA::VDR	RXRA::VDR	8.15225944828392	6.10556688679919	9.70712248311588	0	0	17.6896556915107	9.61194772983066	-0.582294277488802	2.63779121887761	8.12968332034315	8.19799179673214	-5.1951748922922	-6.46941515189233	2.68334260764688	-1.19543812063112	5.51613411366494	-3.25989720895275	5.27516689999188	-6.73926616478914	-6.78866432132737	1.7287124255866	-2.10348141829714	6.86613514359915	-1.23022162620073	-2.42757511343799	0.0159332489621723	17.2352930308031	-5.11654780651284	-8.08355737205198	8.05741723643465	-2.45506516946126	22.0515034204428	-7.8319598874693	8.36393959536373	-9.00127074558712	17.9946065784393	10.9072040105617	2.26108384844499	1.75023630346574	-10.4840079347743	2.5051832388528	3.29982110389408	-9.27317562053419	-0.0164122756620726
MA0076.2_ELK4	ELK4	4.58594010169225	3.15077128766251	5.89314339774879	3.19578659104109e-143	6.49249275864138e-143	0.419080013210879	4.73355933950643	-7.17467916688676	2.66710659562727	-2.67035875734397	1.71182443587384	-5.61843159915388	0.791115498694816	-4.85842756695647	-1.87395256944093	0.288222048284513	-5.50473403002528	4.78214376021718	0.67891877648579	-2.27190745764086	-2.16127129984437	-1.58545686234375	-1.54074601125318	3.80150931148641	-0.944749338513093	1.20328930567273	4.24787252030266	-4.25111344036286	0.588136183152443	1.73444004046569	-1.45714908421574	-4.18635482272387	-8.56443008729713	0.688791434148917	-5.35569914639547	-2.04982635681244	-0.321680834370587	7.42835403523056	1.86139480541891	-2.4448740759837	8.5110527164303	3.32119882768401	2.67610785405233	15.5701575732507
MA0077.1_SOX9	SOX9	4.19444032682716	3.16023140308944	5.18681647643816	3.00895916497315e-116	5.53075351276016e-116	-1.75117168884627	0.828744466054622	1.15972873870291	-6.20915576316955	-4.52396251867152	6.88564076113961	-2.25690273032212	3.51675772649543	1.24751569303666	-4.42399163170659	3.61475646693203	-0.556098906543902	-1.80788795695282	3.93932133410199	3.16575862547781	1.90491959575507	-1.70647735134403	0.453079204743471	2.27409988085146	-3.18237160848471	-5.91504204938581	2.59438290678958	-3.3594883894149	1.03776609010093	-2.1703188852029	-1.54783942817741	2.09813569069673	1.6453767427817	-2.27949429354693	1.39279635359663	4.85501163290464	-2.75560203948232	-9.83849753477091	9.92317940179174	0.673367839668679	-1.78832274544529	7.96724796524535	-2.55459538319957	-8.92877355611023
MA0079.3_SP1	SP1	5.0045787869778	3.29410366527009	6.38715622051951	5.46121209414142e-175	1.30125177057938e-174	3.79203890556728	-1.04004115602788	-3.61382602864106	0.836175720965874	-2.28937295486509	9.29320160859802	-15.0249134497724	2.43940130454935	-0.996920042006166	-6.18223952286423	-3.54819242582251	0.318583838601854	7.36702992274278	1.43467033131061	0.763291694324694	-0.195149451537207	6.51645586675345	0.811891255887832	0.275358088656739	7.01766272524791	0.648856390789811	6.97726703669569	-13.2993066714549	1.56878533994976	3.82131295671793	3.36084878215429	1.21909909403486	-4.05854326833247	2.61201089131434	-6.97147397791511	-0.132356431439479	4.68905444196213	4.58711479212444	1.41522757012281	-4.90632629072252	-0.0106470272165817	1.09730608102993	-1.24713247773588	-0.548702377855663
MA0080.4_SPI1	SPI1	6.16420486896966	3.93321072420715	7.83961287382358	1.31343050619345e-278	4.22486812825561e-278	5.2702862131486	1.66836225148946	-6.23360553606549	-0.290586232944375	-2.95633832325159	1.8015455805807	-5.29138781612057	-1.90685188385041	-4.37005197074154	-2.0614164862881	-5.42188748790261	-2.65029751534721	0.713130567566133	-3.27719489067289	-3.97666052082259	-3.32113793171412	16.0564453745933	-5.1300893083188	3.30169114724696	16.1486767304742	-0.981819355529391	9.71791806002085	-5.21666622047939	-2.67008366271316	2.95516313480458	1.75281787745401	-5.65476877749633	-2.20390744229819	3.10266193704218	0.704260836032333	-3.67343497790219	-2.06385349109547	3.56730495973705	-2.14462650599474	-6.00073224154715	3.48653522278433	-1.05880657576496	-3.805743957293	19.7803898625491
MA0081.1_SPIB	SPIB	2.51512969860479	1.77762179193649	3.22364796972158	3.18086978675117e-31	3.81309235306196e-31	-0.173959442973373	3.06417486718404	-4.49563926086105	-0.493213105570479	-3.59571423475649	2.09367184906021	-2.47790157538111	0.745298773607589	-3.30442316975349	-1.84307422512648	-4.87483612564837	0.310190151877343	-1.69824139972764	0.194298265172007	-0.653186831227686	-1.43524793688187	7.9333911796193	-2.77615937239866	2.87660136195443	3.96953531503412	-1.1032983293174	3.78176465188444	-1.62969918800648	0.612683240700752	-0.255999813086844	1.16835019163475	-1.75732674011034	-0.459267714341832	0.365403326227063	1.82470865874764	-1.08465321764012	-1.08013306149576	0.256764587191988	-1.19482454192313	0.08858438345556	0.310920409388063	-1.18425056801117	0.539464535380107	4.02001686064889
MA0083.3_SRF	SRF	1.36680533886767	1.10084434927153	1.59671191274183	0.000928586134965262	0.000950753973731011	0.0509932124220206	1.6842355254309	1.83971184468689	2.62684780724594	-0.301335833699269	-1.4718204389417	0.657856690320836	0.202832568428097	1.59120760272208	-2.5277574922956	0.907729877240466	-2.00380029533902	-1.39341591516847	-0.913156655212213	-0.155297043737733	2.035227114633	-0.651913569680299	0.59947074921965	-1.57907604981972	0.83999671800989	1.00509237912959	-0.562424966194438	1.29483924144103	-0.0122870212420664	-0.74377114673827	0.290492045692659	-2.0763507965921	-0.9150163539437	-0.2896612749679	-0.487695790170884	-2.91215321703782	-0.37949061805506	1.40058997542086	-0.579796135687294	0.531178511131739	-2.04198634837704	0.557336924158705	0.888636792969395	-2.36643998863428
MA0084.1_SRY	SRY	3.83941249301428	2.94513195823893	4.72677735737619	4.32512010871522e-94	7.13459983745331e-94	-2.3518159187249	-2.64993363285401	-0.66982387745441	-4.02575105629362	-5.69839343452925	4.09396902990444	-2.94692349972806	3.3953432904798	2.76668382188197	-6.37786977730193	4.35117863898157	-0.404654737470248	1.18024212234734	4.07335677948753	4.02592739161048	3.12324015062648	-2.66932449243877	3.70862412108194	-0.800134544330955	-3.90833255556655	-4.74982461294958	0.875525928250876	-2.72512548039613	3.20035684868112	-3.50741490616451	-1.61181658475021	-0.161040020334804	-0.0189289248859651	-4.16819969181178	-1.13705971578824	0.524492264219869	-1.96810593895861	-1.89799131831449	8.38657913488799	-0.516291082132713	-4.22092209922565	6.24861497682194	-2.51222722521001	-10.4828751544662
MA0088.2_ZNF143	ZNF143	1.7740527694364	1.34360477195103	2.15345500630518	2.26687648498607e-10	2.4171666386868e-10	0.597532437283468	0.0287129537383799	-0.159143309515322	-0.168987055130894	-2.11867995119835	2.13423465359114	-0.277613992240165	-0.271527858892547	0.737252623012174	-2.64365654000041	4.60852491753934	-1.07796380572968	2.44376555724023	-0.184190366138748	-0.782821865870396	3.35492342478385	0.580449565116703	3.04067170870322	1.27486445131379	1.02858557737901	-0.524949235134093	2.70042533457315	-0.500645576103221	-0.973016902822261	-0.661878026841845	-1.92843246982673	-0.546232682256181	-2.30242848915157	-1.64604021512124	-2.81908941774934	0.388614189980234	0.361212253348341	-2.780003898625	-0.8512031557265	1.259042681449	-2.33500129894761	-1.39383165928353	0.874775000353074	-1.58348189824877
MA0090.2_TEAD1	TEAD1	6.54577938694406	5.14339071297951	7.93339148808471	1.09031888921184e-317	4.52540959911792e-317	10.7276194730034	5.93226596786977	7.56906917378749	-1.16335515291183	9.41507979758797	8.67569935962532	-6.12976145525776	-7.36355771242739	0.4201670435104	9.85976157005826	-2.01507671048627	-3.59877903717732	2.4363075139284	-8.39171355102115	-7.02242306359065	-0.0597378069134499	4.88011405188478	-2.75877670628225	-6.53603689339096	4.14027074016255	-0.9390866559951	8.7869926176226	-4.30812419350217	-6.79959297515026	9.82994883678068	-0.578565477834575	0.738224795035998	-3.51868411760305	9.73538689213702	-3.4774671212236	-0.770456940704004	1.03464129024318	-3.11236478907426	2.42026188850764	-4.73998324738229	20.1307941489828	4.4651284997547	-2.62769243964658	8.68849653105683
MA0091.1_TAL1::TCF3	TAL1::TCF3	16.8011476794476	8.00155404811704	23.3953212924634	0	0	-13.2176157298959	-14.4241047514338	-12.3714644194627	-4.95594248285116	-12.3528628827781	-0.830285411377605	10.2242564280361	-14.8915765915733	-8.29466171395059	-6.62302773899884	-6.57187152033482	-5.57707413263471	-4.77650334687356	-14.2690595499694	-12.6572580064425	-12.3759674684535	-25.5550982592737	-9.22994675131004	-9.56740811673213	-24.1011506013798	-5.06791129210614	-11.411028405212	8.42241033731608	-14.9361868917434	-9.80809725322249	-1.28266203081483	-17.6007336938771	13.7753827923607	-9.51231089587639	21.8524402054313	-10.6061476963263	5.94791583798699	-12.2001624930814	-4.46318121389966	64.8423700230845	-10.5224143050882	-6.25338141709749	43.3486857861894	-10.5514657978411
MA0093.2_USF1	USF1	3.52685987974544	2.73671318816316	4.26270107792944	2.05111302095928e-76	3.12936611102879e-76	-5.43105539959382	-0.346182707486898	-0.519999890138446	2.13799078573333	-0.310979527800948	-6.45121471938353	0.425913499723204	1.53883284145164	4.73155412504832	-3.2488488918944	3.38097509180393	2.79132941346441	-3.15119764663725	0.840999370962394	0.284996116908152	-0.0709831073631876	-7.15581527737909	-3.9701836694149	3.8162875281778	-5.90804057410604	-0.186248978026758	-6.16916683695969	0.219814976790233	0.895678606158091	-1.70584548038337	-2.31521241529183	-2.96024276172656	1.49538485914686	-2.09578685704821	-1.9406996916369	-4.21836021579647	-1.48434509813175	3.56065311992365	2.11362806671137	3.46710477916126	1.16580047520835	2.96045769926012	3.28736268138429	9.03030630577947
MA0095.2_YY1	YY1	4.27512283116624	3.14449539914079	5.10957014335918	1.36991280927848e-121	2.56692400185192e-121	3.92314653064526	-0.187909589124169	-1.80810377215099	5.51575409860161	0.0638398334974495	8.22313236266721	-2.25848417732476	-3.85727444743585	-0.588828459635033	-0.346312183403665	-3.37691681881207	-1.73452848301131	10.705465451849	-3.94087942323866	-5.68743599849327	-2.32992469294008	1.15964680135153	-3.43941357134969	-2.35845525707739	2.26059513894459	7.98591229521827	-0.954109177363031	-3.80625578746778	-4.55080607007745	0.743860179104397	5.51419126241575	0.55743225124939	-9.45654227458484	1.66638552111254	-8.29309557099443	0.643160660503781	3.87866857661471	2.14601349160084	1.60485419027974	-0.262726124033068	-2.13252287711913	1.94903598105873	3.10116590862209	4.34704058216867
MA0098.3_ETS1	ETS1	4.18382872473862	2.77900945001087	5.62920575553377	1.48785287784315e-115	2.72185407984576e-115	-0.721468912325446	4.87267460562596	-6.16485749962205	2.87899954802856	-1.67270593022372	0.998174863489612	-3.73793304845238	0.256543222935256	-4.31663308415507	-1.70748124222555	-1.3993178832573	-5.6816520298413	4.11244487317834	0.130813872507889	-1.98777830732666	-2.06381068313963	-3.3039903636115	-2.93708977037588	0.634028852701253	-1.6775739604115	1.21110992465403	2.7170255030775	-2.61119256373921	-0.0951790741548772	1.15416533699401	-0.748029014155005	-1.48954971648289	-7.71364671308838	0.333323852487831	-5.1884735580279	0.164625726051494	-0.714760380087951	4.99850345134692	3.43616586869588	-1.55268086494196	6.28563158685895	4.88879224955563	3.32715461026927	15.8924151227503
MA0099.2_FOS::JUN	FOS::JUN	8.3719739988171	6.12091437972931	10.2505903761967	0	0	-7.07710000929787	6.09250978161581	-1.07799010434238	3.31926882173508	0.0331967276688255	-4.30455166047025	-3.55718863707911	-1.85298699864693	0.177366602420336	-4.88158914323945	13.0100970320809	-11.5900847850531	-17.9858213894204	-4.4841736390256	-4.43432970743191	18.0435211642151	22.3865431773553	3.33782004565712	0.211526694175597	12.0952342188335	-1.85583501387316	-2.72547087097006	-1.11165410129744	-0.928712978373216	-4.83640392386391	-3.35302637831301	9.74633204057026	2.05007301989335	-7.25748099606206	1.27393479065841	-3.58063644779947	-14.6816816657467	-8.16288004695073	2.72712804769046	-7.85729625515362	10.6844599513891	9.27590714392959	-5.66628995725657	7.54699952075878
MA0101.1_REL	REL	4.19863679666713	2.90618748234518	5.21584306133691	1.59723831150689e-116	2.94992338871607e-116	-0.153085826165994	-2.06357500900344	-3.03633761891173	1.46444147820242	-2.02441024313123	-0.767119091094165	-6.90611951327957	0.428373294672129	-6.02587738291881	-2.66471599447893	-3.90552149918594	-0.0574576367852692	-1.52256466451538	-1.91197304662411	-1.95473901268707	-5.21724204868031	11.1069837674063	-3.59643769110347	-6.19179598702785	8.85286331449043	0.510780403762866	2.57897984635162	-6.42148337541464	-2.3077295138428	-0.118091751888161	-1.45271344190289	-5.62982918364324	-1.68420424937295	-0.284465399013169	-1.20761601585111	-6.01409067303992	-1.42071725452923	-1.2359267905529	-0.785944421118641	5.95214952741873	5.04424089234092	0.299813932319694	0.970586430765307	9.08644162908073
MA0102.3_CEBPA	CEBPA	3.95598405602081	2.39866322592171	5.31070943828092	4.01339587065573e-101	6.76493801778651e-101	0.152334398443102	-3.05742066573101	4.00783558740745	-1.39075778134169	-1.74566220551615	-1.08129143073868	-3.23195123101742	-1.33830236789391	1.04820149092669	-1.3204207339382	5.94606797970322	-5.73801511451842	-1.19167292817817	-1.70059164113915	-1.82258365958752	6.2080950160244	14.8636209583482	6.56312550722569	0.862272524850111	9.04314932068727	-1.62169146230788	1.26092922839972	-2.96743078717384	-1.55264216033192	-2.38323906516574	0.260236078833303	4.59811055072373	-2.05437405613327	-2.55768697718202	-1.56384728689029	-1.54160008930845	-0.484777054525273	-3.57234960618512	-2.42817273702106	-0.853647312007277	0.441199786631139	-2.40071187063929	-0.590138417037874	-1.86407617564829
MA0103.2_ZEB1	ZEB1	10.8033718731162	5.10893308588527	15.0745419437981	0	0	5.16395760337308	8.09500453441058	4.51876005449032	3.43671169404504	2.84472178987419	3.81929593600583	0.982526629293639	2.29937863924423	12.2185898416668	-5.16146543812503	14.406569984288	2.64256714140083	7.8389753022686	2.05498774952242	5.97587488900766	9.95542466711636	-4.70138033000867	7.34031334364088	16.5890819010035	-2.49306219376683	1.22340137320616	9.70162130199734	3.28109474719161	3.6023242033898	1.41117469788631	-5.54626157752788	9.36829894474709	10.1423324374837	1.49030487227197	10.0716331717978	7.55898600616878	3.69635851725932	5.90283517358012	5.65862475051052	-36.7679393182093	-4.73855443483711	9.92554548427398	-37.6196181260144	-7.83474153723148
MA0105.4_NFKB1	NFKB1	5.38719877718771	3.57792442245799	6.76057749008308	1.19569468300623e-206	3.25026864535496e-206	1.08524114255623	-0.525416315188231	0.812284416938101	1.66357669484855	0.869898656742774	-0.157873129991005	-8.55321194121703	2.41383602257627	-0.300557058554914	2.46754193243764	-2.18978688746282	-5.68318672898171	0.966389537056236	1.08617393270018	2.01879794398617	0.496854689198406	14.7027373428451	0.919913892993787	-5.94778122629344	14.8439111537755	4.07064065977575	0.60419013921304	-5.62912917290797	1.14560761983721	-2.15965945051625	0.33165410331827	-1.51702915144785	-0.889376197042505	-3.652082277664	-2.44152277898776	-2.92897187984213	0.736445373510782	5.6086045326533	2.98141839636391	-7.18703461034093	0.970511541782462	5.86694852647422	-8.03737280907541	15.2468028038147
MA0106.3_TP53	TP53	11.7252820472666	7.94042085064884	14.7308582892845	0	0	-8.39980860696362	-12.047641267653	2.0454931961147	-3.64731015760812	-6.2550506122302	-10.8713566743517	6.09905241384587	-5.67582313680989	13.3055151273048	-2.89437801170717	30.5296632557538	-13.4088579411909	-11.346789362166	-6.86603173589713	-8.25457915595972	13.5030987190516	-1.68490064700506	31.0660299369586	-8.65624947361827	-2.01571649795153	-3.98449188121014	-9.10340862383836	3.34701783937915	-7.92016679575999	-3.54881724872614	-0.556642077445303	3.59346090748176	-21.1238125210006	-3.47221414810817	-20.155599626962	2.54909385935322	1.35864408590176	-8.65623051017609	-6.58447122745104	22.1001557516081	-6.68566977606392	-9.46496561832453	16.3536354771377	-2.44578764417815
MA0107.1_RELA	RELA	6.10313456697569	4.6233357744807	7.32113164131022	1.39575809785014e-272	4.41608709647668e-272	3.80060543684025	-0.633985435069452	-4.57857445895766	1.86592443095452	-1.7216238353696	2.88260321869136	-14.5238030776738	-0.620110061211005	-8.31066127316186	-6.39151438113267	-2.96247587069623	-1.05808541276586	0.859252274853067	-3.18186157075865	-3.65711753369195	-7.14821496839218	11.826075526707	-1.22889610767225	-5.83240027219521	9.10241682127444	0.396818452652586	12.1551262080171	-13.742483527986	-3.71531092577559	2.88941448176797	-3.08600271618979	5.85428757054006	-6.31880177787817	2.43896404460887	-8.26330539514813	6.55991711246057	6.0978655711243	-0.0782184339804524	0.533213096213008	0.352610841243336	4.00483443735348	1.07743702063734	-3.02298927300678	9.208037294642
MA0112.3_ESR1	ESR1	6.65416037665181	4.5579615477823	8.50326566017097	0	0	9.48599224056777	6.35239542396009	4.42430191386206	2.51259315735834	8.09853364176369	5.45445413884114	-3.27442189507732	-1.85278916222838	5.08643157286878	1.23531231464158	2.15184322674547	-2.49694156633738	2.52503204087268	-1.98220812224995	-1.14039403148107	4.37159829846752	0.0306852430370351	4.41093531111038	-1.20760241156145	2.25233775187068	3.34719932849047	8.32024116638032	-2.33881762578234	-2.08679918223801	3.84531897792506	-1.91766509143547	18.2696245660507	-7.09465787095869	4.52718718968879	-8.90296575575877	14.3367124184484	8.9450160097837	4.38277419225999	2.79117822159467	-17.2420485384252	-1.5594663395211	5.36077277080051	-14.1213224948599	0.668631667824273
MA0113.3_NR3C1	NR3C1	2.27284457455415	1.49747145669764	3.06321489946739	3.22303535161126e-23	3.68074451397025e-23	-1.95741594364343	1.05715999177694	0.438311487016054	-1.80687162982649	-1.28597586614908	-0.617232459849588	3.29249920643389	1.843719233758	0.0478799430012821	-1.93962143616557	0.317083115522776	-1.93809217212289	-2.32666783066882	1.74140328478192	1.61028361290916	1.36080483015974	-2.90390162441376	-0.581764388408708	0.731309454883865	-3.12387785488025	-2.66989869427678	-1.08368018566996	8.75618968522216	1.16776160297693	-2.14028301922517	-0.884944153647412	2.88299409428346	0.217447729348282	-2.21248024124866	1.33319634059	2.34297052125514	-0.361660795190731	0.59978276181917	-1.02540378124054	0.0257195024308177	-1.71094492914085	-1.68925733565544	-1.12086216016728	-3.54344853513998
MA0115.1_NR1H2::RXRA	NR1H2::RXRA	4.97119908921605	3.90320228162701	5.82061018803341	2.40200836580955e-172	5.61924381334841e-172	0.255537991250565	7.38147729032102	4.55495607348989	0.564525617965981	3.604874894529	-4.91325541752837	8.86141156303426	-1.67855096062454	8.59704093708848	-2.83779349812794	4.88268746178853	6.12470279813152	-3.82624960077269	-1.40482625474824	-0.938077212565658	7.67768672305541	-6.1904626566399	1.94426190791333	11.8256355881212	-5.03986928090216	-0.216412983326497	2.2488290287848	9.86092169045837	-1.69856126229827	-2.71783969621466	-0.917831333740505	-1.28627062864194	3.06278951539061	-2.83306757791099	1.23158665011821	-3.55263182820702	-3.35886153836812	-0.704676911783014	0.951670150226195	-8.67759122490111	6.16181222882804	1.22915040645809	-8.16048482451691	-0.20560387051527
MA0119.1_NFIC::TLX1	NFIC::TLX1	10.9099540868059	8.73385788370192	12.6008040229821	0	0	-23.5790656887352	-2.24020767699856	-6.52805055001573	-2.20583178989881	-9.23716360274084	-8.62588378809612	14.3560439058195	4.80401820996095	-5.72382442600127	-6.14407187119377	-2.00885535242841	6.98960288869675	2.17692862222746	3.78353088811613	8.39305651867587	-8.23443143096325	3.4448453407763	-6.27165690905789	1.3196516658492	0.12344929130715	-7.80692155079257	-20.7712893686331	11.8551493349788	4.33343084456225	-20.3041803279269	-3.83380039240577	-7.29621704880233	12.0079338086749	-21.8285749729269	11.3417784563451	1.2329334640641	8.28285979290719	-9.54696157212473	-15.040659976618	18.5152387543932	-16.7178719074664	-16.9205159679872	8.95989032482663	-16.6423910920215
MA0122.2_NKX3-2	NKX3-2	6.42204829965586	4.88036556176787	7.71996302446815	9.53787731664396e-305	3.46358615518893e-304	-9.21749945781706	-0.0708309584825993	-2.25530773180315	-2.04723263981392	0.872981743497472	-4.17578542894941	7.26518684612442	3.67038974441678	6.16068492280225	-2.87042955107309	2.20239983046829	16.1013095752188	-0.442514739444898	6.69720638805321	5.62805081941531	1.599005285438	-8.03832859340371	0.332925520662982	15.006098356687	-8.50433590355056	-2.74085916707152	-8.98113784525985	7.51074348374886	4.13473485364035	-8.62360404198203	-2.35628384783805	1.56222011119755	8.96309797804144	-8.14196423865083	4.97519612574524	3.7188839365272	3.22643031645385	0.183257734424796	-4.81177279319033	-7.02032638267869	-5.77248596811161	-5.10746509070317	-6.47457460478938	-4.84143253475765
MA0130.1_ZNF354C	ZNF354C	2.8103448054324	2.06932835120889	3.4633537623957	1.77914053985363e-42	2.33587839586225e-42	0.898338745130905	3.85964667951263	4.63244036614303	1.33809748748627	4.96814074323372	-2.2411456675936	1.49571396646907	-0.642241197766534	2.77645961022793	8.65419864855148	2.43896546719974	0.72410211142404	0.319762302610657	-0.154557177177985	-0.540135827238073	1.06504171925108	-4.75818165535643	1.62220152699831	0.351141990858162	-3.07871735592394	-0.154482962212377	-4.03181865154607	2.1542032639117	0.116081248430584	-0.0673992043138315	-3.75623724366851	3.90312673169322	-1.05325959086057	-0.507102981190221	-0.0286301863798552	3.61407537965243	2.23564994530187	1.47292514068029	0.312298014309386	-4.0897228014009	4.34319048627778	1.30782750575708	-3.3465269033778	1.61657544800213
MA0131.2_HINFP	HINFP	2.5771870609172	2.08550895215493	2.92786644419637	1.87260173499217e-33	2.28020274355513e-33	4.32928011356147	1.36987457257743	-1.65402588525036	2.16361655099225	-0.043911163942485	2.79456127549363	-3.57552437021412	2.25218141615956	-2.13514138258109	1.25907190744179	-3.5020844674152	1.10069457023006	3.81812346779166	1.26641476145489	2.34900677925469	-3.84523108918965	3.44590329819319	-2.23467733800031	-1.13645564451639	2.97203582021979	1.36375328673039	3.82254488167711	-2.57358879333806	2.11471773666458	2.83530038689781	0.070687207159786	-1.27568597033569	-4.76010716741689	3.06510866612754	-4.41992061401793	-2.93965943796881	0.924059248054302	0.911976538477531	0.651385359240868	-2.10120080826657	2.3399601701457	0.102307944814546	-0.216219138099628	3.3589285145843
MA0132.2_PDX1	PDX1	6.38740993008205	4.65878976304412	7.75189829809008	3.59939003132828e-301	1.27464637806671e-300	-2.02092535666055	-3.04262162911901	-3.20905497707755	-1.5644593344419	-1.59378504661054	1.48774543538543	-4.38854772501823	11.4906450297967	-8.37943646948257	-3.93751565693528	2.45958265921536	-1.35700045900826	11.2351219432924	13.849376775163	16.0192840604851	-8.26385351212637	0.0305998282054223	2.48004697774201	-7.89021794404943	-0.716976793263243	-2.03892837706192	-7.6812069781653	-4.75949800710571	10.6085775842681	-1.72234534423448	-0.701550145363884	-4.66613487186063	-0.731159191373247	-1.67036778099408	-5.07120570096675	-5.94879497233353	-1.63272098442256	-2.52630141610792	2.09368645534121	13.1262390356852	-4.734945614863	-0.301331143200519	6.4524990508036	-5.03268869082915
MA0136.2_ELF5	ELF5	5.29705112631686	4.04745998941903	6.29865756131752	5.77949945749969e-199	1.52800465109238e-198	7.43614347862993	8.36804643293505	-5.1738806686547	0.458187032525618	1.67396813975618	-0.689329999143733	-6.33666383663271	-3.01469994663696	-5.29258271232278	0.411167516055312	4.97090661490183	-4.31130148980891	1.12537358203143	-4.68812616811976	-7.39947301355435	-0.945909670919614	4.64179524123921	2.43401557524559	8.79036199828655	2.37893238827753	-2.25893182978381	12.5034026849148	-5.0760406130048	-3.69676129586439	4.07486104426773	-1.54540026883918	-2.19512502614362	-2.97709648820654	2.64596038078487	-1.04897937474968	-1.26235164551222	0.423921442311507	12.6393581010465	-1.47190840049962	-7.52368162118886	4.54860495732177	0.26743072582222	-4.48449153481487	10.3357365024853
MA0137.3_STAT1	STAT1	3.67745248621284	3.00250339836664	4.2932183344045	1.02466866021776e-84	1.59484718888732e-84	3.32498627633467	2.05829031088052	-0.994502183910208	-0.0499116551034667	2.24407536095089	3.70600049472137	-3.87513743481202	-0.794456741116495	-5.68476769174004	8.73759476142342	-4.74902845876646	-0.466306978811015	4.22443980159071	-3.93209834148	-3.72692906569678	-4.3546335029709	2.92972752642238	-4.67901465313144	-0.678384720532101	0.688005378051634	-2.59925213173627	1.93443225205363	-2.86955929314668	-3.13365203684146	3.24912108394307	-3.55578872755558	-1.63458266644038	0.211344441838183	3.53089294973622	0.336789902015779	-4.25206045350635	1.85370517582426	1.17686702422135	-3.41298469587345	4.12053935196567	7.12086436669641	-2.19194005254151	4.27165063701387	6.51145007477777
MA0138.2_REST	REST	4.26141413249808	3.20578238553418	5.12321974690821	1.1279025146739e-120	2.10323850562379e-120	-4.69273988823215	-0.512336562457884	0.303089758378674	-0.399091025341462	-1.57410712480652	-6.54421295363537	9.48946690765774	1.72014008797257	2.88271495979587	-0.324100305691524	1.69878202522411	3.03098816648743	-4.05880249455039	2.85693637060244	3.03080621879982	2.75433901460366	-6.82278166389442	0.423169744837823	5.06491084689471	-5.83411827225577	-1.03105637169874	-3.71876693421261	9.84618777546117	1.48461348868656	-6.84415909903402	-2.67758480061227	-2.10358879798859	5.62139489902018	-5.99164078471818	5.85298849269324	-1.18563206034287	-5.84523007671536	-0.910267314816813	-2.44760309649679	0.61102422066796	-4.28893619372665	-1.99976354519178	-2.04201408430397	-5.29963679062412
MA0139.1_CTCF	CTCF	5.28666391046161	4.30768113898626	6.03258839286409	4.34913492547966e-198	1.14201774233684e-197	-4.96464889279957	-9.16954057300773	-8.25573217363833	0.505403206864025	-3.65856561547242	0.727351339622699	2.25861207380993	-3.97904606667566	-2.86666799539557	-7.00274215179871	-1.83685589046588	-7.54446007074857	-4.01079950843301	-4.88429418040637	-7.39220525500944	2.69832264108572	-0.0447446419863146	-4.45016636209101	2.53843163227822	1.56565912874977	6.67369719797341	7.25815241000369	-0.0817942469086304	-7.18228885811478	6.50291003799744	-1.63556483299339	-10.4217616187643	5.64066802382462	4.18766878622208	5.34053630652384	-11.8154889096474	3.87525127369416	5.22883679948777	2.76529714675714	-2.67512229189623	2.93034204317791	4.8789472379914	4.03020761041282	1.81356568414607
MA0140.2_GATA1::TAL1	GATA1::TAL1	4.06762451673057	3.06169705733569	4.90487562083015	4.4225700894375e-108	7.68969393929224e-108	-1.02207900018932	7.18293253408952	2.67375255687615	-1.94213121803013	-0.932926252446171	-0.88774640140476	-1.0463937536707	0.189638297932454	8.11762523813933	-0.773493247051825	6.40581887776629	1.18349494781331	-0.901136173338961	1.43492189555414	0.0343267587420258	7.9316746923026	-9.18701384208928	3.46415955632907	8.2210129000154	-8.71790089188239	-2.92192079141554	4.34803681940745	-0.736707495938966	0.641178304738337	-1.91206876389618	-3.19788816809782	2.78389771747825	4.09328504033434	-1.09667954808005	2.84809064151876	3.31533588711991	-1.88014953909413	-1.02311246123698	-0.0972624333237513	-2.02616665188135	-3.59133990793727	-1.97559327591247	-2.41887041551192	-5.68224591467478
MA0141.3_ESRRB	ESRRB	3.83347280367058	2.69771840523389	4.82551437956607	9.72628024965167e-94	1.59759326653853e-93	-2.54169619653909	1.10420805029503	0.941436928444889	-0.664906254585029	0.375287135627555	-5.1666197313149	10.0048493843531	-1.20087589391911	4.99085849742098	-0.760645528357955	2.85485306327878	2.58416833857708	-6.23018736218471	-0.309331043743942	-0.849094005040399	3.65401492773536	-4.30173476802553	1.03082848164632	4.5249943726695	-3.49138900536318	-0.661995152474199	-1.33339172542494	11.2962518254385	-0.775591945071975	-4.48989838064026	0.533130385572113	-0.491921665111445	4.87736734432989	-4.51859875622631	4.09335359866418	-1.57920074479535	-2.65816540277788	3.15723728994485	0.625433666157543	-3.6039606507545	-0.804081303120858	0.697670116140516	-5.4799489840976	-0.251123696556117
MA0144.2_STAT3	STAT3	3.27115910155547	2.61086352037323	3.83340571315124	3.05122759061135e-63	4.3946785446865e-63	1.33799876228404	-1.09234970822351	-3.23640107068915	-0.764090178427373	0.312082095735068	3.02141105892432	-2.7324671883195	-0.484180840338205	-6.66551437369554	7.05789115349455	-4.06812107424643	0.710595379268496	3.84349984833173	-2.93449066929065	-2.61504690727283	-4.79020531158572	2.27339917521466	-3.63810422807429	0.591121157539088	0.593659492450004	-2.84708216577036	0.36203298682685	-1.75403015329579	-2.72955719766769	1.12262453489779	-4.23076223319975	-3.13888042766664	1.49883980609819	1.95847994212087	2.15256055497954	-3.03522275924665	1.57687646095684	-0.502089336616524	-3.27410371890928	6.50928811913035	5.36424120441683	-2.30225694813161	4.58892765322508	3.88364040340744
MA0145.3_TFCP2	TFCP2	3.48229503297634	2.56945754928458	4.22278081693896	4.91555582554512e-74	7.38289707649968e-74	8.28621474780126	0.666488920118648	-3.77296904889212	-1.68976172212003	-1.48432335225247	5.87726888405837	-4.31472563691238	1.79751885461137	-5.08872025655642	-0.149841864991341	-3.72878900164686	-1.39463168345902	6.12593626117237	-1.28201727823859	1.37373605978971	-3.9473838324909	2.99017511840629	-2.63141557154309	-0.114380319992402	3.63774013809721	-1.46924861919705	9.05917672028238	-4.73653695612033	0.459884657218761	1.60292589603141	-0.406453821240505	-1.35407816212398	-2.1434213835757	2.57065249562271	-1.96897380917169	-1.87931821434704	0.615709346143444	5.17881937991966	-2.68688466751766	-3.07797693001855	2.46748037293008	-1.18998258351694	-2.6402533238426	0.273465120390579
MA0148.3_FOXA1	FOXA1	14.6046799619469	11.910101675338	16.9197697723513	0	0	-6.97624697087165	18.709780265624	14.0034235436641	1.21312143277909	6.38767421832105	-4.26345670669276	4.7562884847041	9.18800974676605	31.104859799028	-7.88337515532634	16.8123752166485	-4.12755225135201	-13.6621771226809	11.9460311811556	14.9761341918578	32.7451161245914	-16.4892638356964	12.9914330749918	0.773381523988687	-16.8030561811234	-4.5101031736268	-6.66566470869496	8.63905153742646	11.538441077155	-7.28549316955822	-4.81275579304875	22.8316348053639	-18.4856466971671	-5.92839995473629	-15.7245046324727	16.6271903870124	-18.0336992667106	13.254987291338	12.4066399539168	-21.0478159406107	-5.05505299968413	6.04952570451513	-25.000599142224	-13.2302574174277
MA0149.1_EWSR1-FLI1	EWSR1-FLI1	3.25004279219339	2.53200180107409	3.90819280069584	3.31162075929126e-62	4.71692108149973e-62	-1.13736475624592	-1.35647408953194	0.351787445825565	-1.50079831310044	-3.32151252081378	3.46262766204772	-4.34494155668602	4.93967598626983	-0.496542187554304	-2.82329935809614	-5.30540348990622	3.80491221880952	-0.468431933303006	3.69179596305576	3.49189599292462	1.57551403871317	2.66527652472472	-2.56431725825149	4.11201541357445	1.4481291723866	-2.40327768248713	0.911956627274238	-4.14856360051884	4.40632129366804	-2.62423442642758	4.99327173416195	-1.74278295974815	2.56885879178636	-1.53146126066425	2.9902713640008	-0.660998502541001	-1.32577324360364	-0.630179403989887	-2.11301939563956	0.689433562300958	-4.98998633543495	-2.23901101228864	-0.875736416432821	-9.32303138229675
MA0152.1_NFATC2	NFATC2	5.12567791082499	4.01457716180883	5.97771863491988	9.71722670267356e-185	2.43561656313766e-184	6.52319608347599	-3.47238692366928	-7.99042213724353	2.03279217717153	-3.3599881648155	4.46151243239909	-6.38554199650059	3.02008596931126	-11.7290802076825	1.59586300884756	-7.09400817205554	-4.03614728895931	3.3047971997804	-1.22071449806613	1.33736655353103	-9.60422624794446	0.363854282070966	-3.23881363910542	-4.94220736810969	-1.97036845112433	-1.10799459216475	5.67563374261913	-4.0718028687645	0.908964464415896	6.13575654472187	-2.33094407294421	10.3063537535996	-3.78928644368508	5.93366303961022	-3.59088208926834	6.43749723236531	9.5555118781312	3.7259053117995	2.26654770095071	1.32458104991052	3.11330658158961	3.49757346364073	1.42064531183396	-1.59613034139368
MA0153.2_HNF1B	HNF1B	1.93800120798378	1.45808454295111	2.32518159790454	4.87363013964278e-14	5.2843293087138e-14	-1.28355593009816	-0.656755708711162	-0.632071223907278	0.203327115812305	-0.706110106657512	-3.26893364910038	0.0267618536220199	3.071369435093	0.578062341226382	-2.87864274469363	0.102243710130394	0.363376082105937	-2.72009861859635	3.82489042326199	4.4148374108479	2.92074657346242	0.219711009552511	-0.0412905278235456	0.373364195934536	0.185566738229306	-0.0327719399429768	-3.56890487680301	0.0274367838316863	2.81690682228182	-0.873729326564189	-1.03959012426467	-1.70379017491484	-0.538767717938148	-0.958933367466626	-2.68657070403836	-1.3273680161684	-2.84794694451513	-0.381163698210887	3.18468271600237	0.843830068455609	-1.05676220384158	0.743833425049665	-1.65879675924533	-1.84159449375397
MA0154.3_EBF1	EBF1	10.1142796170564	4.23640629578223	14.1449844781753	0	0	-5.29185186316531	-11.761809297515	-3.12311660425672	-5.23798143646521	-9.87175028954753	21.8511769033021	-7.29042808560655	-9.02226468613226	-6.52564410173895	-4.79994336367545	-1.90799238362716	-10.5226287530104	-12.9637439822236	-8.35236543419331	-7.63400941413398	-7.1169086672483	-6.50394011358904	-3.49746729723485	-11.51272893416	-5.99335947118862	-4.16703337561592	-5.38168146155105	-7.06996307424829	-6.84751775039706	-6.86894754839302	-0.939121852357292	-2.25491030206377	1.80468317840589	-5.32442812007197	10.7986447125813	-4.65649672246258	-2.2856283988497	-5.00131545688112	-0.0343653883173771	39.0097308403778	-9.47172606255642	-1.59037976386163	22.1828763381994	-6.44007618727207
MA0155.1_INSM1	INSM1	1.68109272769452	1.28724649768737	2.06084748721523	1.52965421832481e-08	1.59580142776588e-08	-1.83530054277931	-1.85743322016916	0.240058698723776	-0.311979537527655	-2.50515554196805	-1.50876944890932	1.55190275526471	1.67252988786379	-0.233421565800812	-5.35842785759889	0.973895213971138	2.03627897260352	-0.615595940499843	1.4283891145158	1.56204153874421	-0.339031941822338	-0.189716893886945	1.20421228774935	-0.908579592879151	0.689749232774483	0.632125027767079	-1.68984839952601	1.80505033543589	1.1480205038722	0.364260917888804	2.42807123631139	1.41156762901851	2.01926697423615	-0.538949663298178	0.611651750526577	2.22688516937437	0.926323414380599	-1.43505379329423	-1.4722161177734	-1.50524532609063	-2.38563467403706	-0.672053610279893	-2.07530499155823	-1.44289741633726
MA0156.2_FEV	FEV	4.06871502631683	2.74882828037362	5.3587561997773	3.77256985712279e-108	6.61914529476998e-108	-0.0958227311165879	3.25563407663017	-4.89934574618457	2.60888200806987	-0.828957485582051	4.08610312679717	-4.34489801011572	-0.392338733371551	-3.45987478842974	-0.674298116764662	-2.3316730746092	-4.61087174484092	7.28771810486634	-0.478591498829484	-2.12130913800735	-1.61155671849573	-1.17714949083289	-3.37903237175383	0.532580335401541	0.457276164718169	1.02452407701679	2.54939152140711	-3.65211688009004	-0.111897855884148	1.13984030445196	-1.1846195287955	-3.57021558644318	-7.27417899721003	0.791257333564333	-5.35986546218471	-3.74033803908984	-1.20154333900349	3.96522424669989	2.29341239604923	0.233438437797611	5.78222938070196	3.0590563175886	4.36011802125362	14.8853496372223
MA0157.2_FOXO3	FOXO3	9.98167690002957	7.74141998824419	11.6999891394868	0	0	2.82124256828109	13.8973082314707	4.89995168512398	2.97462919938233	5.61641916861564	4.70633213953934	-9.51120184345524	3.89701935379114	11.6688654554795	-5.79707798491723	15.8884078863027	0.508709544183306	-0.470729877448006	5.23706016574619	6.7201409259939	14.3573403195808	-8.38893552160253	13.8696876667186	3.03724927636058	-10.1460058236545	-2.77230203477184	4.8739636370469	-7.93643640853259	4.82406355643383	1.60329735221825	-6.37604372955131	23.0571767926325	-15.8570763950907	1.55832763538965	-16.3698276080507	19.9603582786844	1.08056223661764	5.68912232855076	10.8939395246862	-16.9183081751466	-1.6287292607505	6.66411642124665	-15.762137485872	-8.60079679083129
MA0158.1_HOXA5	HOXA5	7.23316256621627	5.16922739056888	8.84109504993651	0	0	-5.19093043237776	-10.6866749658004	-9.52116011981706	-4.71706311362126	-9.00124466665227	1.27611067148769	-5.03228708392518	16.2788121838519	-7.25768768676243	-4.26466096720311	0.574950689431742	-5.14776072225138	8.20953095335763	16.3528504282302	15.121116068263	-8.52839359344125	1.98567744693385	1.20773946445775	-7.34409127670058	0.752874007318049	-2.24367645926293	-3.67536186689342	-6.11030106790199	13.9713717947646	-4.34856297317942	-0.961789046884921	-6.24745305253669	-2.80510232125798	-4.69801391854918	-5.41652573015334	-4.90073523272697	-0.0451269909383302	-2.5259219639249	2.33280325706262	9.40943759304238	-4.20137444099048	-0.338891721093153	6.15042590265567	-7.57804475337891
MA0159.1_RARA::RXRA	RARA::RXRA	2.84267982142039	1.86915081919919	3.6392279910812	8.30694339984056e-44	1.0981096412118e-43	-1.66444077536396	0.637876456029861	-0.539080982678114	0.774528572960353	-0.467178378258042	-2.75457571141368	5.07295963747827	-1.36709877380566	2.86865721534313	-3.7046313532765	0.769619632055881	2.07986292639651	-4.06180847787945	-0.98026926104758	-0.580372469231527	1.95125328225897	-0.767624269669713	-0.356636552508207	6.72070265214513	0.252787380585049	0.327943755214593	-0.758116116424618	5.2546788870086	-0.743147646352376	-0.778453841113892	-0.670805120480139	-0.736352659780174	2.6153646134873	-0.790992786954884	1.02289291324624	-1.8704069776304	0.238255790981476	2.39196395859831	1.02314792841077	-7.42159018573754	0.353996445495321	1.66112252908083	-8.10466173400865	0.6300541808538
MA0160.1_NR4A2	NR4A2	5.62282404702809	4.23052497259515	6.85174498583046	2.18324618098422e-227	6.28905243179037e-227	-2.59284010035647	3.9304260995305	2.85013906328502	0.401549912513154	3.28249911966507	-10.4157693028303	12.9333512315101	1.38812134585015	7.70527971011434	-1.65650598146396	4.7206206227941	3.29600942920145	-10.497712486304	1.640089844236	1.92559860867949	4.94392828799498	-7.51755659286731	1.61517207615439	8.01712040460635	-4.61677692595059	-1.25896002412621	-2.55769668111769	14.0153975423316	1.24202188958466	-4.00240333406672	-1.22593492568335	-1.2988385671491	7.48666445124307	-3.73208413549512	4.91130675210842	-2.55015291903009	-5.12602016451812	3.32265489853951	-1.99681184289392	-8.55298785061307	-0.554011230073855	-0.659530264466757	-7.95766613959121	0.672966310869624
MA0161.1_NFIC	NFIC	15.7171972891463	10.7746851874397	19.5522689444383	0	0	-22.4201369864018	-17.9798775628323	-9.75255209379089	-8.92842573587296	-20.9605925390296	-13.3558793722067	27.468616904913	6.60956450766594	-12.3847251536483	-9.07404655938596	-14.3328401985182	-0.423124908414546	1.47514412397041	6.00911521993159	11.0096558284949	-13.2096274662928	3.81039556816849	-17.5599605227014	-3.98931939633235	-0.765610969642329	-12.1304406656729	-20.9679293438263	26.3043776232486	5.66411695751602	-15.3641877490141	-3.26137549358403	-15.9956773712481	7.18762265664493	-13.4196606171174	10.8595337173054	-8.13010475225449	-3.76731403348709	-14.0175395255611	-15.9551795348141	46.8179388696825	-17.2798754689656	-19.4169350871162	26.1051502942942	-17.0240339019381
MA0162.2_EGR1	EGR1	4.50420913338191	3.25430439031649	5.47699720363067	2.26290294865404e-137	4.45653335806356e-137	4.73532298779079	0.0687690226002835	-4.01295865040417	2.50247024231437	-1.6223063347378	7.0488781006028	-11.6669865746656	2.63609393058752	-3.05212397530777	-3.4462403240938	-2.74217172845036	0.953614028904578	6.36170400041762	1.40052495107158	0.637182716779515	-2.34424762722584	5.51932815261381	0.409540294988279	0.720292011754221	5.28228350614964	3.49045752058174	6.50506567365202	-10.4002880990649	1.99483818549596	4.07864594025726	5.89777802550164	2.06716803907019	-5.67959479471455	3.31858878244117	-7.36751765600708	0.957644160632318	3.30012782627265	2.87107110071137	1.49128994280507	-6.73811979081531	-0.054420313894164	1.46805046394183	-2.82699811899163	1.38631915141398
MA0163.1_PLAG1	PLAG1	2.23661377455512	1.72815080501703	2.67948193861055	4.05778103114051e-22	4.60677493535364e-22	-3.29149027067946	-1.88198592346446	-0.197897005654741	-1.87338651180552	-1.15566367265189	0.932660848184044	0.551548201828023	1.74367912738356	-0.392851949748796	-2.31746470990279	-0.841188184182115	0.176433228793023	0.171187548710995	2.01084616343679	1.88639077290497	-0.56884554420118	0.309196737685984	0.494500558666855	-2.30240126963357	2.51633920642559	-0.187763905966274	-5.80246236906344	1.0919065081834	2.4782006116589	-2.4683942573165	4.2626102450668	-3.17471871446199	3.83778638631801	-4.06410233039711	2.16958853430975	-1.23906516919124	-1.62426623325042	1.19827444814159	0.445149111907229	1.88079255460579	-4.37928116258508	0.755225903527735	-0.813235004305772	-1.61261888574917
MA0258.2_ESR2	ESR2	4.64142060221886	3.3300834113825	5.76429010356039	2.93626701949778e-147	6.09354338454916e-147	7.1844955789135	5.4139590060418	2.21048184667612	0.87847417586766	3.85704030428175	-1.26466456539753	4.14696170929574	-1.30266711491371	3.26808462959195	-3.39105803154082	4.66460656316931	-1.83084347031953	-2.60761433970011	-1.70020879161815	-1.176719060087	3.775362800166	-2.90721188412486	4.5835251949414	1.76679338945853	-2.1769116165582	-1.42673522165505	7.87246625241915	5.07435209795894	-2.04815424323396	0.807684435408393	-4.04510916623659	13.4122277316305	-0.439995326117689	1.78476579363331	-1.41701232258078	12.4334663772481	2.69316836646969	-0.657001507098853	-0.744528243849743	-7.84239627367774	-2.13414581810104	0.450897884104898	-9.13020681272081	-3.06449392276047
MA0259.1_ARNT::HIF1A	ARNT::HIF1A	1.73741467732799	1.39143501456529	2.00543674378543	1.25397577683605e-09	1.32249904332983e-09	-0.59088107046736	2.85658685056211	-0.878210534171295	-0.382130642766848	1.67820845574684	-2.76310219383587	1.42205621800469	3.2907838999763	-0.271167573721981	2.75738168262199	-0.0101432963303409	1.43895734047972	-2.61136906957258	1.49032723265165	2.25655133529012	-0.946324659885845	0.605877572968074	-1.17238307598934	1.37951651437904	0.435820390800724	-0.052914107221966	-1.46365891577946	2.50143047857705	2.90052743187987	0.698816102150722	0.991043961633717	2.86495940793999	-0.298694576488019	0.905701425659965	-1.51827661025129	0.735631329829482	-1.15712889050577	2.19715570981191	0.936071709716137	-3.15403927831343	-0.800215080806711	1.06318094998729	-3.11097883963988	0.310037911206595
MA0442.1_SOX10	SOX10	6.90034098444142	5.3927007185812	8.3019703435882	0	0	5.71311138879717	4.22861342059973	1.77873895833983	-3.96917087106204	-4.58233931915533	17.6614888567973	-4.94137662767988	8.83869566884667	2.65408348576165	-1.25746090005387	-0.412845957346947	1.51403429987522	6.31602486417705	6.62981204635434	4.57233339515528	4.97718494925116	-3.20568477878289	-0.405330215442187	9.96144488592678	-5.56521538451912	-6.82295608678981	10.2278383778491	-7.49430248091946	4.5302680749811	-2.52044740476276	-5.29234873500324	9.92368559755902	-0.556288606893572	-0.877146905263446	-2.01115599458121	14.5430660488561	0.0299908558845625	-10.3983520154284	2.389363976966	-9.15785158845283	2.2920543739573	1.84593240628355	-13.418217808958	-8.98200119612392
MA0462.1_BATF::JUN	BATF::JUN	6.21405497144552	4.57041021059308	7.55480102944619	1.42052962160419e-283	4.72693477533808e-283	-4.63694892421531	3.07111896670379	-2.55357397490196	-0.173253268752685	-1.46299263835951	-2.11083375833994	-4.37861148174925	0.395595478564126	-2.48659639256086	-4.60472417491903	8.29472931219846	-9.08012749497912	-15.2294670913631	-1.06015651020339	-1.48167832335712	11.8092197566518	15.6720625652491	2.13965677695059	-2.90927102485744	9.26505006157567	-2.09753089034277	-1.26039161015893	-2.56038255777618	1.29505853362041	-2.40665566903839	-2.4562631913032	5.83859289979344	-0.195078737589674	-3.73719736009112	-0.565704723789656	-5.09643665796299	-8.66995234879389	-7.18766899118291	4.26577534216887	-5.9128912574316	7.39753516721703	8.06577658341907	-2.81183726898568	10.0172708664948
MA0464.2_BHLHE40	BHLHE40	2.39924518494707	1.79287281993711	2.91354043932632	2.96343906627302e-27	3.48746182799203e-27	-3.45705624695344	-0.722287626329628	-2.21182891127012	4.06528225035673	0.391979893809938	-5.52697632178147	0.72353436719482	1.19018764097514	1.22149486823673	-0.857904592924348	-1.25725230941241	1.81164746543396	-1.56645097762005	0.745569689573013	0.22211402819858	-2.41679726679281	-3.85482393289357	-4.31519388762021	1.73161030222824	-3.2034760142567	0.800984008027169	-4.36681109192766	1.08263620801615	0.785642622033358	0.570990314719287	1.09281272799723	0.151255671717087	-0.0803810469964677	0.0285213756542243	-1.82805818276252	-0.332042067090162	-0.725975769303099	2.66475320557327	2.70986683807536	-0.474488927645614	0.256284182356582	3.13473606303438	1.31444431042276	6.05520813719147
MA0465.1_CDX2	CDX2	1.86871019462212	1.43412303822646	2.22048049440553	2.02212613311663e-12	2.18028124967324e-12	1.25178039150465	-0.0934611910246494	-0.568796392204013	-0.945278452130446	0.143406013463176	-0.279477096285712	2.79145971856268	0.0717306138557698	-2.10806053517017	-3.12150488527505	1.75836983301611	-0.940180612335471	0.517887628758513	0.758465015591415	-0.352370459556979	-2.38556439653097	-1.24686425629192	1.47302792878529	-1.80505863882402	-1.64645288201233	-0.416937502077109	4.39751007563425	2.78472011985381	0.0125069772664857	0.401135087367609	2.24662239983085	0.991103708748072	-0.879444293013362	0.36694679023333	-1.82036930885876	0.083851064253202	-0.743575746542741	3.58923511209097	-1.62725779430811	2.88974966989261	0.197013327053271	-1.90871215483023	2.42365668288228	-3.99373914645831
MA0466.2_CEBPB	CEBPB	4.18320839846862	2.4452510525056	5.82793084789981	1.63334237718551e-115	2.97391583770569e-115	-0.897933686052678	-3.42712809680753	2.46140575976777	-1.63851943097883	-4.03600585935263	1.99195183083632	-3.22587770838141	0.669935817808654	1.52369238111107	-2.26458071185497	3.42135777601473	-3.27338399367542	0.759073133344095	0.147897552162795	0.0292250262397617	5.92542082668582	17.3760766582324	4.23566937615992	0.779503885254612	8.85527308409099	-4.30166627102129	1.25645212034088	-3.34521994238957	0.124702209614986	-2.33805263275201	-1.82323529909567	4.21020232711853	-5.12783749147643	-2.27949685980312	-6.25412199905451	-0.743661396236875	1.27576593699707	-0.882624499309861	0.21750947997557	-1.83502500854652	1.1424564197827	-0.78528809781046	-0.79427272433807	-3.33509971921101
MA0468.1_DUX4	DUX4	2.54123919302826	1.92576497121151	3.04364535366317	3.74210102582381e-32	4.49984733946414e-32	-1.21460081745754	-2.30218779721088	-2.18981356569462	1.73774445536739	-0.141818267869111	-3.58488823958823	-0.789077366654936	-0.328967945811427	-5.17047837467138	2.27883193538145	-0.650449263219416	1.10717499776212	2.56515087172771	-0.649368325690946	-0.346071093224213	-6.16076235470785	-3.15595252783714	-1.24988607314592	-2.42680506003851	-3.84134826870035	0.0657584952516213	-4.13750229301571	-1.16951010523262	-0.959349419828472	-0.105697340923774	-1.14956683560537	0.859717944756226	2.20650128259442	-0.221325645545748	1.67995662536439	0.339414558267181	4.88600087939291	0.177111839867437	1.75254620230321	4.50805642191075	1.30973790120484	1.1485778472722	5.04223028345935	1.7741541798785
MA0469.2_E2F3	E2F3	1.62826575320836	1.31011435379231	1.90268763697398	1.38521695703042e-07	1.43734877799393e-07	-1.43805562553676	-2.29445665222261	-2.19029513818342	-0.0363027449755641	-1.75088634822004	0.854721520966011	-1.66079042730012	1.77108976297266	-2.4783200199508	-0.596848426321157	-2.28551152156295	-1.66697661781612	3.24312945863644	2.18615625456001	1.19752956301273	-2.59809089283254	-0.490579593811559	-1.27402756835645	-3.05681900963833	-0.351336288126649	-0.221555899710124	-0.990744092204592	-2.23064515929795	1.15790932270145	1.42814349909473	0.997735502187575	-0.178980584293532	-0.148814171326933	0.994798144102632	-0.383562229141462	-0.21888006469312	0.677964421109693	3.20777499513966	1.31306524447145	1.32336527507739	-0.432699791544807	0.821668989263706	1.93053795427721	-0.446340135553848
MA0470.1_E2F4	E2F4	3.42833043432663	2.47499626367166	4.21880831588334	3.35587827526894e-71	4.98218851636081e-71	2.96544192100374	1.00575508314429	-1.95967702299871	-1.10889626761333	-2.28029497567343	2.3575143519611	-9.31869578815237	2.82842801315426	-1.8331478732871	-2.04748372711109	-7.37250547023325	-0.467258478315269	4.85465523429075	2.39678238793146	1.33763595672162	-2.79245181280029	3.22457736318864	-3.04331129913151	-1.8972934391703	1.45757066444028	-1.78654464816249	4.09390765361911	-8.67405366049396	2.62750582700294	2.13103336407666	1.15163245979515	-1.06794606832207	-3.5834007115708	2.60712880119036	-3.18066051263534	-1.91112341860195	3.39013973475193	4.84416122066435	1.79004265192975	1.16267629722849	2.21015488911286	0.897901892967415	3.40682653792467	-0.754958506942492
MA0471.1_E2F6	E2F6	3.75710234885229	3.03767892749332	4.38586138001721	2.87054532661815e-89	4.59763691317264e-89	-3.02699080694111	-0.965892869296868	-2.89500806805568	-2.17691057763422	-5.0694237720595	0.586056500278236	-6.36462909346173	6.32837455263492	0.339824580694975	-5.10294388873348	-4.07165436104617	3.99737632700904	1.16716200892666	5.64848696853518	4.71281854837074	0.243260419084615	2.35779008459752	-1.17003577334708	4.54109075736273	0.951985159111214	-3.90236156793249	-1.22527496523429	-6.54423994419788	6.34469031723662	-4.30953377630053	2.58855298046184	-2.28434359108607	3.37978241869346	-3.97446452428785	1.86850585651086	-0.788308114811296	-0.0844142838400104	2.29556553586983	-0.358430586509469	-0.0233179118060157	-4.91939621674044	-1.35685637499135	0.811902737827748	-9.05528335425277
MA0472.2_EGR2	EGR2	4.60113272297728	3.70734906996712	5.23246961370362	2.5376453455096e-144	5.18270425061749e-144	5.12112851908212	3.45121785338426	-2.81370182689636	4.69205807559475	2.66514496525031	4.21411490414174	-9.37263308861356	-1.62125362587621	-4.02221039875773	1.63402399299334	-3.35774153019893	-4.92569219315989	2.81791847675597	-3.03424135428383	-4.46411507274612	-4.25926509263958	4.21514275676735	-0.232950513964357	-3.62961246258794	3.00306655274029	8.97052309930588	4.40778209472305	-6.69334209680351	-2.56307795936647	7.79884842073583	3.78501655270996	4.15738793422044	-5.62754838407707	7.45962608976479	-5.46903407484979	2.63247142627669	3.99397029230711	2.88039210578562	2.74027653062973	-6.00999588216945	2.51856437984743	3.17311702490407	-0.175093655411447	5.82259650315447
MA0473.2_ELF1	ELF1	4.06378700474789	3.18270020397257	4.75907374852569	7.73487168775551e-108	1.33886119797024e-107	3.1184456684382	5.09843731143468	-4.34565778895491	1.69315444822022	-0.528667856345884	3.14814099544673	-5.31245437287662	-0.944297232114991	-3.12688042883479	-1.39581213405152	0.964713968392684	-4.65864865444704	5.14916008469022	-1.85053792031323	-4.45368928980086	-0.0875179521696882	0.942033677213977	-0.910034378539849	4.42647587405387	0.955042523575336	0.0365011213523844	7.17777369231201	-4.14295635818504	-1.7703553121382	3.90316486968276	-1.9550699610361	-4.42496512956522	-5.96396612267472	2.61299510328616	-4.84829770444289	-4.02505779724667	-0.550274711892209	8.13327177775197	0.599005332932752	-3.8767249700655	6.42311828020265	2.34074134261785	1.1907132439221	10.1931811318089
MA0474.2_ERG	ERG	3.90264180139951	2.58657368628509	5.20070500691958	7.09690852474844e-98	1.18589034223069e-97	-1.53940484511078	5.93034818086926	-6.38811038937024	2.99561114547774	-0.99383021589621	2.01139315416366	-3.70559600408312	0.231997199459371	-3.77575006999399	-0.965691731241944	-1.50389767077682	-4.7668946629118	4.78871735893319	-0.0359489909809645	-2.0763821590452	-2.11179313008664	-2.44981797328278	-2.45531447639471	0.536060266557039	-1.21135853200745	1.38005159338428	1.60465664573457	-2.88438368082464	0.539658836241324	0.750224806830813	-1.67245951478545	-1.83124219854654	-7.3578889645831	0.412464024256774	-4.65954180162947	-0.00649525513488054	0.0512483546167141	4.70016437540471	2.3163966867292	-1.29599551877428	4.9922356296808	3.37060073628481	3.53650736219745	14.6026280397781
MA0475.2_FLI1	FLI1	3.82680265916293	2.56214321120688	5.07447016346466	2.41234438060531e-93	3.92896595322214e-93	-1.06960165411924	5.02761090761538	-5.53788567606916	2.84908697267767	-0.813675681132905	2.72411182740363	-4.32048089038903	0.133135320444143	-4.03049476612272	-0.842005225657511	-1.83993583886054	-3.98015100717787	5.39622270334514	0.128567628081643	-1.81617489373061	-2.19060176976427	-3.05235036730191	-2.56757831876473	0.904007156331555	-1.61191024389089	1.28162492670788	1.94372906301525	-3.27222260504618	0.43462132301034	0.665663388522471	-1.86688043445615	-1.69014055954846	-6.94787241538523	0.381823902263096	-4.98208826048091	-0.695285913377069	0.244098407999485	4.26892788091929	2.16542014969071	-0.761201654174097	5.21180192941006	2.96165412564198	3.7337478445461	14.1964272050387
MA0476.1_FOS	FOS	8.66558671562602	6.36349871559659	10.4699843706222	0	0	-6.64434442683237	5.99897421725133	-2.62142468906734	0.940160607429223	-0.369080449361241	-2.63930245708004	-5.13211267025217	-0.818857963124083	-3.00196348078269	-3.91790785579204	12.7634054311065	-15.3644408116874	-19.2406221287212	-3.52470388420961	-4.15560373229285	16.7231468652009	21.9267504335321	2.40991714644231	-3.46363194227628	13.1789331011018	-0.679427124178532	-2.6159690697967	-3.00783262739156	0.318926133304055	-3.44277897420147	-2.16358331516384	9.59439106029598	1.30958901758178	-5.87207541878588	1.25528117186131	-5.96386244887443	-12.8996929763202	-9.40878597439797	4.74396429618989	-9.36789893743421	12.4967048588854	12.1221862545389	-5.68506848656267	7.69455388398681
MA0477.1_FOSL1	FOSL1	9.01808144061357	6.50798785256228	10.9589883623157	0	0	-6.21114740260555	6.85552230184239	-1.00722857053529	1.04522770595807	0.470027087444497	-3.03405933686286	-4.67269664894071	-1.8537693235686	-1.54743057162884	-3.85770262038237	14.5071723697649	-14.2928849162324	-19.5363966343079	-4.75093041190234	-5.0056289182872	20.1429259708162	22.7475142375925	3.92873616259344	-1.98918973857234	13.899219782283	-0.839201265965023	-2.75822572284018	-2.18832841788686	-0.792396542768163	-4.02635046750097	-2.53956072156941	8.40656769910618	2.56570556339756	-6.44841321541478	2.23409098002291	-7.67165932790333	-15.2800600501636	-8.60143411393799	2.84666846831054	-9.45578570736249	12.265736607497	11.0952037195697	-5.69951675373457	6.43216621665171
MA0478.1_FOSL2	FOSL2	9.10271591535058	6.57762354971133	11.125287342495	0	0	-5.92172022901037	6.216919829517	-1.91400146656881	1.37935535178138	-0.14821072801365	-3.45558803706569	-6.03437337896987	-1.45061537486326	-2.0981791886286	-4.23651913714402	13.4539540839594	-17.3129164185768	-20.7616854960448	-4.56346197513385	-4.68437492911023	19.3963242314827	22.5588370082767	2.97626816979319	-2.51602543284147	13.4438210875802	-0.636547354599105	-1.70397519513213	-3.47814214862053	-0.258418381048159	-2.73963382859425	-2.31892483662992	8.16921530378695	2.31628820240193	-5.3976974172331	1.34122683901216	-7.00715230343957	-14.6659111496963	-10.1407829739223	3.03913220955065	-10.5566267908218	11.9607688122519	10.630659684225	-6.89514662975163	6.77150437133281
MA0479.1_FOXH1	FOXH1	2.40743805942963	1.85774976483709	2.82428947367218	1.58334247972466e-27	1.87475520605435e-27	2.50313893194708	2.40896845063091	1.79089718541322	0.426031078635725	1.8068502653838	-3.21118633050672	2.05501185316999	0.598696538111112	2.10343222779171	4.82367521023716	0.105137833782275	-1.67678384443054	-3.971425516642	1.15736944265319	0.442454318955067	1.09766242668707	-4.566904002934	-0.833051596580556	-1.45465906154699	-4.62636177769797	-1.97022523142328	0.496576371153099	3.12601538362824	0.776288304814873	0.399048677130366	-2.46626813297097	3.32658099194823	-1.40906153229596	1.45144566043134	-1.050127022169	2.94346981295019	-1.0507933541583	0.0844103198387081	2.71837048138779	-2.2115904572031	4.96571558577338	2.17793612290373	-0.941359784554356	3.04082499917444
MA0481.1_FOXP1	FOXP1	6.70337708927876	4.86420268666627	8.25982171639225	0	0	-1.00407111567439	6.85873410054153	1.70547766639926	-0.1681303489914	0.773994326179427	8.71518638010206	-9.80197326366997	4.0459391760407	11.2438138067221	-3.73151995169147	0.685643473170009	0.99583148911167	5.94939108350519	3.51408127287082	5.0114061114643	10.2077915921124	-0.4766232764604	2.54689168268204	4.23543052978886	2.03639431660726	-2.32537502261119	2.87718229852227	-8.30456693588441	4.30344260681574	0.701084934555412	-0.553488578911849	9.58587283917573	-5.61150820139095	-0.0605173455345399	-7.66461606785677	6.92380418585152	-3.22450381115971	13.3937523500082	5.82721699238681	-17.8758443266076	-2.46597888674743	6.24175423023346	-14.654845346086	-4.27909301412646
MA0484.1_HNF4G	HNF4G	4.86201845729783	3.66508631115153	5.87317227458084	7.81701438357706e-164	1.78542458701819e-163	2.86368655887144	1.69967785029153	5.22499859911069	-0.750004194573649	-0.373686600554915	-4.28924042876882	7.0100096840259	-1.91042290022352	5.58985536114113	-4.24212603596578	2.76053197607161	3.11708253751158	-2.52960183042335	-1.85794191065019	-0.490959313855121	9.01268371627843	-6.60618216263421	0.028493601304324	6.5422938577434	-5.42400736870251	-3.36195342773161	5.59521515206318	7.38006154871399	-1.98748691363092	-4.21623949715717	-1.83445773022899	-5.64475024845746	4.07308964283576	-3.8572786974822	2.60376960734223	-4.84449980281812	-5.94624614459781	-2.97825838618819	-0.0514024992323624	-4.22906190419649	13.9844849439358	0.376374705072407	-5.46562053179734	-3.29789904094132
MA0486.2_HSF1	HSF1	2.18910581447369	1.7292231888735	2.60381189607165	1.02779189014679e-20	1.15664043614187e-20	-0.860824602085513	-1.10565624869586	-1.80286818917612	1.09231408267197	-0.678426684992666	-0.70778988004653	-1.42728043034762	-2.15464684634898	-2.15496866924517	3.10888229066585	-4.38495415810597	0.647488990075083	-1.76045411181445	-2.49036264927734	-1.58315419968058	-1.04307396431536	1.86279333395339	-1.68178563714137	-1.2452074079131	2.92127792833505	-0.433513947091816	-3.90922828981111	0.345946700812646	-2.36295887399164	0.920117100402266	-1.94669018311236	-0.653816516478141	-0.272292922717719	2.19602296147818	0.515308931533251	-0.78593542459543	1.63540564145871	0.958879366710086	-1.46848010168694	4.01871429980566	2.46852234543158	-1.76149772146314	4.90420912966762	4.33832441188152
MA0488.1_JUN	JUN	3.993839130688	2.95112100795083	4.90748649342237	1.85626940089205e-103	3.17044242807226e-103	-7.03429820172229	-1.48796611134784	0.282428467759642	1.33309678006684	-1.2630391801124	-8.3661957438694	1.55333461534239	5.10605731002018	-0.7871673278039	-2.71150533479926	4.50173958832311	-5.11933758848985	-11.7336887379284	0.204940302703368	3.03769117110534	2.63029689691772	-2.99540860847955	1.86888296761711	2.64209657696706	-2.87631460967251	-3.52985900871243	-7.51495004480374	3.62468030781919	3.05840829599653	-2.57330750921368	-2.06595939092821	4.37471364965259	1.42508432579206	-3.04131694694872	3.21193329512859	-2.53899071950274	-3.56193510931166	2.47736354726092	0.82482371070306	-0.334929791278373	-1.55637079327487	2.77507462614832	6.78778662848394	0.5204953290326
MA0489.1_JUN(var.2)	JUN(var.2)	7.91557359588948	5.79408460256376	9.61036718171624	0	0	-6.34081154230605	4.70381551042982	-3.31289937133017	0.954918485294432	-0.720373037073428	-2.16733950489402	-4.29400018406888	0.113215289064788	-2.59486482592953	-3.84783230931356	11.1529353184673	-13.1812588518915	-16.5226855712522	-2.22504901719677	-2.94956098512626	15.6057645580309	20.7162901528557	2.32651956097265	-3.1584850694247	12.2464438887915	-1.04987902322091	-2.88941488628327	-2.28758271400723	1.2611168100277	-3.58600420238522	-1.71504636818566	6.71119632143479	1.52839427172286	-6.26408450099402	0.763704607275609	-7.52510730848578	-14.2442100711805	-8.64228564473316	4.87336118457731	-7.53661282668337	10.2153749404093	11.4827208484416	-5.0622763013544	6.76214023927617
MA0490.1_JUNB	JUNB	9.17265253396591	6.5624529883064	11.2612485982155	0	0	-6.65609647181163	5.81179327624802	-1.77793882612618	0.90673477586036	-0.608430438655303	-3.7668136637149	-5.36802653412625	-1.4993449445679	-1.99252917884302	-4.19073067085447	14.627560800401	-16.1682951095063	-21.0013447408157	-4.30053406556025	-4.56060230557544	19.4774254065876	23.5793892530619	3.55079807535045	-2.22031238940642	13.9246308415288	-1.11976405708234	-2.36028482537015	-2.91774813147992	-0.0739280730681103	-3.13066834767176	-2.41770305299214	8.53555442708766	2.19295901155916	-5.80570311340609	1.75203342256254	-7.25992584659377	-14.622975029703	-9.86591381160268	3.12900096057927	-9.0307139125698	11.9870826739469	10.4869177910033	-6.56191611987968	7.2025577122133
MA0491.1_JUND	JUND	6.29489396147693	4.43062106654333	7.86466377263223	1.02364673360652e-291	3.46603192256243e-291	-1.17269725168853	3.18578831065707	0.0400116720687064	-0.712516145049687	0.741330013491822	-1.42855519261034	-3.47571510391666	-1.15141641805319	-1.75654092008558	-3.56229031631296	7.42755743246601	-3.2887509443545	-17.6231483628029	-3.5306882633674	-4.43976195540334	14.2938724608148	15.6124026719197	2.33171616910552	-2.53105822548287	5.54710066803571	-1.05433432760931	-2.12885667039717	-1.87848153230468	0.708657948727093	-0.459410712994401	-2.20067784201433	6.7413947960608	3.21731102405581	-1.33164813421248	2.63145670796659	-5.24228390172089	-13.3700381250241	-8.44201578083874	1.82376374232961	-8.82579195553231	8.37981781094033	4.22871661830781	-6.12143364923424	2.43203939705249
MA0492.1_JUND(var.2)	JUND(var.2)	3.90908392882291	3.06681231476037	4.64267946254578	2.8940606334948e-98	4.85698871534344e-98	-6.5768501642009	-1.94794666555188	-0.868296546267688	0.283607460781242	-2.25417359752484	-7.65300613609026	3.59923072026236	4.78209624179109	0.100960676336806	-3.23894258031788	1.80183829053295	-5.68356541999947	-9.34572706232478	0.571683242585481	3.01557239517681	2.82005590052406	-5.04062756829998	-0.465809561194074	0.626492215766681	-5.00418124680611	-3.96073467235337	-7.73988114210584	5.73862428432793	2.45965983632028	-1.70478444950909	-2.47034458457347	2.80037086586158	-0.0106042244265527	-1.9567065305024	0.646865346128745	-2.40662470331133	-3.37223856647573	2.11370024555612	2.51803501508857	1.17048689017986	-1.9663653468351	4.11978953094081	7.97933055944805	0.00116690264149055
MA0495.1_MAFF	MAFF	2.98026332755286	2.3455075735319	3.47007061462123	1.10311204423424e-49	1.50459805326649e-49	-5.39232679824915	-0.732322028269003	-2.48659415063844	-2.62597339894569	-3.3835098125789	-5.26966135332183	2.97455140111853	4.21417476362836	0.0436207130543006	-3.3645596116825	1.5671921374431	-1.75487111165865	-3.35643617448731	5.37479342698607	5.9237281888515	1.13098652391551	1.65856730680264	0.800710548959039	-1.44675535222947	0.10692589485434	-1.46714958490974	-3.17791441603291	4.28404387571761	5.66757935080368	-3.87329321417541	-0.612573300504799	1.17515743414049	-1.20041432006637	-4.28611456028159	-0.352697201176313	0.289248859808104	-4.0048966111485	-1.1854153488085	2.3967154945285	0.440829915321596	-2.83874713705553	1.19951271374052	-0.0528616793278818	-1.9954173757123
MA0496.1_MAFK	MAFK	2.91749953818495	2.02293650933711	3.59419360900701	5.84154941605712e-47	7.82929887013211e-47	-4.79055598591297	-0.38024833330654	-3.13500124046139	-1.84984916902898	-3.47270441390617	-5.31581822510595	0.825039674553853	5.97376552885069	-0.531777427466569	-2.3784811229476	0.290255501753848	-1.28145884531579	-2.04796043843887	6.74976254880483	7.08452555838478	-0.138982531895066	0.608075644583674	0.136584270486674	-1.16300853424776	-0.23200604742456	-1.0436131948675	-2.50420652300511	2.00441549850633	6.59154490902373	-3.16778875801624	0.0869100395765424	-0.183420698593032	-1.23950927481661	-3.20002254322815	-0.162135002879684	-0.83969647808453	-2.85448026842574	0.422703544628147	3.0083634453936	-0.0409672570221503	-1.64386864083154	1.38854007846756	-0.760646417092923	-2.05947046562155
MA0497.1_MEF2C	MEF2C	4.02136251051172	2.93282445058957	4.98585778817458	3.59168870054312e-105	6.18924927861448e-105	1.71709387790726	-0.364662422751483	-2.75799274432699	1.71092910053431	-0.869800248507037	-6.9079905241254	1.0258321589593	0.158638871410304	-0.925026087898104	-3.13263502155826	-6.18365717877127	-6.39566898401887	0.0837279429869556	-0.783096315799144	0.619914676190561	-1.85210507462285	5.75993162587229	-2.9455904874542	-6.21223659534969	9.05851378682195	2.62469350806843	1.63458111943768	2.44867981435253	-0.0944925710693637	-1.22336893771671	1.99080313626612	-1.61829177976386	0.724487091605601	-1.39755926347904	0.612701886248734	-2.01092939237572	-2.44925558105154	10.1252572927152	1.00678286811543	-8.16018740578037	-2.78345654503668	2.85642843143054	-2.52365159392143	8.23549577566198
MA0498.2_MEIS1	MEIS1	2.97748601358796	2.29234407754665	3.56234430481533	1.4610788426528e-49	1.9858325114929e-49	-5.23640363603246	-2.74655897630385	-1.06295504440835	-1.00405969917877	-1.73091247223106	-1.7368049208732	4.28355934509357	3.61634484816094	0.622043026707779	-1.91024838397799	0.377432320729056	1.61587151577782	-1.5180924179078	3.41804987533165	4.34043717032602	-0.447043102318262	-7.76310783675921	-1.01766153315564	0.185508918066823	-6.41878997534029	-1.93275025418657	-3.35765491074837	5.11972323351096	3.53790610586818	-0.661992190552098	-0.690455689965731	-1.62527588975617	1.61496913495651	-0.563198696129209	1.17243636228189	-1.29529762435122	-3.2803463384576	-3.02984620850869	-0.152981078738987	4.95320948152378	-3.48082140168457	-2.48874702339588	1.11462818848699	-2.05778956716609
MA0501.1_MAF::NFE2	MAF::NFE2	5.09795506397765	3.41217585371409	6.5318818642813	1.74446596944302e-182	4.28894181022296e-182	-2.5705120829906	3.71497085611236	0.82715293750171	-1.04954569201528	-0.682487702374024	-3.01702180338954	-4.17914856956034	-0.152433529548297	1.24077355320386	-2.23640612746689	8.62432706159936	-4.90121493235762	-12.1429004108762	-1.33082017080227	-2.02947880103856	11.2995386022932	16.1626530918165	2.28242650494914	1.33118525393008	10.0848732889495	-1.18545660329045	0.589832026387653	-3.01557380649766	0.883043970657061	-3.73350392752557	-1.39196563291464	3.50440036487132	-0.452474559408247	-4.40615225825312	0.13378142935943	-2.20077510548864	-7.37125404876459	-5.39242654017863	0.077545851118604	-3.14826780183423	1.10325617189947	3.15992563108224	-1.29373619567317	3.46340170829533
MA0502.1_NFYB	NFYB	6.47128459086135	4.48737896906017	7.99939520067344	7.25153892884095e-310	2.71756701605108e-309	-6.26412333064539	-6.84399277176684	-7.39956997797808	1.58245936738186	-3.45829025879169	-5.14370891694821	0.854574685719727	1.32078809951255	-11.4599533792026	-3.43409045860652	-10.082611662228	5.51719027198053	6.68407054476681	0.322846383692977	0.402493173380712	-20.6391697521458	1.07106824776284	-17.2810230882255	5.29454594732986	0.846282574535015	-3.98306013995108	-6.42499438544966	0.424918669550445	-0.383682047495104	3.9116070560831	0.431654707455425	-2.78226869855022	-1.41367848433029	2.63935484369251	-3.89998316281539	-4.57022774613384	0.438063451721845	5.76174092665267	4.17850384577283	6.59398842448664	0.143019903801822	2.59268913150492	8.9674136579149	8.98054547230503
MA0504.1_NR2C2	NR2C2	3.28213710536982	2.29131925385183	4.07208605943287	8.76881484327776e-64	1.27246711635534e-63	-0.0904595450118534	3.60952412861509	2.63517033031792	-1.08011804983195	2.12210815904077	-2.09312921549968	3.91032668028819	0.62980135783759	4.44904490271333	-4.78128878242685	2.25977429343505	5.05381500361882	-1.32235918095672	0.684056715680335	1.7415438266444	4.57586403745548	-3.06971582444411	1.60145186475507	5.94132466704885	-1.68831579750342	-1.28440548814591	0.33535439173182	4.53062654342897	1.47956667569948	-0.84202875876645	3.34389804901584	-0.440299187369615	2.96411724888435	-2.10511565627098	1.84794091507237	-1.83940938277864	-0.800754734173934	3.76648020741992	-0.529043892755912	-9.48776183260227	2.59128917449611	0.388322940181811	-7.49405610637386	-0.655563282251609
MA0506.1_NRF1	NRF1	3.52102965920433	2.65548419612353	4.22714382393883	4.21992319310325e-76	6.38780530407002e-76	2.45621842172564	1.02655285255741	-2.22744990838445	-0.155673718601504	0.4454919401909	2.7482612936484	-7.51909451345164	2.13146847604475	-5.4044827124043	9.04766094797158	-3.06733712323888	-1.93928702849429	2.6584222649164	1.28273601983724	0.428114985440815	-6.22888926646795	-0.124215790687079	-1.65653741928462	-5.09942150843759	-0.55875627639925	-0.486894188517679	3.9005571432011	-6.3844020666624	0.467633506320095	2.7220340890856	1.71102810172557	-0.609957894324499	-3.56604029473236	2.54057782493824	-3.22226252068352	-1.97889134544547	1.62650674124176	4.85830183525881	2.4273394575291	2.03183930752374	3.62482326970471	1.32859454935344	5.843512188979	2.14617316027846
MA0507.1_POU2F2	POU2F2	18.0181575636602	8.10299315278446	27.091235922551	0	0	21.4212652801632	-7.59070682413108	-7.89271325629361	0.548005472612768	-5.35742246638742	-11.0569952902066	-10.6049841314772	-5.31982236104881	-12.7118162488321	-4.95635775453049	-6.06722215119529	-2.69807946514552	-14.2111004644699	-4.19098084480838	-5.98411102745227	-13.0588638579742	26.3827385024318	-6.3434437836704	-14.4382616183167	19.3459559841888	0.891107418825854	86.9562352609372	-11.405229259366	-5.38632081579015	21.9120744704421	1.58440329780253	-10.8892804064087	-11.2029409111711	21.8522401866425	-11.5193595533161	-7.85785106113588	-7.23928445080983	-11.6202748532835	-6.77911697252389	-6.82015498004264	-5.11579257989448	-3.69280733032026	-6.92496375860672	5.51419977275497
MA0508.1_PRDM1	PRDM1	3.74257544048759	3.04402946461083	4.255418270768	1.97981405489896e-88	3.14488981560081e-88	1.63535767246616	-1.88952942238192	-1.09443332173708	-1.56740003013576	-2.48369595835572	4.50139077228428	-5.81060932117682	3.60089093207085	-2.79515579680757	1.80887425498083	-6.15137306336831	1.61358428313116	4.68811084478751	-0.71639233275472	-0.76479493386081	0.272327714649961	6.65725675682099	-3.31729247422592	2.96362226787113	7.14270106527567	-2.63863362031788	1.04595678348329	-5.45244607966817	0.284495470531442	-2.7770040180474	-0.729166327252199	-2.59910559312572	4.38543133716086	-2.18614355946568	5.79423400494681	-3.69367646174174	1.49779875705413	3.87065905218817	-0.169225323428011	-5.56072091893626	4.99512786906235	0.688756347772973	-3.37637514636817	7.23450558803533
MA0510.2_RFX5	RFX5	6.67088624218714	5.00263226411152	8.03474853883401	0	0	-7.37953591439979	-5.45709245815307	-14.482959595277	1.94996251310203	-7.62777887364022	-4.28040738888153	-2.75069291070103	13.3294636795328	-8.60658987544111	-2.10918395138154	-9.74965807310673	1.6478401906315	3.02716540647289	11.8585451220635	13.5938730224907	-12.275592127726	-0.635502238528556	-11.6045497045795	-2.17278949906065	0.651244023005077	-2.02848321551708	-7.50309465472897	-3.0541474339833	10.7526434710484	-2.34319453822084	-1.32609754735931	-2.71812438464076	0.205320053966642	-2.00685009549092	-2.27003587064445	-2.91234882895412	-0.799029231824881	0.976625233417949	0.709996551914466	7.98143942349972	-3.44960485106289	1.57285524838046	8.55195142245103	-3.75760183170722
MA0511.2_RUNX2	RUNX2	11.7499588231653	6.29519438149453	16.3031491999571	0	0	27.835086270052	-0.283574020051893	-8.19471934016433	-2.2562806673621	-2.78736579498973	-0.894807969618717	-7.06699183205717	-6.59631405727623	-7.8060135434371	-1.58034284211655	-0.424186842005623	-4.81013468626921	10.9695353596915	-7.25646410518074	-7.33679484169626	-6.7550163934955	0.944105428847173	-0.864865519818035	-4.27664791461721	0.902734328082412	0.168764010194783	46.9625000557042	-8.2051883584574	-7.18026542964341	20.1366079743869	1.04369102540721	-8.33292422259345	-1.11229470854531	19.5717036784854	-3.3464237473954	-7.25713002298492	-4.76583897675501	-9.02009682177801	-2.36135122467575	-2.65986526081519	12.090998794886	-1.15293504293982	-0.577286973728003	20.9306357411087
MA0513.1_SMAD2::SMAD3::SMAD4	SMAD2::SMAD3::SMAD4	3.96597521546749	2.47268423574754	5.30804039291808	9.76559765181212e-102	1.66058180334779e-101	2.74076637286499	1.94563825892934	0.68077920032131	0.79949567902722	1.57546257423111	3.79215263114161	2.13647713926737	-1.50634864589852	1.59447267573482	-3.58757737985649	1.84976184138358	-2.19489165780715	-1.37943603275435	-1.42550744959888	-0.10157105061209	1.86636927350268	-2.95528167194065	1.8666066620847	0.175347634038848	-2.9463680942143	-0.324635170380996	3.69909174960147	-0.00115273304055377	-1.41425355145784	-1.38630904228867	-2.25551702397189	11.5760375812004	0.899624939084041	-0.570026503539276	0.57811639607525	13.5601891407161	4.39815429910525	-4.95947033993264	-0.524940208236344	-0.319015437069028	-8.57259176665982	-1.4654821264453	-3.28664619718659	-6.20300245208115
MA0516.1_SP2	SP2	5.02295244355292	3.44356349447738	6.27348972497969	1.8800370433899e-176	4.50741800464908e-176	4.02173238053406	-0.757760361567129	-3.98978894097575	0.5084761531066	-1.69004270133466	9.69911424846942	-14.2575331483507	3.2902157644094	-1.51634902422062	-4.91347110684346	-4.35965209542592	-0.287129753817603	8.02787010759143	2.45396458375142	1.94512301534663	-0.970252961239569	6.05503353608008	0.288700297778583	0.233944142525583	6.64471083956028	0.437809393068566	8.13014277896532	-12.2797988599843	2.76071409557234	4.00019228946205	3.26140782654676	1.44290402635221	-4.14893524577605	2.55124722014214	-6.63310155333647	0.0460775601390535	4.13322223704412	5.35801031201556	1.7429343075485	-6.50236001664193	0.231384106408566	1.34629902857692	-1.78402637029971	-0.79400529084175
MA0517.1_STAT1::STAT2	STAT1::STAT2	5.90715529534225	4.48539807710716	7.10646720510848	1.14190088627071e-253	3.49820430238489e-253	2.52950395993222	-0.437240706973736	-5.24762377312064	-1.50323628572354	-4.49479903109438	5.78416963319104	-9.68090432776127	3.41169326728106	-4.27031584861136	-2.79912473268219	-10.4087359521217	-0.545113972467317	6.34578265125339	-2.28544194402549	-2.52402491158151	-1.38906432541444	9.90253858808556	-6.25033205069035	3.27544418483204	11.3368926326073	-1.42038305706158	5.11027293281707	-9.22867644713355	-1.14809133098723	0.139400843102377	1.46365629544977	-5.13020735854907	3.76038952801144	-0.480167846246269	5.98954945807622	-5.80416036538585	0.913030152525382	6.92442511283391	-3.01471071836396	-6.41316397786247	7.94772201368129	-1.37686561268852	-3.7999639916377	16.1310799913845
MA0522.2_TCF3	TCF3	14.0929299896713	8.83141391934365	18.4074354950477	0	0	-4.71374470273914	2.31174106621632	0.646262057443119	4.20269971733747	-1.62459674469749	-6.37428605750695	11.0800526372098	7.72140997831278	13.6525610929551	-4.79167562034583	18.310510865624	1.93522408283304	5.94792829381312	8.8188241924221	11.969324394774	8.95512815066826	-18.5768061309643	5.84080848878749	19.2976319706664	-13.8073432451267	0.157938085444163	2.01472225602267	12.3078712483821	10.1185123955779	-3.48887143904944	-6.83127759629076	-0.859574396450997	21.7186110261338	-3.65780071576066	22.6808625625191	3.37581304901539	0.229989660535402	5.81573683380704	2.60910371069842	-41.0822178603108	-11.3837473111133	7.36462388274141	-45.487635669902	-12.9447114503549
MA0523.1_TCF7L2	TCF7L2	6.5385770353889	2.21253431879816	10.431883510438	6.28026209802125e-317	2.52518873504823e-316	-1.24559396097351	-2.20190271934684	-2.70036906497288	0.255873033840977	-2.80123169287905	8.9469167528371	-3.38817173100796	1.68703907640671	-5.68079405794041	0.352150925764116	-3.53368016680828	-1.98390162714297	6.07697977570905	1.44644808329496	0.744969966959512	-2.0873198753662	-3.61199589134342	-2.20222737075384	0.148957498474774	-4.09253559894022	0.98337790906069	1.37728518738884	-4.31184218948531	0.791738043792417	-1.79401552026245	2.21319564033655	0.409164495943172	1.18838724347986	-1.39107905484502	2.4630539027849	0.657459415538211	-4.25513949949863	-2.36329388113705	-0.377153319474427	-3.4367779340039	35.8506025803489	0.117801195053453	-4.64149962381036	-0.0477179725723037
MA0524.2_TFAP2C	TFAP2C	2.80029909304544	2.02339958885355	3.39530055338559	4.56799863875391e-42	5.97711008325088e-42	-1.73573906311424	-2.53508769106868	0.0644797726075531	-0.946825472993524	-2.56509686565265	2.43713241232813	-1.65586312435306	0.159674181005348	1.76618250901842	-1.44659547983117	2.15786518427499	0.383644250933201	-2.95398101560573	-1.29967573995429	0.68915470993314	1.58682651005449	7.3820199213299	3.90320127645011	0.318196488232236	4.84771699549692	-1.80810532896981	-2.02951099260539	-1.13934086512896	-0.915552770265392	-3.06736088735341	-0.583655015001807	-3.02212856986659	4.93673456564029	-1.27514151094518	3.51884933929033	-1.62582514823102	-2.07018999540473	-0.670994788405256	-4.50026220623005	4.60371775951805	-0.0389568131789717	-4.91823719165023	-1.30111321388102	-4.04597571297561
MA0525.2_TP63	TP63	8.41666974210765	5.68548110749447	10.4317779756853	0	0	-7.85151588164493	-10.2245361993465	1.74723787347567	-1.01089738959873	-6.30510828453634	-7.34534471802394	3.34093115082955	-2.81692464796071	9.53483849666354	-2.99619483039297	20.4419976390078	-10.1972752654887	-6.67117176881063	-4.38481910733654	-4.3904413035235	11.4069623475552	0.113939308423948	21.0606057289204	-5.5044569964744	-1.01544021738684	-3.233020487263	-7.39375758851962	1.35292393870115	-3.51366046803733	-2.54328970719827	-0.40422592460215	3.26280403947563	-16.4177450231222	-2.23786803562912	-16.5399805265418	0.861230215552291	1.92056462224804	-7.8532528930677	-3.76633726957836	15.622261005926	-4.89210108757488	-4.99188670534978	11.3202778508475	-1.91826308157694
MA0526.1_USF2	USF2	4.11626598795785	3.28333005666526	4.74190476460914	3.51679091353081e-111	6.31386647731578e-111	-7.0085634818938	-1.81399541726362	-0.0672769397569565	1.46354784016544	-2.93043581184184	-8.1238674615158	2.71540794537762	1.53183737413964	5.13324160630715	-4.08743502682608	5.64166361944409	1.73216263427849	-4.92356229786925	1.29810626187504	1.04125755906861	1.83244903593153	-8.69659116547124	-1.36943495923799	3.69012801463143	-7.87341644691346	-0.753539722914268	-7.52593091061802	2.19058840789738	1.11811634369076	-5.46021804402291	-2.45803472218416	-2.85891552079657	2.53768148741267	-5.29151314699571	-0.809590384109333	-3.36376162838243	-3.52589289747063	0.832736968062638	1.93902176486535	5.1883622519849	-0.445418351044594	2.7965763491485	4.21397572817533	6.17334662406576
MA0527.1_ZBTB33	ZBTB33	2.65252144983431	1.99589671950837	3.14877219884226	2.93783983169231e-36	3.64632210621618e-36	1.39941698914803	-0.848870175279901	0.0142825645684954	0.545462745717012	-0.920368576814094	0.894260534554121	-5.81509820461786	-0.7630395337584	-0.461213307556198	0.316926654576745	-3.85772518527248	-1.56038065623433	1.14598793276721	-0.892212910023373	-1.72256344689412	-0.0327111360645521	-0.493208352763622	-3.45010959675775	-2.12177249169932	-0.173299450067153	0.514921162375395	1.55299808318142	-4.98419896815632	-0.843505098290661	3.00224362488745	1.93253289025334	-0.273878148075063	-5.49108004059154	3.47696068739896	-3.91724757342854	-2.16903252428527	2.2787641859784	3.95391373488472	0.54748685611985	2.36859859297626	3.70719867521636	0.518355929651641	4.1656198127622	5.26981581957337
MA0528.1_ZNF263	ZNF263	3.32864570162144	2.53570339291496	3.95841927928901	4.21466880134972e-66	6.18578767042202e-66	-0.711659395162646	-0.439146586180506	0.988946123127519	-1.00149365764556	-1.46214773655306	4.61890973739724	-3.07233534745767	3.60777315142808	0.818503310616849	-3.07112955927846	-4.91329271161811	5.6618034657607	-0.362640095240651	2.43900649190383	1.95913664327686	2.13478925069118	2.91430770448807	-0.343199860609089	3.94203580785087	3.0291870241013	1.02669180025211	0.678618154446002	-2.79545157890321	3.86734251602157	-2.96972360320913	9.26877782478323	-2.20763365936866	3.84544824342623	-3.24241592139059	3.55640633551025	-1.96874977500035	-1.87869964102122	-0.92776368915668	-1.58381436345227	-3.59622951855703	-3.93189524854059	-1.50705959819585	-3.63935480341462	-6.47585341124807
MA0593.1_FOXP2	FOXP2	9.37728205251573	7.4540833440952	11.0133517025164	0	0	-4.13480618274816	13.5598784338971	3.97647933315718	0.935561474457846	3.12675060116607	3.16384915308783	-2.79577989985624	6.38564159336716	11.654731831523	-6.2059325675027	12.121701553949	3.40383275237777	-3.16323290139545	7.6089943547737	9.47551043562909	12.4226918743169	-12.0653157748468	10.7330983874582	6.10956227749627	-12.580954987203	-4.46392468811423	-1.40317895977114	-0.906658500321396	7.04385055694988	-5.44719793000491	-4.42492286548842	22.9470247940317	-8.21216256450151	-4.6749713209812	-9.17723777205563	19.036729722217	-5.25673576715336	5.91554904795077	7.69614947112045	-15.4088015459063	-3.68902683923508	4.33960213935516	-15.8606186395023	-12.8706728151672
MA0595.1_SREBF1	SREBF1	2.69947576045123	1.94664877194951	3.30694007127688	4.63945065210007e-38	5.91032327297237e-38	-0.93411546022066	0.491048660275881	5.03669267394062	2.41267986243161	2.19264899207685	-3.044115678791	1.08133541960602	0.550136509437193	5.02905304730962	-0.839207567905679	3.4155643103584	-0.167418239838667	-3.40698311454524	1.13219196569745	1.56613762267454	2.91666196825116	-0.940382371845869	1.87145455283425	-0.183077904733214	0.798932268791823	0.773092685468932	-3.36241317890602	1.81080335077903	1.67944802868778	-1.14553310139302	-0.701960034270637	-0.600966740686185	4.40211498353003	-1.09666966596091	3.67962804110368	-0.212592223443733	-3.09911437280648	1.48610663974737	0.309094770438873	-7.52055252018306	-1.80780172225815	1.46712237189782	-5.73043172576291	2.18969960360343
MA0596.1_SREBF2	SREBF2	2.501214167733	1.9140313288829	2.95478216124973	9.83201003769291e-31	1.17497085899364e-30	-2.20797252508061	-0.89441413867745	2.60609338158815	0.936177358206754	1.20012849697692	-5.34828023087938	1.93746589459344	0.336092882526432	2.72711532464644	0.702334250117097	4.95510587058742	-1.11870881117441	-3.98280043695531	0.921474242160062	1.26389754383083	1.9863677145249	-1.31846521875476	3.10466210539243	-0.401115683781582	-0.0333472252712975	1.13097138537855	-3.40924119476067	2.60329348105621	1.02949083287643	-1.43695392564125	-0.421121134359788	0.112418514229947	4.53434327873536	-0.981226075281604	3.86719650180964	0.380772467339875	-3.11535153900674	2.15923297712716	0.282775139695646	-4.800729752089	-2.14797839648301	1.15229161024048	-4.41794104862659	0.994102588764712
MA0597.1_THAP1	THAP1	3.69735345337983	2.81983319548985	4.36727569896077	7.64828585667732e-86	1.20499524109284e-85	-4.1321496551114	-0.117730295453377	0.27101904732587	-0.275522849471163	-2.05693103009014	-5.55257485653859	8.42551497949309	-0.792197977440821	1.97623406496212	-3.83303498310238	3.94357205812243	2.04916496905091	-3.00772581376514	-0.279503348948621	0.421936641169163	2.68096612761036	-3.40691227400914	1.25901379494772	4.09808888036773	-3.36250108913844	-1.32683091776823	-3.01149689697329	7.27311467064947	0.0630410262501433	-4.51685650515326	-2.63993667009835	-3.98004280909078	5.90569112216118	-4.77320584730874	4.69801305386775	-1.58578066977033	-4.278380906867	-3.50640641917125	-4.78573415024262	3.73540715832133	-3.83592658996739	-4.74129844390882	1.01627421431559	-4.78848220071293
MA0598.2_EHF	EHF	4.85810636072872	3.83819789630241	5.59860152418415	1.5640860991679e-163	3.5513954957577e-163	5.980942093332	8.28393402518508	-5.19719681227858	1.17770688926136	0.681711849733394	3.12907931185862	-6.66033245698314	-2.04639601608917	-4.07118222888372	-1.59583805151837	2.58043965693207	-4.58802506688837	4.07966726580431	-3.74891866072542	-5.5180381654118	-0.625406165114554	3.1088601335157	0.222958225799506	5.47237243175439	2.04365734420402	-1.02299713776659	9.85912859401036	-5.92504425776182	-3.21878424494618	5.11473032799748	-1.5920192940694	-4.57003457331946	-4.82159102223515	3.88996675093687	-3.30852372557853	-4.25659133329643	0.362979959799961	10.0888340137569	-0.048072446674396	-4.64378889140659	6.97281460915788	1.64235523810492	-1.55316196000202	11.0577042573761
MA0599.1_KLF5	KLF5	4.74437653446236	3.25436630477696	6.00092520473306	6.8588134757594e-155	1.51285828665322e-154	3.86939746549423	0.124695972043779	-4.67276131149387	1.02032647462699	-1.80133259205776	9.5332001698187	-13.5389753585389	-0.217832145624548	-2.60322455813928	-6.2848580312911	-0.322627219148435	-0.456766508096432	5.72680984419478	-1.70953963189034	-2.04953624335838	-0.879765318835788	5.48724408235793	2.97267405478138	-2.40871811512912	5.79725986735036	1.01087201067186	10.4787098956578	-11.114774408992	-1.99190912709971	4.12385727668905	1.56780401173686	2.78617117881875	-3.38167011358252	2.45423880593661	-5.59441640913316	2.65509867807489	3.19418866148757	1.24972407022464	1.14926267685697	-4.19561729567849	4.1483780868158	1.25885998088366	-0.455813028238489	2.34907269921735
MA0600.2_RFX2	RFX2	6.89483323533621	5.19466164860047	8.24436609069538	0	0	-7.40557309788115	-6.65037716483854	-15.2190446397379	2.46349821842939	-7.73261371302274	-3.56371351223683	-4.70148169524589	13.199807010722	-8.2987129242775	-1.87716557549261	-9.85553075576354	0.988531015889405	4.25780070147399	11.5138039201661	13.4913674548512	-12.6237770314256	-0.119392351309068	-12.9357434425979	-2.90164664272847	1.26827349249031	-1.12843488971097	-7.79675221018446	-4.59897409224556	11.164430218545	-1.24459559771841	-1.00014013810796	-4.07498009706503	-0.0175736177310281	-1.44405097854638	-2.65584075755641	-4.70932228284243	-1.15264522439492	1.71553298854777	1.05836683317179	7.44720325657236	-3.04503021773744	2.10863633718361	9.01218063385566	-3.52643499761735
MA0610.1_DMRT3	DMRT3	2.15894736496375	1.73773689731948	2.48923670016805	7.58531575998726e-20	8.48675908218865e-20	-2.32846263067271	3.17752381089488	1.69382448709374	0.506316690783088	2.98898752869594	-2.58557064031432	3.09862926217586	0.399303268475835	1.18979612761443	-1.61644349859022	4.51816240036882	1.28994934631091	-0.797061356045786	0.261205134718683	0.234598571451613	2.53745404318017	-3.94199005388085	2.91669976372044	0.561424354342405	-3.51160397071373	-0.54064454004628	-3.00845345903856	3.48491507005375	0.904238023534479	0.0546708328509634	-0.882813222396178	3.12004892953381	-0.112116752608557	-1.0835219693164	-1.44530323393785	2.8156953791003	2.47539185807813	0.188111116483695	0.299975210073886	-2.00700009969489	-2.50079416936365	0.519779462127236	-0.817167006578983	-2.04266721671934
MA0612.1_EMX1	EMX1	5.426121971023	3.86328559634566	6.65418470680733	5.21149152918803e-210	1.44721994983207e-209	-1.2659305273072	-2.12164556429626	-2.52183875848394	-1.28469728913852	-0.728820513857944	-0.0459413968268167	-4.08226611663034	9.45740991933761	-7.21075171511824	-3.77596984250706	2.68519637421885	-0.943788099753656	5.7459546654393	11.4394975111645	13.8881234681193	-6.66472402269226	-0.330163111732051	3.19090866539405	-6.66214092384852	-0.920130832331975	-1.36669027052184	-6.05571163039492	-5.0312348546086	8.39291403704154	-1.02648418332448	0.217555231374572	-3.83106387145088	0.0342940218182841	-0.961376399580562	-4.47037811240555	-3.79708233621565	-1.48117634777248	-2.86995034892827	0.647983868520909	14.1460259931688	-4.11674871343259	-0.716337473583678	6.19995701838298	-3.85637876636798
MA0613.1_FOXG1	FOXG1	7.5863766899298	5.98585203096631	8.8547587287814	0	0	4.311896863923	11.0513192186432	-0.184191367601706	0.857159185958675	2.21650519911113	5.85120945618992	-9.20022674439717	3.32551495045553	5.70888804923436	-6.30793932738357	10.2417612838974	3.50241836750082	1.86617421315616	3.6282023096353	4.56873841556942	6.71377670206048	-7.23750179709039	7.5603069212508	8.57225682177287	-8.68373031036067	-3.23295687432279	8.82048798444973	-8.35273771150568	3.28866562427773	2.28000623750077	-4.34698616023126	19.2924204486373	-7.82409703820175	2.05130251994332	-10.3223437425419	16.138879066416	3.95822275386693	3.38507155110683	7.98442910374256	-11.0465553637639	-3.43097846721461	4.44840157148218	-11.449469778374	-8.6391534934347
MA0618.1_LBX1	LBX1	8.31696618231917	6.08299872623043	9.92209599059874	0	0	-7.1048410450044	-13.068930642975	-11.642362648614	-5.70235263401992	-8.21626179206553	-1.60955117861962	-5.06280804712632	14.0253385688335	-8.58478252564123	-4.4676374944549	3.16977358706176	-3.92066721353617	10.2925263073238	18.1131595099289	16.3310656211532	-10.6504963062559	3.40907179969504	3.77742234169342	-9.69070891383894	1.98745041898355	-4.31167692609797	-6.11788891864557	-5.54275229956261	15.8427152621275	-6.14167527260522	-2.17433763607036	-7.35576230370995	-1.95988166612979	-7.55222850966338	-6.78574103845739	-5.68801710132316	-3.82341322744368	-4.61448629265871	0.7644989672878	13.1886361718419	-7.92003242488497	-1.8373556854979	7.28900323137894	-9.34573927639204
MA0625.1_NFATC3	NFATC3	4.81447592773239	3.50694080054276	5.84290018756813	3.43456253813105e-160	7.70779732394527e-160	1.22684176093272	-6.93241767415241	-7.94759146903654	0.53854984032489	-3.58354428243168	-0.423598417994393	-3.28788644093915	4.25485957885724	-12.4461630306707	5.03731194038816	-10.8273304772141	-0.697452464489084	-0.223202818554187	0.227031870855617	2.61384146382427	-12.0857937436829	0.225582405926157	-7.57047144420512	-4.52761114228777	-0.0949513929993458	-1.52863891261608	-0.685850824112708	-0.769136675730773	2.27952466019324	2.33750886623842	-1.6776572704731	-1.91624371100244	3.26199731051298	2.64189339171716	1.35402440401399	-4.54802034757533	2.93026541062325	3.10529189709906	2.72112231232974	3.63579002653414	5.25814385641834	3.90131161588632	3.88159069008786	7.28965501239175
MA0628.1_POU6F1	POU6F1	6.42202057719179	5.03739076669333	7.59631358871965	9.60113260635272e-305	3.46358615518893e-304	-10.2495442573879	-10.3294478333279	-7.42047417082459	-4.18725815264196	-5.337996704083	-10.8260179667128	-5.86934750312173	10.698381544302	-5.38911820339783	-3.43732150756685	3.65065720756281	1.63580186637586	-1.19221364777807	11.3984670847808	11.2805476259794	-5.4407052901663	4.16418678084298	2.81984596801	-4.28900291180324	2.46485123070728	0.198673390378555	-7.6561397195127	-6.73675745391917	10.1235202297678	-4.97978692205939	2.83545788835489	-10.8969146338709	1.21776202428075	-4.708280044547	-2.32625904643986	-6.62381871631335	-1.25811461035225	-2.58544733770459	1.61945849733942	11.2905019700932	-5.56404954908671	-0.620063348440452	3.91763961409903	-7.64752790192512
MA0630.1_SHOX	SHOX	6.50587210480105	5.06415882416376	7.67927606283089	1.73762511964731e-313	6.70723296182279e-313	-6.2464362720321	-9.12081672281281	-10.5764534996758	-4.16136375580778	-6.94672614029566	-5.68312430245621	-4.1257279301597	8.67878886281518	-5.80890767649102	-4.50834350845813	4.44522190049634	3.50823334341943	5.00462522747242	12.0145689100395	9.56294550568892	-8.81158714741425	1.92811728325564	6.10503910785405	-2.75936489583998	1.34386022054439	-2.13732516423095	-5.92467008578148	-4.83864071118083	9.16978999351688	-4.81707491945974	-0.00910230507639047	-9.84235157095023	1.44104812358367	-5.13048115327322	-2.54761202504349	-6.52321919318025	-1.90494703170462	-0.921894071803444	-3.23107805322738	14.0480894567105	-7.36849184641412	-5.40592626702077	7.21050893326457	-9.63621493562258
MA0634.1_ALX3	ALX3	7.60325582037881	5.67054154024463	8.99771132874363	0	0	-9.70716172356092	-9.55192440658377	-13.4992873929566	-5.10479417329804	-7.91227475723569	0.825064127212592	-3.02690095710014	11.5040314921399	-9.31895015866731	-4.05826674645071	1.51173065612228	0.234945572389883	12.3369648476544	14.7737970100723	13.673771854127	-13.6234947273682	1.23042192000629	1.42062620926906	-5.28832915076255	0.182379870220696	-5.17337163379494	-8.59405636868156	-3.54710397144228	12.3739932513041	-6.68674295260596	-2.48936361748352	-7.387287039069	-1.32744121228084	-6.11796622720972	-5.91382739559564	-5.39684774372758	0.193471134538892	-1.06986538170147	0.545165439835666	11.9725790146928	-7.73269263635193	-2.34135001286385	6.97489897736569	-9.56080013379591
MA0635.1_BARHL2	BARHL2	2.57396711866084	2.05979181622503	3.00296494809824	2.45437470792072e-33	2.97920955112389e-33	-5.71911104090341	-1.70927267842159	-2.35866301758762	0.826896438674897	-1.48779120909129	-1.54537897371638	1.91922430001559	2.69190763632412	-1.17341720364268	-4.20783195371424	3.24103931370344	-0.19535835964506	-0.748728521994711	3.47074880280997	2.70131846518033	-2.03914780403823	-1.90692875211703	3.32536366459518	-2.29001481808042	-2.43974486522213	1.3910697457146	-4.60343797593658	2.03416528109512	2.86491200323811	-2.3747596426629	1.32309788346492	-0.576101359540368	1.2930921836431	-2.55894029383309	0.492568769898539	-0.395972382562604	-2.59045239283482	1.60343171045304	0.83594926816787	1.39373475838949	-4.23939558219833	-0.836101521518453	1.65276962298616	-6.25091807052923
MA0636.1_BHLHE41	BHLHE41	2.60550596703211	1.93932111887843	3.31034930021237	1.70101107412973e-34	2.09105182998113e-34	-3.31543273432038	-0.236864124940707	-2.64210505281899	3.54501859865906	0.559783320598601	-3.91274457979033	-0.988951234358562	-0.17333628436886	0.862433346923804	-0.810117633432134	-1.98039542712317	2.24241444564421	-1.22507285340401	-0.412114297013056	-1.10689750427308	-3.29358390504293	-4.03256144840029	-5.12257908808508	2.18537440757098	-3.68589675303911	0.508337783490684	-4.06763808496117	-1.1556985614006	-0.652338925302024	0.954581086838963	1.0471290829436	-1.22150760725739	0.50626186376328	0.425048360754573	-1.18997549550862	-1.69555842848936	-0.29506007526942	3.29338876102921	2.23735990044062	0.857999656721128	1.69204931400655	2.66610094747922	2.83139213526364	8.13951001967112
MA0637.1_CENPB	CENPB	4.67674463760201	3.8648539401298	5.3486837527176	7.41275209126481e-150	1.57215511386166e-149	6.59221635907658	4.56416691114415	3.59093637636364	1.03430660927249	5.07207068727303	2.20281694777636	-6.67919929585809	-5.76692732758448	-3.50414253639608	8.60262851612898	-4.17667952794141	-1.37709491801652	2.22403294972322	-6.9116154431681	-8.02999280124278	-3.08458533610813	5.98617900516666	-4.4207142054087	-4.65108352105488	4.62064404441452	-1.73136876196311	1.359337648699	-6.68340082140011	-5.88853409207326	4.16629460812933	-4.19177665964283	2.5163926277682	-0.452970757179405	5.06097845499137	-1.22073355344821	1.34531632464447	3.97458521570675	0.371204002789549	0.438109979166159	-1.00044942355421	8.10740044855336	2.10530799107585	0.990253978481768	8.70764468441774
MA0638.1_CREB3	CREB3	2.37725492179729	1.77056151080204	2.94991089174818	1.57075195948421e-26	1.83175304036527e-26	-3.08359288918692	1.11562554642222	-2.62732515347609	1.22210978023629	-0.0720400204512194	-1.02706687652644	-1.37448247271129	2.87069723880226	-0.628858095507566	0.749545516247671	-1.94249526039609	-1.5716988680793	-0.495485886978513	1.32667241144468	2.63111946086473	-1.89913261677577	-2.15371254339286	-3.14747821262603	-0.671483027593144	-1.27863214576464	-0.142989298996665	-4.11691090438725	-0.639321224422026	2.10013921296984	0.642562452142952	1.4361406580909	-3.11651140569428	-2.01663223272066	0.591154217105053	-1.84435063298423	-3.96756956072191	-1.37729050228943	4.05877973631195	2.40778857496017	-0.995169201679328	2.28665208398874	2.22670909361036	1.93095164443625	7.22313976675011
MA0639.1_DBP	DBP	1.85328992738218	1.49628007815788	2.14583197589313	4.49180700049002e-12	4.82963092531796e-12	-2.13414054029163	0.772658314169257	-3.05400542694882	-1.20046761637012	-0.355722286048124	-1.05749910473327	1.18488131818674	0.486784394159947	-2.43397754355944	-2.31621899130906	1.45075969840686	-0.651094233162407	-0.499028640409987	0.227771664899523	0.766395622721151	-2.40850709477317	3.64665152284653	-0.12770198254348	2.06779084190816	1.99596404666735	-1.1936151006002	-1.2782157820909	1.85943203283607	0.567080237732359	-1.57586398510623	-0.228467112105887	3.90755785074743	0.526047267443734	-2.07336742973664	-0.31837752367566	2.40992381689113	0.0701529696423922	2.81889816378527	2.64243266164717	-2.2053903516199	-1.1102678848625	2.10494726254687	-2.09728656699569	-2.16095741528803
MA0640.1_ELF3	ELF3	4.44493072689512	3.41417754021549	5.29289560078389	3.35352327201046e-133	6.53767668179816e-133	6.06248174228177	6.14478651051445	-4.18459792254666	0.944489203303932	0.498071060906423	0.324485133725176	-6.28413739666175	-2.48668711518348	-4.00562616831737	0.0104708487891947	2.52237145502045	-4.09225023871861	2.43174184263662	-4.1631487493094	-5.33422408191986	-0.683522304119439	3.30087867808923	0.487440213573932	6.26409598717882	1.95990291747169	-1.02807698956459	11.0409677138494	-5.44968226990643	-3.13464038543915	5.2348997324021	-1.13140366640419	-2.58790145451988	-3.89285570922677	3.73501990239391	-2.48470220903276	-2.15715367354541	0.425334047551014	10.5839491502551	-0.161817085596632	-5.02726162475345	4.05776541005598	2.17660107315364	-1.20544558751506	8.72619859016248
MA0641.1_ELF4	ELF4	4.71745571669526	3.64660392845352	5.57356232567835	7.06882783074204e-153	1.54156358342736e-152	4.45991181381831	6.32040960004483	-5.08576813173113	1.45411015141964	0.0980915973842794	2.59498772072217	-6.97394690760378	-0.976608095998718	-3.291261624943	-1.80659389079346	1.90462750042347	-4.87473271457793	5.38827712442759	-2.03481233972121	-4.16946920731428	-0.321448636006393	2.27755130405224	-0.66372207846687	4.82564934478401	1.96131728676715	-0.30569690825271	9.07899170590808	-5.81327450739221	-1.64942176088647	4.22199574403195	-1.43309854112034	-5.04598096326945	-6.19117623674071	2.68589870588248	-5.15570510772892	-4.72379601532272	-0.949697060026621	8.76152226353384	1.11493704806134	-4.59795515383521	7.23493404335767	2.91454989372575	0.0814984056651532	12.7258469944073
MA0642.1_EN2	EN2	4.78722597696784	3.50723922080415	5.81084442333109	4.039564261949e-158	9.01313182145847e-158	-1.25204374870058	-1.98997216636202	-2.30273298557752	-1.31451406601021	-0.744004498001046	1.91841965265177	-2.10756329334385	7.74925693842049	-5.77240934559379	-2.80422885671684	1.73971493346631	-0.970053909991266	9.0548532172809	10.2908244409466	10.4798506390373	-6.00264303144516	-1.26460321485151	1.71554318260372	-6.69893089739602	-1.41323865528187	-1.63621090714737	-7.11423979753266	-3.33606873235667	6.68129670562349	-1.01455719292361	-0.340620265565799	-1.93858939414302	-0.328836928565443	-1.03275229443611	-4.26663624303311	-1.92310547231021	0.280071980348634	-2.36773403857873	0.809914658803513	12.2790398982504	-3.62660380154452	-0.881903610423122	6.31250499578666	-3.37465788083056
MA0644.1_ESX1	ESX1	5.37972819408353	3.80852110247194	6.6395274274891	5.244254627737e-206	1.41558201839614e-205	-1.73729818726634	-2.23027549298209	-2.90916542323711	-1.49217975937298	-1.41284715114406	-0.980612035942718	-2.20288598589137	8.56908775283029	-5.18759642546865	-4.88570677249109	3.03857951286573	-0.699880457468408	7.51931550810054	12.0297706900213	11.8808527272974	-5.37081526675772	-1.14027771809062	3.2357284715425	-4.87609092124869	-1.39954172469225	-2.02274942445421	-7.91022895905092	-3.15497974822773	7.82472055402258	-1.25315569386341	-1.42384540870615	-2.79093953250689	0.680924392828634	-1.36512318231699	-4.41944750350848	-2.91656133592101	-1.93464232564694	-1.54259587498255	0.0246756660133922	15.4130183662816	-5.51782007325497	-1.49469457668118	6.9024035756903	-5.20852903139162
MA0645.1_ETV6	ETV6	4.4740134365593	2.94702037996592	5.87886054382871	3.06778492146174e-135	6.01098974459001e-135	2.67399489544168	6.44350946025857	-5.93888561649155	1.69541252798931	-1.19512953033858	0.952968206286145	-6.00342179461909	-0.433567299820654	-5.12007559840893	-1.90554728740541	1.4312195695018	-5.09928087954952	2.8879977779485	-1.67530655159376	-3.40413318586103	-1.75004363460821	1.38395265447699	-1.24951849698781	3.84704670214354	1.09878647075976	-0.0373085919936519	7.75059376798115	-4.21508074732913	-1.10742624123336	1.89956289344848	0.354687896129386	-3.79426967184744	-4.50757674806854	1.21221022091741	-2.29156404343379	-2.66841501091868	-1.99210857685634	7.84283629929042	0.221091403540273	-4.0497091521711	6.62462539449935	2.15152641381254	-0.233749462813665	16.492103143299
MA0646.1_GCM1	GCM1	1.41172675014089	1.14847666165522	1.62594261475826	0.000263352860373878	0.000271077877611512	1.07025945550232	0.0617727748971057	1.66520358313068	0.244578907203035	0.853538703615602	-1.93967773951966	1.94704234923401	1.18165439384975	1.25042564571059	1.32183064558958	1.11073495523332	0.508566488531082	-0.92593973856164	1.59841634727542	1.35654217366087	0.934768996515006	-2.31595746080109	1.31919794294233	-0.860117931823542	-2.21768033576062	-0.319096654508463	-0.0525377242591248	1.78066083297464	1.11962906835172	-1.19138667760423	-0.996579526818397	-0.0821641421243541	-1.23371497212055	-0.620549377658224	-1.22584248229695	0.326125471437489	1.14679677094307	-3.36600220831159	-1.77457076984369	1.05003604318055	-0.885601468747163	-1.05975515299462	1.48366763613829	-2.62964977943399
MA0647.1_GRHL1	GRHL1	4.71797144267819	3.01627560406309	6.13580346027002	6.46992558438966e-153	1.41897231566728e-152	11.8450695244596	-0.0983004531558883	-3.74534303830379	-1.36691997941394	-0.990395954701884	7.73570234745232	-3.2571240316673	1.24545140585779	-4.63063625362113	-0.584871488975292	-4.74743269520412	-2.04655615602757	7.0490798503813	-1.97283920180086	1.35696501927581	-3.8248637504086	4.20275898087876	-2.43759958925996	0.135997562694728	5.31031761984562	-1.77331728330802	16.2781015144621	-3.19786739101392	0.149035595306618	1.87142529708769	-0.837679292567593	-1.39717305128169	-3.54373236634845	2.9679281538825	-3.25800679067021	-2.10247319543682	-0.0170208078173641	6.90808555863932	-3.80767015851842	-5.13703729167686	1.9242060991724	-3.05618371057999	-4.78635649063895	-1.20964252810755
MA0648.1_GSC	GSC	2.58923488549836	1.18473564223124	3.9531789662023	6.77787864857206e-34	8.30559097888513e-34	-1.82575180964937	0.423083835406403	-1.77461190456427	-0.68146060342197	-2.09800765025079	12.809727965595	-2.25541496174966	0.244620438417429	-0.489792254147414	-2.12141361219797	-0.0134990173027302	-0.0255242556030851	0.817888596203008	-0.344637057753744	-0.976819016059987	-0.0661833274194899	-0.727110197222385	-0.0601191573133965	-0.00662267500164194	-1.51237769697241	0.961269923668023	-0.740400213155635	-3.08789089297032	-0.429627157626694	0.381724791093306	0.984731638220413	0.624658503960972	-0.917421130063449	0.0101101283481062	-1.63032575350679	1.43235186623817	1.19531188619014	1.1276890229164	-0.965995005104944	3.03960949640448	-3.03515350915637	-0.960791346796703	1.52982924676423	-4.68692104075918
MA0649.1_HEY2	HEY2	2.85169910506967	2.29118249765492	3.27405997362099	3.5060221929105e-44	4.66663643608088e-44	-5.5995877249071	1.27281095858411	-3.83711467016626	3.73761297948837	1.80903040747395	-6.32623173237145	1.1421147788366	2.65583671641655	0.168586993511099	-1.94089759193426	0.713275369419147	1.84584498251764	-3.19910768721491	2.5496717051565	2.4399057547546	-3.50741065153207	-4.72587754069879	-3.35728147188868	2.66011448216067	-3.7724354503791	0.967895973948859	-5.55991896220128	1.67075033612166	2.5374321581701	-0.484396575988736	-0.143760590443299	-1.37078250001507	3.74871697026322	-0.8134551327376	1.64438338286729	-1.07610914456146	-1.98302655164232	3.63230928294396	0.605199400499684	-0.948995409130278	-4.01335930639428	1.38232537528375	-1.28605886979682	1.96205413743627
MA0650.1_HOXA13	HOXA13	1.63374568339834	1.26462986239425	1.93745477499817	1.10933698280334e-07	1.1541888823776e-07	2.0661982152053	0.0634593844527242	0.0090094575408014	-0.452775196062163	0.618480763471592	-0.826384722979221	3.27823949607926	-0.502335957778576	-1.5777159413936	0.402055179544415	0.986924077410885	-0.818274273950007	1.99584692324463	0.171023340486801	-0.436632744246689	-2.88959817428304	-0.465969762412107	1.13752378382565	-1.57380846907435	-0.722939259983308	-0.709477827537635	3.76437674922552	2.6981007108569	-0.18738363632625	1.17067173449635	-0.79016210260457	-0.933519356438446	0.526675662840746	1.24543743180981	0.270379751795414	-2.23870218480606	-1.14514412181365	1.64725548962264	-1.15875860547673	2.74909817305594	-0.0522192532688632	-1.77322613378568	2.15282861922752	-3.39490828815299
MA0651.1_HOXC11	HOXC11	1.96574974778977	1.57298371814878	2.26187587170335	1.02891582052781e-14	1.12192516023654e-14	1.37544370432243	-4.03123180780196	-3.32207076156932	0.834774070918925	-3.21802692700393	-0.623111897363721	0.026262665434433	0.913538919022922	-2.50871190314693	-1.5187823961534	1.7397365218192	-0.417480606570083	1.52998453150853	1.40341340241805	0.81805803922573	-3.3578256257637	1.20728042023099	2.0062033300602	-2.62657800673173	0.655625187534633	0.963801731665233	2.50561730263723	1.750771962225	1.19806293678689	-0.162085012623572	0.744702842618914	-0.104310622219509	-1.62918698260845	-0.259494594539319	-1.91755964420951	-1.1416338124752	-3.57389517513673	0.397513077232126	-0.0678299667027231	1.63635847515486	3.19789517530822	-1.46294697345758	1.53320439483099	-4.06613775442159
MA0652.1_IRF8	IRF8	5.56452213669799	3.41081403836451	7.60748459343903	3.61806761167681e-222	1.0344993319313e-221	3.10186971164505	2.40160720922782	-3.07123278409444	1.25901927104222	-0.976901618213152	0.479865899027009	-5.59767200141785	3.9063913978979	-3.94731825405664	-0.993678298339484	-5.86885285576268	-1.96119172045061	2.09743326957605	-3.32315318678523	-3.56225055554662	0.403515980601307	6.85219172848805	-2.81643769127177	-0.189501998616506	7.85574366065808	-0.144011152153155	4.17016369965168	-4.90475425759739	-1.94261333390443	-2.27143171856373	-0.756234040388345	-5.35703097093397	2.56519026046293	-2.41652087672643	4.87867697365143	-8.1317808021119	1.48704165558741	3.88168917291676	-2.20274948920288	-5.04107243956542	13.2998447066036	-1.4932044766861	-4.8623456279189	21.7303199169457
MA0653.1_IRF9	IRF9	6.34188485484055	3.78454231182618	8.61981725366691	1.68407844353591e-296	5.80405606432913e-296	2.75503212707301	1.15831110079224	-3.71848773271827	0.046184160047611	-4.2595181540904	1.11798328557903	-6.44405844350794	4.51378182755161	-4.13914380224592	-1.89760472336615	-8.13084421650252	-3.52514281889558	2.64059065724577	-2.32524856516512	-2.73970702405801	-0.712857075252443	6.07270800062498	-5.07179783481202	-0.31792045749109	7.98622955189466	0.112752205505641	4.43919707603046	-5.68118685936016	-1.05025764912493	-0.108917307920172	0.969670277862534	-6.28991218510832	3.45504462560492	-0.970618200887035	5.98057488345674	-8.19518085978654	3.29682477535031	5.208867697818	-2.21555866251559	-5.80265418405882	17.6230281926108	-1.05435332182307	-3.76103808009622	23.8860792510544
MA0654.1_ISX	ISX	7.14988142886066	5.35461941451094	8.62011533041294	0	0	-8.38279800134747	-8.31045863736742	-13.8783255412764	-5.29867784085024	-6.18139088274166	-2.57360754157172	-3.25220522593657	9.6926423891005	-7.84751884733142	-3.44648696449184	2.75476157716311	0.497246744876746	7.55514222786305	13.3286915460919	11.3131583375015	-11.4682981050959	0.497818143284673	3.45141009522413	-6.48184477051132	-0.202816333644546	-3.54613933113452	-8.28310332962851	-3.19041151555819	10.1825249829566	-6.59400555434229	-1.2450701881541	-7.20425782771397	1.29587702637715	-6.61478004283506	-3.79377984674926	-4.64104842313811	-0.771931753540707	-1.27244772618753	-1.5179618184686	16.6801259054017	-7.24238257272377	-4.89466640161657	8.13066942601669	-10.3407237286729
MA0655.1_JDP2	JDP2	4.62176626092036	3.13726645215682	5.79603365463653	8.01529272318071e-146	1.65449357815388e-145	-0.734426881582126	2.06197763829119	0.000705069192272525	-0.765541812346269	0.6946778782915	-1.97403522983927	-2.12037446864078	-0.182471354170543	-0.550239015746469	-2.80551321365043	5.47840582425336	-2.76598183710752	-14.8863827412262	-1.50689634102411	-2.4942331735613	10.0503058679989	9.50002232925534	1.78117706437395	-2.95716013639554	3.01727639295209	-1.27763975863685	-2.39908969807104	-0.613777371714671	0.73386991567928	0.143084825578174	-2.47059369452773	5.6181774248703	2.17973752071281	-0.406756355614104	1.96192016313009	-6.25495562354889	-10.7162728207903	-5.85948337518962	1.40009021466398	-5.19150352794648	5.21323224956095	2.61290983629036	-2.60124655327668	1.9910696199494
MA0656.1_JDP2(var.2)	JDP2(var.2)	4.15547259850108	3.26190301359002	4.78606014981328	1.04190970293366e-113	1.88815561188917e-113	-6.20944154402729	-3.67565472685846	-3.82096404283986	0.928504596979045	-3.2314644756363	-5.22967804192973	-2.18180136074597	8.16688042443761	-3.15828774184332	-3.42457958946639	-2.21007400502733	-4.54810781530493	-6.04076653737103	2.71920747151762	6.44731794299	-1.537360035625	-3.86204048081646	-3.70847572665973	-1.22939283299435	-2.89720637641556	-4.12427715186796	-6.27523625726263	1.11690237042384	5.57313595948841	2.21750698835923	-1.21793277215797	0.340235737835168	-0.87369516791021	1.39406286174324	-0.911003981158777	-3.95305016349886	-3.3614424193189	5.73665330952266	5.55340559996717	0.514076396902424	1.1136908791503	6.84438723889224	8.22171950350833	2.92522035883776
MA0657.1_KLF13	KLF13	3.20992932111572	2.34616390552983	3.92798590947464	2.91868206828474e-60	4.12678123940626e-60	-1.56581751693632	3.03109535447033	-2.07047620364674	0.00466843128143741	1.72371093404199	8.38376727411892	-6.83237054880921	-0.929949312651798	-0.185261111188503	-0.558900938276208	3.65622334967394	-1.40042081606925	7.16818591359677	-1.51280542420501	-1.77317398245278	1.48968525055244	1.90281416058331	2.79128146225084	-1.3546148067412	3.07665806591063	0.823836347692986	0.192212911260672	-4.95715509568766	-1.45272068103381	6.91900616861404	-2.19337035687771	-2.13994695656642	-1.62828319022781	4.62211577606112	-2.32208767364073	-2.23103048409782	2.78530442469188	1.67667656339984	-0.106235420811823	-3.19876868996295	1.89687024677913	0.0474230470029603	-2.09458943688926	3.97822023618846
MA0658.1_LHX6	LHX6	4.70861624081304	3.33928971981016	5.79511444249758	3.21833980882189e-152	6.97909643935534e-152	-0.964429406621828	-1.69058167553955	-1.73880111167475	-1.21058182660212	-0.418915247252786	-0.89933948248701	-2.88809446073478	7.15146225456176	-4.5461621020863	-4.25540525010622	2.48197012633963	-0.886840379006748	4.314492946225	9.42030273268956	10.8366624458767	-4.38295468526791	-0.110294072566849	2.84527792853835	-5.10175706726669	-0.551837554033609	-1.22170265320753	-5.70091887279751	-3.80941283414686	6.67398592956698	-0.60357443834808	1.28782694122788	-3.96504682280387	-0.824150098918349	-0.583774634846925	-4.69035701090823	-4.94631893774001	-2.99412834248709	-2.04556262039885	-0.243770019940978	13.8419660841217	-5.01918002961688	-1.23762558868244	6.74335482229769	-3.89625960381257
MA0659.1_MAFG	MAFG	1.35204297144694	1.08350881975755	1.59176672790642	0.00137239135355939	0.00139773895111854	-2.11053864160519	-1.84316471313377	-0.142757647914068	-1.16524014805811	-1.10717117079825	-1.65850620278585	0.309342496067703	1.36019005449419	0.722319512260584	-0.00358498413556712	0.269967734819397	-1.75313112092282	-2.86594478135864	1.70782280669459	1.58335146576788	1.68888565014526	3.21715033209136	-0.373706344254116	-1.05359729602394	0.703220231349597	0.217411765865808	-1.90120256074716	0.762795690783154	1.4655173155163	-0.426943655931985	0.869835911668224	-0.375829146439025	-1.98513626903712	-0.141435697128778	-0.975524111957801	-0.246207530741038	-1.4689065653297	-1.82643447896019	-0.201618990834135	0.585408330492502	0.896880611237407	-0.302774225254528	1.9123882326938	-0.318218368456918
MA0660.1_MEF2B	MEF2B	4.98151906419473	3.68661389651743	6.0969249658889	3.67612300388261e-173	8.70542011962386e-173	2.87417659230125	-1.41162342186492	-0.091451377844208	2.4993107905804	1.01764748372289	-7.66890751208616	-0.117021694036022	3.33283901386351	1.48710381421922	-2.34844833874413	-3.4341513083098	-6.93085033628232	-0.658354176169985	3.03895537149129	5.4405646776012	0.293804252308335	6.17078008548337	-0.52209907817417	-11.1949807798886	9.44185098458186	4.13213077817421	1.15268991391112	1.6015457831908	4.50403757025002	0.872295602332756	2.78001946495314	-1.18974285037722	-1.92522950181384	0.223724805099517	-4.20993570540057	-2.06538596910207	-3.85413231130953	10.0410004694238	4.40136748347042	-12.8684646737905	-1.83235822248695	4.70876283303501	-7.50103518702125	6.119502604058
MA0661.1_MEOX1	MEOX1	5.87062377721887	4.20234588764387	7.08858448968129	3.24431354926132e-250	9.70779093034783e-250	-1.39527629851161	-2.25641537052952	-2.84035357806356	-1.51838726820268	-1.1911025037122	2.41703906595562	-4.38975527862506	11.0731240255348	-6.17181269856802	-4.62062410899595	3.21655466483977	-1.2031522063195	12.8188059727332	13.3848693789838	14.9602910580799	-6.57051253506694	-0.0714694950923942	3.97376829768034	-7.04944012923395	-0.773049253096148	-1.92589624511286	-5.01382409311724	-5.49233345529066	9.89298763928203	-1.26312787619966	-1.42800156515939	-2.92124054604853	-1.09194603723895	-1.31031064413739	-5.739724772921	-3.10467481425592	-1.27120022661099	-2.7421269335919	0.947853287177845	10.134601607896	-4.8416953396772	-0.828225781262555	4.48171643238164	-4.90818702940435
MA0662.1_MIXL1	MIXL1	6.61701253515531	5.20452809881351	7.71775372419754	0	0	-7.04239492683591	-8.3393989243798	-11.4151772336504	-5.56556286551659	-6.91700078011454	-4.01924544904883	-2.90810982451864	8.09566502679928	-7.2631764106663	-4.34278853330578	4.42271100797794	3.35619857073816	6.83897299890168	11.0948481783012	9.78653680669849	-10.9056243505696	1.91330647784941	5.30588320717992	-2.0649536990174	1.23506577360071	-3.04846346888805	-6.910858035633	-3.58949623432173	9.24132852083435	-4.74666347454426	-0.759018610065273	-9.89961840676982	0.943258972382901	-4.71835596097298	-3.71456177415216	-6.53874122553224	-1.51026333008732	-0.835247453426724	-1.70913745775771	13.6129184999108	-8.2287352508731	-4.38340188903459	6.97688671695493	-11.4010662845008
MA0663.1_MLX	MLX	2.77727182309534	2.02777583070246	3.52121285212745	3.9031072196133e-41	5.07272520798227e-41	-3.51937484846973	-0.0256688374770844	-3.08002630774639	4.11710137103121	0.550369637698311	-2.43219605053443	-2.51065848746299	-0.307829999349346	1.13043829367547	2.33907920558057	-1.29452997763523	2.97509166795338	-0.421959688121436	-0.504216335684525	-0.70071307503306	-3.09048226651947	-4.87571725383295	-4.66081514150639	3.02854104695188	-4.78498886233008	1.57693889993904	-4.68424696133257	-2.0520749130914	-0.723690383577456	1.16405961584954	-0.824174768819006	-0.117116676755491	0.786666118545003	0.623359887895865	-0.83672327109575	-1.26925043456689	0.388992221638643	4.01187132239052	1.53026347075501	0.34854636163385	0.813774868799467	1.39220088780834	1.99297614784995	8.78739658649207
MA0664.1_MLXIPL	MLXIPL	2.65728624296645	1.97068898883058	3.27556072692872	1.93679611030045e-36	2.41162354379346e-36	-3.4807713733653	-1.10712736109023	-1.38296915922467	3.82581126803235	-0.469586356558224	-2.53980165644392	-1.43832704477138	-0.284048808084973	2.94689455349151	-2.33736865675736	-1.74034286712599	3.86896879763794	-1.41973750420297	-0.540826463225188	-0.935646090440632	-0.859426101328591	-4.52985400208297	-5.27026859299824	4.10090421713615	-4.39342828719425	0.545420943226478	-4.83735698358775	-1.29765252061325	-0.793228350878286	1.56095101140585	-1.03740452043307	-0.0487168959734788	0.242446891877029	0.689570767615393	-1.29176901252255	-1.3044421405288	-0.185172269210854	3.009215651613	1.86183411730214	0.897303377313358	0.144200720360954	1.48157524556125	2.23798973519761	7.54947915333888
MA0665.1_MSC	MSC	7.10394028855138	5.3310042691649	8.54643121243695	0	0	-10.4298337513959	-7.12334297794385	-2.47728173319076	-3.91885072502159	-9.09852737028675	-1.98661286737764	8.81365718683003	-0.568180618948913	2.7445013071771	-5.74157080294451	4.96015058880642	-0.060859973809046	0.719508643148158	0.838149846790584	0.57760420412412	-0.120499972058424	-14.3548233750272	-0.47475605723798	4.06309044374605	-14.4547554439905	-6.46149449533364	-5.69364387453826	6.79155834279329	-0.178248010548329	-9.51734491156519	-4.70317451923768	-11.1207994080485	13.3468645259674	-8.12462568720616	15.4084765645601	-5.6422394702099	-0.78260239595202	-4.23269355017932	-1.64881778511431	11.8930031952786	-9.10020797555913	-1.99795825416466	4.12471773444129	-8.93906946710182
MA0666.1_MSX1	MSX1	4.3714842849667	2.79994450884206	5.72272706059494	4.06378769917898e-128	7.65181488723456e-128	-1.30710025017417	-1.57432309384744	-1.90046934262462	-1.24287453502887	-0.603085848421545	0.0108362613797979	0.199249717934851	5.75139512538015	-3.70081175229897	-2.6386807266551	1.10307904596946	-0.785984285296464	6.62590600106214	7.76701868370453	7.81960785879207	-5.1565633433695	-1.39715313185219	0.713548472002957	-4.07550152957941	-1.41885461173037	-1.71164537154629	-8.14021547257215	-0.388385513781595	4.96596432587159	-0.926352223238582	-1.78346828480294	-1.71644881115178	0.771789441565092	-0.879799755861	-2.12906108203336	-2.13472923763292	0.655828290933739	0.0358897757151527	-0.267514425635449	15.9809267116761	-3.72454702044342	-1.24017794138587	7.39887693518033	-3.33483400797536
MA0667.1_MYF6	MYF6	5.65435317072026	3.80777547332013	7.27014433864571	3.1077397136497e-230	9.01945510878784e-230	-9.26604283981473	-4.39074528648181	-2.65282058920792	-3.16505241790892	-5.96082305484641	-1.62365933171439	4.49307547378269	-0.968087398780567	0.902289421479791	-3.58485357331667	2.15840570931724	-2.10556891744926	-2.30331563238126	0.868076693835324	0.279209253936019	-1.11248056594714	-10.7425636995007	-0.193839478752039	-0.51547080856716	-10.2083668169835	-3.90110354847261	-5.86848095572395	3.72425170350147	-0.406431207417959	-6.73887714308356	-1.58973811659002	-8.90917857158158	6.56639417450766	-4.89327363366027	9.30524915630013	-5.10864412482356	-2.41410219428461	-5.53398779789014	-0.42026206372281	17.9166588754242	-7.34420310488977	-2.30005667741957	7.82659856836996	-7.11675951135504
MA0668.1_NEUROD2	NEUROD2	7.12879208397142	3.8625026427811	9.68828170878124	0	0	-2.77230592963915	-3.24036295967488	-1.11108716975122	-0.683658933878365	-1.21187306713711	7.07152154309387	4.1219299969687	-10.2442542828144	-4.43994462726375	-1.62173004892579	0.33872946650269	-0.972499638100499	-3.8096343753323	-9.86787111992166	-8.5594584284364	-4.32844740530253	-5.61935009668347	-1.18759838291259	-8.7099764039066	-4.00409978981612	-0.938348130823286	-6.81552474690443	3.61619130536521	-9.87603692221684	-1.84842246932066	-0.583858309375056	-4.05145977442607	2.42187573042035	-1.00374599785267	4.78137899520456	-3.34842676155694	8.3409481224178	-6.50669764227692	-1.89471309712087	26.5380586083623	-2.64167589102009	-3.09398446925829	19.1279133110644	-2.96083754143063
MA0669.1_NEUROG2	NEUROG2	10.0949911331232	4.81966851946964	14.2686413398662	0	0	-6.98125698453434	-7.4935686246485	-5.23149365985691	-3.02851139206139	-5.82014950786737	4.6539204012173	5.18711988821392	-9.70339316797585	-4.96315602512776	-3.44322996451196	-3.50648060403168	-1.99730879913938	-5.07735936647925	-9.55745387918638	-8.11354883348962	-5.31620206414208	-15.7259171955587	-5.02581340205063	-7.79432071679023	-10.9001184536414	-2.99493671137502	-8.77650948143507	4.73085853669989	-9.20692067836512	-5.27432428923426	-0.914724141053207	-8.40539375728082	7.59758900107837	-4.03912936487681	11.1036895788296	-6.92510941533191	6.91719908478603	-8.10030229771322	-2.39880408465079	41.7138775711312	-6.62153108953885	-4.96031107110238	23.2675948574798	-5.89558675385118
MA0670.1_NFIA	NFIA	10.0466285269002	7.15110041904603	12.4014775458038	0	0	-13.1405784138329	-13.3622457966538	-4.98499661627179	-5.57121230769496	-14.9062121485649	-6.00564164542568	13.7968878464611	4.41513452940929	-6.96115358638982	-6.6278234741935	-9.89474487169801	-0.248212353694441	4.4611075338268	4.35293632142438	6.83171466935939	-7.31202152930386	3.73809875658322	-11.3856468789398	-3.92238053121137	0.474949307409899	-8.92234958139849	-13.7477210335625	12.2517212907802	4.27641317840135	-15.0997881967882	-3.71921775002585	-11.0145490487947	3.8788499278382	-13.9329301800599	6.34839500536183	-4.64231870184075	-1.43847126438594	-9.03422501628367	-11.1664296135448	28.8163588531194	-11.6734044515758	-12.0465538539478	18.3011350567794	-10.5181051318326
MA0671.1_NFIX	NFIX	9.12296488094788	6.72113055045419	10.8335901544544	0	0	-14.2218659198564	-9.95113925554998	-5.03307557801107	-2.39150825364642	-11.613004102501	-8.66909338465682	16.4465687023932	2.46791673313556	-5.81990874144778	-6.8266075722942	-9.3616363378896	0.036040011921934	1.3070177990419	1.97230003156319	5.03929841761507	-6.97701271932224	3.77498883072632	-12.1542439912894	-1.33556989481004	0.907767900721284	-9.17232029527097	-13.5412929465913	14.646637076852	1.9608730209047	-13.3523241489745	-2.65574181221099	-11.0759393635221	5.258192920028	-13.0058474477606	8.01183919073601	-3.35320110433008	-0.829200497787553	-7.14809226371533	-10.5977346529652	21.6008266724946	-11.1127237821871	-11.9486694682559	14.2133896672501	-10.1730050005178
MA0672.1_NKX2-3	NKX2-3	9.37626601601103	7.4881519538424	11.0565866929958	0	0	-10.2808721180711	4.22256387580024	-1.0769971376999	-2.4007753911137	6.44658960671575	-8.89415049200622	11.0445600005257	4.92298685874566	13.9182001511159	-0.964819352472696	2.62196520411722	23.7846561824606	-2.17245045295766	7.47623395053522	6.2337642462154	5.80658363953465	-10.3141300715939	-0.436341001285068	20.7082474996375	-10.7536538207731	-3.86461195960762	-10.4358536619341	11.5965598573496	4.80640862142548	-11.9702369179535	-3.39119193304929	5.37728946034215	10.2425619348777	-11.7026864846911	5.23581857723722	9.3192952830759	7.19212611681761	1.41981198154002	-8.38221550354552	-11.0666572523508	-9.61273261885617	-9.07906624301591	-10.4030368289779	-7.04221047635541
MA0673.1_NKX2-8	NKX2-8	10.6810880078262	8.41592714981691	12.5665618609597	0	0	-11.471825202807	4.29994596758844	1.35663545233999	-3.9194825736326	5.97215782226558	-12.9219476664274	14.1512546538148	2.33927707179371	16.6964246440292	-1.43417390180966	1.08661493433699	23.7409369773107	-5.6200704543155	4.17034361475389	3.84922753603561	8.19310535705722	-15.7149361372772	-2.33552813242156	23.5572645873515	-16.6702107708154	-3.92748167535656	-14.4167965252265	14.0138304232061	2.20511962152282	-11.7441079647173	-2.56456304153714	5.74653481661156	13.3373843796905	-12.1965680287863	7.95969740674477	10.7494420892629	6.4349153429687	0.333074687906428	-8.19214835771911	-12.023005295868	-7.97072196909253	-9.40904186330368	-11.812848641673	-6.73866008080086
MA0674.1_NKX6-1	NKX6-1	8.35388040619922	6.33563812428219	9.84053099239786	0	0	-7.38075037354637	-12.2945159688448	-12.1726245147439	-6.14331033519566	-8.71125553229976	-1.3240939068566	-5.22355351496027	14.7848463061557	-9.85837008561274	-4.21998702704241	4.32800229602609	-0.816029635091323	11.0763746068212	16.1780618044093	15.6624146408428	-12.5391207937807	3.41134665717416	5.31014471742489	-6.92061661481648	1.7483573169732	-3.56471413853651	-6.27114538084444	-5.38264758465996	15.0210615707245	-6.5155198910768	-0.76166955163967	-10.272356782675	-0.879541979706618	-7.09401810634559	-5.57130460384482	-6.77088225897869	-1.7159156276463	-2.80152577908443	0.861605339162024	13.49067856658	-6.53467161924521	-3.01390471517738	7.15834868170521	-11.3339308699615
MA0675.1_NKX6-2	NKX6-2	8.35388040619922	6.33563812428219	9.84053099239786	0	0	-7.38075037354637	-12.2945159688448	-12.1726245147439	-6.14331033519566	-8.71125553229976	-1.3240939068566	-5.22355351496027	14.7848463061557	-9.85837008561274	-4.21998702704241	4.32800229602609	-0.816029635091323	11.0763746068212	16.1780618044093	15.6624146408428	-12.5391207937807	3.41134665717416	5.31014471742489	-6.92061661481648	1.7483573169732	-3.56471413853651	-6.27114538084444	-5.38264758465996	15.0210615707245	-6.5155198910768	-0.76166955163967	-10.272356782675	-0.879541979706618	-7.09401810634559	-5.57130460384482	-6.77088225897869	-1.7159156276463	-2.80152577908443	0.861605339162024	13.49067856658	-6.53467161924521	-3.01390471517738	7.15834868170521	-11.3339308699615
MA0678.1_OLIG2	OLIG2	6.361623985447	3.57378103483433	8.64934760288031	1.6060014389632e-298	5.58483383279095e-298	-3.04892298154262	-2.76917117463014	-1.71790605944521	0.173025052623895	-2.39806827023441	5.54605540168829	3.58094588271412	-9.99693256144735	-3.24019135976594	-2.25459984239385	0.836065195771991	-1.42897263202174	-5.17929967940004	-9.16193042603956	-8.29932394263489	-3.5748284973328	-6.22682598761674	-0.697102709096701	-7.06133351106972	-4.61970035800006	-0.793486912284488	-5.5095292844223	3.11905585196041	-9.70030556087102	-1.5355853243712	-0.370887045829172	-2.94921278758823	2.33623621377298	-0.647575248728192	4.35593368670939	-2.43372578050079	7.74048227929312	-5.06301266214141	-0.710428856069683	23.7270803103144	-1.29584358543994	-0.92028619377641	15.9274444623792	-1.13686322641692
MA0679.1_ONECUT1	ONECUT1	5.04316215627049	3.50741526177905	6.43083591645929	4.55157376449015e-178	1.11196675512228e-177	-4.27278339600175	2.60193023479253	0.673647106128394	-1.88375986039153	-0.534295675332812	-7.84321732608268	1.27692813659873	-1.4582424951832	2.02452500843177	-1.88836902467688	2.63281605358974	9.4999053941311	-4.39223609287851	-0.443789634003341	-0.48879670091045	-0.82548110543282	-8.73784773008133	0.301606062201353	15.9922737898108	-8.57435306089278	1.73677981113023	-4.36899054176196	1.3270830080741	-1.42325800330759	-3.25084161777213	2.34238997135485	5.5868841259999	7.84415087847324	-3.03033518652304	6.51413504666883	7.4911878072945	-4.15542199245842	4.30406532199062	1.46044943300222	-4.18437143887787	-2.01241088760153	0.691806306073721	-3.43466281121231	-5.17956335242535
MA0680.1_PAX7	PAX7	2.26440287054057	1.69317961692475	2.73992234146238	5.84586597921974e-23	6.65635477279888e-23	-2.1608987469218	-1.5842841239852	-1.59836063454009	1.01698170993882	-0.478271051870524	-6.68818844259295	-1.65558413873271	2.0028641462005	-2.00538605356247	-1.58416068127681	2.89948695541352	3.49784654343249	-2.00326683041892	1.95458811465796	2.22779637779559	-1.35078996923085	0.7746787944785	2.61630729678294	1.04860349591919	0.584350108418779	1.61348889231422	-3.68858486776188	-1.78122348233038	0.881440023170517	-1.63373377483368	0.648243102608957	-0.662363815043575	3.8331344962724	-1.58444160863378	1.94196903612103	0.0509188862677404	-1.21938976463346	1.15824089887631	1.53049448361244	2.49490005649209	-2.95844167573779	-0.226775657906213	-0.14058914109823	-4.22723114723511
MA0683.1_POU4F2	POU4F2	5.03966591745622	4.03333750270032	5.90763365917812	8.67415496608593e-178	2.10580114271017e-177	-1.61223633270588	-9.40383568818878	-6.94730923794903	-2.37231320056847	-5.84952144421289	-10.4345474352084	-0.271521978429783	7.04752827224004	-4.28416122881314	-5.09417908468302	-0.932898765870182	-5.03888981285552	-4.36530224537273	8.28174482459414	7.73713248046657	-4.55254869318464	7.73416381525557	-0.0322234142764541	-8.1966363872763	5.87078585835564	-2.63311867486809	1.13526263437038	-0.983068994912431	5.60405162062373	-1.35793838082581	-2.50533611511235	-5.32113383139357	1.57078764343691	-1.48903389852779	-0.0176744516460965	-0.983644989626563	-1.71866230704806	-1.29127612226532	6.90014857631529	5.38584224777535	-7.13972682068082	0.88286428677282	2.18787074446941	-7.14810204336395
MA0684.1_RUNX3	RUNX3	10.8259706467878	6.1274716808678	14.7042622588709	0	0	24.3886986594216	1.09095797282963	-7.76636064429774	-1.66448780585903	-2.39431638252462	-2.13942535836033	-6.08567822672902	-6.28791541438068	-7.03643978554695	-0.867240920066873	-0.730454519350356	-4.02034842825244	13.6873878876881	-6.86150194063704	-6.97608908164216	-7.03010072743382	-0.249564078646413	-1.06353683065886	-3.60310917498479	0.151033560333866	0.616461217477545	41.4782953434108	-7.00321671787345	-6.93750876792144	19.0251429682393	0.947243437216598	-6.58714745347678	-1.03440853381688	17.7274007625428	-4.68545494489703	-6.85533006208366	-5.83589765869219	-6.86087252968901	-2.07580256472996	-4.37135708621891	11.4702894062819	-1.07882029867026	-2.06535533451472	21.6881766088333
MA0685.1_SP4	SP4	4.84131608617148	3.75165251946882	5.72571031540114	3.04844851034722e-162	6.88129312862005e-162	0.0118142744204704	0.866329096025253	-7.28384655952499	0.67005226884802	0.00367691282662397	10.2313645054934	-10.1517919054686	-1.07057294449404	-2.38218336631217	-6.18996094527424	-1.2054977281946	-0.94588288452308	8.78530546270746	-1.70445803623984	-3.60493334684148	-0.0227219773694598	4.96973971216943	-0.279256233390194	-0.00863285252857728	6.17608435844258	2.06513033799207	5.1004412818707	-7.879164367344	-2.39792972691371	8.01514546531766	-0.516341382001329	-2.35517299910916	-5.90750679595658	5.80133414392637	-8.07181285790122	-3.9264136765186	2.30174999794684	5.37498980725438	2.51846205457637	-4.82596676504824	2.6420200827018	2.55066380352047	0.897222534845789	5.48911553550252
MA0686.1_SPDEF	SPDEF	2.76261295321712	1.79463189196028	3.52570064173218	1.51149125119878e-40	1.95783766094875e-40	1.62424661038951	3.38302449956266	-2.06667563596852	1.428373007939	0.194053205902791	0.293021196399839	-1.14021012212582	-1.01655649936952	-0.977606236773205	-2.42335777944813	-0.450056550815907	-4.44401367078783	1.59169432858252	-0.962601813575609	-2.17862646419117	-0.816066019404982	-0.325442307423416	-1.05868117602254	-0.902345512929029	0.218870627268391	0.534996196959872	4.18985187649826	-0.260133675199017	-1.16864722265016	2.98472171881399	0.342557685935358	0.113269589671383	-8.15070789047139	2.04942555947359	-5.62046081658186	-0.11907181957674	0.915498518946955	1.87081009770906	1.24347055422618	-0.670761426163276	5.60662462807243	1.9336888674561	1.50426183187562	7.46169168457456
MA0687.1_SPIC	SPIC	4.68275721866222	3.52538007033377	5.52079750651383	2.66477273630192e-150	5.74638143135498e-150	7.8622259478017	4.96257744082291	-2.11071763136719	0.796897337806499	-0.0598823261995134	3.48911479742902	-6.39868100287812	-2.29657847472246	-2.25644132599513	1.77555988919258	-3.36673287869756	-2.22221364973653	2.48899592272062	-3.63811418872068	-4.22223627532594	-1.75737167572201	10.6718718953812	-1.5668673414842	3.21002806606	10.4884707585572	-1.39460873759342	10.8618046084532	-5.98741511040197	-2.9457198208026	1.97147153568019	-0.359821068749584	-2.59998916437367	0.291622845702773	1.8112168624972	2.72234328668386	-1.76104275977742	-1.92126020615894	6.1653944794346	-2.34377158842239	-5.94291611810802	2.83142225306247	-1.56548393311035	-4.84674609617311	9.30877974647856
MA0688.1_TBX2	TBX2	3.20790905655954	2.3925265857283	3.91159101192773	3.65078529028803e-60	5.14307708777803e-60	-2.08635569338097	2.10720758029083	1.39593231256214	-0.871503055008027	-0.978367748164123	-0.391618203154488	0.987817340770635	2.38736100581743	4.38275194454411	-2.7043614946755	4.73971414678479	2.14210469370259	0.812854178286689	2.47967482473392	3.55537067681041	4.15292230997023	-1.76715878962308	3.43420348525916	3.89278668120829	-1.58247837185027	-2.50392414227467	-1.59069160426185	1.18167817239426	2.74502142220691	-5.44868364753052	-2.28849427120133	1.68383810057012	2.9146067343803	-4.67631438965932	3.34592157318637	0.637772251119546	1.73995246309824	1.68453038823063	-0.694828032997109	-7.11964482655929	-1.45355106509709	-0.199122413593892	-8.80223063549052	4.26401620925271
MA0689.1_TBX20	TBX20	2.84632803047392	2.17463609450614	3.38038766579077	5.8625792976809e-44	7.77647975568669e-44	-1.84883149761857	3.42601857929398	1.64940397327664	-0.163620315981584	0.870376021099352	-1.62706580880679	-0.384621729358207	1.65146940538973	2.79796658919019	-2.52731362740291	5.64589471734749	1.604498229725	-1.20436644778925	1.64715315319207	2.45431686278221	2.8936894391337	0.220688636822013	5.59319486330316	1.7962943490378	0.196663716902042	0.0737454889196719	-1.7326079458261	-0.111652778087666	2.25667349930599	-4.61049242055976	0.0384364188355082	4.16481987362185	0.36363355233881	-4.45015822127694	1.41900956071247	4.42474357525358	1.0029946379747	1.44291937759739	-1.84038795887051	-5.75024681360015	-0.234297748217704	-1.12641528685555	-6.06770288837503	5.0153514380184
MA0690.1_TBX21	TBX21	2.96299983061355	1.92505264948691	3.81671760370394	6.29527681781462e-49	8.52623456728577e-49	-1.22244554759333	1.71896938510712	1.43967145066456	1.30707264853446	0.314826935258897	-1.1921949675678	0.560457814638688	1.12393490813651	3.37681628703217	-2.01337610361739	4.07143284149756	0.88320749026342	-0.616479736449588	1.28621256509032	2.08134345341047	2.64022999500574	-1.1399520300326	3.51461324697097	1.97771114548625	-1.10075920762157	-0.400985872725564	-0.980805396965131	0.790176393257989	1.91741294309602	-3.72924211890293	-1.8073291400666	3.65290812616966	2.18273125439591	-3.72803227106426	2.77671176445436	3.40258642694273	2.18354491052436	1.14795444575229	-0.286705350952696	-7.3947684305154	-0.608953121063645	0.534072421566076	-9.12472414649638	6.74557392035854
MA0691.1_TFAP4	TFAP4	6.94140633130258	5.42209448856669	8.28848606287673	0	0	-11.7277571306892	-6.4529895285721	0.236941247616159	-5.03565106921186	-6.60532100374534	-2.47221835881488	8.14942901057293	0.832543826181175	4.23847165848264	-5.75448394317645	5.09966255192007	-1.36370525937856	-3.15799784338955	1.73420215011298	1.83484035113147	1.74727017103944	-15.8656982653642	0.960659691723524	1.42330258148572	-13.3572737481823	-4.70366727211088	-9.99757222735433	7.3354770464223	0.922830047820375	-9.04247478690479	-1.17958754673037	-9.26772861418863	6.18440739832285	-9.42173430470837	7.95661640705552	-5.01825752143295	-4.21706113895533	-4.75326740636919	-3.01045009006725	16.5248461284155	-8.72984424122757	-3.82605818912833	10.2101931565073	-7.050738637443
MA0692.1_TFEB	TFEB	3.43334350341556	2.47165871347245	4.32105839077184	1.83951140080919e-71	2.74151119966158e-71	-5.38226823153505	0.128785388905731	-1.26709988789559	3.00187105037537	-0.245061967228585	-6.10139497868109	-2.04224116595955	1.1394846597234	3.05912284334435	-2.39078325553542	2.22723126542983	1.02543814109758	-3.05757371321272	0.588189214495945	-0.120126431948983	-1.10167168481996	-5.78205584176148	-3.33875705042398	1.60648675565487	-4.87936915062442	0.0117924806090459	-6.88068167926345	-1.68561119344627	0.757774301231429	-0.000497828025268315	-1.64910437407436	-1.08900784708517	-0.13978057299908	-0.819894639927844	-2.3793036673273	-2.87819938267411	-2.65210254328102	2.13831673483079	2.2636962040816	4.63291494289533	1.63575973260883	2.64411418966214	6.19668701625871	10.5316306463698
MA0694.1_ZBTB7B	ZBTB7B	1.61780900616609	1.1207159769027	2.02839836857215	2.10744634923959e-07	2.18089622200129e-07	1.06628079360745	0.458342951091371	0.494544355116799	-0.837478998394687	0.441431055998698	2.63593034198929	-2.44992020451946	1.34577012141752	-1.39278012511718	-2.01369725276905	0.547187817849536	-0.794448528863719	5.12129005039125	1.21552486476312	1.30664533013476	-1.88672681400183	-0.422245555557226	1.66215847003791	-3.34347188404361	-0.358391353590717	-0.727848245517616	-1.31605877511581	-1.98111448152006	1.13479920798763	0.169209442484087	0.530546303149507	1.32960259056585	-0.918625243026462	-0.186877511982653	-0.379899629257772	0.856311824059182	-0.30452943453794	3.50546691506654	1.31268727280729	-1.02739028732297	-1.08630851974688	0.822788141686634	0.445683625520104	-0.310298137292605
MA0695.1_ZBTB7C	ZBTB7C	1.69099010796892	1.14032657589803	2.14134141056139	9.96811971535298e-09	1.0427355582998e-08	1.67990926439022	0.863725560988138	0.626893272635012	-0.239884100615472	0.916371902804831	2.48060237479454	-1.77103819129173	1.07875143058546	-1.8421281957393	0.995171806894204	-0.832151968620226	-1.02356561343581	4.0970307015202	0.635977421158205	0.942133094811158	-2.31909915251473	-0.0151177041967069	0.852211490336754	-4.96262253822634	0.0790804203340859	-0.294746476200815	0.162699159327692	-1.1637862218177	0.676480203442956	0.112208735278087	0.318106023746703	0.750411991443188	-3.27056461777942	-0.231490458453465	-3.31402333164993	-0.0557544634410684	-1.10410839000387	1.72361466843634	2.13628830353372	-0.622509945224408	0.218316279969577	1.42597923794057	1.60874822939074	0.593033606722015
MA0696.1_ZIC1	ZIC1	6.49150430500497	4.93382489813695	7.72948072553226	5.5765714625976e-312	2.11034959270867e-311	-4.85416600091045	-6.20248595083137	1.14213807392366	0.176021842278377	-3.71739625996266	-4.08808384951701	6.84982064815912	2.7296827166922	7.45847990240714	-3.30144362772155	13.9861449394263	2.04761285434233	-8.71062951476118	1.65166328141533	3.2083308408777	7.56575407172259	-1.96031830858842	12.3777105260742	5.10058540480019	-1.88515254006466	0.61894483352209	-6.4504800267397	2.0438181511077	0.680497850982826	-3.76401358677639	-2.50791090237699	1.65256147937338	14.4538257022429	-3.8420136269008	14.0980357063705	7.40829098554167	-2.83484251496582	-8.37605344082007	-2.16004176975031	-9.63005059369369	-7.73029259617132	-1.8121381299449	-7.7914696790427	-3.20209063151736
MA0697.1_ZIC3	ZIC3	6.03261188101042	4.55216039713383	7.22605970447859	1.06036125817564e-265	3.30080198109514e-265	-3.80925781201817	-4.97090823954183	1.65817426583814	0.447861776579065	-3.16080544414154	-2.86512309534345	3.62042747366047	3.01274193909449	6.17661851176303	-3.18037984655987	12.7256438303184	2.23590812444314	-6.93105929762061	1.99650843980043	3.69770104307449	6.6839752634	-0.518672260855943	10.8677457719972	5.07514145274526	-0.681862601731741	0.714745927050214	-4.37983039341986	0.700635813340459	1.09861288994929	-3.39330001425504	-2.96906759432696	2.75914212623031	12.5731742528642	-3.41866834463699	12.5604447755237	7.03647013921244	-2.57640306375203	-7.85618096477009	-2.04661091389067	-12.8659045955868	-7.65974453294752	-1.48150482966843	-9.78971817465822	-3.25346464128192
MA0698.1_ZBTB18	ZBTB18	7.51523182202981	5.32752470862315	9.40369733314188	0	0	-9.34469923394919	2.30903898535845	-2.17672774392044	-0.779500913162576	-2.3744586375999	-12.6514295426166	2.36075295399801	-1.89424184192109	3.2552743770154	-4.36095149085095	4.81264665334357	-3.1281911971699	-4.37934423359459	-0.70041788791759	-0.752287067089499	0.179092881709203	-13.6604273383149	5.16461390399806	0.819039105660239	-11.3163002634105	-1.88387730487039	-7.63805165879602	4.48373318443996	-0.662874946285683	-11.0161652147054	-0.19721260895589	-10.3831494074492	6.80993599392978	-9.60313370717428	11.7385067875222	-7.92114117947762	-9.46051813917695	-1.86904531056595	-0.712324392527156	22.4041637990828	-9.83172224924456	-1.76249185709691	13.0523820992748	-7.80754741281699
MA0699.1_LBX2	LBX2	7.3717179478885	5.64583329353177	8.8493852160476	0	0	-10.5816858272993	-9.35219533917472	-12.9930213020161	-4.98203830553793	-7.86138861003965	-0.25749054031554	-1.65284446808081	10.1659441690009	-6.50458778792652	-3.72877470534011	2.91350793318322	-0.612356117382195	8.3236716993064	13.4799655511683	11.5726763928281	-10.6759350106836	-0.720016370678022	2.06226775728595	-6.11373548843793	-1.35784710108329	-5.24689722196028	-11.5970585125735	-2.57192639942718	10.1204557508566	-7.16093711021298	-1.26782376572823	-6.48283256956204	-0.669442803247362	-7.46402699163568	-4.96545651572401	-4.38380738972088	0.513683687746965	-1.149625786278	1.00908571283212	16.889086057693	-6.35872216198174	-2.05593665406535	9.40618561029241	-10.4967462140264
MA0700.1_LHX2	LHX2	5.13271432523419	3.69239497666308	6.26216832320621	2.59016251598346e-185	6.57764954716853e-185	-1.34571774587318	-2.38686163969009	-2.62794867389663	-1.40305670050479	-1.05686196851475	-0.297934534970001	-2.79317969952718	8.04891622946845	-5.35864376863444	-3.96612916173158	2.71335508021275	-1.19415137552415	6.41568407591126	10.9624467569749	11.4125333165431	-5.86165586080369	-0.168844557613332	3.29407251613875	-6.22200244032471	-0.697154767717973	-1.73444184257025	-6.06648501457319	-3.70260994509979	7.78540718140636	-0.941139061255594	-0.3575468923178	-3.77067391290855	-0.37891648991623	-0.920919436360646	-4.8326811702051	-4.55042232856513	-2.28368759815938	-2.09261436832266	-0.217111474557367	14.051260761182	-5.53735265957376	-1.65447661879746	6.65871388058887	-4.90639413687037
MA0701.1_LHX9	LHX9	7.14988142886066	5.35461941451094	8.62011533041294	0	0	-8.38279800134747	-8.31045863736742	-13.8783255412764	-5.29867784085024	-6.18139088274166	-2.57360754157172	-3.25220522593657	9.6926423891005	-7.84751884733142	-3.44648696449184	2.75476157716311	0.497246744876746	7.55514222786305	13.3286915460919	11.3131583375015	-11.4682981050959	0.497818143284673	3.45141009522413	-6.48184477051132	-0.202816333644546	-3.54613933113452	-8.28310332962851	-3.19041151555819	10.1825249829566	-6.59400555434229	-1.2450701881541	-7.20425782771397	1.29587702637715	-6.61478004283506	-3.79377984674926	-4.64104842313811	-0.771931753540707	-1.27244772618753	-1.5179618184686	16.6801259054017	-7.24238257272377	-4.89466640161657	8.13066942601669	-10.3407237286729
MA0702.1_LMX1A	LMX1A	6.50587210480105	5.06415882416376	7.67927606283089	1.73762511964731e-313	6.70723296182279e-313	-6.2464362720321	-9.12081672281281	-10.5764534996758	-4.16136375580778	-6.94672614029566	-5.68312430245621	-4.1257279301597	8.67878886281518	-5.80890767649102	-4.50834350845813	4.44522190049634	3.50823334341943	5.00462522747242	12.0145689100395	9.56294550568892	-8.81158714741425	1.92811728325564	6.10503910785405	-2.75936489583998	1.34386022054439	-2.13732516423095	-5.92467008578148	-4.83864071118083	9.16978999351688	-4.81707491945974	-0.00910230507639047	-9.84235157095023	1.44104812358367	-5.13048115327322	-2.54761202504349	-6.52321919318025	-1.90494703170462	-0.921894071803444	-3.23107805322738	14.0480894567105	-7.36849184641412	-5.40592626702077	7.21050893326457	-9.63621493562258
MA0703.1_LMX1B	LMX1B	4.37552583967333	3.50147100517911	5.06849956261906	2.14600602934089e-128	4.10078379864151e-128	-5.2953611441109	-7.09505616245291	-7.5835508035312	-1.67196572763593	-5.92444508595969	-5.48416684245886	-2.60524373847209	6.15138710490111	-2.7251839877412	-3.46469862788134	2.50694140644425	4.29574753723834	1.06314306769524	8.03484854554661	6.89213903004664	-4.5004708195381	1.31478810014333	3.14233439149246	0.0900993866897424	1.38877012015648	-0.203674799297631	-4.39758684402144	-3.41107405145111	6.5492264082783	-2.36293935214158	1.37384044768531	-7.60703073249816	2.34271426758051	-2.53167923791552	-0.151462068765481	-5.72926141821815	-1.45702997887363	0.839797809270684	-2.08892083036912	6.98378066985322	-4.91112932235955	-2.44079178250172	3.0964046597545	-6.11205781765102
MA0706.1_MEOX2	MEOX2	9.94078979855234	7.14287151540558	12.0721960417132	0	0	-9.35288036530763	-13.693000496699	-11.9636854899095	-5.06356054040391	-10.4794608619798	3.52204002344387	-6.71577704694991	20.0220340401846	-10.9403693061883	-4.02129960416571	2.87525712863813	-4.46055846426564	16.274740809671	21.345322155395	22.510664236641	-12.4489494061703	5.31477876165501	3.2242295303273	-11.0005515816562	2.98551363387511	-4.41041524746449	-7.9778338794991	-6.9401022138699	21.1830164694748	-6.99119110820352	-0.874317706071786	-4.96937435478232	-5.49734752186257	-7.45458974287943	-9.02423140329664	-4.4784154031272	-4.03748476356765	-5.47210631770952	5.07421263684941	8.33176911089842	-4.23573284975884	2.0454391905212	3.64641432572139	-7.35703149071595
MA0707.1_MNX1	MNX1	9.16418150494169	6.97577603846008	10.8099512324942	0	0	-8.97531301558083	-13.7145713995948	-14.6277687819971	-5.90526601077753	-11.7704087356121	-3.1077854150043	-4.42259356133934	15.3108144230543	-12.131127146316	-5.9539269978771	3.19526253324618	-1.70906261306565	10.1950718598546	17.693363801628	16.7529852684905	-16.7325423596975	4.97644725403752	3.93494879587036	-5.50591665470426	2.76330743348733	-3.8408582407202	-8.05971238586619	-4.5199085350709	15.6607991147894	-6.74441568076189	-1.43768365661995	-11.2614971960029	-0.207746105819417	-7.12361854871651	-5.47406737909399	-6.63776329782399	-1.7829548838064	-1.86472389764915	1.74404039999777	14.2875432496574	-8.44580357244715	-1.36477935947877	7.3910642028031	-12.9682744102465
MA0708.1_MSX2	MSX2	4.3714842849667	2.79994450884206	5.72272706059494	4.06378769917898e-128	7.65181488723456e-128	-1.30710025017417	-1.57432309384744	-1.90046934262462	-1.24287453502887	-0.603085848421545	0.0108362613797979	0.199249717934851	5.75139512538015	-3.70081175229897	-2.6386807266551	1.10307904596946	-0.785984285296464	6.62590600106214	7.76701868370453	7.81960785879207	-5.1565633433695	-1.39715313185219	0.713548472002957	-4.07550152957941	-1.41885461173037	-1.71164537154629	-8.14021547257215	-0.388385513781595	4.96596432587159	-0.926352223238582	-1.78346828480294	-1.71644881115178	0.771789441565092	-0.879799755861	-2.12906108203336	-2.13472923763292	0.655828290933739	0.0358897757151527	-0.267514425635449	15.9809267116761	-3.72454702044342	-1.24017794138587	7.39887693518033	-3.33483400797536
MA0710.1_NOTO	NOTO	4.56060656517929	3.13448482279908	5.82943760696818	2.13899761240059e-141	4.27799522480118e-141	-1.14035496122377	-1.75481943845348	-2.04875084964625	-1.35965262286661	-0.83665738780782	-0.623389820519497	-2.18291213745677	6.12113389647817	-4.22461684446714	-4.16628000429766	3.06373806884294	-0.653874569518682	4.71576981444507	8.93422333205923	8.89752837420071	-4.8482296882526	-0.511112995151607	3.61189411224208	-3.74373556651589	-0.83778173348518	-1.67826137029337	-5.68155346638988	-3.42054114018882	5.83818301301553	-0.835413543406545	-0.779330786335232	-4.0655256798428	1.18415845302762	-0.803268976265681	-3.40210332006816	-4.34276737897892	-1.62410604525383	-1.4810164229484	-1.03366215965537	15.2424765206367	-4.74866431839724	-1.93735325563484	6.84054983625895	-4.10126302452572
MA0711.1_OTX1	OTX1	1.34039413617648	1.04523330958001	1.59866603680292	0.0018525615261437	0.00188181249760913	0.183174285559614	-1.32576074962899	-1.25210107384716	0.0250045603565541	-1.41804769953645	3.01499842671581	-2.74094358582624	0.806988959282095	-1.21907373180211	-0.70499067419982	-1.37466907560662	-0.670810140576931	2.0477318523608	0.479150657556951	0.310895984693081	-1.66413812353745	1.48297005195262	-0.591075514084798	-1.52891559422928	1.15524160821286	-1.01974241347466	0.150262569341441	-3.06149487069626	0.639450215581578	1.97146564209857	-0.304139856316797	0.729826252877932	-1.07731827985754	0.959701892234185	-1.59758278911785	-0.317575866771676	1.60334011990103	1.10853692023131	0.854850016816647	1.14799845226596	0.720213157177755	0.344896694583577	1.10241512093924	0.203664173767543
MA0712.1_OTX2	OTX2	1.75110775933146	1.39557689080338	2.03415132669919	6.66769992443209e-10	7.07069277700765e-10	-2.44317268730712	-1.20788025965768	-4.25534424511847	-1.28145385011136	-2.26425734466522	3.03617435794449	0.134181581065291	1.48013432985359	-1.42681973665445	-2.64853871993955	-0.299379248150604	-0.0758525318027453	1.97064763228284	1.4131163813068	1.03081788035373	-1.97513337388382	1.49240354105477	1.05595958802045	0.22496666138444	0.62005601537993	-1.49027002115248	-0.735685206381	0.282322436096497	0.830807750856723	-1.85860703874927	0.0930430163670417	-1.81880274331174	3.22207091998184	-1.57065164614856	1.72257939948858	-2.1598950578471	-0.0836935557261337	1.68915756078359	1.46173163191064	-0.351902580939941	-2.54514798280166	0.426957214271071	-0.371043668419999	-3.14713752031772
MA0713.1_PHOX2A	PHOX2A	6.24297993588387	4.79659959487555	7.26904709525045	1.78544809091121e-286	5.99289533123241e-286	-5.26298282922493	-10.8853203016308	-9.51255411301062	-2.89653453562454	-8.8030384207737	-2.28912530858628	-3.68648305354417	8.45196957907477	-7.40509696595647	-5.36710881612022	0.957644554257362	-2.9091868996741	9.38992876705236	11.3140750704909	10.8630999376348	-9.74858333132292	3.4578605928159	2.08824576367318	-6.72676066932927	1.82800241731665	-3.61363874640265	-2.98545832564822	-3.83012242697254	9.78397127970593	-2.87890721352776	-2.21383514181391	-6.11954182761658	-0.478025111789809	-3.44580570366508	-3.62195590049459	-4.50950663646878	0.482527620179075	1.07582488066087	2.59738437662882	9.77849161638991	-7.87495913122097	0.272890380748683	6.04828340829318	-10.5984484710965
MA0714.1_PITX3	PITX3	2.38536552268064	1.16983021664652	3.23831709196595	8.51215966941144e-27	9.98691073675628e-27	-2.12164744602579	-1.22353370670152	-1.72877656704842	0.829828992808335	-1.04682232914763	8.84095715341581	-0.877550512541485	-1.71446832139844	-1.0534661133765	-2.35040310390818	-0.346926549413376	-0.931108605144315	-1.9728949959604	-1.67528304695636	-2.07114166274776	-1.07343118093778	0.452178810790564	0.656106702511142	-2.69958447551194	0.193213821872728	4.92414655299491	-0.815174422702621	-0.973634766230516	-1.44928429161618	-0.569606947640636	6.28900249299206	-1.62832265632333	-0.781421702364198	-1.00167415641843	-0.962534552643573	-0.405826989111457	1.849128766243	0.507215762586896	-1.82465308485456	2.26817209617968	-1.21195091524377	-1.31914783568614	0.777343083725612	-3.16782599131072
MA0715.1_PROP1	PROP1	5.22459224072356	4.11973327178629	6.03666611513946	6.88452962489377e-193	1.771618956806e-192	-3.28327671797628	-8.38459862995858	-8.22724503788591	-1.54487089450553	-7.91017733621764	-3.85998203507364	-2.8110446988936	6.53029995935753	-5.14826972570975	-5.24299053109096	0.311714731835244	-2.32889782210483	6.97926005153239	8.88582912833307	8.11848332781625	-8.65107170858901	3.69354268636643	1.46016316554068	-5.650507700733	2.58875697912171	-0.604560461382849	-1.37456323791379	-3.1082044754278	7.75022533615151	-1.21511487757379	0.626520705872055	-6.61976387939587	-0.833576667726752	-1.6568105273686	-3.56126467855456	-5.23543193851934	-1.24433563804694	0.940924993979449	2.85010295086586	6.8758357081793	-8.59718100316965	1.69267275364649	4.59944018215835	-10.364478365154
MA0716.1_PRRX1	PRRX1	6.50587210480105	5.06415882416376	7.67927606283089	1.73762511964731e-313	6.70723296182279e-313	-6.2464362720321	-9.12081672281281	-10.5764534996758	-4.16136375580778	-6.94672614029566	-5.68312430245621	-4.1257279301597	8.67878886281518	-5.80890767649102	-4.50834350845813	4.44522190049634	3.50823334341943	5.00462522747242	12.0145689100395	9.56294550568892	-8.81158714741425	1.92811728325564	6.10503910785405	-2.75936489583998	1.34386022054439	-2.13732516423095	-5.92467008578148	-4.83864071118083	9.16978999351688	-4.81707491945974	-0.00910230507639047	-9.84235157095023	1.44104812358367	-5.13048115327322	-2.54761202504349	-6.52321919318025	-1.90494703170462	-0.921894071803444	-3.23107805322738	14.0480894567105	-7.36849184641412	-5.40592626702077	7.21050893326457	-9.63621493562258
MA0717.1_RAX2	RAX2	7.14988142886066	5.35461941451094	8.62011533041294	0	0	-8.38279800134747	-8.31045863736742	-13.8783255412764	-5.29867784085024	-6.18139088274166	-2.57360754157172	-3.25220522593657	9.6926423891005	-7.84751884733142	-3.44648696449184	2.75476157716311	0.497246744876746	7.55514222786305	13.3286915460919	11.3131583375015	-11.4682981050959	0.497818143284673	3.45141009522413	-6.48184477051132	-0.202816333644546	-3.54613933113452	-8.28310332962851	-3.19041151555819	10.1825249829566	-6.59400555434229	-1.2450701881541	-7.20425782771397	1.29587702637715	-6.61478004283506	-3.79377984674926	-4.64104842313811	-0.771931753540707	-1.27244772618753	-1.5179618184686	16.6801259054017	-7.24238257272377	-4.89466640161657	8.13066942601669	-10.3407237286729
MA0718.1_RAX	RAX	7.02434538506702	5.45194030747023	8.28656736559042	0	0	-9.03761768887356	-9.01200771888658	-10.4769476542381	-4.67712729631265	-8.49275867481069	-6.38713296214064	-2.906238271246	10.0614885922302	-5.51919358578631	-3.69005200126322	7.1375369795743	3.66486389209518	5.4603217927899	14.5231812171311	11.2547850260992	-8.61464727242583	-0.315206798846454	6.54381647599254	-2.391739546127	-1.59798959561874	-2.83942254506183	-7.99195622109333	-3.22314561931395	10.8863533052212	-5.49528701722398	-0.97133775236696	-8.18947176221064	4.07307020632932	-5.82444947590882	-2.01064096316839	-5.45164477100737	-0.954178950847369	-0.73262041377459	-1.40854738594533	14.9094342359711	-6.25602402932101	-3.86088423587557	6.02692124260575	-10.3490067982153
MA0719.1_RHOXF1	RHOXF1	2.58901410533879	1.78873165054778	3.21583094941058	6.90567613373232e-34	8.43541451778695e-34	-0.0106913210230881	6.80930008620416	-0.407613525177446	-0.386304455312716	-0.258023424417666	-1.6542043505481	1.56108288099726	-2.37544246695781	3.82518070298619	0.438599977419058	1.85322974110316	1.55006071439325	-3.77407117669862	-2.7005455862862	-2.21463865349437	0.518469952747924	-1.46142679052589	0.186017976636968	7.13581346616593	-1.59540098522755	-1.81221779037372	0.298954813738186	1.61625537708646	-2.70600430820155	-2.19339004507336	-1.85506938873688	1.08041622086536	3.72700283141573	-1.76452799924644	1.58585129604729	1.54495817462239	0.875544412927475	-0.0332457083608982	0.0267287275414242	1.4787864295673	-4.60730510057705	-0.9900132186064	1.22548363055474	-4.77968478705885
MA0721.1_UNCX	UNCX	6.50587210480105	5.06415882416376	7.67927606283089	1.73762511964731e-313	6.70723296182279e-313	-6.2464362720321	-9.12081672281281	-10.5764534996758	-4.16136375580778	-6.94672614029566	-5.68312430245621	-4.1257279301597	8.67878886281518	-5.80890767649102	-4.50834350845813	4.44522190049634	3.50823334341943	5.00462522747242	12.0145689100395	9.56294550568892	-8.81158714741425	1.92811728325564	6.10503910785405	-2.75936489583998	1.34386022054439	-2.13732516423095	-5.92467008578148	-4.83864071118083	9.16978999351688	-4.81707491945974	-0.00910230507639047	-9.84235157095023	1.44104812358367	-5.13048115327322	-2.54761202504349	-6.52321919318025	-1.90494703170462	-0.921894071803444	-3.23107805322738	14.0480894567105	-7.36849184641412	-5.40592626702077	7.21050893326457	-9.63621493562258
MA0722.1_VAX1	VAX1	5.71892837483859	4.0320409680308	6.95565674047455	4.06869154562417e-236	1.19886636382514e-235	-1.5347335371879	-2.3755248111136	-2.67872189104377	-1.44951440672947	-1.18487419503412	1.70093734666102	-4.20390771324437	10.962618728473	-7.43688298063253	-3.77198294947318	1.93544421780156	-1.21554173954151	11.6699642372	12.6079082484925	15.0258568320707	-7.34445614505195	0.0176640858975882	2.03214744458397	-7.00054473077704	-0.696120726329795	-1.95959582413697	-5.99357589525345	-4.55938947515145	10.0338260785709	-1.24635583989194	-1.14357441367857	-3.54374271105537	-0.33607784822712	-1.23260535301724	-3.86207753441215	-4.45111070529921	-1.47078802666779	-2.25186601759636	1.88215583038696	9.84151945364215	-3.97581050575555	-0.157807686365532	5.11533809830742	-4.19364412257403
MA0723.1_VAX2	VAX2	7.62391082522178	5.2464869261774	9.35775602974117	0	0	-2.46664889070829	-4.29408157131677	-4.1157090502648	-1.67665884948952	-2.23981053390908	1.43822075970844	-5.38137606516	15.2869063976795	-8.60497059456973	-5.99719765471952	2.0872396684648	-1.69651573238412	14.050054374451	17.6603121768332	20.9298849940341	-9.07329015376619	0.771110334897103	1.96927408294043	-9.1130913946801	-0.321369623260796	-2.58265942351271	-7.37889014677563	-5.70501599909227	14.5736065271087	-2.0640245489775	-2.21675304250422	-4.56939067909505	-1.47773914631375	-2.06907193475252	-6.11726519712096	-5.59551405862365	-2.96757107638309	-3.9889605710461	2.82949003400414	9.7683006697031	-7.6874147303532	0.297573640804702	5.34599161893931	-5.89112762366035
MA0724.1_VENTX	VENTX	3.588310948745	2.85144834873838	4.20904639705496	9.39656726111013e-80	1.44504978597152e-79	-4.84433674090409	-6.80708434971809	-5.9306603696802	-2.57022257373399	-3.77424155777052	-1.15938118592812	-1.41330827761882	5.53197889704546	-4.1608581900731	-2.08782686730755	2.83086012879333	2.00695568195904	3.15440675696326	7.40531059244759	5.77157398533698	-5.00013852664309	-1.23005304938058	2.17385236004606	-1.50325388891246	-2.07759101954989	-2.21332694748145	-4.41224342735035	-1.69188210222063	5.75231202402327	-4.22336461555263	-0.0868199103305583	-2.05612413546313	-0.301228318762231	-4.72468495791268	-1.26123868451821	-2.17810014704931	-0.851071075118223	0.899896478830276	4.87729691803343	3.22072419385483	-1.99064089406152	2.38325213000872	1.68230371821298	-4.06253129278561
MA0725.1_VSX1	VSX1	8.22309153188337	6.01105321967727	9.95513551707972	0	0	-8.36521547557748	-13.6771038639382	-12.7477904036988	-5.613815145052	-9.04811755375472	-0.376144671104864	-4.96912902872555	15.1737377182849	-7.06166499935904	-5.64791117471868	2.5508694467735	-7.45933227058408	9.89421746956242	17.7366074672858	17.1077451637781	-8.39074088079435	5.12157533137002	1.16666386867075	-10.2829750188451	3.08607554201115	-3.43643987585427	-8.27122540148086	-5.42073994419093	16.308736638973	-6.02964275521934	-1.60510229881675	-5.70808648772123	-2.84529372681438	-6.54156087742948	-7.24102671701951	-5.31435768101664	-3.68188770469628	-4.51109899009069	2.5569017990469	9.44492821932671	-5.61460383180132	0.915166200203818	4.33646921175241	-7.65931117455742
MA0726.1_VSX2	VSX2	8.22309153188337	6.01105321967727	9.95513551707972	0	0	-8.36521547557748	-13.6771038639382	-12.7477904036988	-5.613815145052	-9.04811755375472	-0.376144671104864	-4.96912902872555	15.1737377182849	-7.06166499935904	-5.64791117471868	2.5508694467735	-7.45933227058408	9.89421746956242	17.7366074672858	17.1077451637781	-8.39074088079435	5.12157533137002	1.16666386867075	-10.2829750188451	3.08607554201115	-3.43643987585427	-8.27122540148086	-5.42073994419093	16.308736638973	-6.02964275521934	-1.60510229881675	-5.70808648772123	-2.84529372681438	-6.54156087742948	-7.24102671701951	-5.31435768101664	-3.68188770469628	-4.51109899009069	2.5569017990469	9.44492821932671	-5.61460383180132	0.915166200203818	4.33646921175241	-7.65931117455742
MA0727.1_NR3C2	NR3C2	2.10412476368172	1.33839693303789	2.89337238206167	2.58237148483103e-18	2.84798683755651e-18	-2.12919856362134	1.08938852274225	-0.431228796554078	-0.718109893691836	-1.09692570886803	0.0091973267566885	2.86584144300662	1.06204028844028	-0.63420296346048	-2.37988856735873	-0.841475388112448	-0.990582475440173	-0.979720201856396	0.803912429169002	0.610105317297521	0.60952534153249	-2.71154932198994	-1.45036758345303	1.48613279050306	-3.26416068494677	-1.98936222682711	-0.564270259018194	8.34629653848682	0.126273949266809	-2.04354668554901	-0.621660632609406	2.61058944483493	0.366819165460916	-2.15249439966309	1.11268070890238	2.00039932590736	0.0843404037751686	1.54618428587959	-1.74768868497906	0.586375307258225	-1.78513549785539	-2.20228026687797	-0.900344439544435	-3.35662099937345
MA0729.1_RARA	RARA	3.90072753158894	2.82534314701397	4.75800558780458	9.26161705133331e-98	1.54094145767873e-97	1.48278322237907	5.41541512896252	6.08657272934483	2.05742442022266	6.59070183475464	-1.99158291739429	4.410292836095	-1.70292167347372	6.74466956962314	-1.3734611334999	2.61336749555397	1.77746398896291	-1.85487077029087	-1.5589527588611	-0.304131118826872	5.34529233288987	-4.58859722674266	2.90868624221421	1.41356447265166	-1.37969772374259	5.4966524264638	0.21293295594894	5.55168885340749	-0.906030062198597	-3.20881282070351	4.95469383054827	1.74601373165877	-1.25816076942092	-3.80119824220524	-1.51438463798727	-0.138792856434264	-0.957172578934313	3.9723990810291	0.891331481558486	-10.2728635459477	1.27681046900211	3.14133826906673	-8.7750373210469	2.19579148519704
MA0730.1_RARA(var.2)	RARA(var.2)	3.52244701390935	2.60350304129124	4.28863907107876	3.54153602489122e-76	5.38201931341736e-76	-1.4463219523186	1.27903266948628	2.50441450591144	-0.732250596096325	2.04551166663563	-4.91019171525766	8.8526250277729	-1.65000600049491	5.24545619407813	-2.29593826132246	4.038701436646	2.60366815856663	-5.70572797630265	-0.889331663972	-0.40950261851291	4.81872361235651	-3.95288470226128	1.41699070938639	4.51141881878596	-3.9629532265112	-1.733510102774	-0.321165594485117	8.85831020626373	-0.641686173597367	-0.821966497472621	-0.488358396737515	-1.07489732770469	3.42608366774062	-1.5551129753689	2.71940826773406	-2.63545641019265	-1.32133313050746	3.02283495544046	-1.32522187526946	-4.84327477695726	-0.705417046129048	-0.336655012021428	-6.06331147662616	0.350343874465606
MA0731.1_BCL6B	BCL6B	2.36153149546905	1.98795614938284	2.6625790955506	5.10882382596337e-26	5.92193993039598e-26	-3.95892551612017	-3.61173956027587	-3.75512729801784	0.701272556960633	-4.14688359442842	1.34129974215328	1.01495972077013	2.11566921208995	-2.99035744520908	-2.19948180706176	-2.4857947438195	2.17580448191679	1.77778548333863	1.44735864656394	2.30914446626447	-2.06689339859031	1.55819281361365	-3.47996052082319	2.69082236621085	0.0574072036262898	-1.60145246028589	-2.2216193552368	0.66002341669403	1.52150579540494	-2.53366083722122	-1.00148281511753	-3.43235136985158	0.781499490596663	-2.96500658147381	0.768641935373345	-2.9779758534922	-0.851207706767444	2.81814887908932	-1.49530339682817	4.4752464768347	-0.47695552599661	-1.60374014843907	2.93825729588349	-1.64683695954178
MA0732.1_EGR3	EGR3	4.68166949383813	3.64714162461294	5.46391977027432	3.20691354429847e-150	6.83905319391828e-150	4.35819669043928	1.73008431507917	-4.28351759490242	4.56957211048775	0.589794392102863	4.63922181203854	-10.5764006082345	-1.27922619690838	-4.02258804294306	-2.54898877771683	-3.28310127779668	-1.8105255689476	5.15135513267636	-2.26057037936605	-3.60277279306882	-3.67120223575432	2.75576004006773	0.488100490167432	-2.06663596180643	2.35051851182079	7.26044942220241	5.11715688754934	-8.47618356470975	-1.68479777110112	7.83911530122195	4.55776692995115	4.72036725346829	-7.41571189460449	7.09865893531346	-7.70590369795416	3.33390086600173	4.91990470663476	2.51808503171075	1.81392906821229	-4.08343290545184	2.0024286298381	1.89658094427105	1.19202853414067	6.24358245699294
MA0733.1_EGR4	EGR4	5.2697291581904	4.09854643288414	6.21901557105677	1.15737685289402e-196	3.01856395416954e-196	8.00590022932632	2.00625057689621	-4.49159218614573	3.25965991981927	0.848405522206157	7.46413598170007	-10.808629185297	-0.584968381438618	-4.81124069313708	-4.34895446786079	-1.76608437323383	-3.78041578981834	5.411019410754	-0.528562918031745	-2.15861414055734	-5.58907063161411	2.90409377572487	1.73026502132438	-4.61114249450292	2.8953309859497	4.34526115215342	11.5729924892166	-9.62498700459958	-0.783832219538063	7.71949613353221	1.69230245111357	8.13763236604172	-5.92147326743895	6.81304195073128	-6.44668994641267	5.94450245000569	5.75433040205923	2.42095700144118	2.40572296739052	-5.29696925032937	1.94978272407243	2.65067277749232	-0.634176032989673	4.4696750656543
MA0734.1_GLI2	GLI2	1.36626936314147	1.00521825897898	1.66882484927917	0.000942042309106277	0.000961979712473605	0.614618908203335	0.405309199421016	-0.232831363916742	-0.0149798666798907	0.194512558397485	-0.877167783429874	-0.968633382339503	0.662135600764266	-0.827951551530948	-0.949104312591418	1.62216853160747	-0.50971812488359	2.84840637737965	0.98029776122317	0.750365559952221	-1.76593125572162	-1.00717887429964	1.077948239866	-1.83806203961766	0.40687465356256	-0.686378964395642	0.826855492744853	-0.396630065700943	0.991965155540621	1.67184258552845	-2.62409000963734	0.423497893145309	-1.24819182029835	0.911647428179062	-1.28577554921087	1.3658883549337	-0.724503216127966	2.15699025319335	0.683762456274311	-1.58485320225516	-0.114983507576877	1.21794781511114	-0.739417861791746	4.21284885072839
MA0735.1_GLIS1	GLIS1	1.48492079363263	1.12408158248623	1.79813234359835	2.69021684955128e-05	2.7765339677187e-05	0.0127784102020895	0.0566882740909459	0.447344701585984	0.260621472996858	1.00799047175664	-0.148067792095088	-0.92230340693831	1.56595218368363	-0.657163896424911	-1.79022621901881	3.17201237208996	0.36586087374437	0.584262436033034	1.41837132339458	1.38052565098918	-1.17647977328559	0.999147721658419	3.65617505983056	-0.701773036585938	1.32891254001262	2.56105772672648	-1.05250580710627	-1.29719158914343	1.4356685972757	-0.945630223277841	2.19421063030649	-0.0577103632176664	-0.0189926992274541	-0.683000482334972	-0.272502330863635	0.310224465899134	-0.858482024727815	1.92752062503025	-1.33588585424037	-3.80066395841404	-1.21695206405204	-1.05311691875941	-1.55360820427984	0.715441310121093
MA0736.1_GLIS2	GLIS2	2.98178329918447	1.97710767220173	3.80120056647448	9.45719250543191e-50	1.29449514436054e-49	-2.12066922814315	-1.6829067660468	2.54539610302846	0.104920319241028	-1.45933581450003	-1.50261362788349	1.21135422046914	1.36204448385893	0.796696663470417	-3.53064022984122	8.78568478864784	0.951747050858091	-1.59274391376387	0.377039979558355	0.77833693261511	0.784668896549333	-0.0276719761057832	8.85851542218092	-1.24709916890504	0.993257028105041	-0.535122320322994	-3.74651491255074	0.54227952613243	1.16355316798099	-1.78990218570242	-0.312383139886872	1.45575688812245	5.53208150684359	-1.81242691025838	5.13445548192366	1.76180619794836	-1.8900560942039	-2.15690034433906	0.173651127593184	-4.52861475518149	-3.83196209226212	0.363393845467738	-3.37467636297046	-1.12090183113402
MA0737.1_GLIS3	GLIS3	3.27181065436412	2.25816752725621	4.10393715756467	2.83396517227191e-63	4.09704328276014e-63	-1.142419364996	-1.59349797839922	4.54380171726298	-0.306514125837774	-0.277697421761876	-3.39944494844937	2.48874222885026	0.436903253392129	2.47108709067657	-2.78117866391749	10.5991507890075	1.01891652620119	-4.55371321449865	0.299401454346696	0.715549303279723	2.5920290180651	-1.18853910404786	8.21506766454942	-0.698956071422728	0.85755760335288	0.538794836700412	-3.30012974772075	1.23846174999025	0.831437635729672	-2.16542931036062	1.30821600196314	3.59954621733577	4.6439222638986	-2.33399212450741	3.90439704339589	4.26959185445009	-1.81478398749096	-1.77968672177389	-0.919241291269626	-5.02995488382814	-2.53795281910626	-0.379953285625629	-3.38846560018122	-0.487661457266858
MA0738.1_HIC2	HIC2	4.92878564773762	3.52807031289756	6.12129300963522	5.14861779372102e-169	1.19003980142294e-168	-5.25435466944225	-1.54996280249509	0.172442039848715	0.593794294318461	0.0580092731551498	-11.4639246843958	12.6530530461284	0.580264204069854	2.7876138661772	-1.8265907517826	2.33041956139579	-0.647252111255064	-7.31662964928775	1.84248564130188	2.79568505874014	0.407701262020682	-7.02463814510311	1.66943655111515	-1.8996192718946	-4.75211387866268	0.430007045422725	-6.33198604111205	12.0258702693527	0.90327916976255	-6.92134273513513	-0.015945891746292	1.4951935454	3.49366972173384	-6.38300777039804	3.79603107318084	3.61379299458717	-2.88589445539291	-3.27390495930919	-3.91556557257407	3.99235039209764	-6.28098110442869	-3.44497977638768	0.595928238536014	-6.96733293197907
MA0740.1_KLF14	KLF14	7.5034665809255	5.77759977036229	8.94547017429808	0	0	5.25713851754377	4.57455054499161	-8.1075648236386	2.02232438788869	1.81524184075222	13.6210413790554	-16.1701794889854	-3.28901654454348	-3.32134859333339	-5.85597462338708	-0.20829497827964	-3.89113280977584	10.693393718758	-3.61021893389297	-5.76686620391065	-1.50993600558016	4.05528921359082	1.39687748327309	-4.30271434304375	4.59858512898496	2.82731235798976	11.4306547043166	-14.050877764346	-4.63865920644013	16.4429233665626	-0.79613951916999	3.76865510638897	-10.6978125345035	12.0628903317271	-12.0535332362205	1.38738159655096	7.26769307182159	5.47186896734863	3.82089923194005	-8.25819800824251	3.83544013013154	4.13247322908297	0.172794198601481	6.48292742078657
MA0741.1_KLF16	KLF16	5.95939049726261	4.46400190704132	7.22276857582454	1.2030926111855e-258	3.71514998334083e-258	6.79803747906714	2.22094283502893	-4.40009151661663	1.06586260741621	0.577088834016161	13.0899102805309	-12.943064009252	1.40505810149288	-4.48283793655349	-6.58032563095548	-2.21582138229723	-2.55217387747344	8.41236588300749	-0.0926211903100232	-1.07489016564219	-3.76224792202157	5.20715669335354	0.773987188435381	-3.68023607833012	6.05129232793411	0.7646500751637	10.5593605642788	-11.3688780228333	-0.562021770006408	9.69938058502759	1.69512346638983	4.2359186480585	-8.21079562821491	7.41234414070111	-11.3862349330428	2.90748012811236	5.46845424569428	1.88379035297464	2.4274605395243	-4.73166526652969	3.0391242777495	2.4811844446671	0.214957152719447	4.41430980721877
MA0743.1_SCRT1	SCRT1	5.38778449103592	3.47752068491979	6.97407732628954	1.06473269435412e-206	2.9148001419907e-206	-1.7077578714883	1.07552853058326	3.17045135417898	1.11709961693842	-0.511994435563178	0.997526114981058	5.19482172914361	-0.415419705440026	6.51346981501263	-1.3582472897548	6.980342580788	5.81398524814866	1.57411672136262	-1.38957747197273	1.69520569519693	5.07843795652173	-5.62949595321109	2.72143419979542	10.1135454572511	-4.79223430972931	-1.32129074272974	0.828077668709018	5.39031550264537	-0.5023162443315	-3.30258709706008	-2.2385914387945	1.59971942106458	9.56917848464976	-2.65630857726173	9.20015121721395	2.70505723687428	2.68993109734951	-1.80226380287886	-1.13194570129456	-15.4910561612193	-0.772930876745869	-0.479129995098207	-15.8616164079956	-1.33242224386234
MA0744.1_SCRT2	SCRT2	3.62520315522162	2.53717576443621	4.62529141728613	8.6350555008582e-82	1.33325256933251e-81	-0.211770287071702	1.10104093258525	2.34740040412033	1.8933435009822	-0.413423422301383	1.90599407932726	3.04719602283933	-0.709293132586898	3.99216263021304	-0.279437292844135	6.04880271673113	3.09866468593061	0.981375770545554	-2.19224588594394	0.077148163071074	3.57806147665484	-2.61896138819262	4.07699612858107	7.42029255587635	-2.77321712190964	1.94751426438761	0.82993523775385	2.99572790899987	-1.13236047170382	-3.55637149679832	-0.461911763750042	0.404882398866104	6.37944637805388	-2.51351953084257	5.83309240011186	0.742551473710588	1.15693203479093	-2.07034257761263	-0.56411719765674	-10.0048781613973	-0.659694569410527	-0.485079676941894	-9.68180051753979	-2.46982859427226
MA0745.1_SNAI2	SNAI2	14.0702166775955	10.1652352625061	17.4703564327115	0	0	-12.7698712915369	-1.34736955149921	-1.69192266711599	4.10330914033132	-4.52135535760156	-9.80326905193164	13.8796440664621	9.45295547100764	12.4165923270754	-5.23129344931242	16.9414859091008	1.44720846486389	0.366088719920369	9.05302874384123	13.2578370750255	7.79482328450158	-20.3666662557926	5.12117391714991	16.7034689085006	-16.3199737670264	0.17629342616197	-5.81439328005752	13.4744724778399	10.5800074149568	-8.40373513377575	-5.20680075890131	-0.689779948134549	26.3978678964513	-8.90040467877435	26.9439538943442	5.51672665267827	4.76900888479178	6.41595116570872	2.35399990377378	-37.0080726914616	-14.1615915760152	5.96939281819378	-37.5096758414666	-11.2978748815843
MA0746.1_SP3	SP3	5.88923314834131	4.29820981170259	7.15126109930391	5.68485329475651e-252	1.72783730061103e-251	5.65048980832346	3.36513885179073	-4.38318966923136	1.78219786528376	0.736737009519897	11.6064705764058	-14.3787332867867	0.118342757830862	-2.49692658922833	-6.00693857466244	-0.595612993357504	-2.94426510320882	7.6475384625083	-1.47916194779925	-2.57865308822589	-0.971900566804184	5.47541344590388	1.90159329383877	-2.41145205847254	6.44875316455356	2.21795392657518	10.185047754684	-12.7419545287238	-1.85811791741656	9.10422888054708	1.09869692795537	3.51525544727987	-7.33679942534252	5.94839976902614	-9.13550013312472	2.19149952765196	4.43688558204697	3.98393191576464	2.8345203367719	-9.0352844180864	3.59026014269195	3.13034658831719	-1.88308999285959	4.6431660416786
MA0747.1_SP8	SP8	6.12704156377067	4.67506821046373	7.33790062796222	6.21138579403465e-275	1.98148340206395e-274	5.96812879310171	2.88208875389765	-4.63006487311375	2.28499450214781	1.90402025593665	10.2948435061664	-14.5095037887667	-1.52028366072251	-3.29815107484822	-6.71416222763389	-1.84882063403949	-2.84315814835237	7.57981008747355	-2.63274086222075	-4.3237604303234	-1.80819166948241	5.72472112615759	1.0118711043073	-3.18874089624787	7.17769320742495	2.71322508959007	9.20258980645011	-12.3114452890226	-3.26994538237123	11.4537659932045	0.694137218264585	3.7217080576434	-7.31431843640028	7.87469125482621	-10.3271105636607	2.2835561471733	6.95441351235777	4.13803649992775	3.0838105070056	-5.85414168685985	4.30838499203796	3.75627965275322	-0.330334720774072	5.41995139121402
MA0748.1_YY2	YY2	6.43862706453512	5.12498727680233	7.5011599198233	1.82117690924613e-306	6.75936814393277e-306	10.2224682685898	5.09956902838382	-4.85381789147936	1.50588832804808	4.65642865418683	9.29281801925541	-7.5188992157604	-3.28849221530543	-3.76775207248347	-2.70296990133079	-2.65358594751779	-2.61935099001269	10.0376083069598	-3.98733263353812	-5.36181441310051	-4.83863524194553	2.92837274600758	-1.19463655813158	-2.00270297680703	2.40342064120424	3.36394613300537	9.11949117557126	-7.09288577065076	-4.87126958865606	7.01918429271203	3.50965375938805	14.5093513398327	-9.57199119345278	7.51090793761995	-12.4344985122641	12.85440435836	8.26808618595288	2.45222615891553	3.08967443389283	-6.71412117681907	0.0369951094422295	2.83097600670274	-1.77462921906795	1.50703130340552
MA0749.1_ZBED1	ZBED1	1.14714898424668	0.795237623070995	1.5133055176501	0.0919441499166136	0.0926643390804513	-0.902607557271852	-3.85640211288912	-1.19615380940574	-0.077262008993748	-1.65351929194062	-0.957687208065617	-1.18317246093767	1.26991896011126	0.804721410526201	-0.834184450611348	-0.45921514977643	-1.4038327383736	-0.272013326356998	1.5496786626047	0.87507604435445	1.04043533916553	0.778317770329588	-0.133401509734589	-0.328794685057308	0.974388507092789	-0.426482631439191	-0.0262147798816994	-1.23249669197058	0.890468685761921	0.234326472973366	0.0482973974473564	0.615890617005578	-0.831617013616533	0.0474896236815158	-1.15488052312281	-0.652796124610256	0.581039652443008	0.519034249745855	0.313641521654971	-0.963923833796104	0.757339156775431	0.222100694500574	0.663525930933471	2.98312636978759
MA0750.1_ZBTB7A	ZBTB7A	2.31963801009762	1.81647998494938	2.6367204413937	1.12166323133518e-24	1.28857740266482e-24	1.54487780819684	-1.02912139307326	-2.1812043193655	0.900863191355368	-2.04370681910531	2.53592602317248	-4.15273871848326	1.56051915597212	-2.12751416583659	-1.02442056323934	-1.7013335607603	-2.61547961834117	3.02365783885523	1.80761169860506	1.65541329215207	-4.29169878097516	1.0019535506286	0.205324053028197	-4.86321827917574	1.30885166942425	0.902198204838441	1.69473385651225	-3.25347966365281	2.09568892270717	3.20785905496163	-1.33403276847627	2.15242126573274	-3.61849823589888	2.71391212622409	-3.04214590801771	1.67014904057035	0.92070914528975	1.99063204271284	1.47438612143621	-1.28222229337195	2.10825724355182	1.32934368278101	0.983724057540163	2.52828718815913
MA0751.1_ZIC4	ZIC4	6.20926335396725	4.73545708414278	7.34034411302226	4.28159848766278e-283	1.41256155234003e-282	-4.3920514987628	-5.97302112087727	1.85949281430107	0.850626725296914	-3.31983079721087	-3.36632755084537	5.6921988922989	2.37555948200238	7.68031113505175	-3.52432243142985	14.3197149715102	2.02216866508805	-8.58762850273277	1.56428235882549	2.79390383030104	7.16195426517604	-1.85088077335642	13.1329832729668	4.96293741481174	-1.79074680014435	1.0959141140118	-6.31366391430993	1.01654029236536	0.611388229435467	-3.61388173444181	-2.09633869759912	2.1355445210103	12.4721831836856	-3.55812475622865	11.9949328107071	7.56898025195718	-2.81802092101857	-7.1221808549703	-1.95611962865112	-10.3333860004217	-7.06481363142274	-1.48013868104354	-7.847873189057	-3.48239762227072
MA0752.1_ZNF410	ZNF410	1.73713029577811	1.17079378953898	2.24416681323733	1.27041028372051e-09	1.33618084336817e-09	1.80158275461718	0.745806348493942	-0.6345714654399	0.220987185806954	2.11254658006654	1.04978872691011	-2.85974427547289	0.83062061091911	-1.14885019931345	0.266949308450957	0.960205191538532	-2.83101311142549	0.710541842048378	0.658528184536622	0.320923247581466	-1.6731600995765	1.91598402096576	0.93453434844984	-5.85130060709624	2.54545467009909	0.766918218612874	0.209627314039944	-2.26138029721851	0.334965533960927	0.6343313767507	0.225129748180665	-0.589466133932399	-1.59846248492205	1.6403199123144	-3.2609158656066	-1.01399386280916	0.878547751947376	0.670423907424738	-0.63157762974149	1.60722634902407	-0.0312287020485213	-0.943029021090282	2.70959766963793	-0.773356276046583
MA0753.1_ZNF740	ZNF740	3.28994297526154	2.58618770377511	3.86824512161275	3.6022242780264e-64	5.24701347667242e-64	-1.79258092636488	-2.25862990562159	-0.0799060719204686	0.875988009141408	-0.583225244162364	0.213069343437026	-7.11123390400763	4.79917847750438	-4.28138056865658	-6.98163755672041	-4.02872295951936	2.06291933111537	1.06238464528189	3.2687785736094	3.27760390564381	-4.10877505283926	3.25817202863785	-0.351585237706594	-2.88255729869778	4.56464832282823	0.19260965462563	-5.28984075552394	-5.63763209031096	4.77576456301632	-0.511053053267382	6.54779376956178	-1.04782338536284	0.619402764572197	-1.65799290779054	-1.74744827294779	-0.83218088737582	-0.405776171003068	1.27809352170019	2.46584856553186	-1.15936142793458	-3.55902725947133	2.5491032591607	1.75750131203147	0.318413864753332
MA0754.1_CUX1	CUX1	3.89782672984881	2.76860409175012	4.84165842064136	1.3860101247579e-97	2.2961369448779e-97	-1.47497556264921	6.08214101988735	1.31068256987802	-0.300616826328478	3.15721628593656	-4.22920253908512	1.33371490150769	-1.67943011566924	2.05217234351796	-2.34810506131164	3.84418880263186	8.66634414551255	-5.94518720109856	-1.30491471344338	-1.97674918702071	0.630432707070091	-5.07849284078186	2.82112429494456	12.1242160450502	-4.7760270210907	2.29854785593049	-1.2711053111773	2.23444092699577	-2.57304070431842	-2.79133387849249	2.66123235127775	0.623925895827224	6.5534573977271	-2.53653850982962	3.39274079280413	3.92719621067413	-2.64899199584367	-0.208394933778159	-0.701681328579791	-3.42536650722703	-3.06807700425812	-1.07211582618362	-2.7759158372922	-3.65152561027718
MA0755.1_CUX2	CUX2	4.13079928546552	3.08951523789758	5.04236479623723	4.0931639073267e-112	7.38299658050516e-112	-1.02601113404245	5.40986495026824	0.681245933305162	-0.361823487480763	3.13967958516108	-5.57649794321648	-0.205239926678758	-2.58351369053471	1.44523222247487	-1.43803935258684	4.05213575330986	7.94347990261887	-6.4266744738021	-2.32172611441145	-2.99979355004924	-0.977228184706991	-6.00085940964546	2.08771247034572	12.3602230516269	-5.32464979080349	4.13189745889933	-0.901445265636061	0.625182440654225	-3.8972070354982	-2.54347331555098	4.57239725745776	1.02522317441265	6.9101893589373	-1.88078561717946	4.97005368164559	4.16912015674783	-3.41763604812632	2.29831366375373	0.363949467795897	-4.22775600259972	-1.21085851156444	0.304012045700951	-3.31817046876061	-2.56341026080045
MA0756.1_ONECUT2	ONECUT2	4.38339976940203	3.24893296640632	5.46462954252306	6.17406147862117e-129	1.18566553768546e-128	-5.33825666915703	2.41559354985403	0.0999001634336499	-0.482112816467561	-0.790229471734651	-8.1761715373102	0.999492768508308	-1.01808600387868	1.96542244375507	-2.10847743781194	2.54848729949315	6.13539477047979	-4.28380273760245	-0.0891118576757939	-0.0651789714153934	-0.324881423511504	-7.79505034383495	0.397619899712364	12.5754268595901	-7.06454862300015	2.38112402369042	-5.19991917964623	1.15592861315405	-0.721543214289311	-2.97990635377562	2.47215423795221	3.84543488055164	6.85659193166907	-3.02458318005719	6.04954229205239	6.11914142673889	-4.98498678294651	4.25895746798565	2.05271283497724	-3.78323808904163	-2.07519222932878	1.83094295317156	-2.63000322699602	-3.96550472690455
MA0757.1_ONECUT3	ONECUT3	3.78240712248883	2.95376907232668	4.47379939668724	9.73228805599285e-91	1.57182560234864e-90	-5.74216263949345	2.29525217177545	0.482059077456987	-0.250591536234852	0.59456922424844	-8.3253522135181	1.17824131864458	-0.670734818154223	2.33538570947105	-2.1144300592659	2.31991204352305	3.32024112431767	-4.79424116656582	0.0471519061094825	0.21506511130069	-0.396434009385264	-7.42854594463787	0.757177963803833	7.67210648167151	-5.55047184818669	2.16862262411907	-6.18868158396078	1.18864544106696	-0.484765647858721	-3.50656521884068	1.98038270529519	1.50063176371662	5.11681301335693	-3.9291695410816	3.89428922600231	3.03874880545973	-5.24312870303264	5.57092687793713	3.289465287466	-1.92963115253921	-2.64738799041465	2.96071771420393	-0.492871914658689	-4.95901498003468
MA0758.1_E2F7	E2F7	4.08247071431586	2.76677016004312	5.2245320618628	5.05846462462634e-109	9.03966363474892e-109	0.199016463514094	-5.83180507548938	-5.17999426082451	-0.477549386053948	-6.75190261322077	-2.579354680583	-0.726954105716765	1.92920584698249	-5.59298917926644	-2.59703317876341	-7.62805576979325	-2.58188418142781	1.61434117557517	1.84519969872258	1.41579172428044	-6.59627693820015	1.40065435250121	-4.90378885050687	-4.08584547684378	1.44686151607993	-0.279544426034057	3.07042523713271	-1.17205856275802	1.42433029805664	0.316357496792651	1.25671437662745	-7.14848936499182	-1.70869611088741	0.219779070739963	-0.751870662604536	-6.10267279077642	-0.244627106839246	0.488768847500615	-1.54798168208075	11.9799621399623	-1.69409415471712	-2.57610882745116	9.80230699596456	-2.12465957572916
MA0759.1_ELK3	ELK3	3.95978226213203	2.81270079146639	5.09377820043042	2.34624037087646e-101	3.97214378578208e-101	0.121502607021385	2.07373714123873	-4.42393353980491	2.6386881947518	-0.981696690165695	3.00509465664827	-3.76625808867064	-0.282586472292697	-3.11959652057668	-0.774664323728448	-3.53360678063745	-4.46551639292734	5.98452053453546	-0.129314656470031	-1.54622881288203	-1.22344731065931	-0.473466547633736	-5.60708638928135	0.82171604063613	1.62011512208062	1.15219684648875	3.3291732408799	-2.91638225290076	-0.0590542435168738	1.59347376723179	-0.974615698785197	-4.16003449376951	-7.56355089922188	0.998159013560872	-6.05896352001582	-4.45488133941548	-1.6659051191909	3.13723289895131	2.15657121862594	0.303157495434435	5.66219211319778	3.10335852781974	4.81446058655378	13.5900864866163
MA0760.1_ERF	ERF	3.6777040770228	2.38118918926607	4.99537573772213	9.91697275930747e-85	1.54977792918732e-84	-0.528149569585742	5.62715509652905	-5.52049030364798	1.66381934584609	-1.26724201217808	1.51644649203922	-4.13927527224312	0.52491535454354	-2.95511848735181	-1.71263260664546	-0.892105435418074	-4.79536626855827	3.99655135548987	0.482821801513028	-0.950365906242945	-0.853133866120402	-3.00258129219623	-1.87961372106548	1.48279478121035	-1.47804617826656	0.583189162997649	1.98503214730796	-3.33032468900969	0.689457471437438	-0.246345469474205	-1.42598448828492	-1.5651156387179	-6.86401120653976	-0.55908335522007	-4.16358414996704	-0.151515060435544	-0.741471250663499	4.13304057479305	2.01932995452584	-1.05775555157007	4.94545898234416	3.08103626552728	3.53121219812149	14.2415390817027
MA0761.1_ETV1	ETV1	4.00066697322702	2.81371991355168	5.08499215719178	6.99582545361697e-104	1.20017272226496e-103	0.0786148082644004	1.39948535859237	-4.26652796679229	2.38079859610802	-1.0084616090106	4.03133864711196	-3.49977363884224	-0.513690626824002	-3.20315003114068	-0.454765254267797	-3.35806576989413	-4.00062737898019	7.80791512621038	-0.103395335216544	-1.69481413835505	-1.53266907388167	-0.152106130337917	-4.56176974918588	-0.26104311173757	1.8815359041188	1.29103823772836	2.63515850806987	-2.92708379607232	-0.153548675066229	1.38207687126148	-1.07490225946279	-3.96729447380428	-8.57624924477812	0.84730119683274	-6.5886366198457	-4.6358415007908	-2.24027130439123	3.48338445680022	2.14040649847202	0.718830769166169	5.54347448022514	2.83711223987021	4.95791252757853	12.7898337937813
MA0762.1_ETV2	ETV2	4.66355434047334	3.54352645339148	5.61790415377612	6.9588831707685e-149	1.45985266517209e-148	4.31779186853555	10.7453514606395	-1.46457019604113	1.69262920027117	6.26239671762977	0.861084624016656	-6.48121791102021	-2.98229196370979	-6.92370923027648	7.07683799150812	-1.98322336802277	-4.451763278421	1.45366288593051	-4.55630980192782	-7.07491488188756	-4.68351849236782	-2.3343832331157	-2.88979749999776	-1.57826988164426	-2.04247998997363	0.033428260239995	2.38062037097816	-5.83267759328913	-3.15930079387635	1.48155829233213	-2.17326982877145	1.88210151580076	-4.50070895811742	1.24513355705784	-1.56010394529851	2.1813418935916	3.09021315185206	5.29726166200016	2.10613911809754	-3.29819785848109	9.06653654340354	3.03832483053399	1.47667699686549	11.1773008735884
MA0763.1_ETV3	ETV3	3.51172571051336	2.47133267841122	4.48534604733401	1.3306000608808e-75	2.00629540429683e-75	-0.973835934146677	1.36158637423694	-4.05001605640646	2.33580292895763	-3.00296659103513	3.06621033559123	-2.74135638808776	0.0567290173617125	-1.58599423449282	-1.34518997931123	-1.88507986800258	-4.93391718147156	5.96486972611831	0.333506817749365	-1.0502709690974	-0.538938224377404	-1.3081813591837	-3.30437998313394	0.240846054471304	-0.139434721797717	0.424228818241217	2.08666885245333	-1.73576784683875	-0.116734383456152	0.605260325743529	-0.693853339007519	-4.40723200063637	-8.00399033980365	0.223581932301193	-6.49084852008941	-4.24072475032122	-1.59806876684157	2.65025413110747	2.56864001906005	0.146331442667558	3.88132603498091	2.872140492266	4.85523179544059	11.0960080051619
MA0764.1_ETV4	ETV4	4.08050510663901	2.85854382736072	5.18265859949075	6.74392668987742e-109	1.19961092271552e-108	0.230472268400742	1.47093559926624	-3.95681472025349	2.36185297564581	-0.736040858086462	4.56727361982618	-3.62751712805582	-0.583040468313468	-3.23827706694958	-0.194705660210611	-3.40408629171277	-3.84302993806622	7.97773055997741	-0.226816291291528	-1.84105873744518	-1.72368426069437	-0.302237075652671	-4.760386992751	-0.236744717565515	1.81549581669528	1.17336051910217	2.8136745626661	-3.0545657227428	-0.248422590230141	1.5235255813698	-0.904550291634998	-4.38822004216082	-8.72258840459131	1.08248310305356	-7.04205914167977	-4.83196165158096	-2.13341364230317	2.71398889443678	2.20265970866173	1.18327774032794	5.55602315972581	2.91491398377844	4.88465586538375	12.9930879525394
MA0765.1_ETV5	ETV5	3.65802789347001	2.65947525828234	4.62422139271375	1.27024063925389e-83	1.96912805924499e-83	-0.553205017626074	0.383407417786518	-5.1348014200285	2.90752563360841	-2.23882699091086	3.62951243732007	-3.31477161033477	0.318123991836623	-2.95373951135492	-0.415955945520304	-3.24206140349249	-4.51034683547612	6.5796451062339	0.48485196569131	-1.22775175955616	-2.0073036457133	-0.188911438116692	-3.87496962787258	-0.644955996431539	1.26073118468621	0.827835442558542	2.50668778752762	-2.97371660141869	0.0202669153169803	0.953601198325778	-0.582583462872933	-2.92219021810216	-7.81679972664436	0.216237951917834	-5.84816302316593	-3.58931740138258	-2.37193393569541	3.44226768280176	2.4739021447547	0.421814233271499	4.88889593902727	3.06549026241629	4.36781310297817	11.3622215216648
MA0766.1_GATA5	GATA5	4.68185406436699	3.48122443662201	5.61398074215947	3.10771670548526e-150	6.66432582398505e-150	2.65990191557352	4.09615255958961	8.29497689574332	-1.20123975566535	0.109038803764514	-0.707225380572506	-0.477396163683124	-1.94403932858081	9.97669673809603	-1.96410089024791	5.07288101455753	1.32093942044157	-1.62377166406345	-1.30911691202194	-1.96650765656692	9.86200719000307	-9.58279304573392	4.14003067526613	3.0532322859372	-7.78067034614704	-1.64026617325383	10.6104119733223	0.14915310620554	-1.44369003379393	-0.0375851773776854	-2.20564424087563	3.62299179016639	5.35453629694297	1.27818417250278	6.83398019129158	2.77175685021098	0.936135869459183	0.768841712397598	-3.02049316551595	-6.36739521568216	-1.42591853600883	-2.70716806345951	-7.07270003546759	-1.97656520251142
MA0767.1_GCM2	GCM2	1.30237120310858	0.983536735562267	1.52754934324624	0.00468814950200821	0.00474967377368811	2.35557758181641	1.09590247547156	-0.237980201617018	1.98972795519118	1.0890292291007	1.11109230592854	-3.0107885222234	1.13821555849033	-0.708829276559245	0.138393933891026	0.665302006901921	0.738171810106307	1.29235689272369	1.34202868999045	1.05362860142154	-0.498825986419806	-0.520560696188846	2.06771862624322	-1.28083027099975	-0.330154649044559	0.511167278946667	1.38989808104535	-2.27020798473849	1.37332510264349	0.565722198885535	-0.21256110692649	0.576895067873544	-1.34569253409878	1.15559706957738	-1.92765219492389	0.265653115934113	0.0861629922268028	-0.598326320142221	1.17675530332957	-2.45434091833987	-0.76079492754105	1.26121041246422	-1.43230644014843	-0.635862723392869
MA0768.1_LEF1	LEF1	5.33802366688243	2.16011127143425	8.31545754671576	1.93431485354154e-202	5.18503842685441e-202	-1.06235191854939	-1.71390629743464	-1.13650317993638	0.682042833449663	-3.50440003872663	8.53299784093394	-3.40214736939361	2.08075340826764	-1.74833219344025	-0.837402101982126	-2.16647394373249	-1.14624397475699	5.58477579379325	1.58643491368951	0.942156650950372	0.932961928478043	-3.96889341965332	-0.551064043150864	1.31721163138647	-3.85332921139205	0.824591322574042	1.62258336386071	-3.77872021650143	0.983893875242013	-2.61469894582134	1.35933838011817	0.792864590187462	1.88530153157775	-2.44507933582386	2.90880222420366	1.25502944690913	-4.57981615789902	-1.77442141556912	0.917785463965916	-3.74073152720984	27.9202151766984	0.857529767193537	-4.10363658338302	-4.18448091599617
MA0770.1_HSF2	HSF2	2.04676874774231	1.60478470678373	2.47629869300209	8.93237256220731e-17	9.79515854832961e-17	-0.655874026273148	-0.610940049769085	-1.93697137357551	-0.407983391156466	0.137371131011113	-1.3602608553103	0.485760848471854	-1.90289847033094	-2.41551680235768	2.42277232297965	-4.38864407121326	0.499663948230854	-2.01711730450011	-2.43336526506234	-1.05533689460623	-1.05597252684502	1.05310416860269	-2.28848481346448	-0.409027646752378	1.66770182489785	-0.0539536929544674	-2.00197072265707	1.80256252880144	-1.91592641809763	0.791347204675137	-0.754040874888862	-2.81948051043223	-0.748186778658988	1.48204191932617	0.583375064024132	-2.6452682370342	1.66006039104998	1.6570944866764	-2.76924504329134	3.98670516968433	0.760332960289928	-2.70443348119318	5.04393418142125	2.73963176353017
MA0771.1_HSF4	HSF4	2.2147856404429	1.69684008204755	2.69617738412327	1.81417294431934e-21	2.04757531142475e-21	-2.40082908679782	0.264173543187808	-1.55178368463961	0.795207338843042	0.163028642432468	-1.33111581956597	-0.461578138890387	-1.25079555741382	-2.39194877684139	3.23470372813071	-3.27229347289624	1.08423395323922	-2.12650595659696	-1.99758588326472	-0.664147430762452	0.0204894027725015	1.60424487330977	0.0397815412061383	0.327340461626637	2.11875877513986	0.0418242524532295	-5.80741283451071	0.710233434175141	-1.51415279117195	-1.715896589749	-2.51152073636672	-0.327467023212502	0.427662723019329	-1.39818014180508	1.2306037935509	-0.665519919803218	2.29952242966537	1.75681119741712	-2.75671770171517	4.42967432585145	0.616399804834985	-2.80292904693967	4.94874834765942	3.57847647208289
MA0772.1_IRF7	IRF7	5.03415307383706	3.88275203202876	5.94637086591593	2.39556261950725e-177	5.77929481956123e-177	2.65706136972639	-2.34966455983949	-4.8486286916383	-0.793039033580287	-5.14372849802046	2.73092559441192	-6.00508464810185	5.28009942314351	-4.60117184816453	-2.48839456566361	-7.31310910692513	-3.59331096011017	5.12660790533216	-0.109941231352003	-0.311054377721603	-1.890224218641	5.93153502317265	-3.93253815851494	-0.82165061617845	7.85819986657656	-1.39866724130556	4.79518010077421	-5.16099008933541	0.41688465912715	0.00602313540438955	-0.643037353334656	-6.79078338832207	6.04320183013223	-0.405867096822974	8.6033145075135	-7.42279545195692	0.668018012754009	6.34398784964036	-3.21646356592157	-4.10944484842191	8.37227698867629	-2.45003544400092	-3.1033809285401	13.1882633470441
MA0773.1_MEF2D	MEF2D	4.90550921083828	3.69640622150737	6.00957007940348	3.36277794814024e-167	7.72638266656031e-167	2.22308529681866	-0.334423389490352	-0.932046945554505	1.92235269775006	1.34249988131759	-7.37976228684824	0.247048993427957	3.22882965680315	1.19697815609266	-2.43142751945148	-4.09279725355714	-8.60924073049903	-0.932348311989053	2.83432920289053	4.91257412436407	-0.67433891185367	5.84891797021601	-1.02695301743943	-9.38233960309925	10.4000087977807	2.94219635861218	1.00686161205833	2.3566442281855	4.2955386457753	0.750928775376788	2.17086366037699	-2.04180979096597	-1.30205217676808	0.0954734731794357	-3.37997348696882	-3.49642670576074	-4.53660014594417	9.61195039794382	3.9596008864371	-12.9533717002336	-2.73464865057041	3.82450399183426	-6.51512956112188	6.74235450833742
MA0774.1_MEIS2	MEIS2	3.25642513988404	2.59463341961966	3.83845301579797	1.6139405910791e-62	2.30733728946864e-62	-4.14104719343701	-1.95419163546382	-1.18005918811712	-1.1414197538933	-3.19393542338592	-1.6203671017306	2.0395714203523	4.77436312749363	0.574176773024129	-3.01317483450242	3.99033390922867	-0.639262701744823	-2.55915648341216	4.72840963740853	5.21778232808761	0.997290648586415	-7.23501253828412	1.65255669451638	-1.90325520815703	-6.13886278128286	-1.78596197334773	-2.12702351664172	2.19436992633982	4.78614955655009	-3.26385204074111	-2.86549283968609	-0.87559140491252	1.69573919615354	-2.80101352358612	0.893264624090745	-0.991711183456733	-4.70979607734877	-7.1372001178871	1.22191930486549	4.39365772944233	-2.56124375879512	-0.775971370785333	0.989470658079438	-3.20474678826204
MA0775.1_MEIS3	MEIS3	2.71527472141292	2.06487532261224	3.29956699429949	1.12476461157562e-38	1.43761304658341e-38	-2.94521863783278	-0.936245551176233	0.0216427124414939	-0.224522919300874	-1.49588916448754	-1.40183490492156	2.08526595651213	5.07719323082598	0.822647717197305	-2.00056759862049	3.2501709779627	0.25980102201407	-1.16500494838349	5.04348285802626	5.55873538844491	0.651597065247392	-6.19209701045939	1.74237409378269	-0.804953615333029	-4.95159327876023	-0.447910566425265	-1.6530471378742	2.52089168040406	5.23340790675866	-2.72795283605463	-1.40438587112365	0.0707425275435521	0.575895907812031	-2.18332896670297	-0.186680583777676	-0.437453634270079	-4.24105102415408	-3.8977661400605	1.92741107204121	0.465123079280875	-1.30490565773194	0.24939549563048	-2.09596733987182	-1.91724897054604
MA0776.1_MYBL1	MYBL1	1.24745569848982	0.978120657828963	1.44596285603525	0.0156094941062572	0.0157729443063227	0.0223881759025179	0.380731974929017	-1.28627822497747	-0.0907215491016553	-0.83220009557429	-1.93938110673051	-0.729263536720763	-0.814257670078391	-0.284235470035194	-1.30125259528532	2.3220723334301	-0.911977058567082	0.64588642971733	-0.489105217246685	-0.809523101446373	0.119387801924873	1.86724667422088	2.90524167376854	-0.260302212473346	1.95815893607411	1.70569399087158	0.993611940620179	-0.447869865456255	-0.816830266388558	1.41948979070467	1.96703265580319	-1.73842162797757	-1.04838464432979	1.17809292978908	-1.17762374880371	-0.819242129869432	-0.489687169480094	0.449550064397003	0.858483502143259	-2.36771999265416	0.10328882571085	0.650699718514907	-0.935513262690956	0.467429357371289
MA0777.1_MYBL2	MYBL2	0.932918337516132	0.758173206702935	1.058230101462	0.696453564789514	0.696453564789514	0.712316049111287	-0.128296664388064	-0.317859836986896	0.0227316004271247	-1.30248599044122	-0.763936456645775	-0.253902851880903	-0.147531608142672	-0.0494788001122434	-0.825028615743426	-0.674890864862033	1.28599492741781	1.46880202809463	0.392000368736658	-0.173584395027312	-0.640295075469522	1.08468303125677	-0.495598574254787	-0.161128551910009	1.18869467974795	-0.86654360084182	1.93331058322936	-0.472215694459884	-0.116293660657908	1.0981491867919	-1.11983385174499	-0.941622026263375	-0.503493146206473	1.22871674253557	-1.40977342399174	-0.719864425051632	0.104295473298876	1.55267839192225	1.09610960253712	-0.5201895582677	-0.176105445850121	1.84507955407669	-0.894852469468838	1.169302679433
MA0778.1_NFKB2	NFKB2	4.93353750705157	3.08291192536234	6.37087817206698	2.18784809445238e-169	5.08740580999169e-169	1.3874992874912	-0.746099308824503	-0.371672848592791	1.10059828896989	0.642604201244623	0.326521813924798	-8.44424040412379	0.983546294289652	-1.48599636311251	1.84238849441303	-2.80776531740296	-5.28375453794133	1.83592927602509	0.024852889212057	0.524776350038577	-0.869753044873362	12.6284324355378	-0.0657506906823185	-6.6185984141785	13.6018104607273	1.999095441466	1.22440591887306	-6.36466023118609	0.0330142569229431	-0.104724616371961	-0.545689453175972	-2.8751661698382	0.69755851804189	-1.06911928486266	-1.02084024776342	-4.10114295796788	0.758948291802947	4.80772485270087	0.867703005009219	-4.63151270280989	2.00069620776201	3.84164424425728	-4.96775342549259	16.0115758465569
MA0779.1_PAX1	PAX1	6.67817112537588	4.82408253672503	7.93321189581605	0	0	-4.61209091752758	8.76392095670573	-2.30127437728653	-0.547235054003651	7.75839242726227	-6.84265611759123	-3.08431017128615	-9.00620966771424	0.875621476774936	-1.83759909508156	8.55637515211941	12.8403697648184	-4.25270486668474	-8.11673273255822	-9.62965899490229	1.41167499235302	-2.93119683592406	6.2300918017871	14.84907382563	-3.32124308269521	-1.27331971323627	-4.96466444285971	-0.829603431375705	-10.0578705786813	-3.90300567694553	-1.44185919404542	0.911679067177285	14.0576334892576	-3.14573366120827	15.4076764345185	-1.13834118218136	-1.50346423606561	8.51167918421199	-1.20236939493256	-2.71607401507179	-2.36232556478337	-2.3177571673815	-2.46594009620908	1.14257986371387
MA0780.1_PAX3	PAX3	3.47194970632112	2.69823954205749	4.11525508620378	1.73350611721761e-73	2.5935401598682e-73	-3.49625889209491	-4.98604566595777	-4.33157325002148	-1.21027775494045	-3.48956140258402	-7.05928393649264	-1.34845298145166	6.25035778579933	-4.004143205121	-1.26250674638212	1.09846242310017	1.46593912967556	-1.66158141613095	6.70396062115205	6.50614722666119	-4.45704225865259	1.7902296592565	1.55370243471887	-1.13212349145115	1.75881471044919	-0.980843304288058	-4.27089887606039	-1.99961741069374	6.14817446540976	-2.22328250231831	-0.2704213677332	-2.28029657894372	3.68005044121664	-2.160132382669	1.65095205858353	-0.319680957089948	-0.516931311885745	1.05325942042261	0.38512662509757	3.88575604580397	-3.68745289757092	-1.38308567830168	2.15475076876311	-6.0610424166143
MA0781.1_PAX9	PAX9	6.18834048883038	4.6661849077567	7.28721531120982	5.23983316085925e-281	1.71404711872175e-280	-3.77110232542713	8.87488747374317	-0.131521042703257	0.331013909345526	8.90283784633908	-5.5890829069982	-2.5935755519253	-8.47042609338659	2.90074819245589	-1.75091903490017	8.35218753853134	10.6544456600589	-2.98117007330314	-7.99256883969367	-8.47191654559695	2.84944626593851	-2.9418158174694	5.06055029836946	14.9841767445677	-3.24563371429574	0.0333989717776405	-5.34919240093715	0.0151297950530381	-9.3520426722206	-2.73738215773621	-0.72844570196943	0.65621274368123	11.4682529046466	-1.9841752831732	12.9847810742006	-1.62445087035011	-2.83993486225137	8.90647059984673	-1.67485349057523	-4.1790982002305	-1.64590404850247	-2.42360296471994	-2.9875091914198	2.1956511469272
MA0782.1_PKNOX1	PKNOX1	5.12480927308413	3.75722832934409	6.20410099014946	1.14385218319603e-184	2.84856092073333e-184	-3.7464849763782	0.5139145634233	0.577275742551367	0.133681020708827	-0.691741363706069	-1.22017200298846	5.1676597787438	0.587272035810819	7.03007261477417	-4.4742990205895	5.38363683367389	1.78211010884671	-2.98553439380339	0.976863603824102	2.24593939975861	6.17125346735045	-14.413086745266	2.3558028126715	3.95143743562689	-12.5180126714301	-2.49402943406935	-1.44286796518568	5.61768898558477	0.694711511037963	-5.3201971641133	-5.64390280461894	1.10866144309871	7.3004111015861	-5.02746771051369	7.35805816394466	3.16713532598516	5.26009548778365	-2.98300563259647	-1.28690713476983	0.227211488806229	-8.29681436457683	-1.58703713612826	-5.72247918665256	-5.98512017827438
MA0783.1_PKNOX2	PKNOX2	6.59915996575986	5.01689664746763	7.74284169778068	2.47032822920623e-323	1.03753785626662e-322	-8.98911206009527	-3.02834766697642	-0.243286120689529	0.0415281895400779	-3.6058940849094	-4.77834088056192	9.41134829594134	0.299588540760296	5.48306994288673	-5.0929643558079	5.68590055468785	2.19310648471211	-6.87094508007209	0.221583894079129	1.90087419530757	5.02060828640125	-14.9132339763047	0.574846735436196	3.484635318309	-13.9037366220158	-3.45605650628344	-6.18135615912077	9.31768447626727	0.718608202856523	-9.50854082363342	-4.68487173597935	-4.43967345980098	12.3145162407985	-7.88031287805768	12.1590468168718	-1.95603294420113	1.3276860325498	-7.35301276967389	-2.87210773853735	7.41155193544003	-9.60820819467033	-3.63122349265209	-0.214319701947807	-7.46319581462357
MA0784.1_POU1F1	POU1F1	15.9489361009327	7.29617634881139	24.1925973801966	0	0	16.0406949354151	-7.451154211728	-7.36913474452353	0.622957107710737	-5.11431420758783	-7.18020798768287	-12.7841054648955	-0.970766943726082	-13.2621318400797	-5.61774440020129	-4.04287662498774	-2.25670011741851	-6.34518227870656	0.553948324241761	-1.07314736992525	-15.1376277646765	21.9057125097651	-3.70744050908949	-17.4377981226581	16.9522987568068	0.343112321679027	77.1111357481756	-14.2740916820068	-1.65207480473971	16.1630137674394	0.801488355514855	-12.2696291318395	-11.421982873292	15.7256969612294	-15.0243495960193	-9.41717346372107	-3.55418084859838	-11.7573308132854	-5.48687812860049	-1.60960562075514	-7.24043294158363	-3.48964660234248	-3.28161993293351	1.38449155671945
MA0785.1_POU2F1	POU2F1	14.0222199901509	7.04989142940974	20.324683237587	0	0	15.4633564143096	-6.45135247439641	-6.91621976556622	0.882825375857425	-4.69904106759656	-5.88572758665235	-11.4471583583444	-2.95174115153449	-14.3219874376816	-6.62589747833493	-3.94930594939848	-2.02618646626911	-7.00734884590377	-1.87162653586385	-3.57731856495868	-12.779898736373	27.138585450985	-4.00049783252539	-15.2513682331298	19.9969482766599	0.00892654579938269	60.2212513599359	-11.9145209173791	-3.15128025981512	15.9172938852742	-0.609893618308805	-11.4666850108739	-11.6048406704682	16.1920524365582	-15.6609293968971	-10.020850233134	-3.58105063195812	-10.0543022354376	-4.86045300793198	-3.00428847288349	-6.70218736115887	-3.13578529678138	-4.48018814442282	2.23283838392864
MA0786.1_POU3F1	POU3F1	15.3948066729168	6.75920427678469	23.4691475211244	0	0	15.4324735917918	-6.93115046473973	-7.35026664452349	0.738539632789222	-4.80817580780976	-8.24786078806899	-10.9019747174978	-2.19440932181918	-13.532545307981	-6.5353421069287	-4.31434638385566	-2.08433584376836	-9.31792575159182	-0.679101792199815	-2.35082240153071	-14.1736133787413	23.2758285706085	-4.96514533538741	-16.2536934262584	17.1874364050161	0.438580538078907	74.8375762902095	-12.111640286466	-2.18599928192646	14.9079216444712	1.70035616334607	-9.68618727032267	-10.720295226741	14.4194355309685	-12.5255535705446	-7.53345987312067	-4.00285804802076	-9.06869303353393	-5.32414981215117	-2.64511749509065	-7.03517987871133	-3.42280938361595	-4.0352409335494	2.00970422325271
MA0787.1_POU3F2	POU3F2	16.2466656320756	7.49916272109003	24.6044167151653	0	0	16.3307582517959	-7.38648742720006	-8.05470538017557	0.716822118447881	-4.85713485154888	-7.4313830772839	-13.357380677903	-2.44987286266947	-15.0790738869658	-5.48630158330729	-4.15390550179338	-2.20424327751695	-9.35537512680076	-0.899518277668893	-2.85162017726465	-16.6545492679983	23.698863936898	-4.48279279099813	-16.9285221299682	17.4522528047029	0.677146639725542	77.8958161071158	-14.6861235483161	-2.89588796250302	16.7933197110258	1.49361557577977	-10.0855708486214	-11.7316503260394	16.5723148504434	-13.7391323146814	-8.41555550882983	-3.96848571900421	-11.3543504406552	-5.55074007362351	-1.98566956106936	-6.85435457031543	-3.36873904092651	-4.04719901166995	2.25560293396958
MA0788.1_POU3F3	POU3F3	10.8582126730835	5.67488312894737	15.5785386193621	0	0	9.28766055404417	-6.36619228215588	-6.19167370268636	0.868595524140914	-4.18278196497911	-6.69250044498884	-10.5723058399604	0.22670914857494	-12.1706779769159	-5.96907004080129	-3.42478622701674	-1.51784335721497	-5.81476772555311	1.70284497164719	0.638828444228438	-13.4927253670017	21.7675810865178	-3.44034780868132	-11.8566196080818	16.5574346141745	0.197351264360401	44.8767228431912	-11.324278342905	0.093184369568712	10.1693464930903	0.497275874970334	-10.2429403281326	-8.72363773870339	10.0935707232766	-11.5882031160542	-8.15156630995441	-3.92240144820378	-8.26751453762106	-3.92488798235759	0.498587624154204	-7.40229128766162	-2.67465942648571	-1.48397265421424	-0.466602881735134
MA0789.1_POU3F4	POU3F4	25.9169171299784	15.5417522243177	33.3602593293303	0	0	65.7128303552942	-13.7494580418911	-13.6308186270598	-1.54103745822041	-9.33520714850965	-11.1248538199143	-13.3858167503832	-5.57669049873088	-11.5409325132783	-5.53628881115972	-7.18876627045062	-17.5104542367122	-11.698296768183	-4.03282256915924	-5.96160918599488	-11.919127904642	47.8464867559149	-5.30387075010726	-18.0806784107073	43.8049579640979	-1.82060301831204	84.7208804369945	-15.3923914869194	-5.5121777502196	54.3544991381857	0.318187161514259	-12.420294537166	-12.3896747712697	60.4324508013939	-14.0895006158105	-8.88946346714356	-5.90415284352336	-10.4510071834042	-8.58520331366049	-6.58830074582064	-8.276763956202	-8.00162708178931	-7.64684068915131	4.41290394452106
MA0790.1_POU4F1	POU4F1	5.48700808020546	4.23466493500382	6.5233664245318	2.5601403317051e-215	7.21324210246837e-215	-2.90929782506346	-8.76114402234717	-5.3533868150024	-1.37970689934587	-5.72538226877094	-13.2453301807368	-0.540072243412969	6.5982015876076	-4.09531606633545	-6.26666570954185	0.263937393658053	-5.07101531294211	-6.38786909080753	7.41413294925834	7.28483807530802	-3.79384390449592	6.39752918363605	1.40746640501097	-10.1051220396697	5.59887312699133	-1.55671105606225	-0.0755753353450423	-1.2909977876421	5.30627008576138	-1.79564121372584	-1.26341675171767	-5.01271004498846	1.69184929700549	-1.60779608930879	-0.271522415828447	-1.16674806018763	-1.61032732947255	-0.716303536048766	10.5407749529589	5.56609324362702	-8.57867469919192	3.25578871255933	2.71854142780789	-9.98910519347286
MA0791.1_POU4F3	POU4F3	5.45289896973417	4.27874923451438	6.44899004428482	2.45489948029905e-212	6.86660289416981e-212	-3.15035669891598	-9.24021557489814	-5.54796333239084	-1.27451512683909	-5.7147416105931	-13.1068992236889	-0.667611374937887	7.97502736489279	-3.96280350584883	-5.98824896047102	-0.720986857858845	-4.11665751593537	-5.54095215983133	8.48041787836761	7.97024502912926	-4.1030271770618	6.90328908281913	1.18416576254717	-8.05705024671544	6.1603063186621	-1.62704629482429	-0.10143087431853	-1.63650153090826	5.84820497319409	-1.46570066764646	-1.22025433497499	-5.32632194766812	1.47455550092526	-1.59627577885554	-0.52621511045992	-1.54195338007028	-1.73148307816624	-1.26601430594407	8.19041993835483	6.50617638123361	-8.56079428674915	1.44929933854645	3.59011972225568	-9.65181127238924
MA0792.1_POU5F1B	POU5F1B	32.2036073864867	19.2240101440215	41.1723709923425	0	0	72.377091521323	-14.2864779890439	-15.0560116603324	-2.6115111999764	-11.7135054852766	-13.6237821597436	-15.5186338014981	-7.54394941937712	-16.703536754068	-4.70290672239839	-10.0081181815639	-21.0900952218331	-14.3338760461421	-5.74709786382791	-8.26610860106593	-14.9893429272499	61.2504682049201	-7.60129702922347	-23.190688588722	55.7730584321708	-2.70332665720501	104.687670420548	-17.1495816310266	-8.58188977114723	75.5180595477664	-0.211754971561983	-12.5582102828917	-14.197577216731	78.9383631453595	-15.6921966574321	-8.96560131141083	-8.3288306961494	-10.9265288690019	-7.91146840774092	-8.90590585424161	-8.64837602579204	-7.92079209672889	-9.22928528063685	8.14978049577518
MA0793.1_POU6F2	POU6F2	7.20554411309122	5.54850333550228	8.44377829154249	0	0	-9.12474969363315	-12.5679907094758	-10.8820849581576	-6.26274337886371	-10.016516892193	-4.15528303989482	-0.611568092388312	10.2528610131829	-5.80355054179873	-4.43307314668547	7.13795289470886	-3.36518036013644	4.87922248365238	12.752764038783	11.9925878516383	-8.2034839965646	-0.70905554103888	6.36316442352679	-8.49304961200314	-2.52170426163252	-5.22493530362851	-6.07792166271243	-1.34866436627627	12.7997676101616	-6.31299573662514	-2.76153025255736	-6.22206246985476	1.39152636580257	-5.99172783087635	-2.35811442999167	-3.19062716824355	-2.12476033318065	-1.2221567147447	0.279631597607749	14.1711943621364	-8.14076799807315	-2.77371666841519	7.13686431060894	-10.8290748713487
MA0794.1_PROX1	PROX1	1.80597662850938	1.22316001164096	2.34746636999341	4.8427303107347e-11	5.17809944582713e-11	1.58173045160342	-1.07595129040292	1.69744572019654	-1.45245947914945	-0.0718719111027016	6.19258906889632	-1.27109300718264	-0.434732204291001	1.52557037721767	0.0256145095098561	-1.65782786318528	1.30033545941725	3.91507540079934	-0.154415228110508	0.306433547960577	0.96689368556463	1.72460085318791	-1.07807046496237	1.41029975853062	2.12451596497077	-2.44002130592897	1.28840135505144	-1.45013817856254	-0.117190311026703	0.303915596320117	0.266500809939318	0.194435166145553	-0.0610411199818747	-0.225210238339394	0.214646443854787	-0.822284029001273	0.647530616943871	0.215475747300213	0.485936400650059	-2.7193451934297	-1.27891554591024	0.610652185411053	-3.91174437708494	2.74860669366355
MA0795.1_SMAD3	SMAD3	1.14432646843294	0.807030164515108	1.46249742354752	0.0958870261531832	0.096386437747731	-0.14566167415724	0.220571185879964	1.70145317574603	-1.37210228388856	0.433563290031893	1.82167731818124	3.77902188249787	-0.270394154262165	1.04049792845221	0.685967942446352	0.941801551316866	-1.24897114977897	0.456613043941765	-0.746393440684345	-0.139124028979321	1.39000771638239	0.849625346205306	0.539004926967595	-1.19056620692836	0.220535311171308	-2.13723339365123	-0.0105643658432282	2.14535007320525	-0.0910299254847324	0.607541155075847	-1.456814190066	0.121415403950161	-1.1737152311048	0.400558938146788	-0.997818612864094	-0.208976123481336	-0.900734036831673	-1.1292639137042	-0.360938818407395	0.171712641957681	-0.00379605767139	-1.23671935218589	0.013189105989787	-0.0440079593860722
MA0796.1_TGIF1	TGIF1	5.13063819014267	3.82562527138257	6.12257396801843	3.82684267821697e-185	9.6546488483121e-185	-2.96557859078715	-1.09698050447626	-0.958103557545892	-1.8768187465588	-2.85077647623095	-0.454225611859395	5.61440676532677	0.824117244167223	4.54778124918859	-5.79469686469319	4.82846276527528	2.52760549946879	-4.03553631436291	0.771520256976851	1.32112356800427	3.76926646882049	-13.8276089016642	1.32120762593172	4.36619543554388	-13.0072895698334	-4.48344705947419	-0.535485732819879	4.62605762709561	-0.0337550495543694	-3.46519742561411	-6.27427482933344	2.47417645432869	7.58690573742646	-3.05571030392133	7.18113533408053	5.16344019746224	6.75393754487201	-4.70630566138958	-1.48929840685894	5.03594532153652	-7.44085347709027	-2.90546073419988	-1.6458796231624	-7.2700871761572
MA0797.1_TGIF2	TGIF2	5.87438631495994	4.62675783387602	6.81800045301958	1.43376409833795e-250	4.32369485905039e-250	-8.29857618494021	-2.31306033622618	0.266424164288586	-2.12749332356564	-3.73108154787299	-4.01810630386148	8.5710177301736	0.464492094623538	5.07753075876418	-3.99110393871429	4.75888748474654	3.98884069698621	-7.63021366728247	0.742860339196783	1.42629163187594	4.77863799743355	-14.1236274515209	-0.304602150866294	5.29688950417276	-12.7379074419314	-4.68732147636377	-5.28163299339289	8.00562718095334	0.0713131440854559	-7.1714586935279	-5.20615651870371	-2.14724752569191	9.30858970821318	-6.47607626256644	9.79472254056441	0.403352569166933	3.50242980153073	-5.28123876276409	-2.8265458384421	6.20762572781284	-8.31393904373171	-3.91439288581831	-0.377599257803723	-5.5942525252156
MA0798.1_RFX3	RFX3	6.54342634325528	4.95974579752384	7.81231306432225	1.93234261777793e-317	7.85141308475048e-317	-7.5744177081473	-5.87977125590715	-13.5336212570667	2.49730167697455	-6.3165601121705	-4.14344395508259	-3.67863668184001	12.5053831479931	-8.63529826836009	-2.2361531973295	-10.1897334762432	1.08604715559154	3.27495038462759	10.5844049393416	12.5604271509913	-12.5239158171705	-0.507278853286575	-12.0243373829207	-2.98477674232328	0.775328474541912	-0.0749028556602119	-8.43594088816621	-3.79229813565038	10.066587612683	-1.52689715500166	-0.295481948151459	-3.93332781893821	-0.447058331036312	-1.95445140802124	-3.22963466828315	-4.12112731251498	-0.769334103191413	1.03917871122969	1.04827719990933	7.77371975107824	-2.45762948500945	2.5955746827815	9.12191420804326	-3.11622524359995
MA0799.1_RFX4	RFX4	6.36838451504676	4.87362964209862	7.54689891776462	3.25225485890112e-299	1.14124579594166e-298	-7.28189191168627	-5.32470999908909	-11.7000095785172	2.96594114059796	-5.80786710551302	-4.3973720110702	-4.09433537295871	11.6917559873476	-7.18295331817611	-2.08389715657434	-9.83785567473162	1.78633278599474	4.97013187137383	10.5231737159679	12.5186576247436	-11.6166092966872	-0.598093398393117	-12.2093105473829	-3.307332722323	0.907715780221958	-1.09605021857759	-8.23199688618994	-4.27033876130166	9.94219077329595	-1.41037020546065	-1.02351756421237	-4.29648103095155	-0.819761173150654	-1.27318661762564	-3.66290185019741	-4.82380253009841	-0.883858296658516	1.32060374965404	0.795676105869116	7.99568909721849	-3.07054336765025	1.63204874882993	9.16605091667637	-3.37409539562301
MA0800.1_EOMES	EOMES	2.6607061709353	1.70463520600177	3.46945241105795	1.43532472929636e-36	1.79299464565824e-36	-0.142380619750767	1.33752827255771	0.698049020899213	1.64217599429322	-0.735495503343913	-0.0447377233578876	-0.476699759562632	1.1093538438606	2.3248991330126	-2.13946854364164	3.0140443095308	2.2107822550064	1.26005398354263	0.847900073530733	1.86381421731147	1.79495740423801	-0.604799664924163	3.17229021641024	2.69274301074377	-0.43622269229975	-0.469049420180397	0.309360509244669	0.181363879101659	1.57595597336371	-2.30718018311021	-2.59536048510774	3.17205039765788	2.16131297219466	-2.1368140184395	2.63401271213919	2.00398503146252	2.16900598697793	1.32277923437801	-1.78200333218491	-5.91120919370359	0.0179544211560438	-0.943534533278977	-7.89893180062968	8.21947322147749
MA0801.1_MGA	MGA	4.38698061073553	2.80225581212752	5.69007410422186	3.50071780016544e-129	6.75638535431929e-129	-0.465815449810649	2.83908220218261	1.7061403359697	0.298646643836197	1.71368159944741	-1.03785232783438	1.40630088518373	1.18607855151536	7.68849160821261	-3.48745809630811	7.09430384359397	2.16192324712843	1.40979862231986	0.891270336719167	3.00387582428674	5.02957624834322	-1.92900835151922	4.57939204359014	5.12081349765248	-0.412975722314598	-1.00912255383458	1.24445945666944	2.46359789551314	2.32632747804491	-4.48844496991491	-2.68128485597443	1.01779851962344	5.48798340334781	-5.28320092175447	5.69492637437827	0.591325980563746	0.86243373711126	1.23375365435657	-0.796784062674354	-11.9865180416993	-2.38430030897373	0.78341929660248	-14.0712583963443	5.26565124893203
MA0802.1_TBR1	TBR1	3.38174754502766	2.485418303406	4.15511637327111	8.52389264225351e-69	1.25581013737017e-68	-1.63647153130669	1.654528873203	-0.0287963197061961	0.373715493264465	-0.337027483691887	-0.914045276003371	1.69312975987999	1.75164174722404	4.58306785587744	-2.84103058348292	5.24816008955285	1.63075868327888	0.433979246080988	2.03355361431027	3.60568694033913	3.21273834559346	-2.49652480230277	3.90768867298182	3.29964779060652	-2.13676505450254	-1.97138158345904	-0.83590633058883	1.96177377129706	2.59776969968638	-4.42182597263723	-3.41848894661769	2.53776532194154	5.16107877116168	-4.196684954419	4.54219277834208	1.78970972803143	2.35987471956933	2.11779282430495	-0.17494410369398	-7.78445587232997	-2.66882238656562	0.444179265483176	-9.42341254157716	4.10831361664204
MA0803.1_TBX15	TBX15	4.38698061073553	2.80225581212752	5.69007410422186	3.50071780016544e-129	6.75638535431929e-129	-0.465815449810649	2.83908220218261	1.7061403359697	0.298646643836197	1.71368159944741	-1.03785232783438	1.40630088518373	1.18607855151536	7.68849160821261	-3.48745809630811	7.09430384359397	2.16192324712843	1.40979862231986	0.891270336719167	3.00387582428674	5.02957624834322	-1.92900835151922	4.57939204359014	5.12081349765248	-0.412975722314598	-1.00912255383458	1.24445945666944	2.46359789551314	2.32632747804491	-4.48844496991491	-2.68128485597443	1.01779851962344	5.48798340334781	-5.28320092175447	5.69492637437827	0.591325980563746	0.86243373711126	1.23375365435657	-0.796784062674354	-11.9865180416993	-2.38430030897373	0.78341929660248	-14.0712583963443	5.26565124893203
MA0804.1_TBX19	TBX19	2.40211213460487	2.01923789637772	2.70147179730989	2.38058135460015e-27	2.81010520757081e-27	-3.86748550143118	1.26067714907055	0.356496214353384	-0.690280837689326	-0.14690047175042	-2.21569704056914	3.21225972011781	-0.209496875480244	3.40998826122454	-2.93607379296483	3.42805711313264	2.47845065068574	-3.09409368493653	-0.544920781419055	0.317622449874362	2.93513650134123	-2.58512968096364	1.88751115729946	3.89426800431332	-2.33238773054363	-1.08059901438708	-2.07567103041014	3.45227221244776	0.0155868886260204	-3.66479201708011	-0.213952842886789	2.82067731490428	1.78600031757539	-3.22800117107272	1.54717244116857	3.05824346939027	1.57112620618317	1.45111149442696	0.198986123905503	-3.21626656297994	-2.44474498007867	-0.327597124913803	-3.71887287051126	-0.431131824583761
MA0805.1_TBX1	TBX1	4.54135369401133	3.06806133809393	5.72116722975098	5.13149077018117e-140	1.01577201912304e-139	-1.65693442799485	3.10354937820574	2.3334577844134	0.534893612768466	2.87482181654555	-2.35398872821562	2.53458811296857	0.558571654947412	8.52707159072307	-3.17911364788986	6.19985302572062	2.59441242834599	2.38763577126657	0.546642533689005	2.60950026692245	6.21306078431233	-3.45039765832935	3.81847877780252	5.10138091240032	-2.0653005526761	-0.86990446230352	-0.0215679976118564	3.53895595225131	2.17946756137667	-5.14260347012878	-1.96427193663697	0.710781294499845	5.96419600203362	-5.04236285809068	6.124726528841	-0.856061347964044	1.43869088100344	3.3290910211602	0.104176851081603	-12.3466625324371	-4.00104781246432	1.62970970139587	-13.1467993729385	4.15673756626804
MA0806.1_TBX4	TBX4	5.50817526875103	3.58347812679322	7.03983208920171	3.53102594473363e-217	1.00218824607881e-216	-1.45956004039112	4.31151777638943	1.91982959900856	0.617856979273287	2.18610831210113	-0.229959334451713	3.34069148717853	1.29967738656516	8.88566032860331	-4.31837383446539	8.01966115796557	2.50313845823391	3.65164101205003	1.11118528189606	3.30817262338789	8.14337996315834	-5.78340655757754	4.64519593763424	6.67582427612659	-3.58062549008281	-0.45534926797514	0.873662987203271	4.51705728935485	2.52765247154589	-4.39290240130591	-2.65705640272911	0.496105507067414	7.82594480488837	-4.23887364884371	7.78965481671228	-1.3915463165601	2.53602171594349	3.27014295044212	0.370387599947144	-15.9258560316595	-4.64868750381036	1.97294424599693	-16.125998318543	3.08415764257108
MA0807.1_TBX5	TBX5	5.22565590922366	3.27498896216436	6.77651401034765	5.61473443365042e-193	1.45455536334836e-192	-0.424680120553597	3.91500075250155	1.49855140393231	0.360104699967349	1.21479352159919	0.448378306891733	2.4654066908556	1.92808581682282	8.2672733780495	-4.55204500234738	7.94739971075146	2.36320052922409	2.70759390173832	1.39507530355858	3.60752984904625	7.05079800257101	-4.27073821988752	4.71435299864936	6.84532851654822	-2.08094286310846	-0.732431604154039	1.97433696771537	3.72083900625584	2.78381271081756	-4.29488635287219	-3.17530181873205	0.841327938288174	6.85555175579031	-5.00165315750447	7.05398823175152	0.139848730539624	1.69879595528218	1.49184472171741	-0.554031687209476	-15.1725401477684	-3.1173522623576	0.997901914014791	-16.2556528952513	4.59965536575985
MA0808.1_TEAD3	TEAD3	6.54524512999736	4.98145899093255	8.06823088409301	1.24162501105378e-317	5.09858800056514e-317	11.4065681105715	4.5045576959431	5.74624719267148	-0.793812695211947	8.75183472986971	8.38890372416614	-5.66051180686563	-7.37118659882212	-0.175152059425556	9.49631861422967	-1.81100688771206	-3.41556275530801	4.61733674932545	-7.94932263728538	-6.66535970448153	-0.789331206670432	5.63386699731611	-1.5776933812003	-7.42721665054321	4.41189509569959	-0.697431948628806	9.08516503176563	-3.88607616502358	-6.48953260613107	10.2201754319442	-0.729141899438088	-1.26465909322709	-4.25444606726612	10.0447456949379	-4.28587282204981	-1.82052066231202	1.02660635605815	-1.73408018991027	-0.433140376345785	-4.05508854672213	20.9086276353131	1.79038441635881	-1.67010075832952	8.9280857419926
MA0809.1_TEAD4	TEAD4	6.50235355509764	5.0550813296542	7.86535785863093	4.06616656584561e-313	1.5540002915009e-312	10.7400166007173	4.44488440904771	4.51241923901929	-0.779359890963877	8.086846795098	7.7531444861808	-6.64304241776168	-7.17535715836714	-1.72323443387133	9.49708780867103	-3.78670514555123	-4.13265585109551	2.97548892117988	-7.9998907999181	-6.75835556072738	-1.97897585869898	5.19784549767811	-3.43017008960499	-6.46917004896931	4.05126692490606	-0.892258248867279	8.97826076322451	-4.60946346295247	-6.41678149528719	11.1315376374853	-0.82523156511258	-0.436008370228571	-4.34701613282287	10.4928455933733	-4.58059036485892	-1.92704660942058	2.1473284404457	-2.09240234104909	2.20709594302322	-2.37037089947996	19.6576674219316	4.40621143227406	-0.373746136299367	9.60248813017892
MA0810.1_TFAP2A(var.2)	TFAP2A(var.2)	2.3339736190439	1.69333194744349	2.78919416524863	3.93188842519372e-25	4.53047442425306e-25	-1.7675126311166	-2.24648140072543	-0.713595591106321	-1.62684346210483	-3.32522754457805	2.68165300736388	-1.04249828855926	-0.907409692717159	1.27319519913184	-1.85955765711545	1.76786692039416	-0.11797428995649	-1.96415871270566	-1.93000186321522	-0.501130634020437	1.12231223743814	5.98158913133153	3.60518247133752	-0.374510576368953	3.67345249203842	-1.9609818783336	-1.16698795027176	-0.365854178863341	-1.8434577735346	-2.25123447390301	0.532662517750564	-1.74911217496217	4.68583642827592	-0.801950496869418	3.80320724615806	-0.99435112910778	-1.69312030810623	-0.537859602818552	-2.69574018221789	2.82171831908564	0.791408017876915	-3.06342162191463	-1.86888941371199	-3.35528852748565
MA0811.1_TFAP2B	TFAP2B	2.87674353247705	2.09283396003824	3.48755390573739	3.13853660286094e-45	4.19195546264471e-45	-1.73666268830989	-2.35769034670145	0.672144318143143	-0.998153187694971	-2.76312039365845	2.38134333743681	-1.41936662545648	0.352621613139846	2.29349191192655	-1.70598957029184	2.59449696613638	-0.243268706658945	-2.86182264748818	-1.02510771612062	0.674587009434407	1.85396856051037	7.83048327125629	4.50147629056635	-0.52691278208046	5.11862586742743	-1.23172037760726	-1.93543235230887	-0.895607880337597	-0.864536868228411	-2.74935539220036	0.47161269693158	-2.58451447661091	4.88340854168089	-1.35445346797547	3.59842451280583	-1.2132050261539	-3.1338036639015	-0.809067461280901	-4.40629310103731	3.93706773062269	0.283346030395993	-4.69103411953411	-2.30875866661562	-4.45714001096659
MA0812.1_TFAP2B(var.2)	TFAP2B(var.2)	2.68385852554638	1.86981232919957	3.41101964642881	1.86308193859887e-37	2.3501621839842e-37	-1.59601081917738	-3.98426427541161	-2.99269447834637	-2.32326086341497	-4.91573005187263	1.26028583704498	-0.251498522307704	0.716412449415874	-1.07584517975181	-1.00355610696403	3.63708329965423	0.393089069893075	-0.491910224491002	0.197738966879285	1.65609290669358	0.258239585456472	8.19463115052177	3.47184983825187	0.0501581010733298	5.9127017477187	-1.6477574808948	-0.223595100097864	-0.396682532260085	0.934961618037924	-2.2257913590822	1.31531826779116	-2.21425134359639	2.95261876858422	-2.03270293805218	1.77330158608514	-1.65973893347539	0.336649542058327	-1.48656968068502	-3.22663101610556	0.322499645010507	1.55220935655528	-3.35138216292686	-2.08085454685807	-4.3301254772626
MA0813.1_TFAP2B(var.3)	TFAP2B(var.3)	3.18742349132288	2.64253995396937	3.56075574141347	3.49819101084489e-59	4.91018810976773e-59	-4.30308882524813	-4.64013467460655	-1.80287226823396	-1.01876989566797	-3.60570321554587	-2.84342312857542	4.15926839212338	2.90299853624149	-0.735494098516023	-3.82547970317821	3.85441137632055	-0.762143844364622	-5.09275635033145	1.86466793186279	2.59683914858977	0.371361220832203	0.976182152153044	5.04232940164215	-0.213062126527315	0.146229146712726	-2.40114168771501	-3.15968168109351	4.09520183145555	1.46689421408432	-4.89505860703369	-0.731950780881871	-1.09211581325626	4.7514649946046	-4.43048471194987	4.34128239315608	1.78388683558837	-1.75188670826637	0.174904156325399	-4.6274743955737	3.74598699184609	-2.92603470860928	-5.10458070666761	-1.73294103143127	-3.8296615519004
MA0814.1_TFAP2C(var.2)	TFAP2C(var.2)	2.66327179980336	1.77667919836271	3.39298261824658	1.14598957431749e-36	1.43620771326802e-36	-1.02309547471751	-3.60620453456095	-1.38168051758018	-3.06523403807211	-3.50750633114354	2.6450816811589	0.71116697921651	0.422976360838959	-0.708667876566545	-1.74614866348991	2.88602650815074	-0.758460348441147	-0.611041608091663	-0.240149753920849	1.13038704494656	0.637513896995266	8.51670829944546	2.89340542286093	-1.16150481510525	6.51483025967754	-1.56487764544444	0.0144585272764015	0.266596760394576	0.271725863094909	-2.83569200812795	1.11503831728078	-2.12061923965412	2.23666992498479	-2.71489896611006	1.47922792149205	-1.98927430967922	-0.638988782221312	-1.93621733038773	-2.7547835001264	1.07163403952608	2.2361469694011	-2.90770718959304	-1.77043277288481	-4.74394778946538
MA0815.1_TFAP2C(var.3)	TFAP2C(var.3)	2.96013910671288	2.44978796843015	3.2964066494229	8.39134500126815e-49	1.13253817149983e-48	-4.43071938516062	-4.15185776479849	-1.84955299192406	-1.38802037754787	-3.28356817802844	-2.04169719402596	3.05303255573707	3.49349898486309	-0.572577929752007	-3.16328561572805	4.00337448985618	-0.791095795702522	-4.47538577518274	2.38654171765974	2.94103589002975	0.35461398395548	0.776904035368919	4.63470127092452	-0.181882309688679	-0.165793210440984	-2.21884268844643	-3.48970752989269	2.89300060988238	1.99752400743493	-3.81198268918345	-0.38110165001158	-0.372968642885845	4.96473208480979	-2.80960325281879	4.40265925941844	1.90140530957994	-1.34741491655909	0.398821304858316	-4.12774124423417	2.91501457734649	-2.84123709998306	-4.72721236588711	-2.14703170661447	-4.03952958059215
MA0817.1_BHLHE23	BHLHE23	6.30560843325602	3.31004720355866	8.7247666653044	8.36900533174158e-293	2.85879297172766e-292	-0.979361358118536	-1.95879754289406	0.00377120124270019	-1.02540122181278	-1.53591863762428	5.75879567601241	3.30830369147458	-8.94630870885494	-3.1081666205866	-2.29753498445036	0.264431763917322	-2.07271154127157	-4.92292446017726	-8.76754096028355	-7.50245910696239	-3.49532605047055	-5.04892518637737	-0.911401298743913	-8.29066025787055	-3.65722426082268	-0.931197307712281	-1.06261473421653	2.86787782715759	-8.42947004836625	0.177125008028723	0.215654676077792	-3.23660246788195	1.57268915843682	0.849666171486929	3.10550683323716	-2.16720040117016	6.79553755023336	-5.13211871925386	-2.41123968452963	25.1279554053722	-2.9500835448666	-3.42763719613308	15.9880203787263	-3.42399121989563
MA0818.1_BHLHE22	BHLHE22	7.02973237307384	3.65612775047666	9.84028690326654	0	0	-0.371731939399965	-3.80667296864589	-0.93069848227425	-1.01707608072994	-2.03102412427863	5.77982005294555	4.5526854773647	-9.66584117726203	-3.48621872692799	-1.84764996834127	-0.393608221226092	-1.79700912307263	-4.83207266587786	-9.78067279650915	-8.77307170877913	-3.63437788355007	-5.39620797324886	-1.6317921843386	-7.98980855147565	-3.92191207883268	-0.816729976836822	-0.437390287397886	4.01983111624628	-9.85114016916292	0.130487533896911	0.0837134316905837	-4.08407902183626	1.4878842406929	0.962578870976619	3.29437658487997	-3.5891074375525	6.80689931235867	-6.07054241168828	-3.04363502022473	28.4892526164163	-2.32717973510166	-4.02680945998112	17.6880287139779	-2.15275263671001
MA0819.1_CLOCK	CLOCK	2.27762368978526	1.91012040740891	2.57186866150846	2.29752077053924e-23	2.63158165408946e-23	-2.42611360574414	0.235939098615016	-1.09238466489072	2.08928068382403	1.34920535273144	-3.67635101877097	3.27194718904263	2.6838395201246	1.43044359442113	-1.55424666582764	1.65906054363983	0.79809118687944	-3.40215473333839	3.11219897168276	3.20077862839124	-0.262168342863071	-2.62660728369303	-0.542024956757181	2.26216152481134	-1.96966345371664	-0.339449644490061	-2.92769485134687	3.60932038185017	3.06518858776642	-0.510580242542932	-3.22293571468359	-1.71701934150055	0.645388979514698	0.131119533678393	-0.414228601673403	-1.68032204790188	-2.73870922552827	1.04415601708071	2.13911484891339	-1.78513656704099	-4.32652462390916	2.70467879343036	-2.52198796242719	-0.732285773038643
MA0820.1_FIGLA	FIGLA	8.13596827617882	5.84649288469757	10.1687112737977	0	0	-1.30468461763988	0.483354076796427	1.92074621157818	0.343134468370542	-1.52896714820089	0.499637093183962	8.57231038307537	1.16628776865215	9.13763690158715	-5.02041560741589	12.3710484330019	1.55946406152741	6.54288780692184	1.06524516688802	4.73566354614094	5.44733457482834	-11.2666319054304	3.31197249230713	12.0997943927319	-9.12125662346577	-3.26871525612774	2.230898847767	9.1057108729182	2.95722739225903	-3.09875343792643	-4.69397249921619	-3.49032294831229	17.7172378850087	-2.9397081165091	19.6675002574693	-1.18581418462766	1.12387269116792	2.75993436483619	3.76310883844731	-18.4084095434528	-6.13488948390763	6.5689857768994	-19.7692429324233	-6.67891847580401
MA0821.1_HES5	HES5	3.18284914762163	2.4415862249964	3.83815607995557	5.78051719120956e-59	8.08434650654671e-59	-6.18149852858402	0.908979854559241	-0.188229038627638	1.23600140531812	2.13885115779896	-7.23032902925747	5.52965157776268	2.50816072708937	3.87606557379178	-1.29067946405791	1.09112707295366	1.25152191245097	-3.29475270715299	2.08372674841316	3.11282915932032	0.676998329541863	-2.58521892782307	-1.34895355165901	1.90386790102016	-1.0183243708525	1.29386660448691	-7.66687627616355	5.38994803667408	3.15723996479107	-3.0795938562756	0.229280095006051	-0.573323677688413	3.81370380599073	-3.32576584899014	2.3907598345067	-1.19867672201921	-2.79742618373579	2.11028102182633	-0.16167066503429	-2.57804481047433	-4.83568749612454	0.792240152238298	-2.89567350164911	0.493089032453735
MA0822.1_HES7	HES7	3.26891607540829	2.39830162706093	3.99619332595635	3.93418542734296e-63	5.64533670986759e-63	-5.14301191782723	1.09979739969317	-0.512639374611019	1.9098567593917	1.7917923547508	-6.01303929235427	7.79877853965481	0.119335303010031	3.25079849310037	-0.747764221182303	2.87225056474722	0.445586256076079	-3.41400049264038	-0.21175847000821	1.19835327847865	0.0892946515939658	-3.08395091104495	-0.4905948660773	1.53105541561166	-1.71260125820089	1.75114329776369	-6.1527761190412	7.82772872328604	0.796354182792158	-3.00854447563945	0.519806246841021	-0.701115407807758	5.57245129025648	-3.03937146980322	3.46427870492848	-0.604077633564415	-3.13622244092444	1.23787367458522	-0.203375784619469	-3.33473707625237	-5.02293636015149	1.2360304888543	-3.52704064123248	0.428957758091901
MA0823.1_HEY1	HEY1	2.83791499546775	2.31987998941343	3.22855243831635	1.3084284391169e-43	1.72373166381954e-43	-4.66903473123035	0.0943224193394052	-3.81175874206386	3.03492446625875	1.95543080093927	-5.82366992495033	0.966243572685085	3.81052116517532	-0.174839704803256	-0.628044142461965	0.935510885880464	1.18577736636031	-3.49005413959849	3.66938496535112	4.04282159572181	-4.29556243941865	-3.8205215516169	-3.60362928866855	1.43990355580265	-2.8258380919345	1.50982314806219	-5.43986223781098	1.67292122675302	3.62955198029627	0.116598310605271	0.126688163396063	-2.33918671871881	2.21377946587964	-0.133906474895911	-0.332652627665027	-2.26929705327769	-3.45171858463102	3.43296553999348	1.44234481407818	-1.32814176976084	-2.53359917449998	2.33957653201623	-1.02027010453327	2.47759927895256
MA0824.1_ID4	ID4	14.1490065092917	9.12342829575523	18.3075180677551	0	0	-5.95573827344491	4.36426639317227	-0.591860025870616	3.9877065745079	1.07288106573494	-6.57149787331973	12.0825000122583	6.97760229037843	13.4813753485485	-5.11087111419161	17.470796959238	0.298691803094713	4.07581798848461	7.80895071898689	10.696712897876	8.30453967194283	-18.4485095484017	6.04224332633649	16.1846327529833	-13.805102126606	1.44077978692276	0.175771500220292	14.3721516847107	9.11372619451412	-6.38968904765413	-7.09015974042778	4.39404390922884	27.3173794333675	-5.44811845442873	26.518168636298	9.23795571551006	3.74937581306838	7.15241266548254	2.81084709291594	-38.7021159686214	-11.2262993484457	7.52665208547416	-44.2454515930628	-9.47648795893785
MA0825.1_MNT	MNT	2.95104954866328	2.30024306662853	3.50281599308827	2.08654804365179e-48	2.80629806567802e-48	-6.14075830187731	0.624206447715186	-2.4508621385847	2.89411507180358	1.30139256318463	-6.05072997924104	2.78268822741379	3.47844697899558	1.8270118291779	-0.632876442559615	1.72379250884898	1.16155580634913	-3.17589225630544	3.47352224119601	3.62487312256804	-1.53229363854484	-4.313300045883	-2.94832582721047	3.46226091161454	-2.94539458412548	1.5391702408096	-7.28134844564923	3.58384071421383	3.00867360808755	-0.655305394498383	-0.0282983231505908	-1.03149872330653	1.52877240872089	-1.08818215438008	0.00577818064884628	-1.3430250450971	-2.2871528860465	2.40515257743503	1.20784639299186	-1.23795765411892	-4.13255157446057	1.94631718064122	-2.43778991900074	1.86488723682763
MA0826.1_OLIG1	OLIG1	7.26938601015371	3.81206849142969	10.0642029635721	0	0	-1.05663799569318	-2.75903682319819	-1.10446769123659	-0.982208399260778	-1.86553429107283	7.24701199482588	4.18952604052764	-9.8982287117476	-4.60884931215948	-1.90473182391647	-0.0477666641673796	-1.1068396553714	-5.92584575826957	-10.3629778189725	-8.84201721625443	-4.36411215308449	-5.58260642447866	-1.4936059756661	-7.75674567465542	-4.08280351534034	-0.741517362824368	-1.81742673601106	3.66284152148841	-10.1884686989468	0.351843137044575	0.206629868474576	-3.49608483543033	1.03330474065282	0.558171181496274	2.81760392568808	-2.56840998070547	8.46602286191371	-7.40890357659824	-2.70996521394996	28.9778618641081	-2.07490731602548	-3.66825500616582	18.2900929904562	-2.38585298005362
MA0827.1_OLIG3	OLIG3	6.39360400624807	3.24986462926093	8.98568087172047	8.28156624452734e-302	2.95989312072922e-301	-2.44469779775562	-2.82119842167085	-1.46046867205396	0.384517377023907	-2.40124390076615	5.16173579544725	3.23003354143613	-9.11459858117575	-2.68665086516327	-2.42988683991715	0.704808273554463	-1.66607145992101	-5.87963919218471	-8.16236077471747	-7.27080421023321	-2.91639022630605	-5.90436791064334	-1.11450624580443	-7.13129607899444	-4.35356565358328	-0.694092077004244	-4.30038985967357	2.79441897465642	-8.48647938614306	-1.27704539528919	-0.253030899371887	-3.09589721323224	1.29374388258013	-0.537645382204079	3.07332442678481	-2.36521483581859	6.72341645420167	-4.92773421236628	-0.871738609977244	26.3194630418428	-1.26426241112589	-1.02490280455113	16.0915485449788	-1.20859370406284
MA0828.1_SREBF2(var.2)	SREBF2(var.2)	2.69848674496546	2.01417512700321	3.35704874003628	5.06800043640352e-38	6.4350268699071e-38	-4.11166067547436	1.54716266863855	-0.0877402961414393	1.7147694653555	0.114308872869473	-2.94896638551126	-2.38745881902851	0.322786785135938	3.71021154312556	1.65944570696276	0.402970057619476	2.95872776255912	0.504222311135881	0.23454190047781	0.464063955854464	-0.207202977065569	-4.52495068515194	-2.66779227344827	4.49375032949555	-4.12019865703172	-0.567678760704629	-5.07252145272335	-1.80615008154697	0.577840682618676	-0.104625622489845	-2.29964101411638	0.433295130989743	0.802432775464056	-0.604574158321969	-1.59663010096708	-1.21832055511312	1.4813816838917	3.85449739264925	2.7895051777379	-2.59141564980303	1.36730679079847	2.96290234064898	-0.674232252606877	8.15953028761944
MA0830.1_TCF4	TCF4	14.1409195230326	7.93709634044748	18.9866910324802	0	0	0.42748260837953	6.8781926187526	-0.103994575625748	4.03771449041663	1.5602990127484	-2.56424156755552	7.595501829549	7.02185270333117	13.4576488357283	-5.09555704039979	16.3428742671417	-1.05700511862586	6.94230176007141	7.53994153053921	10.623175971682	7.86633643457239	-15.4164634967193	6.4264379851602	15.7616440829427	-11.7919916459215	0.844462840645657	6.0968349352123	8.53104003716993	8.6798451950751	0.386098103790063	-6.45172431270009	7.96918944470978	20.449436759153	0.272061936554717	20.4027744377926	11.4155811465337	5.2060498095056	8.08283734654193	4.15012216681642	-42.9306694344629	-12.758940513957	9.66513329575652	-49.6023459921356	-13.2545512750082
MA0831.1_TFE3	TFE3	3.29522516235305	2.3154711772523	4.30062883811178	1.97013829585014e-64	2.88058099317483e-64	-5.34366284820063	0.406949046344971	-2.43803598592615	3.35423242986974	0.328858557131418	-4.02926953989719	-2.10313004746499	1.36345220215363	2.04695034683849	-2.62689115269401	0.943904868773835	2.56886458369242	-0.351001167359834	0.522396822573167	0.0772962294518212	-2.86270880000814	-5.80519767370291	-3.79267636056403	3.596914528508	-4.66048571317513	0.333542368158982	-7.01695361695589	-1.83765093805371	1.24805857507094	-0.349163543325884	-1.31711760036966	-1.4735564269463	0.418548249786352	-1.17633256246081	-1.81537059960621	-3.00811245755419	-0.81512676039288	3.54694388650849	1.95005537071915	1.50805984858699	1.12615086427379	2.41016802433897	2.88358493989461	11.4110006729767
MA0833.1_ATF4	ATF4	4.06782443249299	3.08239304899794	4.74975204255161	4.29556316838595e-108	7.50265784161528e-108	-3.3929739390909	-3.19968533966576	1.50717363468035	-0.848446539275756	-1.83337807924139	-5.14960048616511	-2.19298712580417	-2.4899504121499	-2.15316189594521	-3.80793533809466	8.93631131535155	-4.28837789861172	-6.3178033256711	-5.14917331642713	-4.37595699276175	2.36695694938816	6.93214393008889	7.07552432005394	7.37037099150302	4.10550370337171	-1.71934566721688	-3.54972656380291	-1.04032480709539	-3.50252034266748	-1.94648446201776	0.0994711437393394	7.71416906005316	3.30335926141402	-2.08952293100244	6.8067878192479	-1.48803184922196	-0.484129384669505	-2.10976334121602	-0.682365665016398	-0.819757848133532	-2.03300086837217	-1.10348510975761	4.35048104345473	-0.925805429602611
MA0834.1_ATF7	ATF7	3.82667342195784	3.0750941210716	4.40459735043895	2.45513327344755e-93	3.9818548048351e-93	-5.15997992726031	-3.1817261373805	-3.34101439257141	1.29664106569494	-2.62681392340171	-4.46272142409935	-1.0945530496489	7.57145846590853	-2.7126068855666	-3.69828053217006	-2.96708831648033	-3.91527351559188	-4.34948197884215	2.3840924016081	5.15524128585316	-1.3091359349341	-4.98397957528719	-4.02192228995205	-1.70316136226005	-3.75454574634018	-3.41282030319574	-5.86178381898767	1.94544037539535	4.72218098688054	2.51451662279547	-1.56126788253382	-0.802431834671337	-0.895468864139248	1.35809341567483	-0.580080561403531	-4.90743020099908	-3.65250333872907	5.25506207395746	3.63552702351696	0.88681286076109	2.07828927770054	4.81448812286709	8.38865510513401	3.68380708559569
MA0835.1_BATF3	BATF3	3.68544021413256	2.87250732493881	4.34225742257769	3.62298551381988e-85	5.68484718835151e-85	-4.82252361483691	-3.1448079852752	-3.5176569593235	-0.316511069248989	-2.77323090335324	-5.77216105745506	-0.870787010478556	8.45331827326288	-1.32427652080444	-2.41867758635682	-1.18442465734625	-4.20846972245439	-6.2392379641844	3.10354353108635	5.64071803747738	-0.140994320976448	-5.74782196652415	-2.40368682059056	-0.31837240051428	-4.43806889076929	-2.73785619308237	-5.6184157044999	1.68285372955567	5.6583363314788	-0.0301409371665534	-1.20260462258133	-0.522313402605464	1.32182407596114	-0.991635860173054	1.38426603024454	-4.16109874742754	-4.15443326437647	2.28565760489633	3.30359273769062	0.943128426515358	0.86091627729066	4.37050694722101	6.68774870259509	2.50375532127309
MA0836.1_CEBPD	CEBPD	3.76108824188638	2.12488431297221	5.29110451025637	1.68734374348198e-89	2.71381118743352e-89	-0.804107405592462	-3.86510919850201	1.43923279539753	-1.2005559122424	-4.29697732774881	1.91619050673638	-3.33107044297806	1.20588189041238	0.23737129869301	-1.71648647501978	1.61400224319704	-3.03897312505675	0.850254646898918	0.887097467900982	0.505023158095992	3.73658262330536	15.8782837148516	2.39355072928984	-0.0281519053073381	8.6713643365628	-3.86643404782174	1.13438998629252	-3.54016660945964	0.886347008387119	-2.29449087113374	-1.6049814583292	4.13887333055745	-4.3329107551925	-1.96169260687379	-4.42226438778418	-0.767117780426795	1.57020559780315	-0.671441383743307	0.717186301177034	-2.04063387991514	1.02819606056188	-0.570255849644136	-0.970916545042002	-3.59593369254495
MA0837.1_CEBPE	CEBPE	4.54218276855265	2.3558689737766	6.54388106880274	4.47659490098636e-140	8.90703933907596e-140	-1.11216599113202	-3.4090438301771	2.41419001310538	-1.60518200869276	-3.75720145435548	2.07984527460764	-2.97171022201435	0.954617173141852	1.65831069516244	-2.11307671290227	2.91804456795881	-2.76615908228382	0.471691621721876	0.578670141066263	0.389779627984543	5.68681804300485	20.4492921299424	3.81299775386141	0.77897301372058	10.2412781445408	-4.13945807364624	0.934317333759301	-3.32236837647849	0.512456622072071	-2.34768308300655	-1.74600562772818	4.95716338556894	-4.40459745673893	-2.04878569392818	-5.36070196138246	-0.455095921734928	1.36081630278891	-1.38969005513948	0.40848512701493	-2.30266308792293	0.510880986086946	-0.826165780785847	-1.78012528429276	-3.72736194334482
MA0838.1_CEBPG	CEBPG	3.38883299035043	1.90320403676526	4.74502385958116	3.69274222263814e-69	5.46129692696675e-69	-1.43696115147029	-3.78444234952835	1.7358234698021	-1.25109732236239	-3.48555952136922	0.898761738783153	-2.52546817159341	0.92901947111575	0.556920964948005	-1.57826790151632	1.88009831067272	-2.95802076384412	0.969293857577658	0.656981376396343	0.372349710634684	4.08594286600591	14.1251825462179	2.62462261577562	0.44770827705501	7.87442037153969	-3.81108126810417	0.159187255726877	-2.72203859701346	0.633339028338593	-2.53575771524161	-1.63738367845933	3.76472100362494	-3.5656214156283	-2.41982656957132	-3.66545808197878	-1.12574014270044	1.4177219079305	-0.696468706425558	0.68656826459271	-2.02946107747954	0.457363122014377	-0.472897588546657	-1.01148063471334	-2.42708371944982
MA0839.1_CREB3L1	CREB3L1	1.91470771845612	1.48659505384121	2.26374998523306	1.74884482249598e-13	1.89090784729258e-13	-4.93930455878816	0.543093633275879	-1.80092125387905	0.921624354564693	-0.229454883533701	-2.89933708035962	0.335627383634229	1.32651017335037	0.534462761688721	-2.01835595819153	-0.855997829267242	0.628430745745589	-1.6984905789648	1.08682954540471	1.05080191330209	-0.376166815063155	-3.18281984199297	-1.88456430066958	3.13570481108094	-3.12153018701965	1.50284719921544	-4.19764842772564	0.65114798072406	1.17999781562324	-0.744637808864586	1.31793946603057	-2.08878249491939	-0.322504366832921	-0.788781594728594	-0.234013728076763	-2.72036885767312	-1.97911364126293	2.95763336362936	0.402243036809315	0.651465940004175	0.334693261300484	0.497351839515323	1.20455027934708	2.96394597053662
MA0841.1_NFE2	NFE2	8.1463098524996	5.68229005486808	10.2586082596849	0	0	-5.92049733949154	5.02701047445497	-3.54920616918063	0.239649969515916	0.24583299542176	-3.89797402089873	-3.00202952882802	-3.1338218784028	-3.26061136705495	-6.87991997690917	13.6222758119787	-11.8861974291085	-17.3563458188326	-4.45672024203681	-4.79725120980453	15.6725309620609	25.0572866262246	2.68525357112499	-2.92946417412542	12.2695476549522	-2.21658330252109	-2.40190780578892	-0.553303649869303	-1.56121328857114	-1.52272115683518	-3.15059612616696	8.91774470541586	1.74065838733471	-3.89123084475114	1.30624424828815	-6.08455610286746	-11.8249473272518	-7.74099830097198	4.68793269485375	-4.5342542136112	8.87421444449586	11.1571022356756	-1.8633992202662	5.90583509439656
MA0842.1_NRL	NRL	3.12564613301294	2.4470233516151	3.67502521491569	2.86926274741587e-56	3.98394036151987e-56	-3.89233483384985	1.04307245040858	-1.32631659328614	-2.14241489461851	-2.13778033384723	-5.52741213529582	2.12298387961468	5.29369509977046	1.82207625442595	-3.49345177371109	1.80480224984315	0.201327534800456	-1.47805131794789	6.03597324960324	6.73499316666905	0.377641506358259	-2.30298010539122	1.1552160230255	4.16165112109616	-2.21377886497043	-2.28543870350326	-2.68270741834046	3.17517120185739	5.81067411293892	-4.21406718671288	-0.767451286494129	-2.4784942875706	1.60084840406648	-4.09991144322917	-0.0167262805830409	-2.50287986354025	-3.62511342693456	0.30503148795058	1.90304030320395	-0.566148636065803	-3.3300044931148	-0.00625507600917358	-1.68900202508709	-4.0250242555269
MA0843.1_TEF	TEF	2.03031056875756	1.52007100253264	2.45906500519959	2.40116178846011e-16	2.6256330038119e-16	-2.385867974063	0.605114558935016	-1.03550807598601	-1.18843437203118	0.846489913701616	-1.78238164055965	0.856557738251968	-1.16990841582597	-1.55622260264097	-1.53215637890017	3.20155056629454	-1.25086906564271	-0.737775860865399	-1.21129788686597	-1.28305848728773	-0.863352775564216	3.60324880212173	1.64632887543858	1.02640526291474	1.4903216476078	-0.872048843002686	-2.19684535417517	0.971183863172975	-1.083582089247	-2.14459926998948	-0.362683893313278	5.91012209310689	-0.0295133441181786	-2.50972480176924	-0.81234427609705	3.95320518680545	2.04133451940912	3.23521306479199	2.23606398129808	-1.7896255622967	-0.346237931033452	2.05277339588686	-1.77959266606483	-1.41389632376348
MA0844.1_XBP1	XBP1	1.9523829148372	1.38284527110843	2.42775709766996	2.18635239232799e-14	2.37727330546086e-14	-2.95559095621671	1.71532691561885	-1.86506149752956	1.30666046915744	0.859284968312757	-2.70660520538838	-0.647440117948594	3.22388697151839	-0.554937066400021	1.42862126244638	0.145491152083906	-1.98943215552972	-2.07181999860799	0.991355578107322	2.15466107462001	-0.507787162116496	-1.91431511324988	-1.05495297720737	0.68129305598292	-1.27663654987143	-0.211803507251741	-3.97429200027985	0.0762141176352599	1.75984053237208	-0.0791274528523532	0.107774073583328	-0.0486434374873703	-0.618279023769435	0.574702375187306	-0.645060107506187	-1.63010783902138	-0.0635112535383072	5.09446114608347	0.975118794533929	-2.23566255888929	1.13365215269957	1.29223157668481	0.102737607979436	5.31062908730258
MA0845.1_FOXB1	FOXB1	11.7742193074113	9.74775007983116	13.3284747418229	0	0	-10.3725325880647	10.1118623739206	13.7015249231253	0.932268574783675	5.69866286005365	-8.23683822621136	7.1217206322983	8.96955520098326	25.8675710786598	-5.33339547948088	16.4198375977574	-4.30585065865532	-12.3630138778189	11.4534485148583	14.7993522157794	24.9914499299756	-9.87186581442116	11.3956104705253	-1.82030729773769	-8.35950674749748	-1.98484792140588	-9.08181956235265	9.93600224366754	12.1685269901109	-8.43375743503146	-1.76166557231295	10.192784901146	-15.0943759637633	-7.36203479401981	-14.2021300707246	5.37065432673481	-17.0676528635497	10.1619707261549	10.876815037788	-16.7415720438282	-4.34494338618642	5.28990600989548	-17.0698798772822	-9.74749222057393
MA0846.1_FOXC2	FOXC2	11.509923787453	9.34035409126822	13.3776206449269	0	0	-5.29274443786641	14.0639929309496	9.2991776798396	1.2532755861474	4.57883354947981	-1.04786721733119	-2.33521336335867	8.09493507729256	20.3828340412253	-7.3370260848517	13.8575335654298	-4.12848285178614	-7.23312307234733	9.26255473016636	12.308168574097	22.4788393920204	-11.477729910875	10.7626971232465	0.0313983827105742	-10.5403181717725	-2.77305225542192	-4.08245598561473	0.587064635059614	9.80830867936334	-3.54204783863142	-3.48446348823744	23.4386827679811	-13.9555784755656	-3.49847209315931	-14.005006262109	15.5910677845005	-10.6078894219111	13.5186365145933	10.6569030510532	-19.8206994042231	-5.75871317899437	6.2614646417959	-21.7592672578555	-12.2610330565674
MA0847.1_FOXD2	FOXD2	10.7155349139124	8.84072108253381	12.3634717073608	0	0	-4.7718062696698	17.5727453473072	6.52955214544207	1.74266737236839	4.82075433795032	0.635562461531072	-2.66831533084476	7.22075770136605	14.4894934916986	-5.11079678267911	14.6876842725512	3.81298312106646	-5.75853887682808	10.5171242489647	11.4120264057646	15.7861362046931	-12.832911975691	12.5629907631038	7.17517997328217	-14.5747836540444	-4.21208655846012	-3.85380414341989	0.396126094050168	8.87746995560578	-6.4764573102535	-7.05557867002923	21.7147129116249	-11.4162121353445	-5.29370832638255	-12.6087150409654	20.1932139845676	-6.33552595673712	7.49214457072184	9.01125823476186	-17.6558944031738	-2.75062447484351	5.70809161011082	-17.7753733166721	-12.0004974997074
MA0848.1_FOXO4	FOXO4	10.7155349139124	8.84072108253381	12.3634717073608	0	0	-4.7718062696698	17.5727453473072	6.52955214544207	1.74266737236839	4.82075433795032	0.635562461531072	-2.66831533084476	7.22075770136605	14.4894934916986	-5.11079678267911	14.6876842725512	3.81298312106646	-5.75853887682808	10.5171242489647	11.4120264057646	15.7861362046931	-12.832911975691	12.5629907631038	7.17517997328217	-14.5747836540444	-4.21208655846012	-3.85380414341989	0.396126094050168	8.87746995560578	-6.4764573102535	-7.05557867002923	21.7147129116249	-11.4162121353445	-5.29370832638255	-12.6087150409654	20.1932139845676	-6.33552595673712	7.49214457072184	9.01125823476186	-17.6558944031738	-2.75062447484351	5.70809161011082	-17.7753733166721	-12.0004974997074
MA0849.1_FOXO6	FOXO6	10.7155349139124	8.84072108253381	12.3634717073608	0	0	-4.7718062696698	17.5727453473072	6.52955214544207	1.74266737236839	4.82075433795032	0.635562461531072	-2.66831533084476	7.22075770136605	14.4894934916986	-5.11079678267911	14.6876842725512	3.81298312106646	-5.75853887682808	10.5171242489647	11.4120264057646	15.7861362046931	-12.832911975691	12.5629907631038	7.17517997328217	-14.5747836540444	-4.21208655846012	-3.85380414341989	0.396126094050168	8.87746995560578	-6.4764573102535	-7.05557867002923	21.7147129116249	-11.4162121353445	-5.29370832638255	-12.6087150409654	20.1932139845676	-6.33552595673712	7.49214457072184	9.01125823476186	-17.6558944031738	-2.75062447484351	5.70809161011082	-17.7753733166721	-12.0004974997074
MA0850.1_FOXP3	FOXP3	10.7155349139124	8.84072108253381	12.3634717073608	0	0	-4.7718062696698	17.5727453473072	6.52955214544207	1.74266737236839	4.82075433795032	0.635562461531072	-2.66831533084476	7.22075770136605	14.4894934916986	-5.11079678267911	14.6876842725512	3.81298312106646	-5.75853887682808	10.5171242489647	11.4120264057646	15.7861362046931	-12.832911975691	12.5629907631038	7.17517997328217	-14.5747836540444	-4.21208655846012	-3.85380414341989	0.396126094050168	8.87746995560578	-6.4764573102535	-7.05557867002923	21.7147129116249	-11.4162121353445	-5.29370832638255	-12.6087150409654	20.1932139845676	-6.33552595673712	7.49214457072184	9.01125823476186	-17.6558944031738	-2.75062447484351	5.70809161011082	-17.7753733166721	-12.0004974997074
MA0855.1_RXRB	RXRB	4.25813931558074	3.03235206018113	5.2667484052407	1.8642661623286e-120	3.45964778201366e-120	1.73379944046395	7.0239660912197	2.60131839069107	-1.37460795558206	4.1430380131584	-3.68135251427825	3.69875904737672	-1.81737778224676	5.75533425677779	-3.8328672955344	4.547590354619	4.641654773058	-2.06524867802499	-1.72445681630381	-1.23509545650852	5.7159332414947	-2.65615461672586	1.80991372084014	10.4645252058218	-2.21661113138859	-1.78356957852208	3.63119340042524	4.83169049275037	-1.5420749794526	-0.0766762374299227	0.2184161138639	-0.358472226139232	3.2916042456076	-1.26796843982871	1.39766386954171	-2.91196249205828	-0.687059662400544	2.60358368968463	1.59482704761976	-11.9622500800595	5.55438302228795	2.97690852834667	-9.24521162625818	1.836382736067
MA0856.1_RXRG	RXRG	4.06992732714986	2.89357630577137	5.04734119498021	3.16129639968475e-108	5.57196534373658e-108	2.4469066777083	5.78096448908577	3.40972073298469	-1.07442352808547	3.40561486637489	-2.36428117905072	3.91156537924366	-2.21878698599136	5.5223134890033	-3.03815544587899	4.8880202871733	3.9403029484006	-1.81236868014355	-1.98179479114239	-1.68995945799756	6.36132052850965	-2.90359327515849	2.63750250578082	7.53480498742187	-2.49228857542227	-1.46126404316209	4.40961695117054	4.71164534813886	-2.2134090636796	-0.102604758340586	0.540384466177479	0.0608858180240361	1.69483128283016	-1.06323449054262	0.455068241141513	-2.2707367251373	-0.0803715162619954	1.78187175967805	1.55218290737809	-11.9068307168504	7.17720315812101	2.79296654445688	-9.22614672861924	1.72276292131832
MA0861.1_TP73	TP73	11.6410800821744	7.36589771463439	14.8886402014007	0	0	-11.7720984439875	-10.0739022485699	1.18398713436359	-3.05119013691446	-6.55056958385121	-9.38375798414926	4.32952449733671	-4.75491990415129	13.4899261977751	-3.19588547555439	32.6633020747332	-11.0531772806276	-9.67038911864213	-5.46634950512018	-7.04388177490218	13.7911294146312	-0.636023776799537	34.3992808769708	-8.25634655855184	-1.14907849851163	-4.1201440823068	-12.6427848032673	1.75314551593141	-6.13566532796817	-5.23294791374834	-1.26131985554634	4.95483927497006	-17.2222170696683	-4.77722039595366	-17.9575489753479	2.58899311385461	4.94742555602954	-8.62756804490845	-4.82114783734427	19.5773193551401	-6.59384786301603	-6.64990514739773	15.9320191700015	-2.10447524956587
MA0862.1_GMEB2	GMEB2	1.08151088187568	0.86637867738737	1.25204847201846	0.218585052257901	0.219152805640389	-1.64805622467249	-0.261073931592457	-0.170422384540079	0.35418391799735	0.395119440231207	1.73235898826941	-1.38554820363142	0.584759465497214	1.17059110977449	-1.48010428051923	-0.142200239502868	1.37960967474512	1.23016865622656	0.0631391572831379	0.222806533318647	2.33805346354012	0.829724164429843	0.0759729589620013	1.804145586788	0.39636380544399	1.11698732816119	-1.58723648400571	-1.74608685555774	0.350885382448996	-0.403184037920687	1.27299858284501	0.997926391635087	-1.04818674964312	-0.565818538713564	-1.69483879110618	-1.14785582614455	-0.212886217168864	-0.0756242863700501	0.86805533979896	-1.26182546243676	-0.654345891889768	0.2072017040794	-0.705289562503679	-0.880917491188335
MA0863.1_MTF1	MTF1	1.73978922434889	1.39033466426353	2.03449710851499	1.12461762154931e-09	1.18932164909051e-09	1.19914980743656	0.256942742724011	-1.12135780847303	0.603083165259744	1.12317912872676	-1.87356709928912	1.47619043048543	0.429226943077576	-2.69521999142162	4.33906022579559	-0.735572195805414	-0.433468353368553	-1.95577936222533	0.439919682740776	0.366539544236282	-2.27376174411964	-1.01979916486593	-1.36949875486325	0.427338573135543	-1.35391107650815	1.51128765218769	-1.97324235422764	2.19289173564742	0.0938412921957099	1.53583755170372	-1.93935561675029	1.24812495416626	1.9514526891747	2.03670550970252	1.41186550609532	1.23559849848903	-0.257848521336808	0.138307776160661	-0.757969954023344	-3.18164241075545	3.80257670340582	-0.133823822983661	-1.39192267173379	2.69754597049789
MA0864.1_E2F2	E2F2	2.56986587116814	1.96501218743159	3.03688459944405	3.46188732622336e-33	4.18899218784394e-33	-1.69319958338921	-5.22208239401695	-4.15149254133595	0.491118399944267	-3.66907247429475	1.1887820629347	-0.24762368611855	4.06714567953891	-4.40422411657521	-1.64727446413977	-2.79601724052718	-1.89409914658296	5.09528375160753	4.80739614025018	4.08186758590745	-4.26777544923281	-0.135344721490259	-2.3471246521568	-3.3155324555593	-0.0766724032030411	-0.383342872170114	-1.11319060824804	-0.474301069331538	3.34725730298394	-1.16920991788359	0.735528799393794	-0.834495789607969	-0.00188725394471051	-1.2351086199327	-0.816575041542924	-0.863518389506559	1.7977059896172	1.43561262228863	0.758273780786886	3.01860049207598	-1.25361351919735	-0.139012814724528	2.36154213996675	-1.03122091329954
MA0865.1_E2F8	E2F8	3.14947043177692	2.458259762022	3.74205180406715	2.19876911832745e-57	3.06398873528662e-57	0.390706998640515	-4.19866289634469	-4.19023830815816	-0.178051144637283	-3.9763291295109	0.361647377583389	-4.0325476712426	1.71861525119929	-4.23279324739916	-0.299415642741331	-7.86552766593029	-1.42383225782869	3.21915855121984	0.950774036738414	0.150448377459317	-4.23466948712387	2.40507986709603	-5.29543334038574	-3.49797764805367	2.65037379129253	-0.261858384271281	2.53472658720736	-3.58783895713093	0.49580641690232	0.953087339809178	1.23433251062202	-5.43398070113521	-1.96607924359531	1.31024466951791	-1.36197542805788	-4.4284199996053	-0.479474162869038	2.13419324779786	-1.1315381851045	6.27012157779159	-0.126545947344973	-1.79633754951458	6.12558507637469	0.898137185763658
MA0866.1_SOX21	SOX21	2.48898586948536	1.92604581894496	2.9709092212877	2.63203040384562e-30	3.13569054285312e-30	-3.84207634247814	-2.51738930069401	-0.915758310646722	-1.60597050439778	-1.95037758224078	3.05070507111831	-0.431306802551953	4.773345380016	-2.94476267430523	-3.40803137382082	0.943320555194338	-1.51893597882149	0.485530533731587	4.93289395179818	4.78441192330626	-1.83660909748962	-2.01586229560289	0.369004990712396	-0.750750852640804	-2.94475279956562	0.774882404061911	-2.08342030227763	-2.23337107784293	4.40802661885231	-2.79980103253448	2.08828020702239	-0.78842061290262	-1.02320607789152	-2.97479399180632	-1.65448741038991	0.264616279182483	-1.17803471510108	-3.89028365451192	1.07196542667309	1.93855631046382	-0.654235513530471	0.459422862306585	1.87186927948853	-3.80881903038399
MA0867.1_SOX4	SOX4	2.11044678161359	1.59327490535924	2.55732825160954	1.73133881215852e-18	1.91489049138449e-18	-2.62216732616329	-1.77674700964911	-0.232880814482605	-2.84901359516567	-3.27672146803423	1.07753791072072	0.22489640140144	3.5575618589343	0.348044826458417	-4.68660567650478	0.797428191020455	-0.0413957831583529	0.753198936839141	4.33117313592019	4.04638935032962	0.592863906641959	0.518547372296264	-0.217013905266862	1.38306376397752	-0.414849586016892	-0.81635688293814	0.324584320230023	-0.0045289399326512	3.74076040087133	-2.42277163416586	1.17544257888582	-1.61367827054957	-0.494037400118122	-2.42848536691257	-0.556800955992737	-0.348198528936405	-2.82359180248367	-2.61247119976966	0.651821804810046	0.028929286318095	-2.01018840137445	-0.850314248799516	0.173196948652686	-4.3454506034434
MA0868.1_SOX8	SOX8	1.39684530045149	1.10932826087653	1.66186825546859	0.000404572952389556	0.000415332871336087	-1.57990118900964	-1.32211704647368	-1.64309070546409	1.09128832542712	-1.60260197496798	-1.82935801776669	0.255019583143546	1.74103441755211	-1.19384457229924	-3.82420722329049	-0.736228664401706	1.48774067329219	-1.60496545204945	1.93839455976961	2.41488306937292	-1.63294880066398	0.589800458912767	-0.778118027460323	1.85833898729098	0.672702045356406	0.825176892670797	-0.159363804586201	-0.295462204462367	1.06715023140499	-1.4874904259743	-0.391222774268448	-1.23804232650843	-0.728650072103698	-1.40959458342016	-1.18131465966647	-0.368423145671613	-0.747334629415361	-2.57040714043335	1.39302801888557	-0.614451320950441	-1.69718677063963	1.14432234754778	-0.950980063684106	-0.62859984846051
MA0871.1_TFEC	TFEC	3.23602475224783	2.39257264744561	3.97065420585851	1.59616661329114e-61	2.26514820856757e-61	-5.44826194394583	-1.93755267012912	-0.530038091873012	1.78747767231267	-1.71958593571067	-4.45975459245705	-2.1719070803205	-0.522247099038072	4.07960914508242	-2.53571281027946	2.72752294272717	0.365247807974267	-2.00931571562372	-1.04070816801713	-1.62436309518859	1.18466586050831	-5.78638776580754	-1.905641877835	1.20529703168041	-4.75249291428151	0.252529871057517	-7.22985813975248	-2.02501522570076	-0.616565084154573	-0.545627123193308	-1.58353522242795	-0.424252544200496	-0.477885135629923	-1.01603192615782	-2.68097243070736	-2.54758842439056	-1.13196616460194	2.13992980113603	3.69136643758415	3.85759060586779	0.978792372600698	3.83732563101835	5.9027428633239	8.88864165592004
MA0872.1_TFAP2A(var.3)	TFAP2A(var.3)	3.02470540059922	2.46551634294489	3.39675132563642	1.17604802327866e-51	1.61549657290236e-51	-4.00893039693143	-4.23042055899557	-1.6815755757432	-1.61789790231611	-3.26812205030963	-2.27486159820367	2.49650745785554	4.02244926043237	-1.00359106925599	-3.32264542166522	4.02788035031142	-1.15624676078309	-5.0561794893818	2.91590392446651	3.42737719018409	-0.13716681980653	0.122104725756762	4.56264586135136	-0.787530177035409	-1.03566247919652	-2.09684970778862	-3.31938866897753	2.19989068772146	2.41216730483629	-3.78077273323244	-0.203569791665152	-0.889936131904125	4.71784766200407	-3.17584978862822	4.27628806060779	1.43435246146852	-1.44229508953864	-1.06273054910381	-4.13555648156543	4.62800492502771	-2.67062264537085	-4.53189169607725	-1.11527989696495	-4.34741394182833
MA0873.1_HOXD12	HOXD12	2.08673962752045	1.60371305161667	2.46881769036935	7.68092822587127e-18	8.44683274981855e-18	1.32084865706751	-3.51615786375762	-4.58566668641721	0.109861637570861	-1.8099571980999	-2.22362491591246	1.23192423349966	0.981498384472841	-3.588893089846	-1.51966172037857	0.556230836522072	-1.3413241792268	0.126797594330108	1.09785685962926	0.783680089089901	-4.66034014804109	1.20764434180881	0.760911722179844	-2.22265634209097	0.188288334634833	-0.11300868135718	1.86882991956898	2.21547467296574	1.303008674382	0.387650444472037	0.20545063003115	0.0589360657815777	-0.28434555219079	0.231282420477015	-0.841268368705706	-0.291001207883486	-3.63494631766691	0.512515026101933	0.294216995677131	3.59283974638371	2.81619291015639	-1.28779298702511	3.1130285376131	-4.24080503971406
MA0875.1_BARX1	BARX1	7.47888796710696	5.41711535194861	9.0149461195389	0	0	-9.13336677263475	-8.86895552382725	-11.3827579278947	-3.71028668804477	-7.38974797761993	2.79008216039039	-5.30519146447164	14.5085032279823	-9.7867223743437	-3.4532794693276	3.56412102681428	0.578947678099153	10.7852211625673	16.9557559488666	15.6763598367586	-10.3820690757547	-0.470021211095519	3.2159513932377	-4.53442616512844	-2.23313645277099	-4.59613675051602	-7.40507998856322	-5.9713227702339	13.9799141166931	-5.9285132524542	-2.63377643252673	-5.58982168854709	-0.967870570860677	-6.65686508995163	-3.63078980343078	-3.63490669955815	0.611846075438219	-3.19125008994518	5.12821492650735	6.21001872548368	-5.86707475318172	2.14062162422281	3.66588718880931	-8.27189610425423
MA0876.1_BSX	BSX	4.3714842849667	2.79994450884206	5.72272706059494	4.06378769917898e-128	7.65181488723456e-128	-1.30710025017417	-1.57432309384744	-1.90046934262462	-1.24287453502887	-0.603085848421545	0.0108362613797979	0.199249717934851	5.75139512538015	-3.70081175229897	-2.6386807266551	1.10307904596946	-0.785984285296464	6.62590600106214	7.76701868370453	7.81960785879207	-5.1565633433695	-1.39715313185219	0.713548472002957	-4.07550152957941	-1.41885461173037	-1.71164537154629	-8.14021547257215	-0.388385513781595	4.96596432587159	-0.926352223238582	-1.78346828480294	-1.71644881115178	0.771789441565092	-0.879799755861	-2.12906108203336	-2.13472923763292	0.655828290933739	0.0358897757151527	-0.267514425635449	15.9809267116761	-3.72454702044342	-1.24017794138587	7.39887693518033	-3.33483400797536
MA0878.1_CDX1	CDX1	2.47310377786915	1.7038755047582	3.37796616041305	9.36462767641101e-30	1.11222962556758e-29	2.78742698349513	-0.464609196223981	-0.992603916740673	-1.06471127657081	0.000604232826790168	-1.23965914550942	1.4640406924487	2.42983762945176	-2.97106617435513	-2.08050121227233	1.40750245315455	-1.33894976842473	2.00987936285246	2.58914408416328	2.18461312249766	-3.05982936161602	-1.26349614215281	1.47620372594909	-3.43252582386714	-1.5337680168823	-0.102523432595304	9.53996540854079	1.23730453664784	1.85386870802625	1.79763831976192	2.7056106722035	-0.342115241472725	-0.656135752539172	1.45611773131568	-1.25772197339809	-1.59024329870907	-0.81087362475342	2.18958626761923	-1.80564102942973	1.38872658188006	-1.57612991377123	-2.11062095762174	1.17965110908999	-4.63241500145187
MA0882.1_DLX6	DLX6	4.56104117106479	3.32298421318869	5.50123086806534	1.99060106361554e-141	4.00193755497707e-141	-1.23931986030385	-1.5498453794027	-1.68749493001287	-1.24836862805031	-0.569671134968168	2.01561236984291	-2.55550955974415	8.63707248471621	-5.90305658350015	-3.0126654322934	1.19912017867133	-1.10804967281019	9.75670373895489	9.86457755513372	11.5125315745351	-5.71004032061447	-1.20360458289425	0.955669229603409	-5.97287844325423	-1.37133158629726	-1.64568161414782	-7.28323295195397	-3.63910652925131	7.68360376049397	-0.647116956503347	-0.591007655354244	-1.54453635209627	1.70521450717655	-0.652545374391648	-1.6206237769121	-2.76392154560712	0.86337754557609	-2.48934066368613	1.47510580595563	7.48139774102234	-3.64066191375456	-0.222963603474841	4.55723489722302	-3.02468444756436
MA0884.1_DUXA	DUXA	2.54961721474066	1.86101839781342	3.06854393667178	1.87134945649356e-32	2.25731528189536e-32	-1.92550402331953	-4.06092645160382	-2.75593910885568	1.06318317212888	-1.40711741808343	-4.33350915669745	-3.44485842885298	1.8050511184408	-6.53964940398509	1.45116659816303	0.328520782769601	-0.131660275209916	1.845841448846	1.87580328749589	1.88994173921296	-6.36598912433432	0.668717243000217	1.2720995474732	-2.42070321601036	-0.236723033888017	-0.243441199859834	-3.44034518069287	-3.80831518096298	1.40502253624299	1.03351160085895	-1.22852191379256	0.370997930003582	0.505313179511367	0.579510357945958	-0.420948139273545	0.273645977823714	2.47282902177815	0.446547592670202	2.17143837515529	4.45897878366816	-0.159835568720088	1.40190685407844	4.09480099898159	0.00747977496942457
MA0886.1_EMX2	EMX2	4.97615388837733	3.56919502498979	6.07126994553632	9.75928460928706e-173	2.29700235316147e-172	-1.16795216949168	-1.93397620116274	-2.12479211105262	-1.27065301346918	-0.786974368613984	0.77915649538413	-3.51401630443345	7.76154302402985	-5.34233925823119	-3.15012894375141	2.71585404877627	-1.18070117203051	7.45609109894683	10.142825204692	11.8647219259773	-5.20070522157556	-0.512755657752342	3.06930400314062	-7.26451769067964	-0.963329068075439	-1.48025962191164	-5.92657564833768	-4.75982396131867	7.23467470173829	-0.95661661503445	-0.475032572903821	-2.98170415503333	0.0564444400592118	-0.863468065265607	-4.69778311274879	-3.62395170171949	-1.06353978175385	-2.25456662448764	0.056759198498134	13.6773805410501	-4.0277043629445	-1.07215166432402	6.18726014541748	-3.43410108301829
MA0887.1_EVX1	EVX1	5.10046606687224	3.3658975135085	6.37170674030585	1.09153158281106e-182	2.7008409677248e-182	-1.02947883573965	-1.65806122316935	-1.82725965995343	-1.23391540504655	-0.832253816796152	2.2130946101897	-1.7483116065938	9.64483837120821	-3.88530456441939	-2.3986822763676	2.18967443451527	-1.3617021600387	12.6410492667625	13.0205302129876	14.8665060224555	-4.12100380158366	-0.801081459471638	1.8925471933107	-5.93030438181727	-1.16034705038606	-1.57698668815628	-4.72122852346116	-3.15531844478064	8.73925025726153	-0.701943235981075	-1.37441373929774	-1.658952570047	-2.47855772426174	-0.713655915587085	-5.64150292354781	-1.91905354430989	-1.59549740374059	-3.32599634284417	2.13391602232236	6.41391104419408	-3.06345461289005	-0.0606167410678114	2.30797924557511	-3.75990760656589
MA0888.1_EVX2	EVX2	4.67425637713552	3.30500648193791	5.65444592821647	1.13155473243079e-149	2.38677664873381e-149	-1.03479029131066	-1.9571253079773	-2.21821601962863	-1.266521269212	-1.00275865034919	1.82243966553888	-1.22114438625443	8.30629888159899	-4.79009901126751	-3.68400840128333	2.5441785279057	-1.31069752683984	11.1687756724444	10.6625323832756	11.8397076308982	-4.94413589112458	-0.813289947035847	2.44329960828765	-5.85795602738512	-1.29774957453349	-1.60139128614021	-4.09059090197514	-2.55208870487207	7.44352663979843	-0.792683092784247	-1.35763413217937	-2.30939628254565	-1.41145767246263	-0.823063088967044	-4.57348781482227	-3.43134545841565	-1.73478398947991	-2.05455667566346	1.57755053825952	8.68514119527221	-3.8089952083572	-0.372295131195499	3.96793232650225	-3.76645568010193
MA0889.1_GBX1	GBX1	5.39726258454288	3.73537291064403	6.73491016914393	1.62621275512698e-207	4.48370088199296e-207	-1.71013504208017	-2.25164878051364	-2.58199223337421	-1.4265578366502	-0.859784843403266	-0.134235883859294	-2.25719532024341	8.08489502014566	-5.66707541885695	-2.96346553300268	2.54724337847963	-1.06623462498664	7.18836550218453	10.8920701531182	11.781502785047	-6.17006447491212	-1.09972745542841	2.28273895130304	-7.90073344195615	-1.28474846040676	-1.73170338611082	-9.41861600415254	-4.08768687299409	7.28692084900707	-1.1394235646958	-0.0171089730608722	-2.67273504067868	0.36997524539644	-1.1761716314598	-3.25523320901822	-3.53939726631652	-1.46692141386091	-1.52992567130348	0.856541825842878	16.5112574472716	-4.07859070793866	-0.713036045324884	7.0719684293565	-3.64147967065473
MA0890.1_GBX2	GBX2	10.0532821391658	7.51322105810756	12.0089900738301	0	0	-12.8535242849214	-13.5858664177404	-15.8304977134067	-4.52643940850894	-10.5104945759031	-0.641448558639604	-4.66956177497481	17.1262678420067	-10.3602723838119	-3.58387689682088	4.23709605288519	0.869558079753447	10.9489530936783	21.4351943168117	19.2321960222484	-13.2744612983146	0.424275730849269	3.43672476576545	-7.67344399314126	-1.63321034277923	-4.76996175245228	-14.8118446339992	-5.96734575251329	17.9536938694744	-10.5179061366651	-0.412692754831917	-7.97787562849925	-0.436093453757318	-11.6969270517387	-4.68301491156319	-6.97974523841638	-0.881466528922051	-2.48035768391167	3.97719801034502	17.6370905581929	-7.07339438970425	0.336934591785125	6.59211791018971	-12.5976953487159
MA0891.1_GSC2	GSC2	2.23204710971709	0.927080880058486	3.45242460573635	5.56065584739722e-22	6.29446673634994e-22	-0.982845004287907	0.247174642312406	-0.913075797644619	-0.363723826601917	-0.106092037496289	11.2944228976758	-1.1062010909892	-0.191825721642052	-0.431721730847636	-1.9032344091749	-0.450719035912708	-0.126010295627281	0.656407407201938	-0.230841394069675	-1.05434279193907	-0.398672979316709	0.362106316264119	-0.214706761806957	-0.1029362656164	-0.333487774143357	2.62269270884854	-0.103016721898854	-1.60912290521931	-0.366521494769981	-0.867306138547288	2.61813233577346	-0.196553065303274	-1.45654233658277	-1.0793127127821	-2.50339166182256	0.577185584273987	1.23727348468783	-0.114169377483301	-0.625096790012642	1.07293804329204	-2.86287491213676	-0.557485066822057	0.361321368240856	-3.73311320279564
MA0892.1_GSX1	GSX1	7.61682474942182	5.76748634231499	9.02838830756866	0	0	-9.47538735722068	-10.0768601663177	-11.6071622231526	-5.16171980981988	-8.60156484024027	-7.07088325738838	-3.96007684692445	11.8897416316784	-7.20603087838709	-4.63527954884624	4.52407785827131	-0.599788315159579	5.18326064753745	15.723323441782	13.7054528922691	-9.84033458033562	0.419488337188348	4.85158998138986	-5.94709784526544	-0.798278303355147	-2.9904600000098	-7.57102570303819	-4.83322382912826	13.4508731328231	-8.09239689137327	-0.18627585505687	-9.72435820452702	1.54637910026058	-8.66276698323224	-3.81309656417826	-5.90471023908443	-1.43120383243653	-0.892206590865211	0.379448277841504	13.0514207407978	-7.72908571274928	-3.19856397376138	6.66380341839004	-11.8449203341886
MA0893.1_GSX2	GSX2	7.4700293661679	5.64764384386318	8.88511128726321	0	0	-7.95669704867827	-8.64604671463645	-15.0777907995736	-5.78353673952297	-7.7701348128338	-4.21712656957893	-2.59767274761386	11.0591574035991	-7.61197790916997	-4.83324417137864	3.83952543658579	0.11285410239149	7.25742248190758	14.286803638886	12.6391827860909	-12.0269065067514	1.04111402985939	4.12380747563239	-3.52467927538733	-0.151321150044555	-3.85846254476488	-6.36007594975432	-2.63690845835013	12.4581967537513	-5.3848988554371	-1.46314865562843	-9.14165363967071	1.88965767386687	-6.17536714518266	-3.22717775279276	-5.48291481829216	-1.56548182232464	-0.848605280702404	0.0159440372078319	14.8681040256021	-8.28319184094468	-3.19393020693433	7.9790334677649	-11.438735393816
MA0894.1_HESX1	HESX1	7.4767626995486	5.79211951607133	8.77225446378152	0	0	-9.13635228592245	-11.0283045626897	-11.0310760775672	-4.70545383528116	-9.58711415519327	-5.64436742605848	-1.58646981509855	11.6751295510757	-6.57308715328633	-4.44536909553026	8.61345797407854	1.72718795579944	7.43803657821433	15.2093394874444	12.8693843143286	-9.38509390099026	-1.92455547812475	6.72502570542947	-5.4058844818509	-2.60455412681806	-3.24323406361512	-8.79190468312228	-2.51050650202537	11.6553287867876	-5.60243869764595	-1.04243527457458	-6.99062063420566	0.753995135361939	-5.97661920009391	-3.95523484076612	-4.343597330351	-1.79343641932712	-1.82552350285146	-0.519219426971456	13.1080138136052	-8.17886314698461	-3.8732908193178	5.26066407179734	-12.9695709903361
MA0895.1_HMBOX1	HMBOX1	1.77012635863806	1.38130799891177	2.06212082815583	2.73146122607029e-10	2.90452901725381e-10	0.159954560020526	-1.44856351222562	-1.65852767736656	0.183428017750894	-2.03078368183572	-2.31136338746022	-2.03797396509533	-0.903739054939888	-0.606275788207505	-3.00385582878174	2.67968610167462	0.556093934055237	0.372779386351294	-0.877314329412851	-1.03102391581994	0.572102945509032	2.70015075454865	3.26107392896299	0.466263149786016	2.21964095278044	1.02514126154198	0.640745156266336	-2.27048536845124	-0.977771090146415	-1.20666574272771	0.366749213458637	-2.49169287482202	-0.506822826645847	-2.97740662276912	-1.65891889133666	-2.98946837703353	-0.332670135073229	0.636178404875821	2.77677162522314	-0.583162477404222	0.471622582701519	3.54647263434732	-0.626552206612712	1.21096425984835
MA0899.1_HOXA10	HOXA10	2.74345150225476	2.16412231597912	3.24653224005917	8.75009223691677e-40	1.12584520114996e-39	0.274818899761945	-1.15810816365558	-1.53721504503077	-1.17840180645326	-0.742855332002351	-2.48558945218687	2.3464934418906	4.62931646026506	-2.58738100612477	-3.05017333353902	1.67445212325721	-0.828389493027949	2.53979508434511	5.73752308042997	5.06639945420769	-3.85905572791365	-1.09300967256607	1.59296127589974	-0.214873376867835	-1.45442464828021	-0.916184392356267	1.86595998286623	2.44472997869368	4.24603842976484	-0.237106660464694	1.10425776642561	-1.86987057047289	0.606405263560525	-0.357620648138593	-2.43971392287439	-2.37318152809794	-1.6344695937206	2.3902916229925	-1.17847431819896	4.37151461318134	-3.71532656006999	-2.09321294218279	2.7742653689653	-6.47436189754381
MA0900.1_HOXA2	HOXA2	5.69919125344952	4.16058939084495	6.84872378989879	2.60063384117606e-234	7.60488380828757e-234	-1.36557272236749	-2.19295265982932	-2.60741120115531	-1.37876599685183	-1.23517098936329	3.07663540896513	-3.78657121780868	9.95026942077447	-6.58646594568578	-2.63183773181869	2.72242038532492	-1.60705158328486	12.6575064324176	12.0607937555625	13.6175214970828	-6.42331350049702	-0.389233916441352	3.03430322528188	-8.72797059384355	-0.848224777097373	-1.55654960458867	-6.08474205098997	-5.07783816765008	8.94677462093988	-1.23671365071042	-0.21199236424743	-2.26305112774158	-2.15184445588013	-1.18530285600099	-5.99433023025671	-2.44437614592803	-1.5255974923502	-3.67673582282198	1.44638850733995	11.9917466661988	-3.74458031785706	-0.242349550729556	4.85843164239605	-4.06699865784271
MA0901.1_HOXB13	HOXB13	1.71628291177824	1.31640261713665	2.03400596957297	3.26441267843651e-09	3.42408503770786e-09	1.84522714614386	0.621793418030045	-0.331573130805011	-0.450705693067947	0.720862023530121	-0.722619986558882	3.11831176437807	-0.608911018248936	-2.61421815635065	1.11869422665783	1.40933246985231	-0.966792974557538	1.20530173822127	0.233824201127786	-0.473305261530788	-3.9223406989347	-1.51943142599655	0.639540782647678	-1.48872298618594	-1.52593176270627	-0.602652040928602	2.09734642773837	2.91715321433197	0.120434665466258	1.41359834937115	-0.457844663607529	-1.01042482347498	1.50532168464027	1.52393102417088	-0.272099139104006	-2.16419463330763	-0.529729379883351	0.783809408695218	-1.02551678903126	3.75206869206161	0.803029218517774	-1.20711075365545	2.65671636024101	-3.24781671247856
MA0902.1_HOXB2	HOXB2	9.18497447846539	6.90954717772126	10.8998295445345	0	0	-9.94772107032629	-13.4337556727621	-13.8438435458056	-7.27749581085493	-11.4159817108728	-1.45913963662002	-4.65084318300197	16.3338316463604	-9.96463513971525	-6.10631902236893	5.80136584420731	-1.24332522763623	12.019145943342	17.8966584471065	18.7789744929677	-11.8612647715307	3.37878220576615	5.4984313235618	-7.03599821891267	1.39987587782264	-4.585880129231	-8.18622532642754	-5.32349588064285	18.1660369822062	-7.09179110528023	-0.859488247544325	-8.96769873038746	-1.41570005025842	-7.66079554042804	-6.92356894401085	-6.52976127850952	-3.2655004455409	-2.56734176156404	4.05476632443593	11.5251393573018	-7.77432278339841	1.20357156195418	5.70262924670564	-11.7615800737325
MA0903.1_HOXB3	HOXB3	9.07699208471445	6.91691144269083	10.7384483237376	0	0	-9.93469955494547	-15.6089957734439	-12.6428821675046	-6.18926900629298	-11.7866785646607	-5.34310874120632	-5.5997649971178	15.786875062367	-10.7399779758159	-5.37190194084766	4.57143460769199	-1.43680346414617	6.9220728443802	18.0070215758005	17.0137693941679	-10.9538114665962	3.56987632852215	4.70156371220347	-6.86762344138925	1.65358648421844	-3.99782411936044	-7.77063662600252	-6.05351784734297	16.3218847032528	-6.72851375220779	-0.750017595599291	-9.72736604418141	-0.639736418610071	-7.97803950481601	-5.80179508426514	-5.50655013965518	-2.38421212503986	-1.88573368365809	3.9173989508631	16.06105090574	-7.53365880564535	0.576357880660209	7.77251506775633	-13.0606706537946
MA0905.1_HOXC10	HOXC10	2.68536005847251	1.96290220494068	3.279839327432	1.63072069293721e-37	2.06379733597955e-37	2.74481214633878	-7.76077646126441	-4.13056383037667	0.238924342097206	-4.72054935648307	-3.6217884154133	0.549530958617045	2.07108435225874	-2.42069174997841	0.171674217024348	0.129314466362216	-4.61968480283797	0.218561062439423	2.61580093058768	1.56733820030216	-3.81837328315511	-0.121814176597269	-0.242334475483997	-5.06913147159534	-0.905260899924926	-0.560386110125733	5.57450227754226	1.01216508235669	1.89755993991881	1.05192145533832	-0.500863534810248	0.0343261521642771	-0.0939609706860999	1.10062350164789	-0.556912024614525	-0.142817744928125	-3.01838787211524	-0.0784404359205719	0.459854133599098	1.80971924408779	3.53450897603628	-1.12322108614061	1.92576381687926	-3.28312203084648
MA0906.1_HOXC12	HOXC12	1.8363219915335	1.41481663623836	2.15277881948348	1.06690480520754e-11	1.14395904113919e-11	1.81754505905959	-2.77548921663664	-3.74387330269113	1.3240191976046	-1.30938842106612	-0.731090509308931	0.106815799620169	-0.476778691310161	-2.81499522682212	-1.7213333341307	0.85910731895162	-0.170232095139838	-0.431487192356727	0.144035719730541	-0.827634608292249	-3.6216072901952	0.257986438566985	1.21116705139655	-0.519317097325932	-0.36664347820912	2.47948249029025	2.81101769852216	0.856993459002489	-0.0778268199245397	-0.029991398130156	2.83200939189199	-0.58099018955387	-1.69942785831251	-0.481259772163605	-2.51018285412706	-1.65206444775966	-2.51998028031598	0.487547244407061	-0.0360841468129917	2.43043616820429	1.45517211637877	-0.883068910438297	3.69590800188155	-3.1068904776089
MA0907.1_HOXC13	HOXC13	2.79364980048113	2.02091065154309	3.45269982403394	8.50671646006345e-42	1.10932180864341e-41	1.28142783442244	-3.68316573487013	-8.0528778851512	-0.0281875986569161	-3.543902121294	-2.10338402576598	0.927979379531419	1.62003435496488	-6.15419099914044	-0.783461943192902	-0.71051998046074	2.12728937536193	3.37730072732294	2.82223402783434	1.76940023743607	-6.85558717369349	0.305979673600872	-0.311663457964753	-0.498148945663006	-0.0126671296372333	-1.21744846079389	1.94107351588911	0.573572464127076	2.08193950959599	0.353666593898116	-1.89049430718297	-1.73214699501814	1.98760404515236	-0.0429766771509988	0.865722862014899	-2.2256326969039	0.569570056461751	1.4262960053414	-1.64558352300032	4.06020001763984	0.149062241381137	-3.76105065338235	4.24853548880547	-2.9845016691336
MA0908.1_HOXD11	HOXD11	2.37885414619525	1.88295248968453	2.72966899785983	1.39233873517912e-26	1.62861439933073e-26	1.43274884893312	-5.30286721887384	-3.48609099433348	1.31950483043468	-3.77466438133124	-0.245250411279123	-0.875292906029382	1.73592676649915	-2.6273830671369	-1.51325879449806	0.50374772839274	-3.98695396535616	2.56471499666338	2.10064792437181	1.55364415206444	-3.84898246854412	2.21735653742479	1.44242807793472	-5.50733637470435	1.60441987150926	1.58832422232835	3.1308021323089	0.196780579261975	1.68036084326203	0.555417563760932	1.16326769503253	0.834186484232034	-2.27179416201763	0.269680035671661	-3.0089590402553	-0.552200245324703	-2.99116254328122	1.17522204063067	0.64253260841589	1.66230715754452	1.03701716106672	-0.564730055221812	1.16039928760493	-3.91207135890168
MA0909.1_HOXD13	HOXD13	2.17632859106439	1.6134837196295	2.67562526900085	2.40914175634751e-20	2.7032811568318e-20	2.32378934736015	-0.19147093425088	-0.700915203505504	-0.713726791282068	0.193199981140243	-1.57135535462259	3.39492396019108	-0.459234609570508	-3.1139214095154	1.11348329064875	0.998334453738613	-1.19527205544402	2.06274867391922	0.598529804433556	-0.510252214915689	-4.12588764758215	-1.27306935862919	0.956967448217877	-3.66372648420959	-1.45331229746028	-0.752591639490074	5.4862291027835	3.10452220563701	-0.00360915839014069	0.749124260184509	-0.448502258166222	-0.579684921877867	-0.516609923420881	0.81252585824274	-0.892776120688152	-1.76598789908481	-0.656756745331016	2.41480764286607	-1.35928071182317	4.79465277403937	1.57972098920936	-1.63654046771129	3.94346818825649	-2.88572857508245
MA0914.1_ISL2	ISL2	6.43602943881789	4.76484023847141	7.79805298480507	3.38854999392015e-306	1.24569552157446e-305	-9.28661339333926	-8.16747930245916	-8.96336925302954	-3.46537139151029	-3.15598405155157	-1.17946909713744	-0.564461034121783	11.5604559385439	-1.61159569535823	-3.51351237597622	1.12319933554774	11.2266663046132	4.71962043255679	14.7548129072534	12.5505725072116	-4.17189531965137	-2.04130703591515	-0.13222025864241	4.86892619612164	-3.40846028136554	-3.57995293661033	-10.0609502592246	-0.976424396237097	12.1364073319121	-8.96748423471054	-1.36363771907817	-3.98099546612109	4.01363668325694	-8.27325590935325	-0.492151575277598	-0.8138553027339	1.22665918658203	-0.464037077236222	1.17683818031145	0.223511830524807	-7.97803332742855	-1.79406584079671	-2.57334141747549	-9.41378961519094
