motif	name	variability	bootstrap_lower_bound	bootstrap_upper_bound	p_value	p_value_adj	270502_S0_L001.sorted.dedup.bam	304955_S0_L001.sorted.dedup.bam	278106_S0_L001.sorted.dedup.bam	304944_S0_L001.sorted.dedup.bam	313308_S0_L001.sorted.dedup.bam	2792020_S32_L003.sorted.dedup.bam	2781090_S41_L003.sorted.dedup.bam	2858490_S0_L001.sorted.dedup.bam	2811610_S33_L003.sorted.dedup.bam	2705020_S0_L001.sorted.dedup.bam	2858810_S31_L003.sorted.dedup.bam	2781080_S30_L003.sorted.dedup.bam	2705010_S40_L003.sorted.dedup.bam	2858800_S38_L003.sorted.dedup.bam	3049430_S42_L003.sorted.dedup.bam	2705000_S0_L001.sorted.dedup.bam	3049380_S0_L001.sorted.dedup.bam	2792010_S0_L001.sorted.dedup.bam	3013500_S34_L003.sorted.dedup.bam	2811630_S35_L003.sorted.dedup.bam	2792040_S0_L001.sorted.dedup.bam	2781020_S37_L003.sorted.dedup.bam	3049400_S39_L003.sorted.dedup.bam	3049450_S36_L003.sorted.dedup.bam	m329861_S198.sorted.dedup.bam	m329883_S194.sorted.dedup.bam	m344004_S196.sorted.dedup.bam	m344001_S207.sorted.dedup.bam	m329885_S199.sorted.dedup.bam	m329865_S206.sorted.dedup.bam	m318978_S195.sorted.dedup.bam	m318979_S197.sorted.dedup.bam	m313309_S193.sorted.dedup.bam	m318986_S33_sorted.dedup.bam	m334087_S35_sorted.dedup.bam	m357484_S37_sorted.dedup.bam	m357486_S34_sorted.dedup.bam	m357488_S36_sorted.dedup.bam	m364088_S38_sorted.dedup.bam
MA0003.4_TFAP2A	TFAP2A	3.15980731055719	2.35479404097424	3.82084200495607	7.1607708089543e-58	1.02551310454029e-57	-3.45269136394195	-4.52549746667764	-0.12355046775908	-0.606216673634901	-4.03653641216524	0.572769219956218	2.55773974179689	-0.692320185760678	0.706892472038839	-3.44453407400875	2.45742306856035	0.510233084525776	-3.47253213978659	-1.90510893976804	0.0592786937475718	2.21059588792252	8.26229012977104	1.69786591371452	0.932385047095647	6.13136195100628	-1.53077888898461	-2.18890005326897	3.17146092935708	-0.870720890187524	-3.33244527732218	0.379692213452766	-3.89166664468081	3.70170251865259	-2.72579136368126	3.41586202557451	-2.48412514158199	-2.65664252424864	-1.18927144402593	-4.52893367148026	4.91342215235865	-1.0279837175378	-4.24837729108225	-2.04552479876253	-4.7715868392638
MA0009.2_TBXT	TBXT	2.7436170688402	2.31387275831468	3.07654335343959	8.61891036014719e-40	1.12028136714028e-39	-2.94899394253315	-0.46061597094093	0.214536599986031	-0.506448776258579	-0.295084564048407	-3.23389780566409	2.37815318476069	0.647071849739121	3.0573642897111	-2.33214942325954	4.86752642959467	3.44302586779271	-2.68384746652979	0.674558215525302	1.32293826504689	2.86112950675947	-3.9741274153345	3.48823557579942	4.75955330607127	-3.58139353064282	-0.378497572705421	-1.89308930416978	3.02391269929596	1.35181054489388	-3.29799679374287	-0.866265118814747	2.9983503796214	3.42867378808493	-2.94778548631753	3.27841062451554	3.2312496325092	-0.0540742585179309	1.84834927016991	-0.58265874773489	-4.07205273298042	-2.730056967463	-0.913842092485269	-4.69590898032597	-1.21519950659838
MA0014.3_PAX5	PAX5	2.12082598270393	1.59136251241084	2.54597718916571	8.94528447179696e-19	9.93397380815347e-19	-0.672556091638336	4.70714131137877	-0.942247509548052	0.363599674131258	3.90371583301233	-2.50335043565003	-1.74044839754342	-0.670655050287619	1.56864449083485	-0.637455422719779	3.35858838644319	1.15591604837053	-1.14655065932861	-0.851104749830525	-1.46181830063195	0.989968418669337	0.145484573593393	2.78891310070121	3.02046048367952	0.779027011878408	0.0962936262794023	-0.158579167295458	-0.557930004989029	-0.892256486414447	-0.384184211868148	-1.89624509474885	-1.19935499108262	0.530497613633835	0.084938363714379	0.780026313628188	-2.96095757520269	-1.58539165487821	5.01415185662766	0.543681644299603	-3.90559176679243	0.542662108533435	0.645854759117774	-2.34745504646403	4.56423987792577
MA0017.2_NR2F1	NR2F1	5.14971551008751	3.62140834522029	6.44519752921364	1.05300818034719e-186	2.78892961573125e-186	0.366590691030405	4.92107375215199	3.98868369022645	0.299467996410932	5.87628796579489	-7.59950019195492	10.1691447516967	1.11575099083368	9.40248649703543	-0.0307046419818976	3.4540331102717	1.67389122605845	-4.4195118669825	1.94113267247241	2.37089835280115	6.11542688846421	-6.39956327516634	1.69960278541514	3.54214986052428	-2.51249832740967	2.10674329706785	-0.48765358202229	10.0716439916008	2.10524568814039	-3.11038586757658	1.44305885596125	-0.387061072283986	1.24777532703118	-3.56523550968692	-1.02643596923473	-2.69662750812431	-1.39968583931555	6.74657856599906	2.09491739744872	-14.4400309907382	2.53406489123225	4.527943752431	-10.7561483437404	4.80519275981463
MA0018.4_CREB1	CREB1	4.90595814070258	3.74841474393162	5.73831918179309	3.10298884305058e-167	7.35652411105249e-167	-6.4961521247443	-2.37822630216128	-2.41378608820374	2.683066400795	-2.32196002006765	-7.15622803516202	1.89840056530659	11.3394135590732	-1.40635019340267	-2.51294926538974	0.152233117327605	-5.42029266338466	-8.4681936695012	5.44022339940345	8.87699332477855	1.47013552823344	-6.39322659168618	-2.23658683545952	0.0700599690030613	-6.0705559549551	-1.95166319314919	-7.83829728596708	4.9965462695209	8.52589713356806	-1.69437994642225	-2.01623479659991	0.826982912796559	-0.492693571925687	-2.18158323996086	0.288252749487039	-3.72123209250741	-6.67241606700364	1.63803307355267	5.69933657766287	-1.22478494361671	0.0778082064631586	7.42729919336134	6.23650218780566	1.1713221401211
MA0024.3_E2F1	E2F1	2.11906883041733	1.63780378057925	2.49583335225243	1.00068227801727e-18	1.10933779682125e-18	-0.531741644183149	-2.39786529162375	-2.82527512008505	-0.137048475948952	-2.48995776451191	0.508683585295417	-1.40204497969615	1.65506530922163	-3.15879870806845	-0.839052297961041	-4.92250060754965	-1.02587949880012	2.38538791584376	1.01854586009557	1.01446413404682	-5.33009749422739	1.16223454347139	-4.64169175667592	-1.27140711242555	1.5883040720303	-1.2489890065479	-0.274693488698158	-1.54422862360226	1.00326158776936	0.308185567996612	-0.808318400387694	-1.6406206515098	-1.4295689425218	0.480876470471937	-0.998782102633538	-2.36367564372477	2.15776525505935	2.02710041223325	1.14079739396587	2.35190570362267	1.75053116635733	0.901937235846091	3.45144293079778	1.74550474996686
MA0025.2_NFIL3	NFIL3	6.57778744952634	3.44986037588945	8.87284033728199	4.44165015611281e-321	1.98021510853172e-320	8.10750203496348	-5.88379378862222	-4.38278276722215	-4.34605587251307	-5.27799976739617	-1.73369768119339	-4.43311217150495	2.67951044743043	-4.27742777055019	-4.16303036563096	2.08626499719883	-8.45777232245892	-1.57365115274553	2.41578447739446	2.2133433187327	-3.5051284439618	23.0294784781291	1.41766305863195	-5.25051339827128	18.8090133802927	-3.96953160635801	14.3781147046716	-5.24459650469287	2.17947347285735	4.11810905697829	-1.09670595178013	-0.46914414619931	-3.68065469416506	3.60595466102765	-5.36551343857825	-2.0659597669432	-2.17052866120131	-1.07352343821289	-1.55048754051922	-1.8555039891695	-5.08062412289372	-3.41760758002691	-1.89852323529522	-3.85687351670925
MA0027.2_EN1	EN1	3.74805329291197	2.39410633079129	4.83733702726141	9.56788832267657e-89	1.56498018301144e-88	-0.663218793346204	-1.1158324832516	-0.870708216682686	-1.09767454668593	-0.227522976271993	0.536432847239247	-0.0856341613695115	4.49864734776592	-3.28841636091975	-2.99110609629354	1.60549167238348	-0.99195695608142	5.80826120885852	6.43756795319806	6.26040228309884	-4.07554671274843	-1.29472875048326	1.19892237244397	-4.74274499577395	-1.26449379694474	-1.40969956583464	-5.84619250297166	-1.32692421205249	3.73367887638253	-0.412888678231499	-0.481525970549557	-1.63040320282381	-1.25063192736529	-0.436418600309431	-3.99789918287802	-2.44552390118264	0.0791834324580844	-0.672140541131918	0.319228956155522	13.6249809856755	-2.81377458097649	-0.725453368582069	6.99120292235957	-2.46359877852854
MA0028.2_ELK1	ELK1	4.56642721871082	3.12374048290848	6.05676636902918	8.16076483887702e-142	1.6992645207267e-141	0.973740773491499	-0.03807905599695	-4.33301244466553	2.28726507256338	-2.05432901226739	3.02740728376182	-3.74067118612587	-0.392557556078778	-2.52499076835823	-0.455654180052612	-4.76606860784027	-4.96946577964669	6.25469077802386	-0.119149596967872	-1.63198294234902	-1.34551722198569	1.03867565476008	-5.82983958431351	-0.39238903011492	2.91671810376182	1.31567937084264	3.69620365696119	-3.01367439034118	-0.535917382134582	2.61912716884313	-0.736800396990784	-4.44790635179903	-9.68931717230112	1.26231237470815	-7.68416998645709	-4.90559203709748	-2.60895237835852	2.94103457451691	3.06827208880125	0.455016675114064	7.14404260927701	4.00203791663405	5.25852537794204	15.759778868534
MA0030.1_FOXF2	FOXF2	9.12575028656225	7.41576337063758	10.8848916313849	0	0	0.293201196802445	9.54080330766041	2.83030680218245	0.935041835639455	3.80977981068484	2.81471994893174	-7.45987318395993	7.25524631662968	8.37293962327001	-5.84976434424107	10.6357790032796	-0.992493374417869	-2.46448339424659	9.46527296847376	9.47731702504065	11.1467259750674	-11.469698061192	10.6277330860594	3.3857443689527	-12.4489412488441	-3.87279074740704	0.883180375481292	-5.1180069936346	8.84609708326377	0.992392245975629	-6.36018286889885	22.5299401214831	-12.2529650153736	1.12633829157694	-13.9687843537687	17.7875053138443	-2.06684202527124	6.02029360767153	8.75605145898741	-15.5129300783836	-2.42391913698934	5.60850944652241	-14.769629273566	-9.17930000286075
MA0031.1_FOXD1	FOXD1	9.98167690002957	8.07110541262678	11.754247852686	0	0	2.82124256828109	13.8973082314707	4.89995168512398	2.97462919938233	5.61641916861564	4.70633213953934	-9.51120184345524	3.89701935379114	11.6688654554795	-5.79707798491723	15.8884078863027	0.508709544183306	-0.470729877448006	5.23706016574619	6.7201409259939	14.3573403195808	-8.38893552160253	13.8696876667186	3.03724927636058	-10.1460058236545	-2.77230203477184	4.8739636370469	-7.93643640853259	4.82406355643383	1.60329735221825	-6.37604372955131	23.0571767926325	-15.8570763950907	1.55832763538965	-16.3698276080507	19.9603582786844	1.08056223661764	5.68912232855076	10.8939395246862	-16.9183081751466	-1.6287292607505	6.66411642124665	-15.762137485872	-8.60079679083129
MA0032.2_FOXC1	FOXC1	11.8938294781725	9.66848460965215	14.0606838571886	0	0	-2.5781960720566	12.4766060141171	10.3122272344835	3.04303016329506	5.80771907389872	-4.16164059998816	-0.587247275830727	6.48017784786853	23.1842402894967	-6.79270300942509	14.7272906064793	-6.36953854598416	-9.68706823122914	8.47692493782199	10.6143315101115	25.9919377277821	-10.4435382211948	11.8782953052398	-2.06368868727035	-10.610466441443	-2.29989103074217	-1.71301029194835	2.29794077854106	8.77656472908127	-1.76432758585193	-3.89341806142137	21.6604387057646	-18.5409902766714	-1.43390356865083	-19.0900024594289	15.5744143263382	-9.74029200993563	11.6224566863095	11.2495637829646	-20.4811015409016	-4.68381966475605	6.41877995844443	-19.9518038123078	-11.000653099893
MA0033.2_FOXL1	FOXL1	10.7155349139124	8.89185111492524	12.3537647214931	0	0	-4.7718062696698	17.5727453473072	6.52955214544207	1.74266737236839	4.82075433795032	0.635562461531072	-2.66831533084476	7.22075770136605	14.4894934916986	-5.11079678267911	14.6876842725512	3.81298312106646	-5.75853887682808	10.5171242489647	11.4120264057646	15.7861362046931	-12.832911975691	12.5629907631038	7.17517997328217	-14.5747836540444	-4.21208655846012	-3.85380414341989	0.396126094050168	8.87746995560578	-6.4764573102535	-7.05557867002923	21.7147129116249	-11.4162121353445	-5.29370832638255	-12.6087150409654	20.1932139845676	-6.33552595673712	7.49214457072184	9.01125823476186	-17.6558944031738	-2.75062447484351	5.70809161011082	-17.7753733166721	-12.0004974997074
MA0035.4_GATA1	GATA1	2.26715760231804	1.67191633772089	2.7731880493821	4.81524981948443e-23	5.53185687065997e-23	1.25667855960991	0.861265157793245	1.6752369794552	0.770248899281985	-0.792701422753688	2.21544708036987	2.09572589237922	-1.97905869958201	4.77986842161461	-2.3076012972137	3.28617974335608	-0.37489592543999	0.862113455877871	-1.54865456862409	-1.92744227228965	6.60897894419947	-3.49305850935482	1.87918155391461	0.761989933749188	-3.38264379611345	-0.608831884528409	4.59246944333979	1.83591475013179	-1.49182572381531	0.350834297943907	-0.44140423939724	0.455202586731301	1.48292036466863	0.355185190795482	2.44426090132952	0.218398119446845	-1.36662483548077	0.480004697890029	-0.557508558708644	-3.61003218605456	-1.35878937363927	-0.0815916391415224	-2.7349601536281	-0.69475615270777
MA0036.3_GATA2	GATA2	6.97534290828559	5.25232016098774	8.24932281790086	0	0	4.96203489896392	4.67931363384375	11.9279070083585	-0.985336366786843	-1.4678661388456	2.33830848263443	-0.10658297562652	-5.51663360548492	15.0936146755672	-4.15880760495191	5.66994583852686	0.773228353745335	-2.47227691140977	-3.59601288175245	-4.80124418465206	17.5373992198451	-11.1073085291036	4.81224486149227	3.31527498019207	-9.90222565266397	-3.24691622418472	14.3198242067569	0.776864441196778	-4.65482415972768	2.23857018095301	-4.11362144043253	3.68472039996574	9.53506523212999	3.6674785173287	11.1798747942812	2.53994888035367	-2.06601093145685	0.727494996525261	-1.36199870520375	-10.9179993228628	-4.04104731239047	-0.804919506268452	-9.98636563331845	-3.33137557971387
MA0037.3_GATA3	GATA3	5.97785312361182	4.49614525416445	7.0916167805856	2.04171639608657e-260	6.94842192861721e-260	4.55024286270123	4.59090630116355	10.7171301467497	-1.18231413077314	-0.12516132778072	0.805607337586153	0.544848677046729	-3.84259024086924	13.5419588524178	-3.55275946350853	6.10969979692003	0.462908217203662	-3.72362297652437	-2.75452897276888	-3.28745169534024	12.8686123486829	-11.4609666533685	5.12489447256934	2.65620770983474	-9.64307246906907	-2.54546919754904	13.4523767681781	0.552215813489734	-2.94904275217815	0.249827220790038	-2.97180368348323	4.39992484484102	7.12703828266106	1.56113369860265	8.61921963203917	3.3142022121595	-1.17205240036364	1.89883175827223	-2.5561855884423	-8.42922425189857	-2.33544959532476	-1.91236098026294	-7.52211575492243	-2.2528135362505
MA0038.2_GFI1	GFI1	5.07848851088555	3.86948623400138	6.01071448655584	6.55566024070733e-181	1.6598931729471e-180	-8.30816681960211	-5.43636034442112	-5.10488834602983	-1.26958291168802	-5.19386878674729	-6.36752093049319	0.187792193579427	9.04541638205304	-5.50533967465667	-3.27129374280607	-4.99648668219492	8.07728635654608	5.23941349314615	9.73018331224774	9.72841131918128	-8.5085976285354	0.71251722971415	-4.18008760840836	3.95244299273547	0.73820330884617	-1.44650622183958	-9.13878307184842	0.157831443161936	9.33569093682849	-3.34940396067059	0.722321662870292	-3.96846576166037	-1.26300251766724	-5.34233844694889	-0.905259466844608	-2.34857367683543	2.40156206245435	-1.89084664157997	-0.403129458929451	0.22249052822472	-3.43630121362754	-0.528732585834534	2.16888995505881	-3.99984205370598
MA0039.4_KLF4	KLF4	4.84542557148302	3.32822940789017	6.16586617815293	1.47515626268044e-162	3.44566020028308e-162	3.80477222845535	1.05538380359417	-2.8216491823223	1.23899006992639	-1.32192346204811	9.05285596154836	-14.0198122970438	-0.998572208911741	-1.17680655124327	-6.39885841340416	2.06364316222881	-0.108164277996759	4.04576586930747	-2.407751075692	-2.65820882913739	0.238591133745824	7.09377284422836	5.42180500961489	-1.88263356030434	7.10976411130044	1.39299093240065	10.0256527589897	-11.7331688887935	-2.37822977670354	3.07874114157149	1.21682744880381	2.83198590925014	-2.49426852974168	1.49890520836672	-4.33828506333818	3.53838446598764	2.39109198328115	0.740874074713855	1.5143664224052	-6.40943051816495	3.38167409778113	1.94368729369927	-2.61961776757387	2.03632291609248
MA0042.2_FOXI1	FOXI1	10.7155349139124	8.89185111492524	12.3537647214931	0	0	-4.7718062696698	17.5727453473072	6.52955214544207	1.74266737236839	4.82075433795032	0.635562461531072	-2.66831533084476	7.22075770136605	14.4894934916986	-5.11079678267911	14.6876842725512	3.81298312106646	-5.75853887682808	10.5171242489647	11.4120264057646	15.7861362046931	-12.832911975691	12.5629907631038	7.17517997328217	-14.5747836540444	-4.21208655846012	-3.85380414341989	0.396126094050168	8.87746995560578	-6.4764573102535	-7.05557867002923	21.7147129116249	-11.4162121353445	-5.29370832638255	-12.6087150409654	20.1932139845676	-6.33552595673712	7.49214457072184	9.01125823476186	-17.6558944031738	-2.75062447484351	5.70809161011082	-17.7753733166721	-12.0004974997074
MA0043.3_HLF	HLF	6.18027975467198	2.73217387174145	8.47262293080233	3.32393927299299e-280	1.20231631988832e-279	7.50305965889837	-5.05628944846864	-3.98850091636718	-2.41431911220701	-4.46086809565354	-0.871349903202375	-2.93382740236353	1.14496899226242	-2.72054680923301	-3.99192738537518	3.43544216223452	-6.16819602959547	-1.49562039640593	1.41836582260734	0.879306740594332	-2.31116170016784	21.8811310333331	1.87050309177544	-3.63839576192021	19.2615260874134	-3.20104892964332	14.6396024063279	-3.32153633935217	1.06808208800762	3.25784808501773	-1.41274146916201	-0.438404336782561	-2.49949850128101	2.96067304217159	-4.65996018398664	-2.16614440438278	-2.59635158902703	-1.56649992580385	-1.36705237561916	-3.54233103447119	-4.46360768998191	-2.53578645121356	-3.54668212521352	-3.71010050645394
MA0046.2_HNF1A	HNF1A	2.35898179309738	1.73868656776341	2.86978957461942	6.1792254073145e-26	7.23003638231068e-26	-1.56278940676113	-0.79895909666336	-0.626793667159929	0.24266158783574	-0.784851673023007	-4.69776799901689	0.161055858719912	3.8790473911261	1.05627012595684	-3.0449593411075	-0.0763607229726406	0.270995053623625	-3.7483666975506	4.74153804141093	5.5513819584723	2.61754480110229	0.367964735995126	-0.223846438671746	0.103289868886152	0.474459227857921	-0.160037870903181	-4.02637859150094	0.566055310353491	3.48618453328408	-1.22856065188132	-1.31949596593341	-1.61553106435175	-1.48568349316189	-1.25155067183464	-3.00342323889258	-1.14284112082877	-3.61157932832413	0.428405122180496	3.87667668732604	0.479946016166382	-1.72706535185644	1.2230358815344	-1.31986899535547	-2.06524724029005
MA0047.3_FOXA2	FOXA2	11.7120322599916	9.7658567622472	13.3999407770636	0	0	-4.52324848295223	19.0764170317608	8.70171451474368	2.19928156268117	7.23694924043179	-0.473917650824004	-2.86663238095315	8.38432190157011	19.4286165166485	-6.40128190651737	18.6536672609628	0.386966918308873	-6.73780595991182	11.7301964685658	15.0807711663405	20.1052099702047	-12.6984946706874	14.8135465038886	3.4531838533718	-14.2862797555621	-3.88759056796263	-3.83856253294567	0.472071685451368	11.5545142517515	-4.36285029559276	-5.31912600634914	20.6912766252864	-14.5073787961648	-4.02847697308549	-14.987793670516	16.7631215496519	-8.26311549677547	7.28779154261172	10.8877897985617	-19.5982782285623	-3.88215075854055	6.09765026248272	-19.101041547154	-11.1738425788251
MA0048.2_NHLH1	NHLH1	7.62351404399587	6.18379660212634	8.85848201023552	0	0	-11.0893434383222	-7.21060473248892	-1.38634305536531	0.0226507924564528	-11.730102986399	-10.1919524717955	10.7314451736071	2.62306388783321	2.81475086412918	-5.52347732914932	11.8357376993402	-6.55021557085446	-5.3788220948097	3.31586861698117	3.39143736987303	1.51516775298142	-17.2505829896068	1.56309266848006	3.3660621235181	-15.695252487003	-5.81633598657401	-5.95046982358929	8.61617869480324	2.21203774127746	-10.5064051605767	-6.37079662743697	-6.13985760119492	11.47878101358	-8.20837347100908	11.4909816244805	1.04194791455291	-0.45702171946524	-3.14381245753631	-1.30679672388315	8.52265798068839	-11.0540857791302	-1.24508034161744	1.87749296621655	-10.0922896235764
MA0050.2_IRF1	IRF1	6.17321197586418	4.70447597121763	7.31752425449324	1.67590545922441e-279	6.02754633914233e-279	3.63320495735671	-1.75258481207605	-3.55088805916073	-0.657935764216587	-5.26797993975563	9.83894645768354	-9.89615863534065	2.35519574598582	-1.56731221925181	-2.04132564655344	-11.1709535827415	-1.50874353945033	7.8962767017567	-1.39752727939088	-1.80263579233035	-0.805855239825997	8.70386972032512	-5.82127587286077	1.29968398233479	11.3072972100257	-1.2719129307541	4.71366490733892	-9.62456067222133	-0.201800062502838	1.9502825045307	2.11561646376999	-5.97862784280533	3.07154258788819	1.42279322007228	4.88017331404195	-8.06118800276619	0.531040573786646	11.9638359537226	-1.08269393616286	-8.3528203340394	6.73100091754826	1.31155544024295	-4.59638980295524	14.4901508827443
MA0051.1_IRF2	IRF2	4.75248198351519	3.57820627197433	5.80240463922123	1.68925370920652e-155	3.84639423715011e-155	0.286264521338751	-1.73338438197863	-5.95711248073979	-2.23421074418639	-6.53138763882606	2.53267955359358	-4.66973288504868	5.90488685996094	-5.3765047650703	-3.19890867513459	-6.84586388585268	-0.84996427721031	5.23313916606589	-0.539678321606731	-0.560829233920723	-2.73034162995059	4.72511070397742	-3.66752342363863	1.09408940296957	5.47119812280741	-1.04980947913384	1.72812472713291	-4.18936862811013	-0.331394604182563	-2.03964085126955	-0.075151582961591	-6.48640104502521	4.2212868636623	-2.14542059506266	6.79249687965642	-8.06583402342014	2.69298672700567	5.79130284295992	-0.977143191017264	-3.405707496521	9.75427890565281	-0.764334065967921	-2.56995420444659	12.8144954347793
MA0052.4_MEF2A	MEF2A	4.55196724430573	3.22072863698369	5.7189084115063	8.91789037000165e-141	1.83280019617242e-140	2.26565294497712	0.587952560031948	-1.05260890960067	1.76419675944131	1.99333890915137	-8.81689290494077	-0.293487877103796	-0.0445155955591098	1.43927630839717	-2.55947482372163	-2.84065620989468	-6.28503694427051	-1.33520378842877	-0.627101373561336	0.678559258456538	-0.457028744181775	6.61698032854308	0.153377410616624	-7.01302826274134	10.9374980439511	4.68425226398917	0.551213635088594	2.18272156762801	1.09132559599003	0.489129520842118	4.50400117614652	-1.48439389288869	0.0177594325794762	0.0706905997759811	-0.557529265863887	-2.34550871078632	-2.54004430837753	12.5614467193074	1.33894338940869	-10.3342086227892	-2.81337196349904	4.00474346191608	-4.27321654450642	7.40419810069795
MA0056.2_MZF1	MZF1	2.14818239604393	1.57096124765664	2.63431839181703	1.53282488675562e-19	1.70823618541603e-19	-1.20861999152513	0.00138920103282195	-0.708973862978741	-1.75909352463063	-1.28345103226458	4.07825414762749	-1.44762225822522	0.738227896471561	0.776455733688281	-2.86369061659137	0.441234484427597	-0.700519791945687	0.781740516932569	0.845785805956769	0.754236800128677	-2.06029390487048	2.52876373932611	-0.195782406850331	-0.196123990594947	3.45918088031953	-1.3846173323209	-1.45645275011224	-1.40289449275126	1.4804824842878	0.509329116207207	-0.0245504800515642	-3.45022553690014	-0.970278870792567	0.274603390122746	-0.239554325110192	-2.09605137359173	-1.3845483526176	-5.24872732371574	-2.71824533243875	5.20967200656002	-2.98597200305561	-2.81810047638106	3.47001548199448	-1.4645069019784
MA0057.1_MZF1(var.2)	MZF1(var.2)	3.03264035604738	2.40337773215671	3.51273954551698	5.18223873862461e-52	7.27351911651747e-52	-1.11298258770739	-3.39539865819126	-2.11763304087723	-0.605104157652354	-4.11758215144609	0.46746644052558	-3.71795276106742	5.38205668860037	-4.67123541407381	-4.121585360966	-6.18777644185489	0.933918568363498	1.95841476506068	4.02931926675525	4.23463984670391	-5.3057176281777	1.99668942026684	-2.17418596290894	-3.14639622129326	1.75710017718486	-1.52539440346931	-2.04797398231993	-4.16331951335474	4.43769008220227	0.3009459663464	4.93687439245501	-0.340082598467213	-0.0811573527386787	-0.228228460675667	-0.248410658308328	-0.962641629590477	2.24358077054005	0.364520035622627	0.261380789890205	2.81263580339605	-3.84554900345139	-0.914034716038516	3.05234635722573	-2.78001250265673
MA0058.3_MAX	MAX	2.73025832825074	2.05497904012532	3.25936982833297	2.90492089379446e-39	3.74504058202015e-39	-5.32450968550976	0.558614869086884	-2.15149160660463	3.0127462639894	1.72183910560232	-5.25871437562538	1.84419977110442	2.50453040027917	1.00933920707864	-0.620576506997388	3.43417003087793	2.64303870037816	-3.07256409839531	2.27189243453875	2.0983092201461	-1.82285106562978	-2.81911528240604	-1.55437451723074	4.86785911925626	-1.71860340885239	1.28959419927662	-7.62367445365054	2.36917206957281	2.14168353842539	-0.350990654715227	-2.10518384479747	-1.70493136297933	1.06192734697641	-0.773610271600965	-0.738590714899018	-2.50700147633729	-1.51042814658535	2.61298395602719	1.10878433819774	-0.760988514449205	-3.58212208852717	1.31150760622302	-1.90052925469913	2.71504236486423
MA0059.1_MAX::MYC	MAX::MYC	2.64651845042312	2.05281405568428	3.08690776919065	4.95895639216432e-36	6.24059522115311e-36	-5.37604189279843	0.544567595886708	-2.52894779650614	1.97660634658827	0.148873144832778	-5.92171719032052	2.18523444149114	1.73435022688098	0.621243959713958	-0.79268751968794	3.17786657770984	1.4284488338248	-1.54403584442847	1.99906860192063	2.03302016336939	-3.05495954636681	-5.84927696784389	-1.07449694735882	2.70469013869864	-3.90323239122383	0.259458258701219	-5.87842278396745	2.53448523722329	1.43848500151241	-1.43838924458193	-2.27627636237058	-3.16563542204685	2.92861717577613	-0.776343017128315	1.24294564924169	-2.73567378187915	-1.51457434476652	2.12358539801426	0.321248666273984	1.51857667622293	-3.22405835038239	0.934800231973162	0.484884971921143	1.19232011161126
MA0060.3_NFYA	NFYA	6.4912697132727	4.46379380955015	8.08638364025686	5.90112014886279e-312	2.45750595673054e-311	-4.66593988543937	-5.95785736163339	-7.9258278187457	1.2882175370522	-3.12528338982733	-6.16570015573922	-0.0743790782254598	1.5246464712482	-11.5940682836503	-2.48126905505877	-10.8377855289135	6.96587065421642	5.18841982553676	0.587313569141782	0.586525764470761	-20.6703393111266	0.42354655741933	-17.3453071654081	7.83841699530644	0.069478258770947	-3.93002381028976	-4.95065752134739	-0.384529015924629	0.216631615529833	3.934887676637	-0.369551660006327	-2.25137152028024	-1.34114147943623	2.69104330912461	-3.87730167404995	-4.03728214990349	1.66263355324208	5.44276644730152	3.66736129398221	6.61253384337368	0.793864077068834	1.9138267260754	9.0607614178641	8.67792749943678
MA0062.3_GABPA	GABPA	5.4235345350261	3.76760992632906	6.82347883987106	8.73301022659319e-210	2.59530303917065e-209	-1.62132409777154	12.8882145602368	-7.47495756844413	1.74946313279899	0.0776067105577782	-4.56986282579926	-5.75450430551849	1.91667412495488	-6.04723950695208	-2.27492907811856	7.52091202323688	-3.69500817836309	-5.70558442295463	0.666438608289883	-1.1076434562657	-1.01526664463317	-0.704352357447862	4.99350055188231	7.61185440872134	-2.91686217322799	-0.801678720580515	4.54789876005262	-2.95729160322178	1.36461092883269	-2.5093328929287	-0.596524125004078	1.76145635188317	0.551530622527185	-2.88131283424221	3.65330535140402	7.29541381227328	2.57658068868251	10.3455882297277	-1.4066594019306	-7.08443969782008	2.34272966256662	-0.013873023578977	-5.3893133982537	16.9960664365031
MA0063.2_NKX2-5	NKX2-5	5.46143028491973	4.28624290297076	6.36545291381382	4.42685833900868e-213	1.33438158504404e-212	-6.90057766188316	1.29178629837802	0.516902566667235	-0.849289579253531	3.32308385707668	-5.88202011335148	9.51644611960393	2.17186886066904	5.66173442257	-1.11297485051651	-2.15557749118962	10.8183078544337	-4.96429412638896	3.52232437864388	3.05866405644464	3.14061481715281	-7.44834958315873	-3.74843806732886	11.4299149297689	-7.5148726821019	-1.59050070526286	-9.05685876185222	9.36528069102008	1.76201341070092	-7.18341425618143	-1.22388454888975	1.3280755837807	9.02611841092219	-7.03548055251318	5.90483309408869	4.16198823088547	2.04844255461192	-0.437935126241914	-2.32249605886885	-3.58276954620173	-3.50945935241787	-2.98896120012039	-3.92822823622692	-1.38709144221026
MA0066.1_PPARG	PPARG	3.04866746241894	2.3810226718698	3.55246424747598	9.82116812244421e-53	1.38767844230071e-52	0.0901015958783913	1.56715448642439	3.09125400956998	-0.650042614850438	2.6502555559663	-4.89397096075036	3.43447045267879	2.83478657939387	3.4949658143253	-2.25282478528159	3.88626167367401	0.993936752862112	-6.90160620947796	2.82392888892431	3.2192136181728	5.13155092135812	0.57621763198896	3.18344568485805	1.74380613835052	1.67574089538765	0.431474648814077	-1.14522557503905	4.27730639476843	2.99075812453547	-3.34428367601359	0.130971511461981	0.431839813748827	1.54845669620834	-2.85558208871796	1.372015442801	-0.658032235660033	-3.98397851721119	-1.5394346367455	-1.01851829134201	-5.11606401662812	-2.26223739090483	0.755935280862926	-6.35901981863916	-2.16577722951585
MA0068.2_PAX4	PAX4	6.68849339520058	4.98722730682654	7.98654632300675	0	0	-7.19286384441669	-8.49631685793965	-9.72908366137121	-4.65625841446264	-6.19113889844384	-1.90123054716135	-3.46328956378446	8.41584886207085	-6.41250533752426	-3.26742215324139	4.70829156764255	-0.893456684206063	5.88057773661766	12.0564676878471	9.75186277484211	-9.09003061401723	1.56100060178597	5.17722937648335	-6.33441184139263	0.825296357047558	-2.52196460525647	-6.42842434500768	-4.2907017336962	9.03129457504656	-5.9433841339099	-0.385792470939257	-8.19556738325014	-0.474248694322107	-6.66645416543905	-5.34519704468464	-5.95306738178552	-2.06713375434372	-2.47972582688003	-1.00068451289073	17.3477901415518	-6.23996483583188	-4.40484740534844	8.84869643072514	-10.3497591375693
MA0069.1_PAX6	PAX6	5.30111514284405	3.69371109488753	6.47354835771732	2.62091061725097e-199	7.34086911822948e-199	-3.74749655413944	9.88981445550443	-3.74902507117938	-1.24772865067148	3.39610098648553	-4.48189906842679	-0.659658168428097	-4.5632524169419	1.18575071707574	-3.86192910812743	6.53436389478618	8.56752182039578	-1.99977792598979	-4.23982433184833	-5.32842874325176	1.13309802856512	-2.19210947420539	6.59489377685866	15.3389753771876	-2.74504882989232	-3.68425014589259	-3.37922089956331	0.412875670135477	-5.30079882296377	-4.21360145421226	-3.16175377665148	0.681069311227509	11.3580778716576	-3.99030751100439	9.12527662147779	0.552581326455961	-2.62220129381416	4.02453090694455	-2.82767189366698	1.00917131736083	-5.69059522722605	-4.85586463767894	-1.47557659163111	-3.53390606355479
MA0070.1_PBX1	PBX1	2.14476063538293	1.73901114901175	2.47567056707339	1.91481250736209e-19	2.1301868491392e-19	-1.29083755407344	-0.969086847744853	0.15165658708589	0.845292560338859	1.08444931875025	-3.0652589776551	-0.690817249734898	2.27417227953222	-2.0077073730154	0.771724262288745	2.53283949187527	3.37938277820886	-2.50594957602318	2.59247762346923	2.32618806012187	-3.18981196328898	-4.2277405813144	0.436665830992447	-0.515315394788897	-3.41578538640021	0.728677730950934	-2.81123329184981	-0.345943114084042	1.04319464481687	1.92963315899687	-0.217206812723071	1.20899220873223	3.69422529109993	0.933226074083533	2.5178735020683	2.58827693361972	-1.7042426121611	-3.99188999594846	-1.06853922407489	2.2800230806289	1.08166011787945	-0.89136751114341	2.1418637325224	-0.523829375155147
MA0071.1_RORA	RORA	3.58596802081441	2.61833345056	4.31261393761721	1.26328625324076e-79	1.98920447338656e-79	-2.3337203530518	3.69464657857105	1.43022341781327	-0.700352416146317	1.64335866380972	-6.42586327284697	7.72460836913191	-0.282000273958137	2.76280740072185	-1.25487984968827	3.22773207353734	2.20134970555263	-7.00210720261602	-0.398032516776177	-0.18786686795235	2.6685920171528	-7.12737179352541	1.22475902362443	3.68837659990898	-5.87534870780331	-0.114854461797668	-1.85390974970864	8.05695111874356	-0.447329163359704	-2.12041082264017	1.16476808973612	-0.0626939681251572	3.81936518961656	-2.01178993792476	2.76627833403415	-0.974848171967928	3.73799833180285	3.45004727411012	1.60099889254866	-3.98712701487954	0.571326178162541	1.95417306169373	-5.72585073672477	1.24240689685105
MA0072.1_RORA(var.2)	RORA(var.2)	2.68322762049604	2.04470213454107	3.18902919844547	1.97027794114028e-37	2.50438943120843e-37	1.98236512612286	-0.497503460442859	-2.17244294761299	1.37651608883431	0.2935253916307	-5.03515867309623	3.49799335882423	0.549703006920313	0.0102195702770297	-4.02987099646284	-0.296662760794052	1.47970973133627	-3.80578648269846	1.46975912617036	0.986916439492125	-0.870897788805465	-5.62903437213486	-0.895571001457853	0.742347445725133	-4.80133547890567	2.83284310114703	3.74543575988624	3.3844320341611	0.578604099867839	1.59566009274585	2.85363036907542	-1.95307781480657	0.815461133421133	1.10608537933379	-0.643212874577487	-2.20806902916976	5.93346303502433	1.82483437373004	0.475625118181836	-4.17068291357117	-2.03259113201927	1.3410442694389	-3.80407519203313	0.309812648611309
MA0073.1_RREB1	RREB1	3.82701805143391	2.48375179668269	5.24025943160042	2.34267779343102e-93	3.92305566995195e-93	2.19306401245241	1.18086969954376	2.70205734297112	-0.745583091309254	2.0212180121048	4.35961139642726	-8.24285539652855	2.6907322163556	-1.4485411597532	-4.11986466722707	-0.251274910766818	-0.930785759751832	1.43365226130356	1.06848803578529	1.79435106229153	-3.8122726581783	-0.169116152830303	1.33908849304153	-5.79299124075224	1.26952371452286	1.60812496025178	-0.309311959339266	-7.0697906613289	3.7251017148817	1.76666302249399	14.2471889247944	-1.9119633613549	-0.7239344626874	0.459945205872977	-1.33240211263217	-1.61061515032268	-1.61304511142935	2.55976718197575	2.47658354508767	-5.55651175770966	4.39341571700087	2.39036399661574	-0.722551370250043	4.22709907979661
MA0074.1_RXRA::VDR	RXRA::VDR	8.15225944828392	6.21708692824218	9.71964882963372	0	0	17.6896556915107	9.61194772983066	-0.582294277488802	2.63779121887761	8.12968332034315	8.19799179673214	-5.1951748922922	-6.46941515189233	2.68334260764688	-1.19543812063112	5.51613411366494	-3.25989720895275	5.27516689999188	-6.73926616478914	-6.78866432132737	1.7287124255866	-2.10348141829714	6.86613514359915	-1.23022162620073	-2.42757511343799	0.0159332489621723	17.2352930308031	-5.11654780651284	-8.08355737205198	8.05741723643465	-2.45506516946126	22.0515034204428	-7.8319598874693	8.36393959536373	-9.00127074558712	17.9946065784393	10.9072040105617	2.26108384844499	1.75023630346574	-10.4840079347743	2.5051832388528	3.29982110389408	-9.27317562053419	-0.0164122756620726
MA0075.3_PRRX2	PRRX2	8.98850118636265	6.59644788819576	10.5939852272462	0	0	-8.93810991722613	-14.0470676612318	-13.084762117424	-6.32072790471407	-8.96923058634062	-1.38758646949237	-4.98220721645494	14.4087935581661	-8.9849392155547	-5.24935751869149	4.02654693607323	-4.42981680668267	10.5605814196426	18.7258702523768	16.9814716307633	-11.09228440783	3.66567073065022	3.83916294275018	-10.3402319196369	2.13341738286876	-3.89792016681634	-8.23415740297818	-5.63590247212294	16.2533578059496	-7.54467617652004	-1.65438168930532	-8.04974567614642	-2.00297577174721	-8.82818917676109	-7.66680905238439	-6.82994911232511	-4.30043637973958	-4.75299532707187	1.02854962846361	16.1883927051966	-7.72563785066867	-1.9699082383395	8.45117206531705	-10.4546693170998
MA0076.2_ELK4	ELK4	4.58594010169225	3.09934615636492	5.95115911478275	3.19578659104109e-143	6.69845335142057e-143	0.419080013210879	4.73355933950643	-7.17467916688676	2.66710659562727	-2.67035875734397	1.71182443587384	-5.61843159915388	0.791115498694816	-4.85842756695647	-1.87395256944093	0.288222048284513	-5.50473403002528	4.78214376021718	0.67891877648579	-2.27190745764086	-2.16127129984437	-1.58545686234375	-1.54074601125318	3.80150931148641	-0.944749338513093	1.20328930567273	4.24787252030266	-4.25111344036286	0.588136183152443	1.73444004046569	-1.45714908421574	-4.18635482272387	-8.56443008729713	0.688791434148917	-5.35569914639547	-2.04982635681244	-0.321680834370587	7.42835403523056	1.86139480541891	-2.4448740759837	8.5110527164303	3.32119882768401	2.67610785405233	15.5701575732507
MA0077.1_SOX9	SOX9	4.19444032682716	3.10224930483724	5.19468164895923	3.00895916497315e-116	5.61849897176402e-116	-1.75117168884627	0.828744466054622	1.15972873870291	-6.20915576316955	-4.52396251867152	6.88564076113961	-2.25690273032212	3.51675772649543	1.24751569303666	-4.42399163170659	3.61475646693203	-0.556098906543902	-1.80788795695282	3.93932133410199	3.16575862547781	1.90491959575507	-1.70647735134403	0.453079204743471	2.27409988085146	-3.18237160848471	-5.91504204938581	2.59438290678958	-3.3594883894149	1.03776609010093	-2.1703188852029	-1.54783942817741	2.09813569069673	1.6453767427817	-2.27949429354693	1.39279635359663	4.85501163290464	-2.75560203948232	-9.83849753477091	9.92317940179174	0.673367839668679	-1.78832274544529	7.96724796524535	-2.55459538319957	-8.92877355611023
MA0079.4_SP1	SP1	5.7084363145905	4.43940059535434	6.76526898354201	3.71646948504378e-235	1.18814403233975e-234	1.22564960151667	2.87832144296937	-5.26197544961178	1.99126170378781	1.32171477422468	13.8812157782756	-12.668230502625	-3.61640134008342	-0.566675280503819	-5.78570209729271	1.76763915268827	-2.93460427647566	9.47976542672589	-3.72852628029309	-5.57200735975785	1.13960619227511	4.85345924542385	0.370393634556126	0.0204105075654992	6.20320591747221	2.32992788516819	6.94335261001658	-9.40613882663876	-4.69173245607601	8.58551732200297	-1.32860122355096	-2.31114715029796	-5.93236142104631	5.94108416852225	-8.50820922765402	-3.38808199745162	3.22064285853884	5.9427225067874	2.55116147369921	-6.47222119170333	6.19365206836722	3.0386791259343	0.226689284077181	7.05292556246615
MA0080.5_SPI1	SPI1	3.65516189080493	2.81068044566804	4.47732352020365	1.83921930488496e-83	2.94740713922071e-83	-0.456952957462274	1.67774611344681	-4.02112683625169	1.14745981233222	-1.98309145870453	0.627239714985385	-7.40325202834034	0.883013739583719	-6.53580051028022	-3.94084581489464	-3.15431952404921	1.01220787204928	-2.32075047166464	-0.637169383995165	-1.18446809131773	-3.57971067456004	5.03876541745369	-1.81457080842549	5.199495988608	3.97416950155261	0.776887873393918	5.77213029223459	-6.39027794945387	0.625605521659307	-0.87811257025976	4.66468843345832	-3.15240479124291	-0.0532887488765718	-0.950928632003483	2.17797984528738	-1.36984432576773	0.955450141024108	4.43415259744344	-1.0713063000735	-5.60868748738366	1.27617936863262	0.227152378301245	-3.63610864853746	9.27736782106683
MA0081.2_SPIB	SPIB	3.79247367402839	2.59694149140077	5.04920891262549	2.51419897646327e-91	4.15532102376305e-91	-0.527350763390741	1.74187725722969	-4.29618401558236	1.51754673522326	-1.89823690322964	-0.822348829652761	-6.98721879392827	0.0504036669577416	-6.54873844955616	-3.61894549543719	-1.76269028082159	0.341894489923177	-2.72627935619406	-1.51099455631747	-2.31147685318976	-3.37335558919103	5.17686326360868	-1.72819495789199	4.0742127669288	3.74002666005929	0.711960130555843	6.06462573688715	-5.65628008743609	-0.648017606865733	-1.00724769335942	2.94574969655099	-3.67437952371169	-0.728683570674358	-1.21745526840122	1.55591773815125	-1.48009639888688	0.898519146877908	4.22723098491533	-0.722189902547546	-3.87984380127335	2.7536566214247	0.852997948415324	-2.01400126789932	13.3917727218432
MA0083.3_SRF	SRF	1.36680533886767	1.09527074423613	1.5804117264085	0.000928586134965262	0.000946529828394542	0.0509932124220206	1.6842355254309	1.83971184468689	2.62684780724594	-0.301335833699269	-1.4718204389417	0.657856690320836	0.202832568428097	1.59120760272208	-2.5277574922956	0.907729877240466	-2.00380029533902	-1.39341591516847	-0.913156655212213	-0.155297043737733	2.035227114633	-0.651913569680299	0.59947074921965	-1.57907604981972	0.83999671800989	1.00509237912959	-0.562424966194438	1.29483924144103	-0.0122870212420664	-0.74377114673827	0.290492045692659	-2.0763507965921	-0.9150163539437	-0.2896612749679	-0.487695790170884	-2.91215321703782	-0.37949061805506	1.40058997542086	-0.579796135687294	0.531178511131739	-2.04198634837704	0.557336924158705	0.888636792969395	-2.36643998863428
MA0084.1_SRY	SRY	3.83941249301428	2.94073397931189	4.63940710589468	4.32512010871522e-94	7.32032360646186e-94	-2.3518159187249	-2.64993363285401	-0.66982387745441	-4.02575105629362	-5.69839343452925	4.09396902990444	-2.94692349972806	3.3953432904798	2.76668382188197	-6.37786977730193	4.35117863898157	-0.404654737470248	1.18024212234734	4.07335677948753	4.02592739161048	3.12324015062648	-2.66932449243877	3.70862412108194	-0.800134544330955	-3.90833255556655	-4.74982461294958	0.875525928250876	-2.72512548039613	3.20035684868112	-3.50741490616451	-1.61181658475021	-0.161040020334804	-0.0189289248859651	-4.16819969181178	-1.13705971578824	0.524492264219869	-1.96810593895861	-1.89799131831449	8.38657913488799	-0.516291082132713	-4.22092209922565	6.24861497682194	-2.51222722521001	-10.4828751544662
MA0088.2_ZNF143	ZNF143	1.7740527694364	1.34476835883109	2.12966150586747	2.26687648498607e-10	2.39955320233475e-10	0.597532437283468	0.0287129537383799	-0.159143309515322	-0.168987055130894	-2.11867995119835	2.13423465359114	-0.277613992240165	-0.271527858892547	0.737252623012174	-2.64365654000041	4.60852491753934	-1.07796380572968	2.44376555724023	-0.184190366138748	-0.782821865870396	3.35492342478385	0.580449565116703	3.04067170870322	1.27486445131379	1.02858557737901	-0.524949235134093	2.70042533457315	-0.500645576103221	-0.973016902822261	-0.661878026841845	-1.92843246982673	-0.546232682256181	-2.30242848915157	-1.64604021512124	-2.81908941774934	0.388614189980234	0.361212253348341	-2.780003898625	-0.8512031557265	1.259042681449	-2.33500129894761	-1.39383165928353	0.874775000353074	-1.58348189824877
MA0089.2_NFE2L1	NFE2L1	3.74026184140622	2.38509302366743	4.76633262908174	2.69059906136464e-88	4.38955980887581e-88	-0.63798094003914	2.52937851710869	0.856522409280154	-1.07464811384906	0.532572029497525	-0.572646074641011	-2.96940891255327	0.115697547243209	1.2723520281908	-3.40421408198047	5.27856701101705	-2.0013459009124	-11.590683095386	-0.970947544105978	-2.02862793253877	9.58159502961899	6.58856919924726	2.85498528372113	0.901331295785992	2.22637565108264	-1.24045858361287	-0.608734832696539	-1.86062917349593	0.948415669282667	-1.10273623475335	-1.30367228173463	3.7572635119423	0.646291227605164	-1.29417537012897	1.93792500352162	-1.04111475408799	-10.7628771068394	-4.90816982062967	-0.405265026942667	-2.62116991138939	1.49511643130609	1.00969259863322	-1.04862861698948	0.926020283557268
MA0090.3_TEAD1	TEAD1	3.78937905803617	2.95429550394264	4.57471199398893	3.81322949106817e-91	6.28587048918268e-91	6.45963545220584	3.31910296169528	3.30282126988033	-1.66315068004311	3.75917814249068	4.51391918748759	-2.10598207817645	-4.94910651654446	1.4882067521515	2.88512881813156	1.4586896675261	-2.14633613753621	5.02230375509258	-5.73861392057397	-4.12609764308588	1.28219270648302	5.24225957455768	1.16451045313831	-3.9075607721824	3.75165646104219	-0.829716402484783	6.18537450256357	-0.702923721948895	-3.58257075333098	5.63741902438061	0.199740955081836	-1.10985892724186	-2.48987163538028	4.75680737959245	-2.32904512360399	-1.89831418005571	-0.460585514794195	-0.517742034488661	-1.80725871280797	-3.5871488117868	11.3058895798098	-0.113772359025773	-3.25450651124341	1.6484022076607
MA0091.1_TAL1::TCF3	TAL1::TCF3	16.8011476794476	8.02018146661302	23.3940621415353	0	0	-13.2176157298959	-14.4241047514338	-12.3714644194627	-4.95594248285116	-12.3528628827781	-0.830285411377605	10.2242564280361	-14.8915765915733	-8.29466171395059	-6.62302773899884	-6.57187152033482	-5.57707413263471	-4.77650334687356	-14.2690595499694	-12.6572580064425	-12.3759674684535	-25.5550982592737	-9.22994675131004	-9.56740811673213	-24.1011506013798	-5.06791129210614	-11.411028405212	8.42241033731608	-14.9361868917434	-9.80809725322249	-1.28266203081483	-17.6007336938771	13.7753827923607	-9.51231089587639	21.8524402054313	-10.6061476963263	5.94791583798699	-12.2001624930814	-4.46318121389966	64.8423700230845	-10.5224143050882	-6.25338141709749	43.3486857861894	-10.5514657978411
MA0093.3_USF1	USF1	4.31947423208286	3.38738577305593	4.9924646210683	1.41974589458076e-124	2.7233307614231e-124	-7.24400663802715	0.971740156855288	2.11492704184862	1.55686551232927	-0.976555576585941	-8.07196427657834	3.37679396842438	0.439207917300138	6.96626105801103	-4.17744864529415	6.41878309483497	0.973307003872442	-4.78654326451639	-0.373246414171407	-0.487138645951273	4.0796424931069	-8.79855716362831	-1.25389883414089	3.0029532148652	-8.90344363863968	-1.20351714656965	-7.44580243957408	3.19415153273859	-0.30202004185305	-5.03802158932633	-2.49273983352793	-1.48740421154153	1.54678531054124	-4.92790491255373	-2.6600229378802	-3.15820795453099	-3.44949288290345	0.787247502187981	1.38914948680309	5.38890658166477	-0.658305535348644	1.93495085547206	4.1643493411782	7.63394901267447
MA0095.2_YY1	YY1	4.27512283116624	3.1656810709162	5.12454476219216	1.36991280927848e-121	2.61980304614284e-121	3.92314653064526	-0.187909589124169	-1.80810377215099	5.51575409860161	0.0638398334974495	8.22313236266721	-2.25848417732476	-3.85727444743585	-0.588828459635033	-0.346312183403665	-3.37691681881207	-1.73452848301131	10.705465451849	-3.94087942323866	-5.68743599849327	-2.32992469294008	1.15964680135153	-3.43941357134969	-2.35845525707739	2.26059513894459	7.98591229521827	-0.954109177363031	-3.80625578746778	-4.55080607007745	0.743860179104397	5.51419126241575	0.55743225124939	-9.45654227458484	1.66638552111254	-8.29309557099443	0.643160660503781	3.87866857661471	2.14601349160084	1.60485419027974	-0.262726124033068	-2.13252287711913	1.94903598105873	3.10116590862209	4.34704058216867
MA0098.3_ETS1	ETS1	4.18382872473862	2.65345493827563	5.68040334839782	1.48785287784315e-115	2.77003197551386e-115	-0.721468912325446	4.87267460562596	-6.16485749962205	2.87899954802856	-1.67270593022372	0.998174863489612	-3.73793304845238	0.256543222935256	-4.31663308415507	-1.70748124222555	-1.3993178832573	-5.6816520298413	4.11244487317834	0.130813872507889	-1.98777830732666	-2.06381068313963	-3.3039903636115	-2.93708977037588	0.634028852701253	-1.6775739604115	1.21110992465403	2.7170255030775	-2.61119256373921	-0.0951790741548772	1.15416533699401	-0.748029014155005	-1.48954971648289	-7.71364671308838	0.333323852487831	-5.1884735580279	0.164625726051494	-0.714760380087951	4.99850345134692	3.43616586869588	-1.55268086494196	6.28563158685895	4.88879224955563	3.32715461026927	15.8924151227503
MA0099.3_FOS::JUN	FOS::JUN	6.05957803304307	4.05116196943014	7.61770314004025	2.53748942474396e-268	8.92350447701626e-268	-0.563462891346507	2.90971107696484	-0.547997449416156	-0.781373353069172	0.66598148755816	-1.67359048026663	-3.90461682989598	-0.489840372171339	-3.3868860052168	-3.84918645499815	6.39589349046763	-3.30523852934538	-18.9352331901594	-2.60747771271341	-3.2206878368195	11.869824725074	14.7259914669733	1.75011853865164	-4.24673730594679	5.25741146647621	-0.988851254605802	-0.510963847886229	-2.07197950277783	1.22721263427919	0.0812935104059963	-1.37265398423537	6.76539965793687	2.77393829779771	-0.787085289346991	2.05796996115544	-6.28611561044197	-13.1745848776194	-7.32500078601388	1.92099984673088	-8.32436291980079	7.9157377601124	3.81447203781604	-4.84721690737779	3.02913810428796
MA0100.3_MYB	MYB	2.51608355871133	1.55608445832032	3.27289756552382	2.9431843107761e-31	3.58276090138706e-31	0.834034417341785	-0.677216411908832	-1.32153144479292	-0.895448196389608	-2.03303982153864	-2.02662030049382	-1.21532734745618	-2.62261076663653	0.445563711658119	-2.27528054354879	0.544876961909451	0.157514358420488	-2.34729775496451	-2.56436667886464	-2.46485522834181	1.18315073145227	2.11789301474331	0.472612839737146	0.721462118236859	2.3829250168915	-2.20316007582579	3.87707230167491	-1.43606337728491	-2.76318601650127	-0.306341196730326	-0.742394253524816	-3.44356275735006	2.1977997504145	-1.15175646138893	1.30587323043119	-2.1348775366427	-1.82747063792468	-2.49691916669139	-0.963589521552393	8.21926935586995	-2.23845190873552	-2.09810351524581	6.37653225766634	-2.87508926489178
MA0101.1_REL	REL	4.19863679666713	2.86057464173038	5.23005639070193	1.59723831150689e-116	2.99127766622444e-116	-0.153085826165994	-2.06357500900344	-3.03633761891173	1.46444147820242	-2.02441024313123	-0.767119091094165	-6.90611951327957	0.428373294672129	-6.02587738291881	-2.66471599447893	-3.90552149918594	-0.0574576367852692	-1.52256466451538	-1.91197304662411	-1.95473901268707	-5.21724204868031	11.1069837674063	-3.59643769110347	-6.19179598702785	8.85286331449043	0.510780403762866	2.57897984635162	-6.42148337541464	-2.3077295138428	-0.118091751888161	-1.45271344190289	-5.62982918364324	-1.68420424937295	-0.284465399013169	-1.20761601585111	-6.01409067303992	-1.42071725452923	-1.2359267905529	-0.785944421118641	5.95214952741873	5.04424089234092	0.299813932319694	0.970586430765307	9.08644162908073
MA0102.4_CEBPA	CEBPA	3.64506152274589	2.05136809664854	5.11768071172257	6.76057437818155e-83	1.08066757105781e-82	-0.883660682933997	-3.79737194660269	0.634325396444785	-0.704149321838389	-3.38425805605891	-1.24067263852245	-2.84941980043874	1.80245081065681	-0.309719243062056	-2.42218560396581	4.55955843449854	-5.03220166426884	0.617597216797351	1.64183264669915	1.40021431880773	3.62571987340772	15.3879343805155	5.7727078077483	-1.29078668952936	6.79090134039214	-2.9163625482464	0.298440793262655	-3.15636896249285	1.28425207065424	-2.33251380830916	-1.46686585626603	1.90439278891902	-3.64954122226867	-1.68321322601839	-3.56889209392135	-0.292658548123495	0.775698521358925	-2.00468791233121	-0.898737935915259	0.798745350391125	-0.447135110172819	-2.11740280566305	0.261738113475593	-2.25560644748592
MA0103.3_ZEB1	ZEB1	11.8417320453894	6.94626781065835	15.5819527324577	0	0	-1.88224134032901	3.67981125170203	3.35236292947752	3.29007617983819	0.484395661154858	-6.49322020719436	10.0172559361336	6.56830677517212	11.5779257617297	-5.53042258465618	18.8016117061441	1.15733502740177	1.17606241780265	6.56275625735385	9.73143557410809	7.88387663721925	-11.4272101908091	8.09695863094851	13.3034868309533	-9.32113583306121	0.606940969535598	3.75326480228811	10.0935176185772	6.97395298643773	-0.176543952652671	-8.76356207243478	7.6345289444806	17.5334277348229	-0.00905513376308519	18.5582179970565	10.6690583491535	3.93660468628234	3.73907819738803	0.609485672864048	-36.0682884415164	-7.62427954234852	3.80071043366266	-37.9208082271521	-10.1335316428319
MA0104.4_MYCN	MYCN	2.92670039163667	2.34526968061712	3.36538574288717	2.35352679938621e-47	3.19695807727784e-47	-5.59830255556754	-0.0500196500261327	-4.20776964705473	1.86605002007704	0.767992551318543	-4.03279182572879	-0.310698061558189	2.9009998840506	-1.904047744706	-0.193252291042414	2.92523194316528	0.14580145838104	-1.25824573118036	2.44612515749469	2.38065985936975	-5.02226966356596	-4.12412735909465	-2.71798321864857	1.43376614503917	-2.51666204878422	0.390271310267652	-6.85849757450674	-0.0781310860479615	2.23665858840256	-0.451756348040024	-2.23311780478834	-5.36011581202976	2.15095226713327	-0.387710425819753	-0.0173692676457152	-5.64360407375625	-0.943276934621978	3.45800409598746	1.41271391024944	2.72535545785133	-2.34440265381603	1.84473535155894	1.28278109144357	4.50238474337877
MA0105.4_NFKB1	NFKB1	5.38719877718771	3.49434554394478	6.86731953627584	1.19569468300623e-206	3.48790200158038e-206	1.08524114255623	-0.525416315188231	0.812284416938101	1.66357669484855	0.869898656742774	-0.157873129991005	-8.55321194121703	2.41383602257627	-0.300557058554914	2.46754193243764	-2.18978688746282	-5.68318672898171	0.966389537056236	1.08617393270018	2.01879794398617	0.496854689198406	14.7027373428451	0.919913892993787	-5.94778122629344	14.8439111537755	4.07064065977575	0.60419013921304	-5.62912917290797	1.14560761983721	-2.15965945051625	0.33165410331827	-1.51702915144785	-0.889376197042505	-3.652082277664	-2.44152277898776	-2.92897187984213	0.736445373510782	5.6086045326533	2.98141839636391	-7.18703461034093	0.970511541782462	5.86694852647422	-8.03737280907541	15.2468028038147
MA0106.3_TP53	TP53	11.7252820472666	7.81969165647304	14.7187062207376	0	0	-8.39980860696362	-12.047641267653	2.0454931961147	-3.64731015760812	-6.2550506122302	-10.8713566743517	6.09905241384587	-5.67582313680989	13.3055151273048	-2.89437801170717	30.5296632557538	-13.4088579411909	-11.346789362166	-6.86603173589713	-8.25457915595972	13.5030987190516	-1.68490064700506	31.0660299369586	-8.65624947361827	-2.01571649795153	-3.98449188121014	-9.10340862383836	3.34701783937915	-7.92016679575999	-3.54881724872614	-0.556642077445303	3.59346090748176	-21.1238125210006	-3.47221414810817	-20.155599626962	2.54909385935322	1.35864408590176	-8.65623051017609	-6.58447122745104	22.1001557516081	-6.68566977606392	-9.46496561832453	16.3536354771377	-2.44578764417815
MA0107.1_RELA	RELA	6.10313456697569	4.5444627689152	7.33839855259603	1.39575809785014e-272	4.93583729574938e-272	3.80060543684025	-0.633985435069452	-4.57857445895766	1.86592443095452	-1.7216238353696	2.88260321869136	-14.5238030776738	-0.620110061211005	-8.31066127316186	-6.39151438113267	-2.96247587069623	-1.05808541276586	0.859252274853067	-3.18186157075865	-3.65711753369195	-7.14821496839218	11.826075526707	-1.22889610767225	-5.83240027219521	9.10241682127444	0.396818452652586	12.1551262080171	-13.742483527986	-3.71531092577559	2.88941448176797	-3.08600271618979	5.85428757054006	-6.31880177787817	2.43896404460887	-8.26330539514813	6.55991711246057	6.0978655711243	-0.0782184339804524	0.533213096213008	0.352610841243336	4.00483443735348	1.07743702063734	-3.02298927300678	9.208037294642
MA0112.3_ESR1	ESR1	6.65416037665181	4.56517393002688	8.44545920282832	0	0	9.48599224056777	6.35239542396009	4.42430191386206	2.51259315735834	8.09853364176369	5.45445413884114	-3.27442189507732	-1.85278916222838	5.08643157286878	1.23531231464158	2.15184322674547	-2.49694156633738	2.52503204087268	-1.98220812224995	-1.14039403148107	4.37159829846752	0.0306852430370351	4.41093531111038	-1.20760241156145	2.25233775187068	3.34719932849047	8.32024116638032	-2.33881762578234	-2.08679918223801	3.84531897792506	-1.91766509143547	18.2696245660507	-7.09465787095869	4.52718718968879	-8.90296575575877	14.3367124184484	8.9450160097837	4.38277419225999	2.79117822159467	-17.2420485384252	-1.5594663395211	5.36077277080051	-14.1213224948599	0.668631667824273
MA0113.3_NR3C1	NR3C1	2.27284457455415	1.51906405471579	3.06352328306228	3.22303535161126e-23	3.70942068649078e-23	-1.95741594364343	1.05715999177694	0.438311487016054	-1.80687162982649	-1.28597586614908	-0.617232459849588	3.29249920643389	1.843719233758	0.0478799430012821	-1.93962143616557	0.317083115522776	-1.93809217212289	-2.32666783066882	1.74140328478192	1.61028361290916	1.36080483015974	-2.90390162441376	-0.581764388408708	0.731309454883865	-3.12387785488025	-2.66989869427678	-1.08368018566996	8.75618968522216	1.16776160297693	-2.14028301922517	-0.884944153647412	2.88299409428346	0.217447729348282	-2.21248024124866	1.33319634059	2.34297052125514	-0.361660795190731	0.59978276181917	-1.02540378124054	0.0257195024308177	-1.71094492914085	-1.68925733565544	-1.12086216016728	-3.54344853513998
MA0114.4_HNF4A	HNF4A	3.36133605936135	2.42262976009956	4.1356776007392	9.37945082214631e-68	1.40691762332195e-67	3.10258978190571	-0.514216536924985	2.94599396384046	-3.68173946079299	-1.04423256487927	-4.25751063839499	5.12337543652767	-0.882016114040815	3.16292068642667	-0.78804727360594	1.74265831880733	0.872825214668834	-2.25628108072528	-0.89042789086841	-0.0109897319372365	8.21765463486303	-2.7785361872471	1.06361409810776	0.664157946928128	-2.71906032051687	-4.00545992909443	5.42982751560531	5.43348117598971	-0.383998439858012	-2.32623141977737	-1.86820226917257	-4.10320853796833	0.368934821447323	-2.39439181997167	1.47948989506729	-3.83329994946367	-5.25347676344855	-2.28227221931154	-1.08075362941714	0.332820082262092	8.89216629511437	-1.17692864697808	-0.902132686939137	-2.7755057376054
MA0115.1_NR1H2::RXRA	NR1H2::RXRA	4.97119908921605	3.82354891282318	5.79308036165021	2.40200836580955e-172	5.8932995951839e-172	0.255537991250565	7.38147729032102	4.55495607348989	0.564525617965981	3.604874894529	-4.91325541752837	8.86141156303426	-1.67855096062454	8.59704093708848	-2.83779349812794	4.88268746178853	6.12470279813152	-3.82624960077269	-1.40482625474824	-0.938077212565658	7.67768672305541	-6.1904626566399	1.94426190791333	11.8256355881212	-5.03986928090216	-0.216412983326497	2.2488290287848	9.86092169045837	-1.69856126229827	-2.71783969621466	-0.917831333740505	-1.28627062864194	3.06278951539061	-2.83306757791099	1.23158665011821	-3.55263182820702	-3.35886153836812	-0.704676911783014	0.951670150226195	-8.67759122490111	6.16181222882804	1.22915040645809	-8.16048482451691	-0.20560387051527
MA0119.1_NFIC::TLX1	NFIC::TLX1	10.9099540868059	8.8780349756259	12.524276874676	0	0	-23.5790656887352	-2.24020767699856	-6.52805055001573	-2.20583178989881	-9.23716360274084	-8.62588378809612	14.3560439058195	4.80401820996095	-5.72382442600127	-6.14407187119377	-2.00885535242841	6.98960288869675	2.17692862222746	3.78353088811613	8.39305651867587	-8.23443143096325	3.4448453407763	-6.27165690905789	1.3196516658492	0.12344929130715	-7.80692155079257	-20.7712893686331	11.8551493349788	4.33343084456225	-20.3041803279269	-3.83380039240577	-7.29621704880233	12.0079338086749	-21.8285749729269	11.3417784563451	1.2329334640641	8.28285979290719	-9.54696157212473	-15.040659976618	18.5152387543932	-16.7178719074664	-16.9205159679872	8.95989032482663	-16.6423910920215
MA0130.1_ZNF354C	ZNF354C	2.8103448054324	2.072852543657	3.4569271185455	1.77914053985363e-42	2.35605849733755e-42	0.898338745130905	3.85964667951263	4.63244036614303	1.33809748748627	4.96814074323372	-2.2411456675936	1.49571396646907	-0.642241197766534	2.77645961022793	8.65419864855148	2.43896546719974	0.72410211142404	0.319762302610657	-0.154557177177985	-0.540135827238073	1.06504171925108	-4.75818165535643	1.62220152699831	0.351141990858162	-3.07871735592394	-0.154482962212377	-4.03181865154607	2.1542032639117	0.116081248430584	-0.0673992043138315	-3.75623724366851	3.90312673169322	-1.05325959086057	-0.507102981190221	-0.0286301863798552	3.61407537965243	2.23564994530187	1.47292514068029	0.312298014309386	-4.0897228014009	4.34319048627778	1.30782750575708	-3.3465269033778	1.61657544800213
MA0131.2_HINFP	HINFP	2.5771870609172	2.08368925617206	2.93384791142693	1.87260173499217e-33	2.31968081849323e-33	4.32928011356147	1.36987457257743	-1.65402588525036	2.16361655099225	-0.043911163942485	2.79456127549363	-3.57552437021412	2.25218141615956	-2.13514138258109	1.25907190744179	-3.5020844674152	1.10069457023006	3.81812346779166	1.26641476145489	2.34900677925469	-3.84523108918965	3.44590329819319	-2.23467733800031	-1.13645564451639	2.97203582021979	1.36375328673039	3.82254488167711	-2.57358879333806	2.11471773666458	2.83530038689781	0.070687207159786	-1.27568597033569	-4.76010716741689	3.06510866612754	-4.41992061401793	-2.93965943796881	0.924059248054302	0.911976538477531	0.651385359240868	-2.10120080826657	2.3399601701457	0.102307944814546	-0.216219138099628	3.3589285145843
MA0132.2_PDX1	PDX1	6.38740993008205	4.59905705337455	7.66491099650288	3.59939003132828e-301	1.42400868114425e-300	-2.02092535666055	-3.04262162911901	-3.20905497707755	-1.5644593344419	-1.59378504661054	1.48774543538543	-4.38854772501823	11.4906450297967	-8.37943646948257	-3.93751565693528	2.45958265921536	-1.35700045900826	11.2351219432924	13.849376775163	16.0192840604851	-8.26385351212637	0.0305998282054223	2.48004697774201	-7.89021794404943	-0.716976793263243	-2.03892837706192	-7.6812069781653	-4.75949800710571	10.6085775842681	-1.72234534423448	-0.701550145363884	-4.66613487186063	-0.731159191373247	-1.67036778099408	-5.07120570096675	-5.94879497233353	-1.63272098442256	-2.52630141610792	2.09368645534121	13.1262390356852	-4.734945614863	-0.301331143200519	6.4524990508036	-5.03268869082915
MA0136.2_ELF5	ELF5	5.29705112631686	4.0930994878289	6.26657321605467	5.77949945749969e-199	1.61164015709132e-198	7.43614347862993	8.36804643293505	-5.1738806686547	0.458187032525618	1.67396813975618	-0.689329999143733	-6.33666383663271	-3.01469994663696	-5.29258271232278	0.411167516055312	4.97090661490183	-4.31130148980891	1.12537358203143	-4.68812616811976	-7.39947301355435	-0.945909670919614	4.64179524123921	2.43401557524559	8.79036199828655	2.37893238827753	-2.25893182978381	12.5034026849148	-5.0760406130048	-3.69676129586439	4.07486104426773	-1.54540026883918	-2.19512502614362	-2.97709648820654	2.64596038078487	-1.04897937474968	-1.26235164551222	0.423921442311507	12.6393581010465	-1.47190840049962	-7.52368162118886	4.54860495732177	0.26743072582222	-4.48449153481487	10.3357365024853
MA0137.3_STAT1	STAT1	3.67745248621284	2.97778957862245	4.29370696871365	1.02466866021776e-84	1.65463077019858e-84	3.32498627633467	2.05829031088052	-0.994502183910208	-0.0499116551034667	2.24407536095089	3.70600049472137	-3.87513743481202	-0.794456741116495	-5.68476769174004	8.73759476142342	-4.74902845876646	-0.466306978811015	4.22443980159071	-3.93209834148	-3.72692906569678	-4.3546335029709	2.92972752642238	-4.67901465313144	-0.678384720532101	0.688005378051634	-2.59925213173627	1.93443225205363	-2.86955929314668	-3.13365203684146	3.24912108394307	-3.55578872755558	-1.63458266644038	0.211344441838183	3.53089294973622	0.336789902015779	-4.25206045350635	1.85370517582426	1.17686702422135	-3.41298469587345	4.12053935196567	7.12086436669641	-2.19194005254151	4.27165063701387	6.51145007477777
MA0138.2_REST	REST	4.26141413249808	3.22543418811064	5.03268881478936	1.1279025146739e-120	2.15048883068849e-120	-4.69273988823215	-0.512336562457884	0.303089758378674	-0.399091025341462	-1.57410712480652	-6.54421295363537	9.48946690765774	1.72014008797257	2.88271495979587	-0.324100305691524	1.69878202522411	3.03098816648743	-4.05880249455039	2.85693637060244	3.03080621879982	2.75433901460366	-6.82278166389442	0.423169744837823	5.06491084689471	-5.83411827225577	-1.03105637169874	-3.71876693421261	9.84618777546117	1.48461348868656	-6.84415909903402	-2.67758480061227	-2.10358879798859	5.62139489902018	-5.99164078471818	5.85298849269324	-1.18563206034287	-5.84523007671536	-0.910267314816813	-2.44760309649679	0.61102422066796	-4.28893619372665	-1.99976354519178	-2.04201408430397	-5.29963679062412
MA0139.1_CTCF	CTCF	5.28666391046161	4.37395211518535	6.01707171205539	4.34913492547966e-198	1.20218445756709e-197	-4.96464889279957	-9.16954057300773	-8.25573217363833	0.505403206864025	-3.65856561547242	0.727351339622699	2.25861207380993	-3.97904606667566	-2.86666799539557	-7.00274215179871	-1.83685589046588	-7.54446007074857	-4.01079950843301	-4.88429418040637	-7.39220525500944	2.69832264108572	-0.0447446419863146	-4.45016636209101	2.53843163227822	1.56565912874977	6.67369719797341	7.25815241000369	-0.0817942469086304	-7.18228885811478	6.50291003799744	-1.63556483299339	-10.4217616187643	5.64066802382462	4.18766878622208	5.34053630652384	-11.8154889096474	3.87525127369416	5.22883679948777	2.76529714675714	-2.67512229189623	2.93034204317791	4.8789472379914	4.03020761041282	1.81356568414607
MA0140.2_GATA1::TAL1	GATA1::TAL1	4.06762451673057	3.04312424635446	4.98575958877652	4.4225700894375e-108	7.99853390461126e-108	-1.02207900018932	7.18293253408952	2.67375255687615	-1.94213121803013	-0.932926252446171	-0.88774640140476	-1.0463937536707	0.189638297932454	8.11762523813933	-0.773493247051825	6.40581887776629	1.18349494781331	-0.901136173338961	1.43492189555414	0.0343267587420258	7.9316746923026	-9.18701384208928	3.46415955632907	8.2210129000154	-8.71790089188239	-2.92192079141554	4.34803681940745	-0.736707495938966	0.641178304738337	-1.91206876389618	-3.19788816809782	2.78389771747825	4.09328504033434	-1.09667954808005	2.84809064151876	3.31533588711991	-1.88014953909413	-1.02311246123698	-0.0972624333237513	-2.02616665188135	-3.59133990793727	-1.97559327591247	-2.41887041551192	-5.68224591467478
MA0141.3_ESRRB	ESRRB	3.83347280367058	2.69139301293589	4.78440338190104	9.72628024965167e-94	1.63742962713551e-93	-2.54169619653909	1.10420805029503	0.941436928444889	-0.664906254585029	0.375287135627555	-5.1666197313149	10.0048493843531	-1.20087589391911	4.99085849742098	-0.760645528357955	2.85485306327878	2.58416833857708	-6.23018736218471	-0.309331043743942	-0.849094005040399	3.65401492773536	-4.30173476802553	1.03082848164632	4.5249943726695	-3.49138900536318	-0.661995152474199	-1.33339172542494	11.2962518254385	-0.775591945071975	-4.48989838064026	0.533130385572113	-0.491921665111445	4.87736734432989	-4.51859875622631	4.09335359866418	-1.57920074479535	-2.65816540277788	3.15723728994485	0.625433666157543	-3.6039606507545	-0.804081303120858	0.697670116140516	-5.4799489840976	-0.251123696556117
MA0143.4_SOX2	SOX2	4.52366043805839	3.45768363498123	5.3670963694066	9.39387692079191e-139	1.89978405458827e-138	0.0249347863490017	0.385502199795651	3.36074775444229	-7.22346314861962	-3.67305617741131	8.73504503806313	-2.34204045273974	3.46051774589379	1.68420719386961	-2.87893846761816	7.52835593750065	-1.79060886281304	-0.558735956180533	2.94637158096316	2.15267229388856	2.80461420775586	-5.32653236139723	1.82621309126903	0.821348519860222	-6.38903372607183	-5.10086357175214	4.65051390158584	-2.8654548678395	0.70255417273775	-1.00611154371204	-0.934644579640349	4.88258470240622	-0.894733535494602	-1.04719573510439	-0.782010800804109	8.78009116955903	-0.578003461276713	-9.97866064418707	7.80085327458746	-0.309063224799459	-0.876688134813766	7.44671645567344	-3.23588823803004	-7.24174720829706
MA0144.2_STAT3	STAT3	3.27115910155547	2.62013412824126	3.84333360262583	3.05122759061135e-63	4.49169084850462e-63	1.33799876228404	-1.09234970822351	-3.23640107068915	-0.764090178427373	0.312082095735068	3.02141105892432	-2.7324671883195	-0.484180840338205	-6.66551437369554	7.05789115349455	-4.06812107424643	0.710595379268496	3.84349984833173	-2.93449066929065	-2.61504690727283	-4.79020531158572	2.27339917521466	-3.63810422807429	0.591121157539088	0.593659492450004	-2.84708216577036	0.36203298682685	-1.75403015329579	-2.72955719766769	1.12262453489779	-4.23076223319975	-3.13888042766664	1.49883980609819	1.95847994212087	2.15256055497954	-3.03522275924665	1.57687646095684	-0.502089336616524	-3.27410371890928	6.50928811913035	5.36424120441683	-2.30225694813161	4.58892765322508	3.88364040340744
MA0145.3_TFCP2	TFCP2	3.48229503297634	2.53240613279954	4.15754049412389	4.91555582554512e-74	7.57067357073008e-74	8.28621474780126	0.666488920118648	-3.77296904889212	-1.68976172212003	-1.48432335225247	5.87726888405837	-4.31472563691238	1.79751885461137	-5.08872025655642	-0.149841864991341	-3.72878900164686	-1.39463168345902	6.12593626117237	-1.28201727823859	1.37373605978971	-3.9473838324909	2.99017511840629	-2.63141557154309	-0.114380319992402	3.63774013809721	-1.46924861919705	9.05917672028238	-4.73653695612033	0.459884657218761	1.60292589603141	-0.406453821240505	-1.35407816212398	-2.1434213835757	2.57065249562271	-1.96897380917169	-1.87931821434704	0.615709346143444	5.17881937991966	-2.68688466751766	-3.07797693001855	2.46748037293008	-1.18998258351694	-2.6402533238426	0.273465120390579
MA0147.3_MYC	MYC	2.97056926427959	2.42278782533626	3.37227843710351	2.93786167805966e-49	4.03398360566543e-49	-5.67455243074343	0.516477783808681	-4.32954252942927	2.75285271027399	1.2861088449678	-5.39813553525069	0.607999770619949	2.9631696809832	-0.723193589438509	-0.462662471763939	2.60253490086947	1.49280856601601	-1.64113651849013	2.56655524963013	2.89350557420567	-4.68008353154109	-3.82216245841517	-3.57187798589432	3.22400605257076	-2.44817392075582	-0.0527612101499524	-6.20186768048807	1.38098936150329	2.44149961005222	0.356496443537247	-2.55145241947784	-3.85212926140566	2.60238304613163	-0.00529477678598652	-0.2369357599709	-4.20518631020667	-1.70674417259792	4.34296423789274	2.08828271554745	0.240668919491404	-3.00088737342428	3.30568131752559	-0.629084372294027	3.16042719498191
MA0148.4_FOXA1	FOXA1	11.3414834693791	9.30887223676241	13.1324018688686	0	0	-2.77678242496102	16.640074080775	9.21884713113389	3.90513254445186	6.49784773738523	-0.931083855858624	-3.17540015278828	7.08289717558637	19.012136273698	-5.03465176756568	17.2305936262711	-2.38793086423311	-6.79682827934925	9.49211142631538	11.1801960219496	20.3349907758705	-10.824438867631	13.9978339130096	0.564931339656895	-12.5153258136394	-1.99102612604095	-2.77462436516677	-0.468417414032904	9.56491612398605	-2.39464965270108	-3.99133458506368	22.2919451359044	-15.501248336904	-2.19658200166055	-14.6607830774874	20.4503633758183	-8.33076059885569	8.31468179593911	11.4817866327879	-19.9823034699743	-3.76925409428424	6.02564273152689	-17.9566391412943	-11.2379290930779
MA0149.1_EWSR1-FLI1	EWSR1-FLI1	3.25004279219339	2.5444811083957	3.9382930899066	3.31162075929126e-62	4.84123773817868e-62	-1.13736475624592	-1.35647408953194	0.351787445825565	-1.50079831310044	-3.32151252081378	3.46262766204772	-4.34494155668602	4.93967598626983	-0.496542187554304	-2.82329935809614	-5.30540348990622	3.80491221880952	-0.468431933303006	3.69179596305576	3.49189599292462	1.57551403871317	2.66527652472472	-2.56431725825149	4.11201541357445	1.4481291723866	-2.40327768248713	0.911956627274238	-4.14856360051884	4.40632129366804	-2.62423442642758	4.99327173416195	-1.74278295974815	2.56885879178636	-1.53146126066425	2.9902713640008	-0.660998502541001	-1.32577324360364	-0.630179403989887	-2.11301939563956	0.689433562300958	-4.98998633543495	-2.23901101228864	-0.875736416432821	-9.32303138229675
MA0152.1_NFATC2	NFATC2	5.12567791082499	4.10027723791381	5.97999929403438	9.71722670267356e-185	2.52090348475097e-184	6.52319608347599	-3.47238692366928	-7.99042213724353	2.03279217717153	-3.3599881648155	4.46151243239909	-6.38554199650059	3.02008596931126	-11.7290802076825	1.59586300884756	-7.09400817205554	-4.03614728895931	3.3047971997804	-1.22071449806613	1.33736655353103	-9.60422624794446	0.363854282070966	-3.23881363910542	-4.94220736810969	-1.97036845112433	-1.10799459216475	5.67563374261913	-4.0718028687645	0.908964464415896	6.13575654472187	-2.33094407294421	10.3063537535996	-3.78928644368508	5.93366303961022	-3.59088208926834	6.43749723236531	9.5555118781312	3.7259053117995	2.26654770095071	1.32458104991052	3.11330658158961	3.49757346364073	1.42064531183396	-1.59613034139368
MA0153.2_HNF1B	HNF1B	1.93800120798378	1.44557149430838	2.335379619845	4.87363013964278e-14	5.28254773697582e-14	-1.28355593009816	-0.656755708711162	-0.632071223907278	0.203327115812305	-0.706110106657512	-3.26893364910038	0.0267618536220199	3.071369435093	0.578062341226382	-2.87864274469363	0.102243710130394	0.363376082105937	-2.72009861859635	3.82489042326199	4.4148374108479	2.92074657346242	0.219711009552511	-0.0412905278235456	0.373364195934536	0.185566738229306	-0.0327719399429768	-3.56890487680301	0.0274367838316863	2.81690682228182	-0.873729326564189	-1.03959012426467	-1.70379017491484	-0.538767717938148	-0.958933367466626	-2.68657070403836	-1.3273680161684	-2.84794694451513	-0.381163698210887	3.18468271600237	0.843830068455609	-1.05676220384158	0.743833425049665	-1.65879675924533	-1.84159449375397
MA0154.4_EBF1	EBF1	8.37697561827948	4.61980701100993	11.587374680399	0	0	-8.42959547713526	-12.0926631978205	-4.72743539995687	-4.67310143973386	-11.7177222310412	9.99896100480208	-0.539339732208736	-4.17162323385885	-5.86928953440646	-5.93216070901292	3.52902119308019	-6.28990846498222	-11.5905493119917	-4.22795618420398	-2.76457687422974	-4.84878771923117	-1.22234290246189	0.806977118146543	-5.64998304854234	-2.06598119801824	-7.71976459832858	-6.36949481385117	-1.13597586147715	-3.35414668562425	-6.42949306179591	-3.77702399920427	-1.16396210208523	6.40738115726545	-5.06462166773027	11.5125586424374	-1.96348304483537	-6.83688480360992	-6.26998320945327	-3.35242999646461	32.5652605839922	-13.2216175003463	-4.90243975198409	14.6280446960122	-10.9068543875987
MA0155.1_INSM1	INSM1	1.68109272769452	1.29161015588379	2.11042371336395	1.52965421832481e-08	1.59255118453882e-08	-1.83530054277931	-1.85743322016916	0.240058698723776	-0.311979537527655	-2.50515554196805	-1.50876944890932	1.55190275526471	1.67252988786379	-0.233421565800812	-5.35842785759889	0.973895213971138	2.03627897260352	-0.615595940499843	1.4283891145158	1.56204153874421	-0.339031941822338	-0.189716893886945	1.20421228774935	-0.908579592879151	0.689749232774483	0.632125027767079	-1.68984839952601	1.80505033543589	1.1480205038722	0.364260917888804	2.42807123631139	1.41156762901851	2.01926697423615	-0.538949663298178	0.611651750526577	2.22688516937437	0.926323414380599	-1.43505379329423	-1.4722161177734	-1.50524532609063	-2.38563467403706	-0.672053610279893	-2.07530499155823	-1.44289741633726
MA0156.2_FEV	FEV	4.06871502631683	2.68477314510987	5.43057682899472	3.77256985712279e-108	6.84251209042615e-108	-0.0958227311165879	3.25563407663017	-4.89934574618457	2.60888200806987	-0.828957485582051	4.08610312679717	-4.34489801011572	-0.392338733371551	-3.45987478842974	-0.674298116764662	-2.3316730746092	-4.61087174484092	7.28771810486634	-0.478591498829484	-2.12130913800735	-1.61155671849573	-1.17714949083289	-3.37903237175383	0.532580335401541	0.457276164718169	1.02452407701679	2.54939152140711	-3.65211688009004	-0.111897855884148	1.13984030445196	-1.1846195287955	-3.57021558644318	-7.27417899721003	0.791257333564333	-5.35986546218471	-3.74033803908984	-1.20154333900349	3.96522424669989	2.29341239604923	0.233438437797611	5.78222938070196	3.0590563175886	4.36011802125362	14.8853496372223
MA0157.2_FOXO3	FOXO3	9.98167690002957	8.07110541262678	11.754247852686	0	0	2.82124256828109	13.8973082314707	4.89995168512398	2.97462919938233	5.61641916861564	4.70633213953934	-9.51120184345524	3.89701935379114	11.6688654554795	-5.79707798491723	15.8884078863027	0.508709544183306	-0.470729877448006	5.23706016574619	6.7201409259939	14.3573403195808	-8.38893552160253	13.8696876667186	3.03724927636058	-10.1460058236545	-2.77230203477184	4.8739636370469	-7.93643640853259	4.82406355643383	1.60329735221825	-6.37604372955131	23.0571767926325	-15.8570763950907	1.55832763538965	-16.3698276080507	19.9603582786844	1.08056223661764	5.68912232855076	10.8939395246862	-16.9183081751466	-1.6287292607505	6.66411642124665	-15.762137485872	-8.60079679083129
MA0158.2_HOXA5	HOXA5	4.96874976862341	3.33075049248696	6.1749994091951	3.74783745786911e-172	9.05488973599675e-172	-0.981591504739927	-1.33632514074214	-1.66995062531693	-1.22740759914782	-0.524575071579068	3.18239170165705	-3.12548988111973	9.3688180509534	-6.01947550373012	-3.00625984311589	1.54575677149572	-1.36541349463472	13.2873583068605	10.9825413155895	13.6550466451185	-5.42293021949639	-0.880388119066731	1.62086716907394	-6.58420524470197	-1.13182298487889	-1.3525875018961	-5.51317761565158	-4.12262938749222	8.26560628958896	-0.605195944467267	0.073326461538798	-1.7212175664159	-0.974453851755123	-0.727426002306618	-4.04132312040461	-2.62352847490274	-2.02575732866324	-3.58413519591864	2.12322478584539	4.76741647983202	-3.26690074112921	0.0437898742745815	2.06791828210176	-2.8865647570294
MA0159.1_RARA::RXRA	RARA::RXRA	2.84267982142039	1.8306166647675	3.65234648755462	8.30694339984056e-44	1.10934497301668e-43	-1.66444077536396	0.637876456029861	-0.539080982678114	0.774528572960353	-0.467178378258042	-2.75457571141368	5.07295963747827	-1.36709877380566	2.86865721534313	-3.7046313532765	0.769619632055881	2.07986292639651	-4.06180847787945	-0.98026926104758	-0.580372469231527	1.95125328225897	-0.767624269669713	-0.356636552508207	6.72070265214513	0.252787380585049	0.327943755214593	-0.758116116424618	5.2546788870086	-0.743147646352376	-0.778453841113892	-0.670805120480139	-0.736352659780174	2.6153646134873	-0.790992786954884	1.02289291324624	-1.8704069776304	0.238255790981476	2.39196395859831	1.02314792841077	-7.42159018573754	0.353996445495321	1.66112252908083	-8.10466173400865	0.6300541808538
MA0160.1_NR4A2	NR4A2	5.62282404702809	4.19345346699348	6.7722213339996	2.18324618098422e-227	6.90997416281506e-227	-2.59284010035647	3.9304260995305	2.85013906328502	0.401549912513154	3.28249911966507	-10.4157693028303	12.9333512315101	1.38812134585015	7.70527971011434	-1.65650598146396	4.7206206227941	3.29600942920145	-10.497712486304	1.640089844236	1.92559860867949	4.94392828799498	-7.51755659286731	1.61517207615439	8.01712040460635	-4.61677692595059	-1.25896002412621	-2.55769668111769	14.0153975423316	1.24202188958466	-4.00240333406672	-1.22593492568335	-1.2988385671491	7.48666445124307	-3.73208413549512	4.91130675210842	-2.55015291903009	-5.12602016451812	3.32265489853951	-1.99681184289392	-8.55298785061307	-0.554011230073855	-0.659530264466757	-7.95766613959121	0.672966310869624
MA0161.2_NFIC	NFIC	12.552314393948	9.11365623279486	15.0523343469894	0	0	-18.4843269625085	-12.0590290486088	-6.35962165369285	-8.98752877907489	-12.8181433695097	-9.472511761665	20.6054034801133	4.80217645587348	-10.049762779837	-6.01737277165266	-16.1225203505753	0.790671264954057	-1.44365430879106	4.54767671641567	7.1183685920226	-9.15342170514881	2.932695215051	-19.3600860405012	-1.96031052190104	-1.10029106921016	-7.99110961013443	-15.9543870299898	19.7436008333079	4.1387337774401	-18.5974455570853	-2.07118422004611	-11.4581355271936	6.94434267013703	-18.9237748244918	9.735339375817	-6.03009823303698	-4.55904536510122	-14.6361405882433	-14.9824407998033	30.762661926011	-16.2559484641228	-16.7851882972912	19.8072564510765	-19.4775155254353
MA0162.4_EGR1	EGR1	5.28728076736499	3.83152800544151	6.45487118915125	3.85834947731429e-198	1.07119965751752e-197	5.08630615957753	2.78006268417583	-1.80400651093567	3.34293168836151	2.30764334272998	5.52957601688109	-12.6382852535292	1.67705591369062	-3.44068227499215	1.23853648261157	-2.62123943629546	-3.1210383683826	3.4914129364206	0.244132130225956	-0.219112513030769	-3.83605217135963	2.46376763161378	2.25941705402195	-3.77343254413625	2.45888729712075	7.70508161370363	4.80413319284398	-10.4976388298551	0.960864934182779	9.17981776307593	10.655797055754	3.25399650133801	-6.0106315040718	7.20825365840026	-6.12001549774554	1.92790373080326	3.0225558690425	3.21047824085229	4.06591115405291	-10.5008229380026	5.67899889406194	4.09598512835474	-2.50307610083882	5.45374835391138
MA0163.1_PLAG1	PLAG1	2.23661377455512	1.70874113301655	2.67304919114991	4.05778103114051e-22	4.63641767637535e-22	-3.29149027067946	-1.88198592346446	-0.197897005654741	-1.87338651180552	-1.15566367265189	0.932660848184044	0.551548201828023	1.74367912738356	-0.392851949748796	-2.31746470990279	-0.841188184182115	0.176433228793023	0.171187548710995	2.01084616343679	1.88639077290497	-0.56884554420118	0.309196737685984	0.494500558666855	-2.30240126963357	2.51633920642559	-0.187763905966274	-5.80246236906344	1.0919065081834	2.4782006116589	-2.4683942573165	4.2626102450668	-3.17471871446199	3.83778638631801	-4.06410233039711	2.16958853430975	-1.23906516919124	-1.62426623325042	1.19827444814159	0.445149111907229	1.88079255460579	-4.37928116258508	0.755225903527735	-0.813235004305772	-1.61261888574917
MA0258.2_ESR2	ESR2	4.64142060221886	3.37875490156911	5.80506437016114	2.93626701949778e-147	6.36526377856883e-147	7.1844955789135	5.4139590060418	2.21048184667612	0.87847417586766	3.85704030428175	-1.26466456539753	4.14696170929574	-1.30266711491371	3.26808462959195	-3.39105803154082	4.66460656316931	-1.83084347031953	-2.60761433970011	-1.70020879161815	-1.176719060087	3.775362800166	-2.90721188412486	4.5835251949414	1.76679338945853	-2.1769116165582	-1.42673522165505	7.87246625241915	5.07435209795894	-2.04815424323396	0.807684435408393	-4.04510916623659	13.4122277316305	-0.439995326117689	1.78476579363331	-1.41701232258078	12.4334663772481	2.69316836646969	-0.657001507098853	-0.744528243849743	-7.84239627367774	-2.13414581810104	0.450897884104898	-9.13020681272081	-3.06449392276047
MA0259.1_ARNT::HIF1A	ARNT::HIF1A	1.73741467732799	1.38203079969414	2.02421469345063	1.25397577683605e-09	1.31854928029439e-09	-0.59088107046736	2.85658685056211	-0.878210534171295	-0.382130642766848	1.67820845574684	-2.76310219383587	1.42205621800469	3.2907838999763	-0.271167573721981	2.75738168262199	-0.0101432963303409	1.43895734047972	-2.61136906957258	1.49032723265165	2.25655133529012	-0.946324659885845	0.605877572968074	-1.17238307598934	1.37951651437904	0.435820390800724	-0.052914107221966	-1.46365891577946	2.50143047857705	2.90052743187987	0.698816102150722	0.991043961633717	2.86495940793999	-0.298694576488019	0.905701425659965	-1.51827661025129	0.735631329829482	-1.15712889050577	2.19715570981191	0.936071709716137	-3.15403927831343	-0.800215080806711	1.06318094998729	-3.11097883963988	0.310037911206595
MA0442.2_SOX10	SOX10	8.90864645952647	6.59323348620622	10.8269074743953	0	0	11.9836458872983	10.9638581557006	2.35637876938839	-5.78903080695471	-0.0437610694087787	25.4995631648695	-14.1990694564569	3.50513414445193	0.696648462444248	1.5611493485463	-1.97122491213522	1.31424947282137	9.97823918807897	1.64829372564814	-0.431691547066285	2.54103058128944	-2.39895097397799	-0.555637725209945	10.826340360048	-5.67683377361778	-5.85685241638721	13.7711711185818	-17.3717299575963	0.103523776408129	4.33004266543157	-5.02870721918947	15.0316380059898	-1.87299634767643	5.05736349280996	-4.34252257114166	17.3559907086117	6.17825357223624	-7.77960554115367	4.95510231559028	-9.68768677415546	5.52498781157233	4.5783041935433	-14.3317447827508	-6.17346927226022
MA0462.2_BATF::JUN	BATF::JUN	5.53703043495342	3.92886862786548	6.8274126772133	9.99009282055492e-220	3.08474573434696e-219	-0.724651187338705	2.52530574597772	-0.12710487661558	-0.655185752629212	0.596250877035691	-0.88049340907964	-3.88873008025181	-0.211364493431686	-1.92992641888636	-4.80322395698233	6.4541619312191	-3.458543758884	-15.9780923914816	-2.54948688481061	-3.11201501827049	11.5013955228617	12.5884326196827	2.41136222088108	-2.47750802884273	5.03788311189341	-1.49066735258699	-0.613347769582202	-2.21333546625791	0.720965578076123	-0.859135506770974	-3.24598296174497	8.01425300859882	0.418727360916024	-1.40222926494665	-0.299234335316622	-2.537815433778	-11.3685130829226	-9.23013193845572	2.82540732299443	-7.46694511854551	6.74817115362306	4.21328639858084	-4.50347328489582	3.97156224516102
MA0463.2_BCL6	BCL6	2.16644150064919	1.68079066901667	2.56491940816826	4.63378296011023e-20	5.20991938499073e-20	-1.64396487053376	-2.77976069531484	-2.77424005328179	-0.343595690447498	-3.95629620104434	3.32099389256284	-0.330228263040913	0.472423665021479	-2.72976628804425	-1.3117275455467	-1.7099889995732	2.24647386758581	0.999372222616124	-0.558300424724106	0.281574502811925	-1.24953152161545	1.0388958153209	-2.32066857046379	2.48903003729049	-0.32880233466193	-1.56239567524499	0.128556556006301	-0.470031701521446	0.0615902763260472	-0.34092856218894	-0.987403139103203	-4.57858035616461	1.87122816115591	0.0200943416859611	2.01679137048049	-4.82733961250128	-0.825111842213256	2.36315628721032	-1.99777614148496	4.81243279314186	-1.08128733831957	-2.4301202258883	3.0982149632655	-1.52866256455189
MA0464.2_BHLHE40	BHLHE40	2.39924518494707	1.75785666849019	2.90518898709775	2.96343906627302e-27	3.50627463355293e-27	-3.45705624695344	-0.722287626329628	-2.21182891127012	4.06528225035673	0.391979893809938	-5.52697632178147	0.72353436719482	1.19018764097514	1.22149486823673	-0.857904592924348	-1.25725230941241	1.81164746543396	-1.56645097762005	0.745569689573013	0.22211402819858	-2.41679726679281	-3.85482393289357	-4.31519388762021	1.73161030222824	-3.2034760142567	0.800984008027169	-4.36681109192766	1.08263620801615	0.785642622033358	0.570990314719287	1.09281272799723	0.151255671717087	-0.0803810469964677	0.0285213756542243	-1.82805818276252	-0.332042067090162	-0.725975769303099	2.66475320557327	2.70986683807536	-0.474488927645614	0.256284182356582	3.13473606303438	1.31444431042276	6.05520813719147
MA0465.2_CDX2	CDX2	1.92061375844356	1.50142930448923	2.32515707725053	1.26796561130825e-13	1.37200381531303e-13	0.719399848280503	0.416459536495844	-0.14528875291472	-1.06039881642602	0.363304828275605	-1.82523174969881	2.33609108818269	2.68828923351851	-0.945440828844628	-3.53932646215517	1.74596165077623	-0.621792056896574	-0.637853861420748	3.15577072189812	2.64049482522263	-1.96824353204672	-1.54189293189442	1.76806618570278	1.42241125890755	-1.69458017407015	-0.439338563761291	3.38943678530493	2.25313236743329	2.04376316990866	0.169179836199349	1.74106175001701	0.594241431925508	0.419811589783139	0.10395504162236	-1.16573729936503	0.285029586647022	-1.93359331611407	1.90938816427519	-1.29433952874807	1.21239011299778	-2.09108047388415	-1.89485063029457	1.26138104623346	-5.30941046199074
MA0466.2_CEBPB	CEBPB	4.18320839846862	2.37375771393704	5.78046635507425	1.63334237718551e-115	3.03198159753204e-115	-0.897933686052678	-3.42712809680753	2.46140575976777	-1.63851943097883	-4.03600585935263	1.99195183083632	-3.22587770838141	0.669935817808654	1.52369238111107	-2.26458071185497	3.42135777601473	-3.27338399367542	0.759073133344095	0.147897552162795	0.0292250262397617	5.92542082668582	17.3760766582324	4.23566937615992	0.779503885254612	8.85527308409099	-4.30166627102129	1.25645212034088	-3.34521994238957	0.124702209614986	-2.33805263275201	-1.82323529909567	4.21020232711853	-5.12783749147643	-2.27949685980312	-6.25412199905451	-0.743661396236875	1.27576593699707	-0.882624499309861	0.21750947997557	-1.83502500854652	1.1424564197827	-0.78528809781046	-0.79427272433807	-3.33509971921101
MA0468.1_DUX4	DUX4	2.54123919302826	1.94050244123002	3.04388460408538	3.74210102582381e-32	4.58172137204347e-32	-1.21460081745754	-2.30218779721088	-2.18981356569462	1.73774445536739	-0.141818267869111	-3.58488823958823	-0.789077366654936	-0.328967945811427	-5.17047837467138	2.27883193538145	-0.650449263219416	1.10717499776212	2.56515087172771	-0.649368325690946	-0.346071093224213	-6.16076235470785	-3.15595252783714	-1.24988607314592	-2.42680506003851	-3.84134826870035	0.0657584952516213	-4.13750229301571	-1.16951010523262	-0.959349419828472	-0.105697340923774	-1.14956683560537	0.859717944756226	2.20650128259442	-0.221325645545748	1.67995662536439	0.339414558267181	4.88600087939291	0.177111839867437	1.75254620230321	4.50805642191075	1.30973790120484	1.1485778472722	5.04223028345935	1.7741541798785
MA0469.3_E2F3	E2F3	1.94073501865533	1.29724815644681	2.47312125328653	4.18794336612153e-14	4.54711518139782e-14	-1.1685766040517	-2.93538484073661	-3.9099092452223	-0.513458917886186	-3.23352105228256	-1.04275922113361	0.361697886776679	0.18661444773165	-2.80152129748265	-1.1629351721449	-1.58291465155136	-2.36307418418686	1.46265443230091	0.264356274689374	-0.142094213297221	-3.63883308174146	-0.428791333481474	-0.591744666276182	-2.35490846078994	-0.774658050562001	-1.90688971622861	-1.43876043208397	0.650113486365938	-0.303737637881351	0.0120544111053707	-0.183699314084048	-0.542487981745708	-0.16838669604412	0.447542959634331	-0.459239209817168	-1.93321652003874	1.9519813528138	1.98965090713898	-1.03411246454362	5.35377896236734	0.483156034063276	-1.76034416563831	4.94098100883886	0.614218385755471
MA0470.2_E2F4	E2F4	1.88639714206288	1.44323325583852	2.22710207392327	7.98354021242342e-13	8.56539144824411e-13	-0.640168308534982	-2.46490879510981	-2.33220021408449	0.428630033010112	-1.85440705361701	0.53313052237451	-1.20246180198129	-0.0291250139043415	-2.34499738910063	-0.760205961223335	-3.15766566141475	-2.16204763506631	3.59505724728411	-0.288062546390382	-1.18274750600666	-4.00265241861763	1.24157285232594	-2.84298828952794	-1.61595316373387	1.06754738036543	-0.560598769414241	-0.0615469676871505	-1.36345630750421	-1.01047321403252	0.269648578118602	-0.217996463500451	-1.04141856914948	-1.77928149023872	0.232113992391989	-1.10410228668889	-1.56598853230577	1.82271489659265	2.89778148751223	1.24968836731432	1.7993080559397	2.02327758467707	0.766414543654554	4.3030135316011	2.34871872321889
MA0471.2_E2F6	E2F6	2.98469367625574	2.3777058085441	3.5332655523662	7.04091392498543e-50	9.77390025113109e-50	-1.0155515240896	-0.518726668030705	-3.9671184310745	-1.78393077216156	-4.41657969296737	1.66007022018761	-6.98726449277423	4.36892431208103	-1.93932644087145	-3.99332904531823	-3.90187621179731	1.2709372241661	2.92506093605788	3.78814560445946	3.40905805010404	-1.79097242911195	2.77848595897177	-0.673005317322898	2.10350958741985	1.07666038747563	-2.43188517010765	1.50669162957711	-6.01334467106717	4.48690472548883	0.00696910482426747	2.84809384053537	-3.00954330306836	0.789017999355336	0.280555248357531	-0.556167094727417	-2.19709058263664	0.321952823912092	3.79675184550857	0.777279093261472	1.21318622623405	-2.02836932519854	-0.527752305902161	2.53233641338228	-5.32770000671356
MA0472.2_EGR2	EGR2	4.60113272297728	3.80428457017499	5.28821478339931	2.5376453455096e-144	5.35443167902526e-144	5.12112851908212	3.45121785338426	-2.81370182689636	4.69205807559475	2.66514496525031	4.21411490414174	-9.37263308861356	-1.62125362587621	-4.02221039875773	1.63402399299334	-3.35774153019893	-4.92569219315989	2.81791847675597	-3.03424135428383	-4.46411507274612	-4.25926509263958	4.21514275676735	-0.232950513964357	-3.62961246258794	3.00306655274029	8.97052309930588	4.40778209472305	-6.69334209680351	-2.56307795936647	7.79884842073583	3.78501655270996	4.15738793422044	-5.62754838407707	7.45962608976479	-5.46903407484979	2.63247142627669	3.99397029230711	2.88039210578562	2.74027653062973	-6.00999588216945	2.51856437984743	3.17311702490407	-0.175093655411447	5.82259650315447
MA0473.3_ELF1	ELF1	4.97430507659373	3.62266750270012	6.06134932308458	1.36590842291644e-172	3.36428027901208e-172	0.665426303865249	11.7949795013994	-6.41693068625909	1.10533788719548	0.230918726929394	-4.8925133086583	-4.25465380806638	0.675923620584609	-6.99706756624499	-2.06353219921187	7.17290216505836	-2.31228315118052	-4.91188492947735	-0.940391940168381	-2.77177061563175	-1.27329060294889	1.59630110199938	4.63086964320274	9.46529010731627	-0.0937377935513191	-0.822640639768109	6.3033603212534	-1.84087434070367	-0.047177227524566	-2.18538194024515	-0.00904869844279628	0.308203167761773	0.596822050464803	-2.51737712579459	3.09868470375985	6.17902868133472	1.03453685095175	8.63357538852696	-2.35435507171632	-7.43705974459262	3.00876045051458	-0.150138477844205	-6.28447490955044	13.3869340418063
MA0474.2_ERG	ERG	3.90264180139951	2.47092165041769	5.28614630008207	7.09690852474844e-98	1.22074540656678e-97	-1.53940484511078	5.93034818086926	-6.38811038937024	2.99561114547774	-0.99383021589621	2.01139315416366	-3.70559600408312	0.231997199459371	-3.77575006999399	-0.965691731241944	-1.50389767077682	-4.7668946629118	4.78871735893319	-0.0359489909809645	-2.0763821590452	-2.11179313008664	-2.44981797328278	-2.45531447639471	0.536060266557039	-1.21135853200745	1.38005159338428	1.60465664573457	-2.88438368082464	0.539658836241324	0.750224806830813	-1.67245951478545	-1.83124219854654	-7.3578889645831	0.412464024256774	-4.65954180162947	-0.00649525513488054	0.0512483546167141	4.70016437540471	2.3163966867292	-1.29599551877428	4.9922356296808	3.37060073628481	3.53650736219745	14.6026280397781
MA0475.2_FLI1	FLI1	3.82680265916293	2.49110761836321	5.12803602237325	2.41234438060531e-93	4.02906066734343e-93	-1.06960165411924	5.02761090761538	-5.53788567606916	2.84908697267767	-0.813675681132905	2.72411182740363	-4.32048089038903	0.133135320444143	-4.03049476612272	-0.842005225657511	-1.83993583886054	-3.98015100717787	5.39622270334514	0.128567628081643	-1.81617489373061	-2.19060176976427	-3.05235036730191	-2.56757831876473	0.904007156331555	-1.61191024389089	1.28162492670788	1.94372906301525	-3.27222260504618	0.43462132301034	0.665663388522471	-1.86688043445615	-1.69014055954846	-6.94787241538523	0.381823902263096	-4.98208826048091	-0.695285913377069	0.244098407999485	4.26892788091929	2.16542014969071	-0.761201654174097	5.21180192941006	2.96165412564198	3.7337478445461	14.1964272050387
MA0476.1_FOS	FOS	8.66558671562602	6.29213141265448	10.4417692525381	0	0	-6.64434442683237	5.99897421725133	-2.62142468906734	0.940160607429223	-0.369080449361241	-2.63930245708004	-5.13211267025217	-0.818857963124083	-3.00196348078269	-3.91790785579204	12.7634054311065	-15.3644408116874	-19.2406221287212	-3.52470388420961	-4.15560373229285	16.7231468652009	21.9267504335321	2.40991714644231	-3.46363194227628	13.1789331011018	-0.679427124178532	-2.6159690697967	-3.00783262739156	0.318926133304055	-3.44277897420147	-2.16358331516384	9.59439106029598	1.30958901758178	-5.87207541878588	1.25528117186131	-5.96386244887443	-12.8996929763202	-9.40878597439797	4.74396429618989	-9.36789893743421	12.4967048588854	12.1221862545389	-5.68506848656267	7.69455388398681
MA0477.2_FOSL1	FOSL1	6.05316959477613	4.1688299797601	7.53333696284524	1.06759174729706e-267	3.71310756065407e-267	-0.801126947305132	2.84382437018784	-0.530428829512854	-0.780653265860867	0.628613537843867	-1.86494933519078	-3.46658313963868	-0.916100615876743	-2.59340135985378	-4.3378534569231	7.03562342842526	-3.28062647774409	-18.4146149549038	-3.25349321617834	-4.27996456939236	12.0414524593525	14.434047743326	2.39213668361945	-3.13061638329521	4.98521791849645	-1.21462633534429	-1.46495803292715	-1.64703478752649	0.755611810839732	-0.163944501869008	-2.60556732958893	6.69328945653343	2.73025032072072	-0.904744167397659	1.44984383243787	-6.53846897537962	-13.0794348905854	-9.54970537912255	2.72183757174735	-6.94086361970205	7.51266779257463	4.12881735166627	-4.11976556535809	3.33856701011299
MA0478.1_FOSL2	FOSL2	9.10271591535058	6.49942307245796	10.9665405645976	0	0	-5.92172022901037	6.216919829517	-1.91400146656881	1.37935535178138	-0.14821072801365	-3.45558803706569	-6.03437337896987	-1.45061537486326	-2.0981791886286	-4.23651913714402	13.4539540839594	-17.3129164185768	-20.7616854960448	-4.56346197513385	-4.68437492911023	19.3963242314827	22.5588370082767	2.97626816979319	-2.51602543284147	13.4438210875802	-0.636547354599105	-1.70397519513213	-3.47814214862053	-0.258418381048159	-2.73963382859425	-2.31892483662992	8.16921530378695	2.31628820240193	-5.3976974172331	1.34122683901216	-7.00715230343957	-14.6659111496963	-10.1407829739223	3.03913220955065	-10.5566267908218	11.9607688122519	10.630659684225	-6.89514662975163	6.77150437133281
MA0479.1_FOXH1	FOXH1	2.40743805942963	1.89622449532987	2.83067124312676	1.58334247972466e-27	1.88040485865987e-27	2.50313893194708	2.40896845063091	1.79089718541322	0.426031078635725	1.8068502653838	-3.21118633050672	2.05501185316999	0.598696538111112	2.10343222779171	4.82367521023716	0.105137833782275	-1.67678384443054	-3.971425516642	1.15736944265319	0.442454318955067	1.09766242668707	-4.566904002934	-0.833051596580556	-1.45465906154699	-4.62636177769797	-1.97022523142328	0.496576371153099	3.12601538362824	0.776288304814873	0.399048677130366	-2.46626813297097	3.32658099194823	-1.40906153229596	1.45144566043134	-1.050127022169	2.94346981295019	-1.0507933541583	0.0844103198387081	2.71837048138779	-2.2115904572031	4.96571558577338	2.17793612290373	-0.941359784554356	3.04082499917444
MA0481.3_FOXP1	FOXP1	11.0896308727501	9.2355022847798	12.6804492727981	0	0	-4.7685752470291	17.4631541051372	7.63382864397945	1.8876840162653	6.0710845997331	0.924777112250154	-4.2694621051763	7.53041871020376	16.2532895316606	-5.94190406709653	17.398467964225	1.00581754927669	-6.17901393338282	10.8806970059839	13.2447020272719	18.3227639139672	-13.4478362618774	13.6935355975082	4.1310058819009	-14.8600342194752	-3.77898115984505	-3.6551461914138	-1.43380896208089	9.91117270797377	-5.58530323743639	-4.80730429188994	22.0921991760656	-13.8253006688533	-4.76086670353679	-13.5831032043865	18.3291127195593	-8.37230640080678	7.78653313684795	10.6359960764211	-16.3934358680308	-3.4245286270861	6.08036393540342	-16.1751703140229	-11.8955682062092
MA0482.2_GATA4	GATA4	6.31142171578486	4.59194016886457	7.60851731630451	2.14702526511842e-293	8.13812570550875e-293	3.86914443975095	3.23061742926709	7.5112618771342	-0.683798066895141	-1.74903359251714	3.30825433802998	-0.290599570669997	-4.25765091529533	15.3902970724481	-4.93039416132156	5.83684094464232	-0.0135897649363253	-1.76109953458927	-2.8400127404013	-3.51277281261991	15.6109303312792	-12.3992384946609	4.68602960899238	3.09092691119674	-10.0496755726885	-1.21279431708355	13.368469551395	-0.0827443852405131	-3.07185368320993	1.09441539127518	-0.742483370233857	3.3972917416398	9.42711276494765	1.85308777111987	10.9195200512041	2.33027297048445	-2.00354444524746	1.58764452168241	-2.65309503722022	-7.98393598785476	-2.81927522429821	-1.9929708432865	-7.44891891142779	-3.19711403029299
MA0484.2_HNF4G	HNF4G	3.46398554335401	2.62509997175871	4.18228392404907	4.56035484294982e-73	6.97271646277111e-73	3.17054041194557	-0.689023796770544	2.87330438459263	-4.03426503133267	-0.958813496627452	-3.91517671418442	5.47513868957143	-1.08363944348178	3.34700788264674	-0.958738903549597	1.77258816750911	1.50183959317152	-2.38254061839179	-0.929613912921214	0.0321407006326009	7.8307537424893	-3.21721535875851	0.546331954937016	1.14845425434822	-3.08365727492162	-5.25552189471363	4.95941897287991	5.75636347209297	-0.434116699595667	-2.26548079265344	-2.62641438267759	-4.6339774248628	0.830638083987553	-2.54659267931423	2.457709683975	-4.30052867602222	-5.09806821027673	-2.17676142440841	-1.24093609942844	0.691488484920439	8.65426068344942	-1.40025246421528	-0.990414056878187	-2.47642878651825
MA0485.2_HOXC9	HOXC9	2.15613158301355	1.69996959479272	2.47891637653639	9.12238820104104e-20	1.01842534942839e-19	1.89627416948683	-5.11273355102361	-3.65910549629081	1.09851946220939	-3.72673846714514	-0.141184530963757	-0.0226354925717721	1.04574968970707	-3.36447711997256	-1.39284741370317	0.53422077684873	-3.03682275249877	1.30642145470305	1.24151168643358	0.512056124706122	-4.18439807010529	0.60052356669107	1.01743885489108	-3.70513247448029	-0.565552613139298	0.819487939283457	3.48449375144842	0.864332288849984	0.924401190956299	1.27761601537323	0.56587416450678	0.427333024498573	-0.812038610641169	1.22974689158199	-1.58317073050662	-0.582156968449115	-3.09734701017893	0.0445126185949716	-0.0338278986662797	2.14513421088065	2.59647064828859	-1.50256553981325	2.35206110127846	-3.59416154892326
MA0486.2_HSF1	HSF1	2.18910581447369	1.69443867918163	2.60001408134636	1.02779189014679e-20	1.15970100973782e-20	-0.860824602085513	-1.10565624869586	-1.80286818917612	1.09231408267197	-0.678426684992666	-0.70778988004653	-1.42728043034762	-2.15464684634898	-2.15496866924517	3.10888229066585	-4.38495415810597	0.647488990075083	-1.76045411181445	-2.49036264927734	-1.58315419968058	-1.04307396431536	1.86279333395339	-1.68178563714137	-1.2452074079131	2.92127792833505	-0.433513947091816	-3.90922828981111	0.345946700812646	-2.36295887399164	0.920117100402266	-1.94669018311236	-0.653816516478141	-0.272292922717719	2.19602296147818	0.515308931533251	-0.78593542459543	1.63540564145871	0.958879366710086	-1.46848010168694	4.01871429980566	2.46852234543158	-1.76149772146314	4.90420912966762	4.33832441188152
MA0488.1_JUN	JUN	3.993839130688	2.9332201304578	4.78614304888839	1.85626940089205e-103	3.27303211912163e-103	-7.03429820172229	-1.48796611134784	0.282428467759642	1.33309678006684	-1.2630391801124	-8.3661957438694	1.55333461534239	5.10605731002018	-0.7871673278039	-2.71150533479926	4.50173958832311	-5.11933758848985	-11.7336887379284	0.204940302703368	3.03769117110534	2.63029689691772	-2.99540860847955	1.86888296761711	2.64209657696706	-2.87631460967251	-3.52985900871243	-7.51495004480374	3.62468030781919	3.05840829599653	-2.57330750921368	-2.06595939092821	4.37471364965259	1.42508432579206	-3.04131694694872	3.21193329512859	-2.53899071950274	-3.56193510931166	2.47736354726092	0.82482371070306	-0.334929791278373	-1.55637079327487	2.77507462614832	6.78778662848394	0.5204953290326
MA0489.1_JUN(var.2)	JUN(var.2)	7.91557359588948	5.73357456574432	9.4937699791905	0	0	-6.34081154230605	4.70381551042982	-3.31289937133017	0.954918485294432	-0.720373037073428	-2.16733950489402	-4.29400018406888	0.113215289064788	-2.59486482592953	-3.84783230931356	11.1529353184673	-13.1812588518915	-16.5226855712522	-2.22504901719677	-2.94956098512626	15.6057645580309	20.7162901528557	2.32651956097265	-3.1584850694247	12.2464438887915	-1.04987902322091	-2.88941488628327	-2.28758271400723	1.2611168100277	-3.58600420238522	-1.71504636818566	6.71119632143479	1.52839427172286	-6.26408450099402	0.763704607275609	-7.52510730848578	-14.2442100711805	-8.64228564473316	4.87336118457731	-7.53661282668337	10.2153749404093	11.4827208484416	-5.0622763013544	6.76214023927617
MA0490.2_JUNB	JUNB	5.26121165289441	3.79482817480618	6.43034150200176	6.00315691277745e-196	1.6450209202546e-195	-0.804803238429466	2.4561387480868	-0.640432409969337	-0.873367491067269	0.482484785027001	-1.66273424437397	-3.08154255496555	0.506272594674098	-3.24919374028672	-7.12788736992767	6.54043686323471	-3.02983578779906	-14.6087009978664	-1.44146668786818	-2.42489353369104	10.0948141350163	12.4893756090803	2.4258734669816	-3.54917499971981	4.25753439108741	-1.56609920968459	-1.47150348383495	-1.4473469843652	1.6502763676946	0.124330217519042	-2.64768210006088	6.26168722382956	1.67099963646609	-0.573982169132876	0.694666890161111	-6.30781091204306	-11.3812931669404	-9.05142372306289	2.52984985237882	-6.13286204561506	5.63432251984608	3.40312438253916	-2.53445914551537	3.06960393626714
MA0491.2_JUND	JUND	5.30922037681196	3.78419951450379	6.50966649426336	5.40333263735494e-200	1.52013758197586e-199	-0.69130698878372	2.46112502781769	-0.640460941056885	-0.854734880979572	0.566890729740066	-1.19460175877367	-2.90565774694925	0.192857731338487	-3.35450660875186	-6.8142694845117	6.46121989421513	-2.97353814811732	-15.5549797279937	-1.68075494213791	-2.80538292022516	10.1933734222702	12.3827718638012	2.16799696984438	-3.29921482408298	4.26078564775249	-1.40490224592868	-1.39048584084585	-1.37604666999724	1.54386531892837	0.0652609977892296	-2.62936471941037	6.29068680649913	1.95510754599825	-0.6020122804457	0.964437444427152	-6.14734719639059	-11.2046920276073	-8.75119390881776	2.34356333996335	-6.61401754290276	6.00172976388937	3.39783025028683	-3.02178089808807	2.81467043205324
MA0492.1_JUND(var.2)	JUND(var.2)	3.90908392882291	2.99585715016748	4.60239632715871	2.8940606334948e-98	5.0190147424718e-98	-6.5768501642009	-1.94794666555188	-0.868296546267688	0.283607460781242	-2.25417359752484	-7.65300613609026	3.59923072026236	4.78209624179109	0.100960676336806	-3.23894258031788	1.80183829053295	-5.68356541999947	-9.34572706232478	0.571683242585481	3.01557239517681	2.82005590052406	-5.04062756829998	-0.465809561194074	0.626492215766681	-5.00418124680611	-3.96073467235337	-7.73988114210584	5.73862428432793	2.45965983632028	-1.70478444950909	-2.47034458457347	2.80037086586158	-0.0106042244265527	-1.9567065305024	0.646865346128745	-2.40662470331133	-3.37223856647573	2.11370024555612	2.51803501508857	1.17048689017986	-1.9663653468351	4.11978953094081	7.97933055944805	0.00116690264149055
MA0495.3_MAFF	MAFF	3.22895626465098	2.47001890150204	3.81243776795663	3.51686376717879e-61	5.11764313706707e-61	-4.48068962237687	-0.935673293790281	-2.31509661212683	-2.59069691298042	-4.15372207852694	-4.93429561708821	1.749074433028	5.63951349144289	0.04737313005096	-4.20195076867286	0.318610585703521	0.885008815889903	-1.34736135121584	5.96838248661388	6.22308595119649	-0.530955658891327	-1.87339067135857	0.329758051011513	2.66984124320131	-1.84842914355758	-2.9123963689451	-3.65788288571611	2.61717829063552	5.89829469310019	-5.84189377299736	-2.56446702966896	-1.79653118977983	2.1004916223418	-5.68436929371553	0.493086509902356	-1.40141622974193	-2.89502261763898	-0.0810263715600005	0.559253623981567	2.06380457393163	-4.63061204526359	-1.17538366536633	0.621561354669167	-3.78815495407789
MA0496.3_MAFK	MAFK	6.89855092249162	5.01871695569529	8.32721797997931	0	0	-5.05107151815223	3.16025289793248	5.31979772289894	-0.486672476282641	2.05104364559431	-3.67595754191112	-2.52552839062905	-2.6050872739427	8.26872762686582	-2.33348776730482	9.70772029745725	-6.76303635999719	-8.65673262247405	-3.31301241736105	-2.34289381528886	17.3067441768546	18.7466867935223	4.11142858830519	0.436678069845391	12.7532155429439	2.66225123869452	-2.72929621062451	-1.40071527582605	-0.15766108516892	-8.63415173362827	1.85268955372666	2.94637713297489	-0.389287148454914	-10.1855053564316	-0.397629839643813	-3.21872093621218	-9.24509768761433	3.83771204270688	2.1227407215123	-10.2796063954655	4.18370996155063	6.87496220327301	-7.00798906390993	6.92877605996495
MA0497.1_MEF2C	MEF2C	4.02136251051172	2.88536626208924	4.94037527436932	3.59168870054312e-105	6.42242640520846e-105	1.71709387790726	-0.364662422751483	-2.75799274432699	1.71092910053431	-0.869800248507037	-6.9079905241254	1.0258321589593	0.158638871410304	-0.925026087898104	-3.13263502155826	-6.18365717877127	-6.39566898401887	0.0837279429869556	-0.783096315799144	0.619914676190561	-1.85210507462285	5.75993162587229	-2.9455904874542	-6.21223659534969	9.05851378682195	2.62469350806843	1.63458111943768	2.44867981435253	-0.0944925710693637	-1.22336893771671	1.99080313626612	-1.61829177976386	0.724487091605601	-1.39755926347904	0.612701886248734	-2.01092939237572	-2.44925558105154	10.1252572927152	1.00678286811543	-8.16018740578037	-2.78345654503668	2.85642843143054	-2.52365159392143	8.23549577566198
MA0498.2_MEIS1	MEIS1	2.97748601358796	2.20214468847322	3.58702786732249	1.4610788426528e-49	2.0105715378244e-49	-5.23640363603246	-2.74655897630385	-1.06295504440835	-1.00405969917877	-1.73091247223106	-1.7368049208732	4.28355934509357	3.61634484816094	0.622043026707779	-1.91024838397799	0.377432320729056	1.61587151577782	-1.5180924179078	3.41804987533165	4.34043717032602	-0.447043102318262	-7.76310783675921	-1.01766153315564	0.185508918066823	-6.41878997534029	-1.93275025418657	-3.35765491074837	5.11972323351096	3.53790610586818	-0.661992190552098	-0.690455689965731	-1.62527588975617	1.61496913495651	-0.563198696129209	1.17243636228189	-1.29529762435122	-3.2803463384576	-3.02984620850869	-0.152981078738987	4.95320948152378	-3.48082140168457	-2.48874702339588	1.11462818848699	-2.05778956716609
MA0499.2_MYOD1	MYOD1	9.97893074667541	7.52682379784869	12.042451612107	0	0	-9.03682681785141	-7.27824914007762	-3.04028285565699	1.01045277945822	-9.18007029528333	-3.91173514183236	15.8657106116987	3.23044999594215	8.98669298086674	-6.07565213245601	10.5450904088277	-1.49299710151296	-0.0923467862231091	4.65890724764696	6.9977510768497	5.84862223062527	-18.3666424530011	0.465938582529339	9.37848915972223	-14.4868800543746	-3.72313099901957	-4.1712538737878	14.9345252951604	4.36159737979074	-9.13540433678243	-7.30725250918513	-2.90522826983361	22.8101064823459	-7.91582145974052	23.6454206565594	1.81560779896014	2.83168278407651	0.998305531861969	-0.954213733610348	-10.2731922858877	-11.6419455440487	1.62248053713845	-18.0043121617595	-13.3031906167741
MA0500.2_MYOG	MYOG	8.51019018540873	6.5548242880918	10.2676484914641	0	0	-11.549166787113	-8.40946721431819	-0.314878392641826	-1.23790214583556	-14.5778893838471	-10.6018241593233	10.5287503395741	0.494586842006933	1.79350828174859	-5.5567798905776	11.6271281844994	-6.36804008064925	-4.42367056541295	1.21311133389743	0.23943470960375	1.61329970665214	-20.9835844934268	2.6890073090263	2.45396472320937	-21.099616465478	-6.80733441866092	-6.75878437079875	7.49646020302056	-0.543686364105981	-10.7432708750413	-5.64885932124719	-10.1798785975186	11.8075990770467	-8.36517882447997	11.3835439800244	-0.954334651027576	-1.74697957122767	-6.56939993929913	-1.7520338159244	14.9355235891511	-9.68620943499984	-1.71996130560571	6.84579916473891	-9.04277810841324
MA0501.1_MAF::NFE2	MAF::NFE2	5.09795506397765	3.20594375390826	6.52868950658427	1.74446596944302e-182	4.45260870426383e-182	-2.5705120829906	3.71497085611236	0.82715293750171	-1.04954569201528	-0.682487702374024	-3.01702180338954	-4.17914856956034	-0.152433529548297	1.24077355320386	-2.23640612746689	8.62432706159936	-4.90121493235762	-12.1429004108762	-1.33082017080227	-2.02947880103856	11.2995386022932	16.1626530918165	2.28242650494914	1.33118525393008	10.0848732889495	-1.18545660329045	0.589832026387653	-3.01557380649766	0.883043970657061	-3.73350392752557	-1.39196563291464	3.50440036487132	-0.452474559408247	-4.40615225825312	0.13378142935943	-2.20077510548864	-7.37125404876459	-5.39242654017863	0.077545851118604	-3.14826780183423	1.10325617189947	3.15992563108224	-1.29373619567317	3.46340170829533
MA0502.2_NFYB	NFYB	6.2670643110954	4.54981588925586	7.66673303412875	6.69401294436598e-289	2.49253540810804e-288	-6.79592976722788	-7.22379869881117	-7.83743493046317	1.93615940306691	-2.73574226047747	-6.03964562463831	5.7860712151899	0.683775520264832	-9.58069937208107	-1.88164663182574	-10.237896369667	4.99668724770818	5.03008628494275	-0.0717246401461907	0.0542943699596186	-18.5619877879874	1.18958110377887	-18.4697334793893	5.17065867610187	0.847787228970963	-3.5116167013897	-8.00803632871151	5.56384006198356	-0.866271980350662	0.710570177420296	0.15420544057827	-4.05302847432798	1.22833897113181	-0.145624356516528	-1.18720531316118	-6.25560407579807	-3.3329413487859	4.53719771957937	2.04815665148828	8.31781759238782	-1.79767886075649	0.255998555940701	8.36088759512213	4.8509542107192
MA0504.1_NR2C2	NR2C2	3.28213710536982	2.25940147415956	4.08107803396723	8.76881484327776e-64	1.29992032688403e-63	-0.0904595450118534	3.60952412861509	2.63517033031792	-1.08011804983195	2.12210815904077	-2.09312921549968	3.91032668028819	0.62980135783759	4.44904490271333	-4.78128878242685	2.25977429343505	5.05381500361882	-1.32235918095672	0.684056715680335	1.7415438266444	4.57586403745548	-3.06971582444411	1.60145186475507	5.94132466704885	-1.68831579750342	-1.28440548814591	0.33535439173182	4.53062654342897	1.47956667569948	-0.84202875876645	3.34389804901584	-0.440299187369615	2.96411724888435	-2.10511565627098	1.84794091507237	-1.83940938277864	-0.800754734173934	3.76648020741992	-0.529043892755912	-9.48776183260227	2.59128917449611	0.388322940181811	-7.49405610637386	-0.655563282251609
MA0506.1_NRF1	NRF1	3.52102965920433	2.65596304324543	4.25404490057656	4.21992319310325e-76	6.54708671871166e-76	2.45621842172564	1.02655285255741	-2.22744990838445	-0.155673718601504	0.4454919401909	2.7482612936484	-7.51909451345164	2.13146847604475	-5.4044827124043	9.04766094797158	-3.06733712323888	-1.93928702849429	2.6584222649164	1.28273601983724	0.428114985440815	-6.22888926646795	-0.124215790687079	-1.65653741928462	-5.09942150843759	-0.55875627639925	-0.486894188517679	3.9005571432011	-6.3844020666624	0.467633506320095	2.7220340890856	1.71102810172557	-0.609957894324499	-3.56604029473236	2.54057782493824	-3.22226252068352	-1.97889134544547	1.62650674124176	4.85830183525881	2.4273394575291	2.03183930752374	3.62482326970471	1.32859454935344	5.843512188979	2.14617316027846
MA0507.1_POU2F2	POU2F2	18.0181575636602	8.02405688214539	26.7996967855513	0	0	21.4212652801632	-7.59070682413108	-7.89271325629361	0.548005472612768	-5.35742246638742	-11.0569952902066	-10.6049841314772	-5.31982236104881	-12.7118162488321	-4.95635775453049	-6.06722215119529	-2.69807946514552	-14.2111004644699	-4.19098084480838	-5.98411102745227	-13.0588638579742	26.3827385024318	-6.3434437836704	-14.4382616183167	19.3459559841888	0.891107418825854	86.9562352609372	-11.405229259366	-5.38632081579015	21.9120744704421	1.58440329780253	-10.8892804064087	-11.2029409111711	21.8522401866425	-11.5193595533161	-7.85785106113588	-7.23928445080983	-11.6202748532835	-6.77911697252389	-6.82015498004264	-5.11579257989448	-3.69280733032026	-6.92496375860672	5.51419977275497
MA0508.3_PRDM1	PRDM1	2.44114601641536	1.93746390996411	2.88129572207992	1.16438000462505e-28	1.39329403199935e-28	-2.22208215601236	-1.90424550233398	-0.876886933069416	-0.629409655540539	-3.74163622874049	6.19191459659648	-3.98086628349712	2.82324893068561	-0.753830431204736	-3.09753302662602	-3.28236501656934	2.70870137295136	1.53457988876521	1.83399935833924	1.81744853034326	1.91833848811806	3.04768809213365	1.23309454101241	3.25609350501113	2.09291499542953	-1.7061981995764	-0.512938721327781	-4.26621712271031	2.49954250142621	-2.2022297423934	2.00124905366031	-1.55364422589749	0.959620578938511	-1.84588052178035	3.06866289027747	-1.98709743540983	-0.780718153676899	-1.85460954031337	0.0184444119216539	-0.499982077247737	-0.156107615934244	-0.524279302798678	-2.03869611698118	-3.08866994178471
MA0509.2_RFX1	RFX1	5.1453960482588	3.80893032909406	6.03715567479153	2.37838531205626e-186	6.24696225116852e-186	-6.63180691880171	-4.18312068068462	-8.17921991728211	1.64615895868655	-5.88041027233606	-2.6994163559915	-1.64745459922632	9.66242839621153	-7.12687502358603	-3.87874902537587	-5.00571795134108	0.562725493578868	1.34697545300392	6.82196065306212	10.1737859667046	-8.88210774260786	-1.58397086806928	-9.75922796748849	-1.53680431307991	0.478408175352022	-0.335134916323088	-5.52300504754866	-2.07323702584891	6.50706481600038	-2.91729145788504	0.221299458648336	-1.70712222943032	-1.16820303172489	-3.39323408640588	-4.12767804492569	-1.4458608998669	-1.38444583064504	0.0762695943593004	1.05429460316832	9.61438199578037	-5.17563342223899	2.75819009303488	9.00006814321969	-5.23385810802081
MA0510.2_RFX5	RFX5	6.67088624218714	4.8754478656755	7.93261761063989	0	0	-7.37953591439979	-5.45709245815307	-14.482959595277	1.94996251310203	-7.62777887364022	-4.28040738888153	-2.75069291070103	13.3294636795328	-8.60658987544111	-2.10918395138154	-9.74965807310673	1.6478401906315	3.02716540647289	11.8585451220635	13.5938730224907	-12.275592127726	-0.635502238528556	-11.6045497045795	-2.17278949906065	0.651244023005077	-2.02848321551708	-7.50309465472897	-3.0541474339833	10.7526434710484	-2.34319453822084	-1.32609754735931	-2.71812438464076	0.205320053966642	-2.00685009549092	-2.27003587064445	-2.91234882895412	-0.799029231824881	0.976625233417949	0.709996551914466	7.98143942349972	-3.44960485106289	1.57285524838046	8.55195142245103	-3.75760183170722
MA0511.2_RUNX2	RUNX2	11.7499588231653	6.72671390189818	16.0012780302025	0	0	27.835086270052	-0.283574020051893	-8.19471934016433	-2.2562806673621	-2.78736579498973	-0.894807969618717	-7.06699183205717	-6.59631405727623	-7.8060135434371	-1.58034284211655	-0.424186842005623	-4.81013468626921	10.9695353596915	-7.25646410518074	-7.33679484169626	-6.7550163934955	0.944105428847173	-0.864865519818035	-4.27664791461721	0.902734328082412	0.168764010194783	46.9625000557042	-8.2051883584574	-7.18026542964341	20.1366079743869	1.04369102540721	-8.33292422259345	-1.11229470854531	19.5717036784854	-3.3464237473954	-7.25713002298492	-4.76583897675501	-9.02009682177801	-2.36135122467575	-2.65986526081519	12.090998794886	-1.15293504293982	-0.577286973728003	20.9306357411087
MA0513.1_SMAD2::SMAD3::SMAD4	SMAD2::SMAD3::SMAD4	3.96597521546749	2.43475214969381	5.2684486742239	9.76559765181212e-102	1.7171175871103e-101	2.74076637286499	1.94563825892934	0.68077920032131	0.79949567902722	1.57546257423111	3.79215263114161	2.13647713926737	-1.50634864589852	1.59447267573482	-3.58757737985649	1.84976184138358	-2.19489165780715	-1.37943603275435	-1.42550744959888	-0.10157105061209	1.86636927350268	-2.95528167194065	1.8666066620847	0.175347634038848	-2.9463680942143	-0.324635170380996	3.69909174960147	-0.00115273304055377	-1.41425355145784	-1.38630904228867	-2.25551702397189	11.5760375812004	0.899624939084041	-0.570026503539276	0.57811639607525	13.5601891407161	4.39815429910525	-4.95947033993264	-0.524940208236344	-0.319015437069028	-8.57259176665982	-1.4654821264453	-3.28664619718659	-6.20300245208115
MA0516.2_SP2	SP2	4.11763250722765	3.10925421389037	4.8450251099886	2.87391536816605e-111	5.27300993637423e-111	-0.183999838076086	-0.956454769686401	-5.39917962569281	0.563500452987879	-1.56867704521524	7.74764216149723	-10.091919957954	1.13775439601706	-4.55027616097024	-7.82147102938233	-4.84469754796017	1.0965854855173	6.51669269417226	0.266349600444339	-1.18271536741617	-2.9301525849066	4.91563385247862	-1.46033422941154	-1.21170660928525	5.41089244810404	-0.0264175333227022	2.12238383918348	-8.41523417704431	-0.00619180058814418	4.78704622855743	2.78905500117746	-1.71283670860174	-4.48010694940855	3.07250255283622	-5.95660937675197	-2.44908187929768	3.09539448851322	2.60413400437328	2.23943664990744	-0.257435144219291	1.72314140547839	1.992014963441	3.60879600833157	3.43792570945094
MA0517.1_STAT1::STAT2	STAT1::STAT2	5.90715529534225	4.4942924083631	7.15433686424074	1.14190088627071e-253	3.82446169846223e-253	2.52950395993222	-0.437240706973736	-5.24762377312064	-1.50323628572354	-4.49479903109438	5.78416963319104	-9.68090432776127	3.41169326728106	-4.27031584861136	-2.79912473268219	-10.4087359521217	-0.545113972467317	6.34578265125339	-2.28544194402549	-2.52402491158151	-1.38906432541444	9.90253858808556	-6.25033205069035	3.27544418483204	11.3368926326073	-1.42038305706158	5.11027293281707	-9.22867644713355	-1.14809133098723	0.139400843102377	1.46365629544977	-5.13020735854907	3.76038952801144	-0.480167846246269	5.98954945807622	-5.80416036538585	0.913030152525382	6.92442511283391	-3.01471071836396	-6.41316397786247	7.94772201368129	-1.37686561268852	-3.7999639916377	16.1310799913845
MA0522.3_TCF3	TCF3	14.0120242813883	10.374118196628	17.0495405721372	0	0	-11.753508117091	-0.538511218036187	-0.0476364619275936	3.58774658921061	-4.96057672127151	-17.289587315662	15.2056093087957	10.9144317131247	11.6123630398171	-5.19035064301852	19.9070512788173	2.52683342980156	-4.03911734650218	10.8548032142528	14.2602044604833	7.09439355884593	-21.5151446374127	7.48912111343456	18.2499348268003	-18.2934910968985	-0.413390742667543	-5.8611183197803	14.5929069698605	12.4725823516715	-5.12759064057457	-6.76881748365166	0.338666688897095	26.0996921839938	-5.09352678266382	25.7571315258784	6.69489295119381	1.43950027672073	3.61811343537599	0.341273032249488	-34.20923256834	-11.8320889478912	3.43262100035954	-34.1972973126184	-10.4112043108272
MA0523.1_TCF7L2	TCF7L2	6.5385770353889	2.18091046288393	10.4612625582723	6.28026209802125e-317	2.72288075352219e-316	-1.24559396097351	-2.20190271934684	-2.70036906497288	0.255873033840977	-2.80123169287905	8.9469167528371	-3.38817173100796	1.68703907640671	-5.68079405794041	0.352150925764116	-3.53368016680828	-1.98390162714297	6.07697977570905	1.44644808329496	0.744969966959512	-2.0873198753662	-3.61199589134342	-2.20222737075384	0.148957498474774	-4.09253559894022	0.98337790906069	1.37728518738884	-4.31184218948531	0.791738043792417	-1.79401552026245	2.21319564033655	0.409164495943172	1.18838724347986	-1.39107905484502	2.4630539027849	0.657459415538211	-4.25513949949863	-2.36329388113705	-0.377153319474427	-3.4367779340039	35.8506025803489	0.117801195053453	-4.64149962381036	-0.0477179725723037
MA0524.2_TFAP2C	TFAP2C	2.80029909304544	2.06887349417716	3.3843187550564	4.56799863875391e-42	6.02404820485672e-42	-1.73573906311424	-2.53508769106868	0.0644797726075531	-0.946825472993524	-2.56509686565265	2.43713241232813	-1.65586312435306	0.159674181005348	1.76618250901842	-1.44659547983117	2.15786518427499	0.383644250933201	-2.95398101560573	-1.29967573995429	0.68915470993314	1.58682651005449	7.3820199213299	3.90320127645011	0.318196488232236	4.84771699549692	-1.80810532896981	-2.02951099260539	-1.13934086512896	-0.915552770265392	-3.06736088735341	-0.583655015001807	-3.02212856986659	4.93673456564029	-1.27514151094518	3.51884933929033	-1.62582514823102	-2.07018999540473	-0.670994788405256	-4.50026220623005	4.60371775951805	-0.0389568131789717	-4.91823719165023	-1.30111321388102	-4.04597571297561
MA0525.2_TP63	TP63	8.41666974210765	5.79871525849956	10.4935817454872	0	0	-7.85151588164493	-10.2245361993465	1.74723787347567	-1.01089738959873	-6.30510828453634	-7.34534471802394	3.34093115082955	-2.81692464796071	9.53483849666354	-2.99619483039297	20.4419976390078	-10.1972752654887	-6.67117176881063	-4.38481910733654	-4.3904413035235	11.4069623475552	0.113939308423948	21.0606057289204	-5.5044569964744	-1.01544021738684	-3.233020487263	-7.39375758851962	1.35292393870115	-3.51366046803733	-2.54328970719827	-0.40422592460215	3.26280403947563	-16.4177450231222	-2.23786803562912	-16.5399805265418	0.861230215552291	1.92056462224804	-7.8532528930677	-3.76633726957836	15.622261005926	-4.89210108757488	-4.99188670534978	11.3202778508475	-1.91826308157694
MA0526.3_USF2	USF2	4.0447598460256	3.12619171650118	4.72933708369834	1.22575368254554e-106	2.21054723946246e-106	-6.7614424812947	0.0515201571303037	2.46763713730598	0.615208185519813	-0.989520019656207	-7.75397965132929	2.22986027679878	0.511145359808191	6.26236922344454	-4.22592693135406	5.25005890154304	0.956046184806005	-4.69265604806577	-0.496706494586913	-0.442486347509927	3.61260972698583	-7.96678033916743	-1.69893994261482	2.52789538859368	-7.61619380859199	-1.08338935179023	-7.40494847328728	2.1784905273811	-0.268996354529021	-3.8553938945641	-1.75372084955893	-0.910540500965818	0.622295772575394	-3.85878941219025	-3.15210904947399	-2.6642344534175	-3.09332772857944	0.652375711009581	1.88952766448122	5.56597320614577	0.0213036260201219	2.67585753134314	4.94961080916067	8.52127045649996
MA0527.1_ZBTB33	ZBTB33	2.65252144983431	2.03076404803279	3.18644249454235	2.93783983169231e-36	3.70448727781122e-36	1.39941698914803	-0.848870175279901	0.0142825645684954	0.545462745717012	-0.920368576814094	0.894260534554121	-5.81509820461786	-0.7630395337584	-0.461213307556198	0.316926654576745	-3.85772518527248	-1.56038065623433	1.14598793276721	-0.892212910023373	-1.72256344689412	-0.0327111360645521	-0.493208352763622	-3.45010959675775	-2.12177249169932	-0.173299450067153	0.514921162375395	1.55299808318142	-4.98419896815632	-0.843505098290661	3.00224362488745	1.93253289025334	-0.273878148075063	-5.49108004059154	3.47696068739896	-3.91724757342854	-2.16903252428527	2.2787641859784	3.95391373488472	0.54748685611985	2.36859859297626	3.70719867521636	0.518355929651641	4.1656198127622	5.26981581957337
MA0528.2_ZNF263	ZNF263	2.98219670394239	2.34351048991632	3.53213084226747	9.06924104179612e-50	1.2534562400561e-49	-0.971008437701566	-1.80033999501731	-0.548968725242767	-1.83391175681611	-3.84618990521732	2.2372017565349	-6.2296905571096	4.79937039062033	1.2120934367502	-4.31170337762861	-2.29838216405091	1.82527192772114	1.57307364341875	3.92987396321018	3.71620994045883	3.14425557467628	3.49189227198711	1.15974829877396	2.12671708832879	3.08829425206308	-1.01393511655733	1.73960211650433	-4.90662323164086	5.13162479080782	-1.5626436998659	4.47794354664741	0.0764499709315815	0.729914244094801	-1.86359322413853	0.530334111572759	-0.946346570519085	0.326415324840761	-0.33561795341154	-1.22192420037542	-1.46672247559659	-4.04969767054831	-1.29036053935647	-1.61197430899144	-6.64880620772331
MA0592.3_ESRRA	ESRRA	4.62872573661001	3.4962468875108	5.57505308179351	2.48976389422413e-146	5.37890971004735e-146	-1.90434699462816	1.56419837499066	1.63291841267931	-0.564100223929201	0.00714373918369681	-5.98989348267614	10.121152471374	0.135899607594769	6.81083157507679	-1.05750364232618	3.11481895539469	3.77437931100502	-6.57023137803812	0.891623056653576	0.722828081193279	6.11413739007866	-6.58873933336274	1.20011443325987	6.35832274924632	-4.92381182598589	-1.5193363681358	-0.910973721307027	12.1117765750377	0.669991598260036	-5.04986789015606	-0.449920439451906	-1.37051847683048	6.0624289251923	-4.76345492254193	5.06797676248929	-2.31975618334409	-3.19820458091777	3.86514269082684	-0.668575489002588	-6.29952971479003	-1.46161184365818	0.33462888374488	-8.29950279316458	-0.35785427416636
MA0593.1_FOXP2	FOXP2	9.37728205251573	7.60088038618012	11.1146905893865	0	0	-4.13480618274816	13.5598784338971	3.97647933315718	0.935561474457846	3.12675060116607	3.16384915308783	-2.79577989985624	6.38564159336716	11.654731831523	-6.2059325675027	12.121701553949	3.40383275237777	-3.16323290139545	7.6089943547737	9.47551043562909	12.4226918743169	-12.0653157748468	10.7330983874582	6.10956227749627	-12.580954987203	-4.46392468811423	-1.40317895977114	-0.906658500321396	7.04385055694988	-5.44719793000491	-4.42492286548842	22.9470247940317	-8.21216256450151	-4.6749713209812	-9.17723777205563	19.036729722217	-5.25673576715336	5.91554904795077	7.69614947112045	-15.4088015459063	-3.68902683923508	4.33960213935516	-15.8606186395023	-12.8706728151672
MA0594.2_HOXA9	HOXA9	1.3570439834426	1.04408266822539	1.61855087806591	0.00120384703601712	0.00122513693536791	1.47395559491772	-0.721400618815555	-1.75177637428981	0.827470965635517	-0.175211451410718	1.4938666593384	-2.35317363602043	-0.387806722580107	-0.781937641151412	0.568128388071703	1.27950270179471	1.28247004888186	-0.384089028839446	-0.747113719060371	-1.24688867047427	-1.69013891736922	0.53817858646251	2.23556960779373	-0.979869003966251	0.643984660536574	1.17304221443192	0.818733552111226	-1.81153150713381	-0.512725130412618	1.8811464498138	1.02028859594418	-5.35604689675383e-05	-2.8595526373086	1.13107836153819	-3.28367424729544	-0.721355967388576	-0.134598502417438	-0.213939297310431	1.78441573986742	-0.305358324284803	1.5620192390126	1.64972933764297	0.35541137125671	-0.185686776541621
MA0595.1_SREBF1	SREBF1	2.69947576045123	1.95367735629326	3.31199156749101	4.63945065210007e-38	5.94488312303511e-38	-0.93411546022066	0.491048660275881	5.03669267394062	2.41267986243161	2.19264899207685	-3.044115678791	1.08133541960602	0.550136509437193	5.02905304730962	-0.839207567905679	3.4155643103584	-0.167418239838667	-3.40698311454524	1.13219196569745	1.56613762267454	2.91666196825116	-0.940382371845869	1.87145455283425	-0.183077904733214	0.798932268791823	0.773092685468932	-3.36241317890602	1.81080335077903	1.67944802868778	-1.14553310139302	-0.701960034270637	-0.600966740686185	4.40211498353003	-1.09666966596091	3.67962804110368	-0.212592223443733	-3.09911437280648	1.48610663974737	0.309094770438873	-7.52055252018306	-1.80780172225815	1.46712237189782	-5.73043172576291	2.18969960360343
MA0596.1_SREBF2	SREBF2	2.501214167733	1.92155652010892	2.94036828105056	9.83201003769291e-31	1.1922724815823e-30	-2.20797252508061	-0.89441413867745	2.60609338158815	0.936177358206754	1.20012849697692	-5.34828023087938	1.93746589459344	0.336092882526432	2.72711532464644	0.702334250117097	4.95510587058742	-1.11870881117441	-3.98280043695531	0.921474242160062	1.26389754383083	1.9863677145249	-1.31846521875476	3.10466210539243	-0.401115683781582	-0.0333472252712975	1.13097138537855	-3.40924119476067	2.60329348105621	1.02949083287643	-1.43695392564125	-0.421121134359788	0.112418514229947	4.53434327873536	-0.981226075281604	3.86719650180964	0.380772467339875	-3.11535153900674	2.15923297712716	0.282775139695646	-4.800729752089	-2.14797839648301	1.15229161024048	-4.41794104862659	0.994102588764712
MA0597.1_THAP1	THAP1	3.69735345337983	2.85838986414368	4.35593647061963	7.64828585667732e-86	1.24137562750686e-85	-4.1321496551114	-0.117730295453377	0.27101904732587	-0.275522849471163	-2.05693103009014	-5.55257485653859	8.42551497949309	-0.792197977440821	1.97623406496212	-3.83303498310238	3.94357205812243	2.04916496905091	-3.00772581376514	-0.279503348948621	0.421936641169163	2.68096612761036	-3.40691227400914	1.25901379494772	4.09808888036773	-3.36250108913844	-1.32683091776823	-3.01149689697329	7.27311467064947	0.0630410262501433	-4.51685650515326	-2.63993667009835	-3.98004280909078	5.90569112216118	-4.77320584730874	4.69801305386775	-1.58578066977033	-4.278380906867	-3.50640641917125	-4.78573415024262	3.73540715832133	-3.83592658996739	-4.74129844390882	1.01627421431559	-4.78848220071293
MA0598.3_EHF	EHF	6.41028360231744	5.0303190521532	7.48699832305955	1.57236166503417e-303	6.38015983311943e-303	9.26296367737597	14.1490419193175	-5.38738575008175	2.32879145047807	4.2819151663394	-2.78001978994967	-8.09502168074238	-3.83882385453677	-8.65657665295648	4.73423184273885	4.05268595734112	-3.50155457373198	-3.45972414774823	-6.16476341809878	-8.48632057346025	-3.64649952921056	5.11487134321963	1.80363981623021	8.90064573187635	2.21772732127528	-1.68956880876248	13.5069102247035	-5.85638017184793	-4.52655823905248	1.42164677743174	-2.0997801175483	0.832597754832348	0.710212307445595	0.960568666221997	2.7346337250346	3.56928545037124	2.79454247751967	11.8400346876136	-2.19417253349227	-7.92543169565131	7.82653249852416	0.131652032606238	-5.43879919268747	14.6378770424684
MA0599.1_KLF5	KLF5	4.74437653446236	3.34124211624855	6.01881783140347	6.8588134757594e-155	1.55058176076989e-154	3.86939746549423	0.124695972043779	-4.67276131149387	1.02032647462699	-1.80133259205776	9.5332001698187	-13.5389753585389	-0.217832145624548	-2.60322455813928	-6.2848580312911	-0.322627219148435	-0.456766508096432	5.72680984419478	-1.70953963189034	-2.04953624335838	-0.879765318835788	5.48724408235793	2.97267405478138	-2.40871811512912	5.79725986735036	1.01087201067186	10.4787098956578	-11.114774408992	-1.99190912709971	4.12385727668905	1.56780401173686	2.78617117881875	-3.38167011358252	2.45423880593661	-5.59441640913316	2.65509867807489	3.19418866148757	1.24972407022464	1.14926267685697	-4.19561729567849	4.1483780868158	1.25885998088366	-0.455813028238489	2.34907269921735
MA0600.2_RFX2	RFX2	6.89483323533621	5.10910330686396	8.13678059034079	0	0	-7.40557309788115	-6.65037716483854	-15.2190446397379	2.46349821842939	-7.73261371302274	-3.56371351223683	-4.70148169524589	13.199807010722	-8.2987129242775	-1.87716557549261	-9.85553075576354	0.988531015889405	4.25780070147399	11.5138039201661	13.4913674548512	-12.6237770314256	-0.119392351309068	-12.9357434425979	-2.90164664272847	1.26827349249031	-1.12843488971097	-7.79675221018446	-4.59897409224556	11.164430218545	-1.24459559771841	-1.00014013810796	-4.07498009706503	-0.0175736177310281	-1.44405097854638	-2.65584075755641	-4.70932228284243	-1.15264522439492	1.71553298854777	1.05836683317179	7.44720325657236	-3.04503021773744	2.10863633718361	9.01218063385566	-3.52643499761735
MA0605.2_ATF3	ATF3	4.17794154221393	3.25121844350657	4.81318093565213	3.60427330726296e-115	6.67106726168847e-115	-5.72635119861803	-3.6027121486546	-3.57927013189419	1.37089462153356	-3.0279428187545	-4.78834034866386	-1.8702512630888	8.51842411723267	-2.96779003667313	-3.7657111594539	-2.48858812781114	-4.7777564235018	-5.88157902643566	3.27140481508697	6.84269039708518	-1.60807504307311	-3.86995972035689	-3.93944005501832	-1.51268918158217	-2.9199534606849	-3.6214935710801	-5.76595444829292	1.35080418575193	6.16462496029444	2.03267593518115	-1.3933845533941	0.704604866750332	-1.34033885614353	1.47265827430861	-1.5464057369808	-3.58890147813534	-3.56247556005942	4.89822351075573	5.53745179975341	0.736222560100046	0.756125686866764	6.6558767041457	8.97272809135497	2.69878326608862
MA0609.2_CREM	CREM	3.79947691061757	3.01805689321289	4.31821711211606	9.7815929228011e-92	1.62087652359505e-91	-4.00951582352488	-1.45728382082612	-3.39978961727141	3.50371913398357	-0.867227998704477	-5.92957836265101	-0.349434045443748	8.23597482319572	-1.79716127627914	-2.27010976230006	-3.02830542829958	-3.64713543725168	-5.78399885905017	3.29394725452899	5.99393605904983	-0.734147081031859	-5.2856341790231	-5.57309502542891	-0.593676279532797	-3.80288635440851	-2.31567370341888	-4.98618907094232	2.25545356627926	5.38681421629428	0.865580416503587	-1.3337939058683	-1.06560568099539	-1.28272788632349	0.498389930919208	-1.44965086521124	-4.53260489443561	-4.44685030086837	3.51418325762087	3.27897017249529	-0.707066026486329	2.45068726742812	4.3189603813516	6.22758256462992	4.93504017361595
MA0610.1_DMRT3	DMRT3	2.15894736496375	1.73627253403355	2.4838310804431	7.58531575998726e-20	8.48322416267127e-20	-2.32846263067271	3.17752381089488	1.69382448709374	0.506316690783088	2.98898752869594	-2.58557064031432	3.09862926217586	0.399303268475835	1.18979612761443	-1.61644349859022	4.51816240036882	1.28994934631091	-0.797061356045786	0.261205134718683	0.234598571451613	2.53745404318017	-3.94199005388085	2.91669976372044	0.561424354342405	-3.51160397071373	-0.54064454004628	-3.00845345903856	3.48491507005375	0.904238023534479	0.0546708328509634	-0.882813222396178	3.12004892953381	-0.112116752608557	-1.0835219693164	-1.44530323393785	2.8156953791003	2.47539185807813	0.188111116483695	0.299975210073886	-2.00700009969489	-2.50079416936365	0.519779462127236	-0.817167006578983	-2.04266721671934
MA0612.2_EMX1	EMX1	4.60159871736666	3.22745465077012	5.56567108825894	2.34759878601238e-144	4.97000010550447e-144	-1.06473018962806	-1.45985828564094	-1.56088621837196	-1.23939787576409	-0.662923599129429	1.51880118040977	-2.6291175200843	7.74077812545342	-5.18064979172739	-2.47180743212241	1.78577358387421	-1.23505750894365	8.62300614611442	9.76864750334048	11.442375246438	-4.8339775488699	-0.836429820757991	1.76139851689855	-6.25378362959037	-1.04840134472828	-1.59169379784807	-5.94764339336505	-3.58146471252286	7.01889423736148	-0.75329672532641	-0.628961021197038	-2.1793953910488	0.0687240373956673	-0.716135167656423	-3.58693907501114	-4.2149236925758	-1.35789716299869	-1.83505780623651	0.91715036902533	11.4719428834844	-3.4714224787547	-0.576636436056085	5.16950416871468	-2.95681866538987
MA0613.1_FOXG1	FOXG1	7.5863766899298	6.17636671613967	9.0215200681226	0	0	4.311896863923	11.0513192186432	-0.184191367601706	0.857159185958675	2.21650519911113	5.85120945618992	-9.20022674439717	3.32551495045553	5.70888804923436	-6.30793932738357	10.2417612838974	3.50241836750082	1.86617421315616	3.6282023096353	4.56873841556942	6.71377670206048	-7.23750179709039	7.5603069212508	8.57225682177287	-8.68373031036067	-3.23295687432279	8.82048798444973	-8.35273771150568	3.28866562427773	2.28000623750077	-4.34698616023126	19.2924204486373	-7.82409703820175	2.05130251994332	-10.3223437425419	16.138879066416	3.95822275386693	3.38507155110683	7.98442910374256	-11.0465553637639	-3.43097846721461	4.44840157148218	-11.449469778374	-8.6391534934347
MA0616.2_HES2	HES2	2.56723695205642	2.06189734118031	2.98271882455144	4.31414585305878e-33	5.32330277775089e-33	-3.39759768946267	1.13166802257728	-3.75445105313641	2.09547068882669	2.44031887747181	-4.45758070427724	-0.0925980551116872	3.46307821609298	-1.69890027921082	0.450101656690843	-1.3828675490644	0.531509239102844	-1.76462693295679	3.0320269878171	3.33469378783056	-5.19459604717527	-2.5931944550313	-4.15902405083109	0.0771386284107629	-1.67388246784982	0.966647328781411	-5.62517794823183	0.503325791139253	2.93983082447602	-0.768885315382501	0.59605052920455	-0.612932193635934	2.65340342706941	-1.09205614988235	0.125399850951721	-2.05288494973337	-2.31222357086685	4.47107108646753	1.28727243926724	-0.661413435776395	-1.369914084644	1.88777011281338	0.280869686261769	3.54730950189091
MA0618.1_LBX1	LBX1	8.31696618231917	6.0211562732228	9.84929166700526	0	0	-7.1048410450044	-13.068930642975	-11.642362648614	-5.70235263401992	-8.21626179206553	-1.60955117861962	-5.06280804712632	14.0253385688335	-8.58478252564123	-4.4676374944549	3.16977358706176	-3.92066721353617	10.2925263073238	18.1131595099289	16.3310656211532	-10.6504963062559	3.40907179969504	3.77742234169342	-9.69070891383894	1.98745041898355	-4.31167692609797	-6.11788891864557	-5.54275229956261	15.8427152621275	-6.14167527260522	-2.17433763607036	-7.35576230370995	-1.95988166612979	-7.55222850966338	-6.78574103845739	-5.68801710132316	-3.82341322744368	-4.61448629265871	0.7644989672878	13.1886361718419	-7.92003242488497	-1.8373556854979	7.28900323137894	-9.34573927639204
MA0620.3_MITF	MITF	3.03522560166529	2.03489430329939	3.99399731115183	3.96564598526824e-52	5.57834201927733e-52	-3.25280607292465	-1.25683157700182	0.462451846158337	2.47205120324517	-0.988392816625791	-4.21088830702075	-2.33074206313058	0.564686233248215	3.51097014050299	-2.23045019182962	-0.229225847143866	-0.211934401308599	-1.20017004586269	-0.480105457737506	-0.337291054393607	0.259497610224974	-6.00592145163739	-3.27511253387272	0.27273446377522	-6.14346777357553	1.577367529017	-4.43719054656471	-2.91197177118282	0.00277043300355961	-0.282614591147724	-0.074441271650463	-0.441696884382288	-1.31077189915946	-0.596767251476327	-3.5802787219923	-2.00779085307878	0.0724779247897298	1.09449414512179	1.60563700463493	4.18282126007945	2.39471680292514	2.01775072211877	4.44231696183587	10.3257533050334
MA0623.2_NEUROG1	NEUROG1	7.31550103419341	3.89544061098229	9.96576329038303	0	0	-3.02630596101383	-4.37199903035286	-0.853443510884988	-1.19588755281727	-1.97482255061086	5.98872807527142	4.54004723370866	-9.94073922097191	-3.57398446947815	-1.94511837128417	-0.811292478637823	-1.44580145066453	-4.69231756231811	-10.3782662490998	-9.19629158076413	-3.73653108562706	-9.03167012382853	-2.27200232344863	-7.34135843355595	-6.36972986069752	-0.827394708019257	-5.35896389064013	3.82476841853035	-10.8627898501846	-2.09042642775118	-0.0352489030632244	-4.33858282555153	2.43847387352814	-1.41847154894311	4.42181923767196	-3.24358208609869	8.24002051100677	-6.35392064257979	-1.66793754115475	27.7004876331983	-2.29690394190713	-2.56181934712692	18.9521217644013	-2.24427189038768
MA0625.1_NFATC3	NFATC3	4.81447592773239	3.43183981026834	5.74925465022195	3.43456253813105e-160	7.96365599500717e-160	1.22684176093272	-6.93241767415241	-7.94759146903654	0.53854984032489	-3.58354428243168	-0.423598417994393	-3.28788644093915	4.25485957885724	-12.4461630306707	5.03731194038816	-10.8273304772141	-0.697452464489084	-0.223202818554187	0.227031870855617	2.61384146382427	-12.0857937436829	0.225582405926157	-7.57047144420512	-4.52761114228777	-0.0949513929993458	-1.52863891261608	-0.685850824112708	-0.769136675730773	2.27952466019324	2.33750886623842	-1.6776572704731	-1.91624371100244	3.26199731051298	2.64189339171716	1.35402440401399	-4.54802034757533	2.93026541062325	3.10529189709906	2.72112231232974	3.63579002653414	5.25814385641834	3.90131161588632	3.88159069008786	7.28965501239175
MA0627.2_POU2F3	POU2F3	20.4111107485664	9.15571108190233	30.2762431353825	0	0	23.8539306863595	-6.72756285048363	-7.46605845042816	0.847053831352287	-5.26440752199923	-9.75014135118898	-11.2294903432904	-7.1192712299653	-13.5759927677764	-5.27310666579275	-5.49409504340336	-3.35040121650695	-14.7462487363005	-5.83054501388265	-7.86495460113843	-13.1397770396775	31.0837575147947	-5.6716958793236	-17.0075608265999	23.8526639703806	0.110558800290564	97.810166581595	-12.2011128463059	-6.88350530329935	25.2697141445857	-0.14180661780038	-11.3338230497949	-15.8122582229741	25.5508284691729	-15.2804230656067	-9.12242534588891	-9.69426659036585	-10.7767139073694	-7.33334512609608	-9.60683990799378	-5.35359878884617	-4.53018321215443	-10.0759762991035	6.05487838219486
MA0628.1_POU6F1	POU6F1	6.42202057719179	5.00291407236762	7.47598926342742	9.60113260635272e-305	3.92097867085243e-304	-10.2495442573879	-10.3294478333279	-7.42047417082459	-4.18725815264196	-5.337996704083	-10.8260179667128	-5.86934750312173	10.698381544302	-5.38911820339783	-3.43732150756685	3.65065720756281	1.63580186637586	-1.19221364777807	11.3984670847808	11.2805476259794	-5.4407052901663	4.16418678084298	2.81984596801	-4.28900291180324	2.46485123070728	0.198673390378555	-7.6561397195127	-6.73675745391917	10.1235202297678	-4.97978692205939	2.83545788835489	-10.8969146338709	1.21776202428075	-4.708280044547	-2.32625904643986	-6.62381871631335	-1.25811461035225	-2.58544733770459	1.61945849733942	11.2905019700932	-5.56404954908671	-0.620063348440452	3.91763961409903	-7.64752790192512
MA0630.1_SHOX	SHOX	6.50587210480105	5.07106977165969	7.55730406914066	1.73762511964731e-313	7.33277800492942e-313	-6.2464362720321	-9.12081672281281	-10.5764534996758	-4.16136375580778	-6.94672614029566	-5.68312430245621	-4.1257279301597	8.67878886281518	-5.80890767649102	-4.50834350845813	4.44522190049634	3.50823334341943	5.00462522747242	12.0145689100395	9.56294550568892	-8.81158714741425	1.92811728325564	6.10503910785405	-2.75936489583998	1.34386022054439	-2.13732516423095	-5.92467008578148	-4.83864071118083	9.16978999351688	-4.81707491945974	-0.00910230507639047	-9.84235157095023	1.44104812358367	-5.13048115327322	-2.54761202504349	-6.52321919318025	-1.90494703170462	-0.921894071803444	-3.23107805322738	14.0480894567105	-7.36849184641412	-5.40592626702077	7.21050893326457	-9.63621493562258
MA0632.2_TCFL5	TCFL5	3.44398259084214	2.76806302837889	3.87246354927748	5.1178445916524e-72	7.78748948681723e-72	4.32951286477719	3.27916420881083	-2.57556983676421	0.472081451609329	2.55281654720146	1.0837682140251	-5.68082195628355	2.87640782275288	-4.13751142822789	5.01175312515748	-5.68511195960474	-4.74822416318566	0.554149218849734	1.57443059623418	1.30954168725861	-6.37589147498291	-1.43145711213605	-2.20040358374704	-4.62262520240393	-2.06694061432022	-0.574089520703057	2.68933404650701	-5.06515981688032	1.0337704047257	4.01894591864338	1.77787502757903	3.9069010721889	-4.3431551940253	4.80591276120833	-3.90906281865674	2.96803537585834	3.25223171340558	3.66825790533323	1.34264589035005	0.226704868923161	2.17498052613981	0.734736825739755	3.09532862054805	4.24700936574999
MA0634.1_ALX3	ALX3	7.60325582037881	5.72699377102421	8.85296548804955	0	0	-9.70716172356092	-9.55192440658377	-13.4992873929566	-5.10479417329804	-7.91227475723569	0.825064127212592	-3.02690095710014	11.5040314921399	-9.31895015866731	-4.05826674645071	1.51173065612228	0.234945572389883	12.3369648476544	14.7737970100723	13.673771854127	-13.6234947273682	1.23042192000629	1.42062620926906	-5.28832915076255	0.182379870220696	-5.17337163379494	-8.59405636868156	-3.54710397144228	12.3739932513041	-6.68674295260596	-2.48936361748352	-7.387287039069	-1.32744121228084	-6.11796622720972	-5.91382739559564	-5.39684774372758	0.193471134538892	-1.06986538170147	0.545165439835666	11.9725790146928	-7.73269263635193	-2.34135001286385	6.97489897736569	-9.56080013379591
MA0635.1_BARHL2	BARHL2	2.57396711866084	2.06071293007866	3.00088159343455	2.45437470792072e-33	3.03441248069104e-33	-5.71911104090341	-1.70927267842159	-2.35866301758762	0.826896438674897	-1.48779120909129	-1.54537897371638	1.91922430001559	2.69190763632412	-1.17341720364268	-4.20783195371424	3.24103931370344	-0.19535835964506	-0.748728521994711	3.47074880280997	2.70131846518033	-2.03914780403823	-1.90692875211703	3.32536366459518	-2.29001481808042	-2.43974486522213	1.3910697457146	-4.60343797593658	2.03416528109512	2.86491200323811	-2.3747596426629	1.32309788346492	-0.576101359540368	1.2930921836431	-2.55894029383309	0.492568769898539	-0.395972382562604	-2.59045239283482	1.60343171045304	0.83594926816787	1.39373475838949	-4.23939558219833	-0.836101521518453	1.65276962298616	-6.25091807052923
MA0636.1_BHLHE41	BHLHE41	2.60550596703211	1.87882349707753	3.30540977679084	1.70101107412973e-34	2.11956694866952e-34	-3.31543273432038	-0.236864124940707	-2.64210505281899	3.54501859865906	0.559783320598601	-3.91274457979033	-0.988951234358562	-0.17333628436886	0.862433346923804	-0.810117633432134	-1.98039542712317	2.24241444564421	-1.22507285340401	-0.412114297013056	-1.10689750427308	-3.29358390504293	-4.03256144840029	-5.12257908808508	2.18537440757098	-3.68589675303911	0.508337783490684	-4.06763808496117	-1.1556985614006	-0.652338925302024	0.954581086838963	1.0471290829436	-1.22150760725739	0.50626186376328	0.425048360754573	-1.18997549550862	-1.69555842848936	-0.29506007526942	3.29338876102921	2.23735990044062	0.857999656721128	1.69204931400655	2.66610094747922	2.83139213526364	8.13951001967112
MA0637.1_CENPB	CENPB	4.67674463760201	3.83894888873869	5.35762277696579	7.41275209126481e-150	1.63493800479813e-149	6.59221635907658	4.56416691114415	3.59093637636364	1.03430660927249	5.07207068727303	2.20281694777636	-6.67919929585809	-5.76692732758448	-3.50414253639608	8.60262851612898	-4.17667952794141	-1.37709491801652	2.22403294972322	-6.9116154431681	-8.02999280124278	-3.08458533610813	5.98617900516666	-4.4207142054087	-4.65108352105488	4.62064404441452	-1.73136876196311	1.359337648699	-6.68340082140011	-5.88853409207326	4.16629460812933	-4.19177665964283	2.5163926277682	-0.452970757179405	5.06097845499137	-1.22073355344821	1.34531632464447	3.97458521570675	0.371204002789549	0.438109979166159	-1.00044942355421	8.10740044855336	2.10530799107585	0.990253978481768	8.70764468441774
MA0638.1_CREB3	CREB3	2.37725492179729	1.78941151406899	2.97311095853641	1.57075195948421e-26	1.84468643850372e-26	-3.08359288918692	1.11562554642222	-2.62732515347609	1.22210978023629	-0.0720400204512194	-1.02706687652644	-1.37448247271129	2.87069723880226	-0.628858095507566	0.749545516247671	-1.94249526039609	-1.5716988680793	-0.495485886978513	1.32667241144468	2.63111946086473	-1.89913261677577	-2.15371254339286	-3.14747821262603	-0.671483027593144	-1.27863214576464	-0.142989298996665	-4.11691090438725	-0.639321224422026	2.10013921296984	0.642562452142952	1.4361406580909	-3.11651140569428	-2.01663223272066	0.591154217105053	-1.84435063298423	-3.96756956072191	-1.37729050228943	4.05877973631195	2.40778857496017	-0.995169201679328	2.28665208398874	2.22670909361036	1.93095164443625	7.22313976675011
MA0639.1_DBP	DBP	1.85328992738218	1.51026375901711	2.13921860693575	4.49180700049002e-12	4.78672362173431e-12	-2.13414054029163	0.772658314169257	-3.05400542694882	-1.20046761637012	-0.355722286048124	-1.05749910473327	1.18488131818674	0.486784394159947	-2.43397754355944	-2.31621899130906	1.45075969840686	-0.651094233162407	-0.499028640409987	0.227771664899523	0.766395622721151	-2.40850709477317	3.64665152284653	-0.12770198254348	2.06779084190816	1.99596404666735	-1.1936151006002	-1.2782157820909	1.85943203283607	0.567080237732359	-1.57586398510623	-0.228467112105887	3.90755785074743	0.526047267443734	-2.07336742973664	-0.31837752367566	2.40992381689113	0.0701529696423922	2.81889816378527	2.64243266164717	-2.2053903516199	-1.1102678848625	2.10494726254687	-2.09728656699569	-2.16095741528803
MA0640.2_ELF3	ELF3	5.12562566197083	3.96960598390941	6.00397837159079	9.81302718244087e-185	2.53536579856534e-184	4.204663816197	11.7417718087739	-5.82359850220191	0.552948382343529	0.820211227794237	-3.98116924201451	-5.45172824917792	-1.53866796794744	-8.11824625532307	-0.690476775569717	6.07690339873695	-2.21004553327006	-6.67514933383712	-3.54545272334115	-4.58759843330479	-2.12328481755833	3.48783544387504	4.0739973297645	9.44840436060755	0.809517610568525	-1.27537484329295	9.8673772375539	-3.63824619759464	-2.36709147136262	-0.948718103255726	1.09153558217417	-0.448540282006595	2.6974319850483	-1.51931257137656	4.76412604210716	3.31309596394142	1.04031450684966	10.2688624727183	-3.28535350223093	-6.63445857064729	2.86647912339581	-1.34037858525384	-5.34707006102027	9.64367653098066
MA0641.1_ELF4	ELF4	4.71745571669526	3.62151372592436	5.65179613295991	7.06882783074204e-153	1.58672624711337e-152	4.45991181381831	6.32040960004483	-5.08576813173113	1.45411015141964	0.0980915973842794	2.59498772072217	-6.97394690760378	-0.976608095998718	-3.291261624943	-1.80659389079346	1.90462750042347	-4.87473271457793	5.38827712442759	-2.03481233972121	-4.16946920731428	-0.321448636006393	2.27755130405224	-0.66372207846687	4.82564934478401	1.96131728676715	-0.30569690825271	9.07899170590808	-5.81327450739221	-1.64942176088647	4.22199574403195	-1.43309854112034	-5.04598096326945	-6.19117623674071	2.68589870588248	-5.15570510772892	-4.72379601532272	-0.949697060026621	8.76152226353384	1.11493704806134	-4.59795515383521	7.23493404335767	2.91454989372575	0.0814984056651532	12.7258469944073
MA0642.1_EN2	EN2	4.78722597696784	3.38292820383377	5.75827797008605	4.039564261949e-158	9.29834246477716e-158	-1.25204374870058	-1.98997216636202	-2.30273298557752	-1.31451406601021	-0.744004498001046	1.91841965265177	-2.10756329334385	7.74925693842049	-5.77240934559379	-2.80422885671684	1.73971493346631	-0.970053909991266	9.0548532172809	10.2908244409466	10.4798506390373	-6.00264303144516	-1.26460321485151	1.71554318260372	-6.69893089739602	-1.41323865528187	-1.63621090714737	-7.11423979753266	-3.33606873235667	6.68129670562349	-1.01455719292361	-0.340620265565799	-1.93858939414302	-0.328836928565443	-1.03275229443611	-4.26663624303311	-1.92310547231021	0.280071980348634	-2.36773403857873	0.809914658803513	12.2790398982504	-3.62660380154452	-0.881903610423122	6.31250499578666	-3.37465788083056
MA0644.1_ESX1	ESX1	5.37972819408353	3.69691516762024	6.57419576010989	5.244254627737e-206	1.52275833915483e-205	-1.73729818726634	-2.23027549298209	-2.90916542323711	-1.49217975937298	-1.41284715114406	-0.980612035942718	-2.20288598589137	8.56908775283029	-5.18759642546865	-4.88570677249109	3.03857951286573	-0.699880457468408	7.51931550810054	12.0297706900213	11.8808527272974	-5.37081526675772	-1.14027771809062	3.2357284715425	-4.87609092124869	-1.39954172469225	-2.02274942445421	-7.91022895905092	-3.15497974822773	7.82472055402258	-1.25315569386341	-1.42384540870615	-2.79093953250689	0.680924392828634	-1.36512318231699	-4.41944750350848	-2.91656133592101	-1.93464232564694	-1.54259587498255	0.0246756660133922	15.4130183662816	-5.51782007325497	-1.49469457668118	6.9024035756903	-5.20852903139162
MA0645.1_ETV6	ETV6	4.4740134365593	2.99088932605924	5.96169534792971	3.06778492146174e-135	6.10662847573988e-135	2.67399489544168	6.44350946025857	-5.93888561649155	1.69541252798931	-1.19512953033858	0.952968206286145	-6.00342179461909	-0.433567299820654	-5.12007559840893	-1.90554728740541	1.4312195695018	-5.09928087954952	2.8879977779485	-1.67530655159376	-3.40413318586103	-1.75004363460821	1.38395265447699	-1.24951849698781	3.84704670214354	1.09878647075976	-0.0373085919936519	7.75059376798115	-4.21508074732913	-1.10742624123336	1.89956289344848	0.354687896129386	-3.79426967184744	-4.50757674806854	1.21221022091741	-2.29156404343379	-2.66841501091868	-1.99210857685634	7.84283629929042	0.221091403540273	-4.0497091521711	6.62462539449935	2.15152641381254	-0.233749462813665	16.492103143299
MA0646.1_GCM1	GCM1	1.41172675014089	1.12329266018591	1.63612488730672	0.000263352860373878	0.000269744920091691	1.07025945550232	0.0617727748971057	1.66520358313068	0.244578907203035	0.853538703615602	-1.93967773951966	1.94704234923401	1.18165439384975	1.25042564571059	1.32183064558958	1.11073495523332	0.508566488531082	-0.92593973856164	1.59841634727542	1.35654217366087	0.934768996515006	-2.31595746080109	1.31919794294233	-0.860117931823542	-2.21768033576062	-0.319096654508463	-0.0525377242591248	1.78066083297464	1.11962906835172	-1.19138667760423	-0.996579526818397	-0.0821641421243541	-1.23371497212055	-0.620549377658224	-1.22584248229695	0.326125471437489	1.14679677094307	-3.36600220831159	-1.77457076984369	1.05003604318055	-0.885601468747163	-1.05975515299462	1.48366763613829	-2.62964977943399
MA0647.1_GRHL1	GRHL1	4.71797144267819	2.97683053115828	6.04193925209326	6.46992558438966e-153	1.45746010495326e-152	11.8450695244596	-0.0983004531558883	-3.74534303830379	-1.36691997941394	-0.990395954701884	7.73570234745232	-3.2571240316673	1.24545140585779	-4.63063625362113	-0.584871488975292	-4.74743269520412	-2.04655615602757	7.0490798503813	-1.97283920180086	1.35696501927581	-3.8248637504086	4.20275898087876	-2.43759958925996	0.135997562694728	5.31031761984562	-1.77331728330802	16.2781015144621	-3.19786739101392	0.149035595306618	1.87142529708769	-0.837679292567593	-1.39717305128169	-3.54373236634845	2.9679281538825	-3.25800679067021	-2.10247319543682	-0.0170208078173641	6.90808555863932	-3.80767015851842	-5.13703729167686	1.9242060991724	-3.05618371057999	-4.78635649063895	-1.20964252810755
MA0648.1_GSC	GSC	2.58923488549836	1.18401527900864	3.94003239158028	6.77787864857206e-34	8.42907108948156e-34	-1.82575180964937	0.423083835406403	-1.77461190456427	-0.68146060342197	-2.09800765025079	12.809727965595	-2.25541496174966	0.244620438417429	-0.489792254147414	-2.12141361219797	-0.0134990173027302	-0.0255242556030851	0.817888596203008	-0.344637057753744	-0.976819016059987	-0.0661833274194899	-0.727110197222385	-0.0601191573133965	-0.00662267500164194	-1.51237769697241	0.961269923668023	-0.740400213155635	-3.08789089297032	-0.429627157626694	0.381724791093306	0.984731638220413	0.624658503960972	-0.917421130063449	0.0101101283481062	-1.63032575350679	1.43235186623817	1.19531188619014	1.1276890229164	-0.965995005104944	3.03960949640448	-3.03515350915637	-0.960791346796703	1.52982924676423	-4.68692104075918
MA0649.1_HEY2	HEY2	2.85169910506967	2.27467249138935	3.26082798417322	3.5060221929105e-44	4.70193230532277e-44	-5.5995877249071	1.27281095858411	-3.83711467016626	3.73761297948837	1.80903040747395	-6.32623173237145	1.1421147788366	2.65583671641655	0.168586993511099	-1.94089759193426	0.713275369419147	1.84584498251764	-3.19910768721491	2.5496717051565	2.4399057547546	-3.50741065153207	-4.72587754069879	-3.35728147188868	2.66011448216067	-3.7724354503791	0.967895973948859	-5.55991896220128	1.67075033612166	2.5374321581701	-0.484396575988736	-0.143760590443299	-1.37078250001507	3.74871697026322	-0.8134551327376	1.64438338286729	-1.07610914456146	-1.98302655164232	3.63230928294396	0.605199400499684	-0.948995409130278	-4.01335930639428	1.38232537528375	-1.28605886979682	1.96205413743627
MA0650.2_HOXA13	HOXA13	2.0268420731801	1.62616457355343	2.38611070096605	2.95279710759516e-16	3.23937706951081e-16	0.91104622353176	-0.172517751712312	-0.185824066763623	-0.661312096790846	0.436515037083097	-1.19992090686591	4.19014209229392	0.720004116624042	-2.21099453993034	-2.81513528465711	1.71362989251972	-1.01343517414566	1.04297587896854	1.13506536348	1.14458607107363	-2.69511558289324	-1.37079253286968	1.36349418069576	-2.25236589389052	-1.50478332821129	-0.123937512370908	3.07525581517799	3.43245033462611	0.844435355229933	1.2895897940877	2.60781195730666	-1.3113084693522	-1.56231569769128	1.23351598789529	-1.38884416933283	-1.69563636625556	-1.86339696358668	0.671802659198612	-1.66256085651924	4.14728622564077	-1.10871653101528	-2.09172201096454	2.77276491270646	-4.26310562669026
MA0651.1_HOXC11	HOXC11	1.96574974778977	1.57841840537632	2.22440942315698	1.02891582052781e-14	1.12293743861053e-14	1.37544370432243	-4.03123180780196	-3.32207076156932	0.834774070918925	-3.21802692700393	-0.623111897363721	0.026262665434433	0.913538919022922	-2.50871190314693	-1.5187823961534	1.7397365218192	-0.417480606570083	1.52998453150853	1.40341340241805	0.81805803922573	-3.3578256257637	1.20728042023099	2.0062033300602	-2.62657800673173	0.655625187534633	0.963801731665233	2.50561730263723	1.750771962225	1.19806293678689	-0.162085012623572	0.744702842618914	-0.104310622219509	-1.62918698260845	-0.259494594539319	-1.91755964420951	-1.1416338124752	-3.57389517513673	0.397513077232126	-0.0678299667027231	1.63635847515486	3.19789517530822	-1.46294697345758	1.53320439483099	-4.06613775442159
MA0652.1_IRF8	IRF8	5.56452213669799	3.41013341395662	7.65159602109113	3.61806761167681e-222	1.12819546708937e-221	3.10186971164505	2.40160720922782	-3.07123278409444	1.25901927104222	-0.976901618213152	0.479865899027009	-5.59767200141785	3.9063913978979	-3.94731825405664	-0.993678298339484	-5.86885285576268	-1.96119172045061	2.09743326957605	-3.32315318678523	-3.56225055554662	0.403515980601307	6.85219172848805	-2.81643769127177	-0.189501998616506	7.85574366065808	-0.144011152153155	4.17016369965168	-4.90475425759739	-1.94261333390443	-2.27143171856373	-0.756234040388345	-5.35703097093397	2.56519026046293	-2.41652087672643	4.87867697365143	-8.1317808021119	1.48704165558741	3.88168917291676	-2.20274948920288	-5.04107243956542	13.2998447066036	-1.4932044766861	-4.8623456279189	21.7303199169457
MA0653.1_IRF9	IRF9	6.34188485484055	3.83299250026922	8.59700121524987	1.68407844353591e-296	6.46073730156504e-296	2.75503212707301	1.15831110079224	-3.71848773271827	0.046184160047611	-4.2595181540904	1.11798328557903	-6.44405844350794	4.51378182755161	-4.13914380224592	-1.89760472336615	-8.13084421650252	-3.52514281889558	2.64059065724577	-2.32524856516512	-2.73970702405801	-0.712857075252443	6.07270800062498	-5.07179783481202	-0.31792045749109	7.98622955189466	0.112752205505641	4.43919707603046	-5.68118685936016	-1.05025764912493	-0.108917307920172	0.969670277862534	-6.28991218510832	3.45504462560492	-0.970618200887035	5.98057488345674	-8.19518085978654	3.29682477535031	5.208867697818	-2.21555866251559	-5.80265418405882	17.6230281926108	-1.05435332182307	-3.76103808009622	23.8860792510544
MA0654.1_ISX	ISX	7.14988142886066	5.31306053888011	8.50280111636277	0	0	-8.38279800134747	-8.31045863736742	-13.8783255412764	-5.29867784085024	-6.18139088274166	-2.57360754157172	-3.25220522593657	9.6926423891005	-7.84751884733142	-3.44648696449184	2.75476157716311	0.497246744876746	7.55514222786305	13.3286915460919	11.3131583375015	-11.4682981050959	0.497818143284673	3.45141009522413	-6.48184477051132	-0.202816333644546	-3.54613933113452	-8.28310332962851	-3.19041151555819	10.1825249829566	-6.59400555434229	-1.2450701881541	-7.20425782771397	1.29587702637715	-6.61478004283506	-3.79377984674926	-4.64104842313811	-0.771931753540707	-1.27244772618753	-1.5179618184686	16.6801259054017	-7.24238257272377	-4.89466640161657	8.13066942601669	-10.3407237286729
MA0655.1_JDP2	JDP2	4.62176626092036	3.11608324848179	5.84245439259427	8.01529272318071e-146	1.72574159652156e-145	-0.734426881582126	2.06197763829119	0.000705069192272525	-0.765541812346269	0.6946778782915	-1.97403522983927	-2.12037446864078	-0.182471354170543	-0.550239015746469	-2.80551321365043	5.47840582425336	-2.76598183710752	-14.8863827412262	-1.50689634102411	-2.4942331735613	10.0503058679989	9.50002232925534	1.78117706437395	-2.95716013639554	3.01727639295209	-1.27763975863685	-2.39908969807104	-0.613777371714671	0.73386991567928	0.143084825578174	-2.47059369452773	5.6181774248703	2.17973752071281	-0.406756355614104	1.96192016313009	-6.25495562354889	-10.7162728207903	-5.85948337518962	1.40009021466398	-5.19150352794648	5.21323224956095	2.61290983629036	-2.60124655327668	1.9910696199494
MA0656.1_JDP2(var.2)	JDP2(var.2)	4.15547259850108	3.25598390141447	4.76919403015683	1.04190970293366e-113	1.92282461211956e-113	-6.20944154402729	-3.67565472685846	-3.82096404283986	0.928504596979045	-3.2314644756363	-5.22967804192973	-2.18180136074597	8.16688042443761	-3.15828774184332	-3.42457958946639	-2.21007400502733	-4.54810781530493	-6.04076653737103	2.71920747151762	6.44731794299	-1.537360035625	-3.86204048081646	-3.70847572665973	-1.22939283299435	-2.89720637641556	-4.12427715186796	-6.27523625726263	1.11690237042384	5.57313595948841	2.21750698835923	-1.21793277215797	0.340235737835168	-0.87369516791021	1.39406286174324	-0.911003981158777	-3.95305016349886	-3.3614424193189	5.73665330952266	5.55340559996717	0.514076396902424	1.1136908791503	6.84438723889224	8.22171950350833	2.92522035883776
MA0657.1_KLF13	KLF13	3.20992932111572	2.36164149205639	3.86685897737306	2.91868206828474e-60	4.21809531786356e-60	-1.56581751693632	3.03109535447033	-2.07047620364674	0.00466843128143741	1.72371093404199	8.38376727411892	-6.83237054880921	-0.929949312651798	-0.185261111188503	-0.558900938276208	3.65622334967394	-1.40042081606925	7.16818591359677	-1.51280542420501	-1.77317398245278	1.48968525055244	1.90281416058331	2.79128146225084	-1.3546148067412	3.07665806591063	0.823836347692986	0.192212911260672	-4.95715509568766	-1.45272068103381	6.91900616861404	-2.19337035687771	-2.13994695656642	-1.62828319022781	4.62211577606112	-2.32208767364073	-2.23103048409782	2.78530442469188	1.67667656339984	-0.106235420811823	-3.19876868996295	1.89687024677913	0.0474230470029603	-2.09458943688926	3.97822023618846
MA0658.1_LHX6	LHX6	4.70861624081304	3.22377924498966	5.76513739978659	3.21833980882189e-152	7.198618724326e-152	-0.964429406621828	-1.69058167553955	-1.73880111167475	-1.21058182660212	-0.418915247252786	-0.89933948248701	-2.88809446073478	7.15146225456176	-4.5461621020863	-4.25540525010622	2.48197012633963	-0.886840379006748	4.314492946225	9.42030273268956	10.8366624458767	-4.38295468526791	-0.110294072566849	2.84527792853835	-5.10175706726669	-0.551837554033609	-1.22170265320753	-5.70091887279751	-3.80941283414686	6.67398592956698	-0.60357443834808	1.28782694122788	-3.96504682280387	-0.824150098918349	-0.583774634846925	-4.69035701090823	-4.94631893774001	-2.99412834248709	-2.04556262039885	-0.243770019940978	13.8419660841217	-5.01918002961688	-1.23762558868244	6.74335482229769	-3.89625960381257
MA0659.2_MAFG	MAFG	2.49970445159491	1.89126384714962	2.96091485921076	1.11069123245283e-30	1.34429741901078e-30	-3.59367273275328	-3.28207914141122	-1.31668236002045	-2.57947496841884	-4.14821468928939	-3.96270637965988	0.762959732929591	4.30730029136342	-0.957471864605409	-1.77097658795984	0.0146599157824603	-1.39258325335489	-1.92067917990154	4.44821123216519	4.92357620817393	0.480713811754533	0.695892725217838	-0.11581325726926	-2.69881548348732	0.21296463872877	-2.00672066971299	-2.50000735914697	1.43691991433493	4.93590202872804	-3.68564373766775	-1.21460339089034	-1.28747368676862	-0.802269286787753	-3.8350770547321	-0.0364251180825695	-1.35309191677093	-3.0305524745336	-0.504675282126705	2.00557892715417	3.12412680480576	-2.03393549172996	1.06233794976191	1.68098650956212	-0.844231787454255
MA0660.1_MEF2B	MEF2B	4.98151906419473	3.67437101130783	6.05310229613022	3.67612300388261e-173	9.12543475081449e-173	2.87417659230125	-1.41162342186492	-0.091451377844208	2.4993107905804	1.01764748372289	-7.66890751208616	-0.117021694036022	3.33283901386351	1.48710381421922	-2.34844833874413	-3.4341513083098	-6.93085033628232	-0.658354176169985	3.03895537149129	5.4405646776012	0.293804252308335	6.17078008548337	-0.52209907817417	-11.1949807798886	9.44185098458186	4.13213077817421	1.15268991391112	1.6015457831908	4.50403757025002	0.872295602332756	2.78001946495314	-1.18974285037722	-1.92522950181384	0.223724805099517	-4.20993570540057	-2.06538596910207	-3.85413231130953	10.0410004694238	4.40136748347042	-12.8684646737905	-1.83235822248695	4.70876283303501	-7.50103518702125	6.119502604058
MA0661.1_MEOX1	MEOX1	5.87062377721887	4.17433338585114	7.11280917900555	3.24431354926132e-250	1.07520967365572e-249	-1.39527629851161	-2.25641537052952	-2.84035357806356	-1.51838726820268	-1.1911025037122	2.41703906595562	-4.38975527862506	11.0731240255348	-6.17181269856802	-4.62062410899595	3.21655466483977	-1.2031522063195	12.8188059727332	13.3848693789838	14.9602910580799	-6.57051253506694	-0.0714694950923942	3.97376829768034	-7.04944012923395	-0.773049253096148	-1.92589624511286	-5.01382409311724	-5.49233345529066	9.89298763928203	-1.26312787619966	-1.42800156515939	-2.92124054604853	-1.09194603723895	-1.31031064413739	-5.739724772921	-3.10467481425592	-1.27120022661099	-2.7421269335919	0.947853287177845	10.134601607896	-4.8416953396772	-0.828225781262555	4.48171643238164	-4.90818702940435
MA0662.1_MIXL1	MIXL1	6.61701253515531	5.21690097187187	7.66836880468576	0	0	-7.04239492683591	-8.3393989243798	-11.4151772336504	-5.56556286551659	-6.91700078011454	-4.01924544904883	-2.90810982451864	8.09566502679928	-7.2631764106663	-4.34278853330578	4.42271100797794	3.35619857073816	6.83897299890168	11.0948481783012	9.78653680669849	-10.9056243505696	1.91330647784941	5.30588320717992	-2.0649536990174	1.23506577360071	-3.04846346888805	-6.910858035633	-3.58949623432173	9.24132852083435	-4.74666347454426	-0.759018610065273	-9.89961840676982	0.943258972382901	-4.71835596097298	-3.71456177415216	-6.53874122553224	-1.51026333008732	-0.835247453426724	-1.70913745775771	13.6129184999108	-8.2287352508731	-4.38340188903459	6.97688671695493	-11.4010662845008
MA0663.1_MLX	MLX	2.77727182309534	1.97686033590338	3.49781978395938	3.9031072196133e-41	5.11525231887209e-41	-3.51937484846973	-0.0256688374770844	-3.08002630774639	4.11710137103121	0.550369637698311	-2.43219605053443	-2.51065848746299	-0.307829999349346	1.13043829367547	2.33907920558057	-1.29452997763523	2.97509166795338	-0.421959688121436	-0.504216335684525	-0.70071307503306	-3.09048226651947	-4.87571725383295	-4.66081514150639	3.02854104695188	-4.78498886233008	1.57693889993904	-4.68424696133257	-2.0520749130914	-0.723690383577456	1.16405961584954	-0.824174768819006	-0.117116676755491	0.786666118545003	0.623359887895865	-0.83672327109575	-1.26925043456689	0.388992221638643	4.01187132239052	1.53026347075501	0.34854636163385	0.813774868799467	1.39220088780834	1.99297614784995	8.78739658649207
MA0664.1_MLXIPL	MLXIPL	2.65728624296645	1.926677194459	3.26983853953027	1.93679611030045e-36	2.44708969624787e-36	-3.4807713733653	-1.10712736109023	-1.38296915922467	3.82581126803235	-0.469586356558224	-2.53980165644392	-1.43832704477138	-0.284048808084973	2.94689455349151	-2.33736865675736	-1.74034286712599	3.86896879763794	-1.41973750420297	-0.540826463225188	-0.935646090440632	-0.859426101328591	-4.52985400208297	-5.27026859299824	4.10090421713615	-4.39342828719425	0.545420943226478	-4.83735698358775	-1.29765252061325	-0.793228350878286	1.56095101140585	-1.03740452043307	-0.0487168959734788	0.242446891877029	0.689570767615393	-1.29176901252255	-1.3044421405288	-0.185172269210854	3.009215651613	1.86183411730214	0.897303377313358	0.144200720360954	1.48157524556125	2.23798973519761	7.54947915333888
MA0665.1_MSC	MSC	7.10394028855138	5.42858260492842	8.58322340160325	0	0	-10.4298337513959	-7.12334297794385	-2.47728173319076	-3.91885072502159	-9.09852737028675	-1.98661286737764	8.81365718683003	-0.568180618948913	2.7445013071771	-5.74157080294451	4.96015058880642	-0.060859973809046	0.719508643148158	0.838149846790584	0.57760420412412	-0.120499972058424	-14.3548233750272	-0.47475605723798	4.06309044374605	-14.4547554439905	-6.46149449533364	-5.69364387453826	6.79155834279329	-0.178248010548329	-9.51734491156519	-4.70317451923768	-11.1207994080485	13.3468645259674	-8.12462568720616	15.4084765645601	-5.6422394702099	-0.78260239595202	-4.23269355017932	-1.64881778511431	11.8930031952786	-9.10020797555913	-1.99795825416466	4.12471773444129	-8.93906946710182
MA0666.1_MSX1	MSX1	4.3714842849667	2.76822808011855	5.64174397331827	4.06378769917898e-128	7.86659820666756e-128	-1.30710025017417	-1.57432309384744	-1.90046934262462	-1.24287453502887	-0.603085848421545	0.0108362613797979	0.199249717934851	5.75139512538015	-3.70081175229897	-2.6386807266551	1.10307904596946	-0.785984285296464	6.62590600106214	7.76701868370453	7.81960785879207	-5.1565633433695	-1.39715313185219	0.713548472002957	-4.07550152957941	-1.41885461173037	-1.71164537154629	-8.14021547257215	-0.388385513781595	4.96596432587159	-0.926352223238582	-1.78346828480294	-1.71644881115178	0.771789441565092	-0.879799755861	-2.12906108203336	-2.13472923763292	0.655828290933739	0.0358897757151527	-0.267514425635449	15.9809267116761	-3.72454702044342	-1.24017794138587	7.39887693518033	-3.33483400797536
MA0667.1_MYF6	MYF6	5.65435317072026	3.80285090571623	7.36934390339497	3.1077397136497e-230	9.88542331025255e-230	-9.26604283981473	-4.39074528648181	-2.65282058920792	-3.16505241790892	-5.96082305484641	-1.62365933171439	4.49307547378269	-0.968087398780567	0.902289421479791	-3.58485357331667	2.15840570931724	-2.10556891744926	-2.30331563238126	0.868076693835324	0.279209253936019	-1.11248056594714	-10.7425636995007	-0.193839478752039	-0.51547080856716	-10.2083668169835	-3.90110354847261	-5.86848095572395	3.72425170350147	-0.406431207417959	-6.73887714308356	-1.58973811659002	-8.90917857158158	6.56639417450766	-4.89327363366027	9.30524915630013	-5.10864412482356	-2.41410219428461	-5.53398779789014	-0.42026206372281	17.9166588754242	-7.34420310488977	-2.30005667741957	7.82659856836996	-7.11675951135504
MA0668.1_NEUROD2	NEUROD2	7.12879208397142	3.9115467386986	9.62999904819571	0	0	-2.77230592963915	-3.24036295967488	-1.11108716975122	-0.683658933878365	-1.21187306713711	7.07152154309387	4.1219299969687	-10.2442542828144	-4.43994462726375	-1.62173004892579	0.33872946650269	-0.972499638100499	-3.8096343753323	-9.86787111992166	-8.5594584284364	-4.32844740530253	-5.61935009668347	-1.18759838291259	-8.7099764039066	-4.00409978981612	-0.938348130823286	-6.81552474690443	3.61619130536521	-9.87603692221684	-1.84842246932066	-0.583858309375056	-4.05145977442607	2.42187573042035	-1.00374599785267	4.78137899520456	-3.34842676155694	8.3409481224178	-6.50669764227692	-1.89471309712087	26.5380586083623	-2.64167589102009	-3.09398446925829	19.1279133110644	-2.96083754143063
MA0669.1_NEUROG2	NEUROG2	10.0949911331232	4.95731849190186	14.2608607179833	0	0	-6.98125698453434	-7.4935686246485	-5.23149365985691	-3.02851139206139	-5.82014950786737	4.6539204012173	5.18711988821392	-9.70339316797585	-4.96315602512776	-3.44322996451196	-3.50648060403168	-1.99730879913938	-5.07735936647925	-9.55745387918638	-8.11354883348962	-5.31620206414208	-15.7259171955587	-5.02581340205063	-7.79432071679023	-10.9001184536414	-2.99493671137502	-8.77650948143507	4.73085853669989	-9.20692067836512	-5.27432428923426	-0.914724141053207	-8.40539375728082	7.59758900107837	-4.03912936487681	11.1036895788296	-6.92510941533191	6.91719908478603	-8.10030229771322	-2.39880408465079	41.7138775711312	-6.62153108953885	-4.96031107110238	23.2675948574798	-5.89558675385118
MA0670.1_NFIA	NFIA	10.0466285269002	7.03033047870604	12.5460352446554	0	0	-13.1405784138329	-13.3622457966538	-4.98499661627179	-5.57121230769496	-14.9062121485649	-6.00564164542568	13.7968878464611	4.41513452940929	-6.96115358638982	-6.6278234741935	-9.89474487169801	-0.248212353694441	4.4611075338268	4.35293632142438	6.83171466935939	-7.31202152930386	3.73809875658322	-11.3856468789398	-3.92238053121137	0.474949307409899	-8.92234958139849	-13.7477210335625	12.2517212907802	4.27641317840135	-15.0997881967882	-3.71921775002585	-11.0145490487947	3.8788499278382	-13.9329301800599	6.34839500536183	-4.64231870184075	-1.43847126438594	-9.03422501628367	-11.1664296135448	28.8163588531194	-11.6734044515758	-12.0465538539478	18.3011350567794	-10.5181051318326
MA0671.1_NFIX	NFIX	9.12296488094788	6.65774684983154	10.9371154016199	0	0	-14.2218659198564	-9.95113925554998	-5.03307557801107	-2.39150825364642	-11.613004102501	-8.66909338465682	16.4465687023932	2.46791673313556	-5.81990874144778	-6.8266075722942	-9.3616363378896	0.036040011921934	1.3070177990419	1.97230003156319	5.03929841761507	-6.97701271932224	3.77498883072632	-12.1542439912894	-1.33556989481004	0.907767900721284	-9.17232029527097	-13.5412929465913	14.646637076852	1.9608730209047	-13.3523241489745	-2.65574181221099	-11.0759393635221	5.258192920028	-13.0058474477606	8.01183919073601	-3.35320110433008	-0.829200497787553	-7.14809226371533	-10.5977346529652	21.6008266724946	-11.1127237821871	-11.9486694682559	14.2133896672501	-10.1730050005178
MA0672.1_NKX2-3	NKX2-3	9.37626601601103	7.3726338079545	11.0408612116922	0	0	-10.2808721180711	4.22256387580024	-1.0769971376999	-2.4007753911137	6.44658960671575	-8.89415049200622	11.0445600005257	4.92298685874566	13.9182001511159	-0.964819352472696	2.62196520411722	23.7846561824606	-2.17245045295766	7.47623395053522	6.2337642462154	5.80658363953465	-10.3141300715939	-0.436341001285068	20.7082474996375	-10.7536538207731	-3.86461195960762	-10.4358536619341	11.5965598573496	4.80640862142548	-11.9702369179535	-3.39119193304929	5.37728946034215	10.2425619348777	-11.7026864846911	5.23581857723722	9.3192952830759	7.19212611681761	1.41981198154002	-8.38221550354552	-11.0666572523508	-9.61273261885617	-9.07906624301591	-10.4030368289779	-7.04221047635541
MA0673.1_NKX2-8	NKX2-8	10.6810880078262	8.31219317048641	12.4845847857797	0	0	-11.471825202807	4.29994596758844	1.35663545233999	-3.9194825736326	5.97215782226558	-12.9219476664274	14.1512546538148	2.33927707179371	16.6964246440292	-1.43417390180966	1.08661493433699	23.7409369773107	-5.6200704543155	4.17034361475389	3.84922753603561	8.19310535705722	-15.7149361372772	-2.33552813242156	23.5572645873515	-16.6702107708154	-3.92748167535656	-14.4167965252265	14.0138304232061	2.20511962152282	-11.7441079647173	-2.56456304153714	5.74653481661156	13.3373843796905	-12.1965680287863	7.95969740674477	10.7494420892629	6.4349153429687	0.333074687906428	-8.19214835771911	-12.023005295868	-7.97072196909253	-9.40904186330368	-11.812848641673	-6.73866008080086
MA0674.1_NKX6-1	NKX6-1	8.35388040619922	6.29783685320886	9.75164449747862	0	0	-7.38075037354637	-12.2945159688448	-12.1726245147439	-6.14331033519566	-8.71125553229976	-1.3240939068566	-5.22355351496027	14.7848463061557	-9.85837008561274	-4.21998702704241	4.32800229602609	-0.816029635091323	11.0763746068212	16.1780618044093	15.6624146408428	-12.5391207937807	3.41134665717416	5.31014471742489	-6.92061661481648	1.7483573169732	-3.56471413853651	-6.27114538084444	-5.38264758465996	15.0210615707245	-6.5155198910768	-0.76166955163967	-10.272356782675	-0.879541979706618	-7.09401810634559	-5.57130460384482	-6.77088225897869	-1.7159156276463	-2.80152577908443	0.861605339162024	13.49067856658	-6.53467161924521	-3.01390471517738	7.15834868170521	-11.3339308699615
MA0675.1_NKX6-2	NKX6-2	8.35388040619922	6.29783685320886	9.75164449747862	0	0	-7.38075037354637	-12.2945159688448	-12.1726245147439	-6.14331033519566	-8.71125553229976	-1.3240939068566	-5.22355351496027	14.7848463061557	-9.85837008561274	-4.21998702704241	4.32800229602609	-0.816029635091323	11.0763746068212	16.1780618044093	15.6624146408428	-12.5391207937807	3.41134665717416	5.31014471742489	-6.92061661481648	1.7483573169732	-3.56471413853651	-6.27114538084444	-5.38264758465996	15.0210615707245	-6.5155198910768	-0.76166955163967	-10.272356782675	-0.879541979706618	-7.09401810634559	-5.57130460384482	-6.77088225897869	-1.7159156276463	-2.80152577908443	0.861605339162024	13.49067856658	-6.53467161924521	-3.01390471517738	7.15834868170521	-11.3339308699615
MA0678.1_OLIG2	OLIG2	6.361623985447	3.59314087776638	8.53669624228195	1.6060014389632e-298	6.27530191891176e-298	-3.04892298154262	-2.76917117463014	-1.71790605944521	0.173025052623895	-2.39806827023441	5.54605540168829	3.58094588271412	-9.99693256144735	-3.24019135976594	-2.25459984239385	0.836065195771991	-1.42897263202174	-5.17929967940004	-9.16193042603956	-8.29932394263489	-3.5748284973328	-6.22682598761674	-0.697102709096701	-7.06133351106972	-4.61970035800006	-0.793486912284488	-5.5095292844223	3.11905585196041	-9.70030556087102	-1.5355853243712	-0.370887045829172	-2.94921278758823	2.33623621377298	-0.647575248728192	4.35593368670939	-2.43372578050079	7.74048227929312	-5.06301266214141	-0.710428856069683	23.7270803103144	-1.29584358543994	-0.92028619377641	15.9274444623792	-1.13686322641692
MA0679.2_ONECUT1	ONECUT1	4.53687792002792	3.62016560209248	5.26004303862883	1.07188432576107e-139	2.17468839168832e-139	-5.79445440841805	2.78517449384748	2.57669376726373	0.118066385331557	1.06115700162243	-10.8537597860908	2.1309811745242	-0.659998632550036	4.20493818323927	-0.818205890172623	2.82464764667833	4.17741024719466	-8.62758141435851	0.236193000667014	0.755633928387085	2.25140406318269	-7.70195719995395	1.46372463419611	8.06751385343004	-6.01816394447531	2.52548508420539	-6.29021768590901	2.18226016328837	-0.387245386996746	-3.81002463126715	3.34025044207494	1.43755156677092	4.77112555817025	-3.60182334718071	3.75647992400929	3.53003414278605	-6.3169409591072	6.0849088324865	4.04716250095894	-2.40818344185431	-4.52186173569532	3.42939019284114	-1.12834184444236	-7.20420917308717
MA0680.1_PAX7	PAX7	2.26440287054057	1.73966824443266	2.76998617314408	5.84586597921974e-23	6.70368326964873e-23	-2.1608987469218	-1.5842841239852	-1.59836063454009	1.01698170993882	-0.478271051870524	-6.68818844259295	-1.65558413873271	2.0028641462005	-2.00538605356247	-1.58416068127681	2.89948695541352	3.49784654343249	-2.00326683041892	1.95458811465796	2.22779637779559	-1.35078996923085	0.7746787944785	2.61630729678294	1.04860349591919	0.584350108418779	1.61348889231422	-3.68858486776188	-1.78122348233038	0.881440023170517	-1.63373377483368	0.648243102608957	-0.662363815043575	3.8331344962724	-1.58444160863378	1.94196903612103	0.0509188862677404	-1.21938976463346	1.15824089887631	1.53049448361244	2.49490005649209	-2.95844167573779	-0.226775657906213	-0.14058914109823	-4.22723114723511
MA0681.2_PHOX2B	PHOX2B	4.03473966440979	3.27377824407103	4.69710894329896	5.2214132820001e-106	9.3630442138982e-106	-3.03136645533368	-6.24232205561182	-5.95514632406806	1.66748770845938	-5.4520651551281	-10.5991391121522	0.329190377655911	4.08157854314423	-3.35722211797787	-2.03356079203769	-0.440825398355017	-2.94936093599757	1.81614339860471	5.63533524537413	5.00021000333589	-5.0410260730534	2.89544949917586	0.326754096199554	-4.25824039241931	3.37293867187507	1.36875301342171	0.0643236541514115	0.115098434005502	4.18461420064186	-0.278971744399087	0.748668816723159	-6.80963654551302	-0.701381294069192	-0.841426432317664	-3.48402076102806	-5.08101829294966	-1.431099393419	4.51966004292487	2.16414631735363	3.08117264503079	-7.1620662214995	1.74054196057109	4.24348033241069	-6.40668056213506
MA0682.2_PITX1	PITX1	1.64581213620282	0.968767633518595	2.25615437326372	6.76670516890397e-08	7.01035085420002e-08	0.493579274757837	0.682297529090596	0.652858769908838	-0.566682883949259	0.850732816025578	3.82707646487175	-1.08533377345753	-0.27955026991147	-0.381367774490443	0.255445439136427	0.477560269279859	-1.00727580207459	-0.35999145309965	-0.733191956811277	-1.26420846085211	0.524730948780204	-0.601548111737798	0.836762767212979	-3.03292587833656	-0.750458925061147	0.330514374697866	-0.605890315764188	-0.822401989882131	-0.357450097197499	0.814676589396485	6.54547835560231	0.156219692879073	-0.604287972651776	0.72262033176568	-0.905103920234203	0.431086213493185	1.17333686936181	0.99825421340795	-2.03557260293785	2.95523557703953	-0.723336294592778	-1.32571600734573	1.70341529620104	-1.88693011510894
MA0683.1_POU4F2	POU4F2	5.03966591745622	4.01252749170488	5.85295138232332	8.67415496608593e-178	2.17886511648111e-177	-1.61223633270588	-9.40383568818878	-6.94730923794903	-2.37231320056847	-5.84952144421289	-10.4345474352084	-0.271521978429783	7.04752827224004	-4.28416122881314	-5.09417908468302	-0.932898765870182	-5.03888981285552	-4.36530224537273	8.28174482459414	7.73713248046657	-4.55254869318464	7.73416381525557	-0.0322234142764541	-8.1966363872763	5.87078585835564	-2.63311867486809	1.13526263437038	-0.983068994912431	5.60405162062373	-1.35793838082581	-2.50533611511235	-5.32113383139357	1.57078764343691	-1.48903389852779	-0.0176744516460965	-0.983644989626563	-1.71866230704806	-1.29127612226532	6.90014857631529	5.38584224777535	-7.13972682068082	0.88286428677282	2.18787074446941	-7.14810204336395
MA0684.2_RUNX3	RUNX3	4.48673532089204	2.15357135358819	6.70507895292592	3.89435305394966e-136	7.77642108249254e-136	5.58175748164058	1.02637414416748	-0.247611898995352	-0.9459064250627	0.64026750888418	-0.262028902401679	-1.23904353649695	-1.68940653289737	-1.40554200564444	-0.117806924151543	0.0416476421587188	-1.17671273513009	6.04996302305633	-2.50473095760328	-2.75687688990591	-0.707687877533002	-1.51669952240095	-0.309280190555935	-2.13141919823174	-1.37002337399085	-0.378907196804078	22.3561965924515	-1.19242273100834	-1.78067947341726	5.82213757282782	0.57992559514475	-2.11209611385274	-0.30015424979259	5.15907595311858	-1.98955278761901	-3.64853930422196	-2.47749943764857	-2.58205450931078	-1.89325277032878	-3.86621375937902	3.93989441775335	-0.887520429913584	-2.94899632964866	4.86646695447611
MA0685.1_SP4	SP4	4.84131608617148	3.78152957194783	5.69575047775191	3.04844851034722e-162	7.09436730533012e-162	0.0118142744204704	0.866329096025253	-7.28384655952499	0.67005226884802	0.00367691282662397	10.2313645054934	-10.1517919054686	-1.07057294449404	-2.38218336631217	-6.18996094527424	-1.2054977281946	-0.94588288452308	8.78530546270746	-1.70445803623984	-3.60493334684148	-0.0227219773694598	4.96973971216943	-0.279256233390194	-0.00863285252857728	6.17608435844258	2.06513033799207	5.1004412818707	-7.879164367344	-2.39792972691371	8.01514546531766	-0.516341382001329	-2.35517299910916	-5.90750679595658	5.80133414392637	-8.07181285790122	-3.9264136765186	2.30174999794684	5.37498980725438	2.51846205457637	-4.82596676504824	2.6420200827018	2.55066380352047	0.897222534845789	5.48911553550252
MA0686.1_SPDEF	SPDEF	2.76261295321712	1.79590681899972	3.56803073643135	1.51149125119878e-40	1.97680570662981e-40	1.62424661038951	3.38302449956266	-2.06667563596852	1.428373007939	0.194053205902791	0.293021196399839	-1.14021012212582	-1.01655649936952	-0.977606236773205	-2.42335777944813	-0.450056550815907	-4.44401367078783	1.59169432858252	-0.962601813575609	-2.17862646419117	-0.816066019404982	-0.325442307423416	-1.05868117602254	-0.902345512929029	0.218870627268391	0.534996196959872	4.18985187649826	-0.260133675199017	-1.16864722265016	2.98472171881399	0.342557685935358	0.113269589671383	-8.15070789047139	2.04942555947359	-5.62046081658186	-0.11907181957674	0.915498518946955	1.87081009770906	1.24347055422618	-0.670761426163276	5.60662462807243	1.9336888674561	1.50426183187562	7.46169168457456
MA0687.1_SPIC	SPIC	4.68275721866222	3.51533607535337	5.60896841527021	2.66477273630192e-150	5.93944064112365e-150	7.8622259478017	4.96257744082291	-2.11071763136719	0.796897337806499	-0.0598823261995134	3.48911479742902	-6.39868100287812	-2.29657847472246	-2.25644132599513	1.77555988919258	-3.36673287869756	-2.22221364973653	2.48899592272062	-3.63811418872068	-4.22223627532594	-1.75737167572201	10.6718718953812	-1.5668673414842	3.21002806606	10.4884707585572	-1.39460873759342	10.8618046084532	-5.98741511040197	-2.9457198208026	1.97147153568019	-0.359821068749584	-2.59998916437367	0.291622845702773	1.8112168624972	2.72234328668386	-1.76104275977742	-1.92126020615894	6.1653944794346	-2.34377158842239	-5.94291611810802	2.83142225306247	-1.56548393311035	-4.84674609617311	9.30877974647856
MA0688.1_TBX2	TBX2	3.20790905655954	2.35289152594489	3.918264489348	3.65078529028803e-60	5.26411637529003e-60	-2.08635569338097	2.10720758029083	1.39593231256214	-0.871503055008027	-0.978367748164123	-0.391618203154488	0.987817340770635	2.38736100581743	4.38275194454411	-2.7043614946755	4.73971414678479	2.14210469370259	0.812854178286689	2.47967482473392	3.55537067681041	4.15292230997023	-1.76715878962308	3.43420348525916	3.89278668120829	-1.58247837185027	-2.50392414227467	-1.59069160426185	1.18167817239426	2.74502142220691	-5.44868364753052	-2.28849427120133	1.68383810057012	2.9146067343803	-4.67631438965932	3.34592157318637	0.637772251119546	1.73995246309824	1.68453038823063	-0.694828032997109	-7.11964482655929	-1.45355106509709	-0.199122413593892	-8.80223063549052	4.26401620925271
MA0689.1_TBX20	TBX20	2.84632803047392	2.12861544464995	3.38430701444929	5.8625792976809e-44	7.84569280218184e-44	-1.84883149761857	3.42601857929398	1.64940397327664	-0.163620315981584	0.870376021099352	-1.62706580880679	-0.384621729358207	1.65146940538973	2.79796658919019	-2.52731362740291	5.64589471734749	1.604498229725	-1.20436644778925	1.64715315319207	2.45431686278221	2.8936894391337	0.220688636822013	5.59319486330316	1.7962943490378	0.196663716902042	0.0737454889196719	-1.7326079458261	-0.111652778087666	2.25667349930599	-4.61049242055976	0.0384364188355082	4.16481987362185	0.36363355233881	-4.45015822127694	1.41900956071247	4.42474357525358	1.0029946379747	1.44291937759739	-1.84038795887051	-5.75024681360015	-0.234297748217704	-1.12641528685555	-6.06770288837503	5.0153514380184
MA0690.1_TBX21	TBX21	2.96299983061355	1.97838318791275	3.84025367949297	6.29527681781462e-49	8.62534680882393e-49	-1.22244554759333	1.71896938510712	1.43967145066456	1.30707264853446	0.314826935258897	-1.1921949675678	0.560457814638688	1.12393490813651	3.37681628703217	-2.01337610361739	4.07143284149756	0.88320749026342	-0.616479736449588	1.28621256509032	2.08134345341047	2.64022999500574	-1.1399520300326	3.51461324697097	1.97771114548625	-1.10075920762157	-0.400985872725564	-0.980805396965131	0.790176393257989	1.91741294309602	-3.72924211890293	-1.8073291400666	3.65290812616966	2.18273125439591	-3.72803227106426	2.77671176445436	3.40258642694273	2.18354491052436	1.14795444575229	-0.286705350952696	-7.3947684305154	-0.608953121063645	0.534072421566076	-9.12472414649638	6.74557392035854
MA0691.1_TFAP4	TFAP4	6.94140633130258	5.2761699672037	8.35984911835319	0	0	-11.7277571306892	-6.4529895285721	0.236941247616159	-5.03565106921186	-6.60532100374534	-2.47221835881488	8.14942901057293	0.832543826181175	4.23847165848264	-5.75448394317645	5.09966255192007	-1.36370525937856	-3.15799784338955	1.73420215011298	1.83484035113147	1.74727017103944	-15.8656982653642	0.960659691723524	1.42330258148572	-13.3572737481823	-4.70366727211088	-9.99757222735433	7.3354770464223	0.922830047820375	-9.04247478690479	-1.17958754673037	-9.26772861418863	6.18440739832285	-9.42173430470837	7.95661640705552	-5.01825752143295	-4.21706113895533	-4.75326740636919	-3.01045009006725	16.5248461284155	-8.72984424122757	-3.82605818912833	10.2101931565073	-7.050738637443
MA0692.1_TFEB	TFEB	3.43334350341556	2.36234625610813	4.34110397876933	1.83951140080919e-71	2.79235183863842e-71	-5.38226823153505	0.128785388905731	-1.26709988789559	3.00187105037537	-0.245061967228585	-6.10139497868109	-2.04224116595955	1.1394846597234	3.05912284334435	-2.39078325553542	2.22723126542983	1.02543814109758	-3.05757371321272	0.588189214495945	-0.120126431948983	-1.10167168481996	-5.78205584176148	-3.33875705042398	1.60648675565487	-4.87936915062442	0.0117924806090459	-6.88068167926345	-1.68561119344627	0.757774301231429	-0.000497828025268315	-1.64910437407436	-1.08900784708517	-0.13978057299908	-0.819894639927844	-2.3793036673273	-2.87819938267411	-2.65210254328102	2.13831673483079	2.2636962040816	4.63291494289533	1.63575973260883	2.64411418966214	6.19668701625871	10.5316306463698
MA0693.2_VDR	VDR	1.98112822966388	1.28137599979747	2.51209195301997	4.27847401124303e-15	4.68559524068657e-15	0.167237665619895	0.883076454648889	1.68937067766563	-0.371469296167558	1.10946630968397	0.549325111430336	1.08747774247336	-5.56855135952313	1.47536935130056	1.3293049731994	0.85639908691182	-1.33040746707447	-1.87590046849145	-5.11074933005559	-5.07017805668143	1.28850014977458	-0.611635273469102	0.250421393347337	-0.239303003723622	-0.781266110091943	0.775620556833166	-0.156500710866405	0.810346118141741	-3.43836363319397	0.983409155810638	2.22665121569804	0.622569852542967	-0.176725891613028	0.878662068088754	0.727729268716988	-0.257668773085983	-0.223652435350651	1.51678263163855	-0.188890391752655	0.430750040924338	3.15718680492556	0.392209010909693	0.556423663201525	3.65349423262176
MA0694.1_ZBTB7B	ZBTB7B	1.61780900616609	1.15415773042921	1.98399003014703	2.10744634923959e-07	2.17620479456552e-07	1.06628079360745	0.458342951091371	0.494544355116799	-0.837478998394687	0.441431055998698	2.63593034198929	-2.44992020451946	1.34577012141752	-1.39278012511718	-2.01369725276905	0.547187817849536	-0.794448528863719	5.12129005039125	1.21552486476312	1.30664533013476	-1.88672681400183	-0.422245555557226	1.66215847003791	-3.34347188404361	-0.358391353590717	-0.727848245517616	-1.31605877511581	-1.98111448152006	1.13479920798763	0.169209442484087	0.530546303149507	1.32960259056585	-0.918625243026462	-0.186877511982653	-0.379899629257772	0.856311824059182	-0.30452943453794	3.50546691506654	1.31268727280729	-1.02739028732297	-1.08630851974688	0.822788141686634	0.445683625520104	-0.310298137292605
MA0695.1_ZBTB7C	ZBTB7C	1.69099010796892	1.17612981729272	2.11048192924007	9.96811971535298e-09	1.03950902468179e-08	1.67990926439022	0.863725560988138	0.626893272635012	-0.239884100615472	0.916371902804831	2.48060237479454	-1.77103819129173	1.07875143058546	-1.8421281957393	0.995171806894204	-0.832151968620226	-1.02356561343581	4.0970307015202	0.635977421158205	0.942133094811158	-2.31909915251473	-0.0151177041967069	0.852211490336754	-4.96262253822634	0.0790804203340859	-0.294746476200815	0.162699159327692	-1.1637862218177	0.676480203442956	0.112208735278087	0.318106023746703	0.750411991443188	-3.27056461777942	-0.231490458453465	-3.31402333164993	-0.0557544634410684	-1.10410839000387	1.72361466843634	2.13628830353372	-0.622509945224408	0.218316279969577	1.42597923794057	1.60874822939074	0.593033606722015
MA0696.1_ZIC1	ZIC1	6.49150430500497	4.92343221554559	7.65533928802886	5.5765714625976e-312	2.33772830187019e-311	-4.85416600091045	-6.20248595083137	1.14213807392366	0.176021842278377	-3.71739625996266	-4.08808384951701	6.84982064815912	2.7296827166922	7.45847990240714	-3.30144362772155	13.9861449394263	2.04761285434233	-8.71062951476118	1.65166328141533	3.2083308408777	7.56575407172259	-1.96031830858842	12.3777105260742	5.10058540480019	-1.88515254006466	0.61894483352209	-6.4504800267397	2.0438181511077	0.680497850982826	-3.76401358677639	-2.50791090237699	1.65256147937338	14.4538257022429	-3.8420136269008	14.0980357063705	7.40829098554167	-2.83484251496582	-8.37605344082007	-2.16004176975031	-9.63005059369369	-7.73029259617132	-1.8121381299449	-7.7914696790427	-3.20209063151736
MA0697.1_ZIC3	ZIC3	6.03261188101042	4.58524832388578	7.21523326825898	1.06036125817564e-265	3.66780697500099e-265	-3.80925781201817	-4.97090823954183	1.65817426583814	0.447861776579065	-3.16080544414154	-2.86512309534345	3.62042747366047	3.01274193909449	6.17661851176303	-3.18037984655987	12.7256438303184	2.23590812444314	-6.93105929762061	1.99650843980043	3.69770104307449	6.6839752634	-0.518672260855943	10.8677457719972	5.07514145274526	-0.681862601731741	0.714745927050214	-4.37983039341986	0.700635813340459	1.09861288994929	-3.39330001425504	-2.96906759432696	2.75914212623031	12.5731742528642	-3.41866834463699	12.5604447755237	7.03647013921244	-2.57640306375203	-7.85618096477009	-2.04661091389067	-12.8659045955868	-7.65974453294752	-1.48150482966843	-9.78971817465822	-3.25346464128192
MA0698.1_ZBTB18	ZBTB18	7.51523182202981	5.3872936100599	9.50131779473731	0	0	-9.34469923394919	2.30903898535845	-2.17672774392044	-0.779500913162576	-2.3744586375999	-12.6514295426166	2.36075295399801	-1.89424184192109	3.2552743770154	-4.36095149085095	4.81264665334357	-3.1281911971699	-4.37934423359459	-0.70041788791759	-0.752287067089499	0.179092881709203	-13.6604273383149	5.16461390399806	0.819039105660239	-11.3163002634105	-1.88387730487039	-7.63805165879602	4.48373318443996	-0.662874946285683	-11.0161652147054	-0.19721260895589	-10.3831494074492	6.80993599392978	-9.60313370717428	11.7385067875222	-7.92114117947762	-9.46051813917695	-1.86904531056595	-0.712324392527156	22.4041637990828	-9.83172224924456	-1.76249185709691	13.0523820992748	-7.80754741281699
MA0699.1_LBX2	LBX2	7.3717179478885	5.50407816384603	8.69541747068588	0	0	-10.5816858272993	-9.35219533917472	-12.9930213020161	-4.98203830553793	-7.86138861003965	-0.25749054031554	-1.65284446808081	10.1659441690009	-6.50458778792652	-3.72877470534011	2.91350793318322	-0.612356117382195	8.3236716993064	13.4799655511683	11.5726763928281	-10.6759350106836	-0.720016370678022	2.06226775728595	-6.11373548843793	-1.35784710108329	-5.24689722196028	-11.5970585125735	-2.57192639942718	10.1204557508566	-7.16093711021298	-1.26782376572823	-6.48283256956204	-0.669442803247362	-7.46402699163568	-4.96545651572401	-4.38380738972088	0.513683687746965	-1.149625786278	1.00908571283212	16.889086057693	-6.35872216198174	-2.05593665406535	9.40618561029241	-10.4967462140264
MA0700.2_LHX2	LHX2	7.72930841821014	5.75697069280535	9.13441656351637	0	0	-11.7308805706389	-10.5509734872274	-13.6737126180641	-5.08056092462886	-9.14237524488977	-2.76786225622646	-1.11800463652991	13.5953279872951	-7.4807922986273	-3.99395689251876	1.0747122985939	-1.49370765536335	6.11513471494811	15.3689279322729	15.2424625504794	-11.8496914468372	-1.32244437402571	0.677154710755027	-6.4329959973234	-2.64331410998974	-4.32189928235785	-13.0884527950278	-1.9299420706399	12.1627511065143	-7.75572358602993	-1.55543232974467	-6.13894959665571	0.837155669314684	-7.69246862279259	-2.62031861895548	-4.33445643954206	0.931195480507108	-1.12436301721462	4.18480832555939	12.7281963096044	-5.80942187422489	0.244972461061235	6.96511367161919	-8.52820111342252
MA0701.2_LHX9	LHX9	6.68849339520058	4.98722730682654	7.98654632300675	0	0	-7.19286384441669	-8.49631685793965	-9.72908366137121	-4.65625841446264	-6.19113889844384	-1.90123054716135	-3.46328956378446	8.41584886207085	-6.41250533752426	-3.26742215324139	4.70829156764255	-0.893456684206063	5.88057773661766	12.0564676878471	9.75186277484211	-9.09003061401723	1.56100060178597	5.17722937648335	-6.33441184139263	0.825296357047558	-2.52196460525647	-6.42842434500768	-4.2907017336962	9.03129457504656	-5.9433841339099	-0.385792470939257	-8.19556738325014	-0.474248694322107	-6.66645416543905	-5.34519704468464	-5.95306738178552	-2.06713375434372	-2.47972582688003	-1.00068451289073	17.3477901415518	-6.23996483583188	-4.40484740534844	8.84869643072514	-10.3497591375693
MA0702.2_LMX1A	LMX1A	7.48849865085785	5.65816060067182	8.82337309906397	0	0	-9.27502592481259	-10.75887708654	-10.9566248089632	-6.25097405543401	-10.3850803018141	-3.7793064607188	-4.59054220580504	13.3821309391229	-8.24814900251734	-6.22631009728729	2.97851405315176	1.43471176420401	6.52775981161909	14.6943218670553	14.919407294012	-11.5044939901222	4.28024918109334	3.23602194880563	-3.22600095907174	2.7993731619241	-2.59284460506097	-7.0170396239088	-5.25541409335567	14.2154602845853	-5.26007906916059	0.579141699230584	-10.2295726070068	0.505641086881507	-5.16270452133175	-2.97416359262089	-7.05824496942768	-1.67277187319986	-1.06309187414292	0.942407490792095	9.68459287125178	-6.04810581949336	-0.796242460105222	4.8616719854048	-9.04940567987092
MA0703.2_LMX1B	LMX1B	7.21365054576576	5.6086272073653	8.33377272965079	0	0	-6.36723212349287	-10.957914211368	-11.2971207751665	-5.88580428550591	-9.04822686287913	-2.93208124783039	-5.24056422614446	11.7239884414734	-8.33561132434462	-4.44581467966656	3.09370036302874	-0.0843321292848073	8.81318290606221	12.9394793243059	12.1048817988159	-12.5600613507845	4.86059830093578	3.28038961619137	-5.15814476826734	4.03076875840817	-3.50489757022548	-5.13493229063881	-5.01219390976002	12.0293807662452	-4.73587963855266	-1.27801265502264	-10.2479710977166	-0.99433990258395	-5.00558642380181	-4.77747817245622	-7.58739123965478	-2.03755027908069	-1.14817736266036	0.36256287235312	10.9507369647779	-7.71029314606927	-2.06699831033385	6.62822884934489	-9.84505384997211
MA0706.1_MEOX2	MEOX2	9.94078979855234	7.14642460416425	11.955447789242	0	0	-9.35288036530763	-13.693000496699	-11.9636854899095	-5.06356054040391	-10.4794608619798	3.52204002344387	-6.71577704694991	20.0220340401846	-10.9403693061883	-4.02129960416571	2.87525712863813	-4.46055846426564	16.274740809671	21.345322155395	22.510664236641	-12.4489494061703	5.31477876165501	3.2242295303273	-11.0005515816562	2.98551363387511	-4.41041524746449	-7.9778338794991	-6.9401022138699	21.1830164694748	-6.99119110820352	-0.874317706071786	-4.96937435478232	-5.49734752186257	-7.45458974287943	-9.02423140329664	-4.4784154031272	-4.03748476356765	-5.47210631770952	5.07421263684941	8.33176911089842	-4.23573284975884	2.0454391905212	3.64641432572139	-7.35703149071595
MA0707.1_MNX1	MNX1	9.16418150494169	6.98698091041807	10.7810517886275	0	0	-8.97531301558083	-13.7145713995948	-14.6277687819971	-5.90526601077753	-11.7704087356121	-3.1077854150043	-4.42259356133934	15.3108144230543	-12.131127146316	-5.9539269978771	3.19526253324618	-1.70906261306565	10.1950718598546	17.693363801628	16.7529852684905	-16.7325423596975	4.97644725403752	3.93494879587036	-5.50591665470426	2.76330743348733	-3.8408582407202	-8.05971238586619	-4.5199085350709	15.6607991147894	-6.74441568076189	-1.43768365661995	-11.2614971960029	-0.207746105819417	-7.12361854871651	-5.47406737909399	-6.63776329782399	-1.7829548838064	-1.86472389764915	1.74404039999777	14.2875432496574	-8.44580357244715	-1.36477935947877	7.3910642028031	-12.9682744102465
MA0708.1_MSX2	MSX2	4.3714842849667	2.76822808011855	5.64174397331827	4.06378769917898e-128	7.86659820666756e-128	-1.30710025017417	-1.57432309384744	-1.90046934262462	-1.24287453502887	-0.603085848421545	0.0108362613797979	0.199249717934851	5.75139512538015	-3.70081175229897	-2.6386807266551	1.10307904596946	-0.785984285296464	6.62590600106214	7.76701868370453	7.81960785879207	-5.1565633433695	-1.39715313185219	0.713548472002957	-4.07550152957941	-1.41885461173037	-1.71164537154629	-8.14021547257215	-0.388385513781595	4.96596432587159	-0.926352223238582	-1.78346828480294	-1.71644881115178	0.771789441565092	-0.879799755861	-2.12906108203336	-2.13472923763292	0.655828290933739	0.0358897757151527	-0.267514425635449	15.9809267116761	-3.72454702044342	-1.24017794138587	7.39887693518033	-3.33483400797536
MA0710.1_NOTO	NOTO	4.56060656517929	3.00833085895272	5.72985512469465	2.13899761240059e-141	4.42478917859338e-141	-1.14035496122377	-1.75481943845348	-2.04875084964625	-1.35965262286661	-0.83665738780782	-0.623389820519497	-2.18291213745677	6.12113389647817	-4.22461684446714	-4.16628000429766	3.06373806884294	-0.653874569518682	4.71576981444507	8.93422333205923	8.89752837420071	-4.8482296882526	-0.511112995151607	3.61189411224208	-3.74373556651589	-0.83778173348518	-1.67826137029337	-5.68155346638988	-3.42054114018882	5.83818301301553	-0.835413543406545	-0.779330786335232	-4.0655256798428	1.18415845302762	-0.803268976265681	-3.40210332006816	-4.34276737897892	-1.62410604525383	-1.4810164229484	-1.03366215965537	15.2424765206367	-4.74866431839724	-1.93735325563484	6.84054983625895	-4.10126302452572
MA0711.1_OTX1	OTX1	1.34039413617648	1.04005834191185	1.58322571223522	0.0018525615261437	0.00188229766621022	0.183174285559614	-1.32576074962899	-1.25210107384716	0.0250045603565541	-1.41804769953645	3.01499842671581	-2.74094358582624	0.806988959282095	-1.21907373180211	-0.70499067419982	-1.37466907560662	-0.670810140576931	2.0477318523608	0.479150657556951	0.310895984693081	-1.66413812353745	1.48297005195262	-0.591075514084798	-1.52891559422928	1.15524160821286	-1.01974241347466	0.150262569341441	-3.06149487069626	0.639450215581578	1.97146564209857	-0.304139856316797	0.729826252877932	-1.07731827985754	0.959701892234185	-1.59758278911785	-0.317575866771676	1.60334011990103	1.10853692023131	0.854850016816647	1.14799845226596	0.720213157177755	0.344896694583577	1.10241512093924	0.203664173767543
MA0712.2_OTX2	OTX2	2.11776790665741	1.32884786746619	2.78982232734168	1.08721092068746e-18	1.20315474264888e-18	0.287185584762323	-0.201823936839646	-0.612933553295498	0.255876900108267	1.1286171602015	7.54839985479828	0.994354335809485	-2.34351071742124	-0.614096091853921	-0.689011115418154	-0.534132311413726	-2.0793650597919	-1.61902424165746	-1.82804542377464	-2.39343372695851	-1.24457322766936	0.0986872640818177	0.360651492201774	-3.35205415421543	-0.0648434133109398	3.06095851171802	0.678661855703542	0.937060828223472	-2.11505105023854	-0.241735605639115	4.87055630996132	-0.781871506327744	0.978279719650261	0.258383214372349	0.336787756280243	-0.313855505314861	0.554983934790416	0.31473769078746	-1.25996405448957	1.94336524671944	-2.16539697917083	-1.10340244407015	1.00160358522957	-4.70248019603318
MA0713.1_PHOX2A	PHOX2A	6.24297993588387	4.84582781240397	7.23686684824706	1.78544809091121e-286	6.57086419503952e-286	-5.26298282922493	-10.8853203016308	-9.51255411301062	-2.89653453562454	-8.8030384207737	-2.28912530858628	-3.68648305354417	8.45196957907477	-7.40509696595647	-5.36710881612022	0.957644554257362	-2.9091868996741	9.38992876705236	11.3140750704909	10.8630999376348	-9.74858333132292	3.4578605928159	2.08824576367318	-6.72676066932927	1.82800241731665	-3.61363874640265	-2.98545832564822	-3.83012242697254	9.78397127970593	-2.87890721352776	-2.21383514181391	-6.11954182761658	-0.478025111789809	-3.44580570366508	-3.62195590049459	-4.50950663646878	0.482527620179075	1.07582488066087	2.59738437662882	9.77849161638991	-7.87495913122097	0.272890380748683	6.04828340829318	-10.5984484710965
MA0714.1_PITX3	PITX3	2.38536552268064	1.18222717695646	3.2654883424164	8.51215966941144e-27	1.00338865376861e-26	-2.12164744602579	-1.22353370670152	-1.72877656704842	0.829828992808335	-1.04682232914763	8.84095715341581	-0.877550512541485	-1.71446832139844	-1.0534661133765	-2.35040310390818	-0.346926549413376	-0.931108605144315	-1.9728949959604	-1.67528304695636	-2.07114166274776	-1.07343118093778	0.452178810790564	0.656106702511142	-2.69958447551194	0.193213821872728	4.92414655299491	-0.815174422702621	-0.973634766230516	-1.44928429161618	-0.569606947640636	6.28900249299206	-1.62832265632333	-0.781421702364198	-1.00167415641843	-0.962534552643573	-0.405826989111457	1.849128766243	0.507215762586896	-1.82465308485456	2.26817209617968	-1.21195091524377	-1.31914783568614	0.777343083725612	-3.16782599131072
MA0715.1_PROP1	PROP1	5.22459224072356	4.19614950064714	6.00225442686001	6.88452962489377e-193	1.85442861810968e-192	-3.28327671797628	-8.38459862995858	-8.22724503788591	-1.54487089450553	-7.91017733621764	-3.85998203507364	-2.8110446988936	6.53029995935753	-5.14826972570975	-5.24299053109096	0.311714731835244	-2.32889782210483	6.97926005153239	8.88582912833307	8.11848332781625	-8.65107170858901	3.69354268636643	1.46016316554068	-5.650507700733	2.58875697912171	-0.604560461382849	-1.37456323791379	-3.1082044754278	7.75022533615151	-1.21511487757379	0.626520705872055	-6.61976387939587	-0.833576667726752	-1.6568105273686	-3.56126467855456	-5.23543193851934	-1.24433563804694	0.940924993979449	2.85010295086586	6.8758357081793	-8.59718100316965	1.69267275364649	4.59944018215835	-10.364478365154
MA0716.1_PRRX1	PRRX1	6.50587210480105	5.07106977165969	7.55730406914066	1.73762511964731e-313	7.33277800492942e-313	-6.2464362720321	-9.12081672281281	-10.5764534996758	-4.16136375580778	-6.94672614029566	-5.68312430245621	-4.1257279301597	8.67878886281518	-5.80890767649102	-4.50834350845813	4.44522190049634	3.50823334341943	5.00462522747242	12.0145689100395	9.56294550568892	-8.81158714741425	1.92811728325564	6.10503910785405	-2.75936489583998	1.34386022054439	-2.13732516423095	-5.92467008578148	-4.83864071118083	9.16978999351688	-4.81707491945974	-0.00910230507639047	-9.84235157095023	1.44104812358367	-5.13048115327322	-2.54761202504349	-6.52321919318025	-1.90494703170462	-0.921894071803444	-3.23107805322738	14.0480894567105	-7.36849184641412	-5.40592626702077	7.21050893326457	-9.63621493562258
MA0717.1_RAX2	RAX2	7.14988142886066	5.31306053888011	8.50280111636277	0	0	-8.38279800134747	-8.31045863736742	-13.8783255412764	-5.29867784085024	-6.18139088274166	-2.57360754157172	-3.25220522593657	9.6926423891005	-7.84751884733142	-3.44648696449184	2.75476157716311	0.497246744876746	7.55514222786305	13.3286915460919	11.3131583375015	-11.4682981050959	0.497818143284673	3.45141009522413	-6.48184477051132	-0.202816333644546	-3.54613933113452	-8.28310332962851	-3.19041151555819	10.1825249829566	-6.59400555434229	-1.2450701881541	-7.20425782771397	1.29587702637715	-6.61478004283506	-3.79377984674926	-4.64104842313811	-0.771931753540707	-1.27244772618753	-1.5179618184686	16.6801259054017	-7.24238257272377	-4.89466640161657	8.13066942601669	-10.3407237286729
MA0718.1_RAX	RAX	7.02434538506702	5.3689972476232	8.22357711665725	0	0	-9.03761768887356	-9.01200771888658	-10.4769476542381	-4.67712729631265	-8.49275867481069	-6.38713296214064	-2.906238271246	10.0614885922302	-5.51919358578631	-3.69005200126322	7.1375369795743	3.66486389209518	5.4603217927899	14.5231812171311	11.2547850260992	-8.61464727242583	-0.315206798846454	6.54381647599254	-2.391739546127	-1.59798959561874	-2.83942254506183	-7.99195622109333	-3.22314561931395	10.8863533052212	-5.49528701722398	-0.97133775236696	-8.18947176221064	4.07307020632932	-5.82444947590882	-2.01064096316839	-5.45164477100737	-0.954178950847369	-0.73262041377459	-1.40854738594533	14.9094342359711	-6.25602402932101	-3.86088423587557	6.02692124260575	-10.3490067982153
MA0719.1_RHOXF1	RHOXF1	2.58901410533879	1.79723563672589	3.22262201371381	6.90567613373232e-34	8.57116273069129e-34	-0.0106913210230881	6.80930008620416	-0.407613525177446	-0.386304455312716	-0.258023424417666	-1.6542043505481	1.56108288099726	-2.37544246695781	3.82518070298619	0.438599977419058	1.85322974110316	1.55006071439325	-3.77407117669862	-2.7005455862862	-2.21463865349437	0.518469952747924	-1.46142679052589	0.186017976636968	7.13581346616593	-1.59540098522755	-1.81221779037372	0.298954813738186	1.61625537708646	-2.70600430820155	-2.19339004507336	-1.85506938873688	1.08041622086536	3.72700283141573	-1.76452799924644	1.58585129604729	1.54495817462239	0.875544412927475	-0.0332457083608982	0.0267287275414242	1.4787864295673	-4.60730510057705	-0.9900132186064	1.22548363055474	-4.77968478705885
MA0721.1_UNCX	UNCX	6.50587210480105	5.07106977165969	7.55730406914066	1.73762511964731e-313	7.33277800492942e-313	-6.2464362720321	-9.12081672281281	-10.5764534996758	-4.16136375580778	-6.94672614029566	-5.68312430245621	-4.1257279301597	8.67878886281518	-5.80890767649102	-4.50834350845813	4.44522190049634	3.50823334341943	5.00462522747242	12.0145689100395	9.56294550568892	-8.81158714741425	1.92811728325564	6.10503910785405	-2.75936489583998	1.34386022054439	-2.13732516423095	-5.92467008578148	-4.83864071118083	9.16978999351688	-4.81707491945974	-0.00910230507639047	-9.84235157095023	1.44104812358367	-5.13048115327322	-2.54761202504349	-6.52321919318025	-1.90494703170462	-0.921894071803444	-3.23107805322738	14.0480894567105	-7.36849184641412	-5.40592626702077	7.21050893326457	-9.63621493562258
MA0722.1_VAX1	VAX1	5.71892837483859	4.0479201308827	6.95984804840835	4.06869154562417e-236	1.31402130019393e-235	-1.5347335371879	-2.3755248111136	-2.67872189104377	-1.44951440672947	-1.18487419503412	1.70093734666102	-4.20390771324437	10.962618728473	-7.43688298063253	-3.77198294947318	1.93544421780156	-1.21554173954151	11.6699642372	12.6079082484925	15.0258568320707	-7.34445614505195	0.0176640858975882	2.03214744458397	-7.00054473077704	-0.696120726329795	-1.95959582413697	-5.99357589525345	-4.55938947515145	10.0338260785709	-1.24635583989194	-1.14357441367857	-3.54374271105537	-0.33607784822712	-1.23260535301724	-3.86207753441215	-4.45111070529921	-1.47078802666779	-2.25186601759636	1.88215583038696	9.84151945364215	-3.97581050575555	-0.157807686365532	5.11533809830742	-4.19364412257403
MA0723.1_VAX2	VAX2	7.62391082522178	5.24485482186902	9.42466177086635	0	0	-2.46664889070829	-4.29408157131677	-4.1157090502648	-1.67665884948952	-2.23981053390908	1.43822075970844	-5.38137606516	15.2869063976795	-8.60497059456973	-5.99719765471952	2.0872396684648	-1.69651573238412	14.050054374451	17.6603121768332	20.9298849940341	-9.07329015376619	0.771110334897103	1.96927408294043	-9.1130913946801	-0.321369623260796	-2.58265942351271	-7.37889014677563	-5.70501599909227	14.5736065271087	-2.0640245489775	-2.21675304250422	-4.56939067909505	-1.47773914631375	-2.06907193475252	-6.11726519712096	-5.59551405862365	-2.96757107638309	-3.9889605710461	2.82949003400414	9.7683006697031	-7.6874147303532	0.297573640804702	5.34599161893931	-5.89112762366035
MA0724.1_VENTX	VENTX	3.588310948745	2.79275358387855	4.16040584061867	9.39656726111013e-80	1.48329852276377e-79	-4.84433674090409	-6.80708434971809	-5.9306603696802	-2.57022257373399	-3.77424155777052	-1.15938118592812	-1.41330827761882	5.53197889704546	-4.1608581900731	-2.08782686730755	2.83086012879333	2.00695568195904	3.15440675696326	7.40531059244759	5.77157398533698	-5.00013852664309	-1.23005304938058	2.17385236004606	-1.50325388891246	-2.07759101954989	-2.21332694748145	-4.41224342735035	-1.69188210222063	5.75231202402327	-4.22336461555263	-0.0868199103305583	-2.05612413546313	-0.301228318762231	-4.72468495791268	-1.26123868451821	-2.17810014704931	-0.851071075118223	0.899896478830276	4.87729691803343	3.22072419385483	-1.99064089406152	2.38325213000872	1.68230371821298	-4.06253129278561
MA0725.1_VSX1	VSX1	8.22309153188337	5.89442090928821	9.79102219682549	0	0	-8.36521547557748	-13.6771038639382	-12.7477904036988	-5.613815145052	-9.04811755375472	-0.376144671104864	-4.96912902872555	15.1737377182849	-7.06166499935904	-5.64791117471868	2.5508694467735	-7.45933227058408	9.89421746956242	17.7366074672858	17.1077451637781	-8.39074088079435	5.12157533137002	1.16666386867075	-10.2829750188451	3.08607554201115	-3.43643987585427	-8.27122540148086	-5.42073994419093	16.308736638973	-6.02964275521934	-1.60510229881675	-5.70808648772123	-2.84529372681438	-6.54156087742948	-7.24102671701951	-5.31435768101664	-3.68188770469628	-4.51109899009069	2.5569017990469	9.44492821932671	-5.61460383180132	0.915166200203818	4.33646921175241	-7.65931117455742
MA0726.1_VSX2	VSX2	8.22309153188337	5.89442090928821	9.79102219682549	0	0	-8.36521547557748	-13.6771038639382	-12.7477904036988	-5.613815145052	-9.04811755375472	-0.376144671104864	-4.96912902872555	15.1737377182849	-7.06166499935904	-5.64791117471868	2.5508694467735	-7.45933227058408	9.89421746956242	17.7366074672858	17.1077451637781	-8.39074088079435	5.12157533137002	1.16666386867075	-10.2829750188451	3.08607554201115	-3.43643987585427	-8.27122540148086	-5.42073994419093	16.308736638973	-6.02964275521934	-1.60510229881675	-5.70808648772123	-2.84529372681438	-6.54156087742948	-7.24102671701951	-5.31435768101664	-3.68188770469628	-4.51109899009069	2.5569017990469	9.44492821932671	-5.61460383180132	0.915166200203818	4.33646921175241	-7.65931117455742
MA0727.1_NR3C2	NR3C2	2.10412476368172	1.35543134902063	2.89271632557019	2.58237148483103e-18	2.85277687591281e-18	-2.12919856362134	1.08938852274225	-0.431228796554078	-0.718109893691836	-1.09692570886803	0.0091973267566885	2.86584144300662	1.06204028844028	-0.63420296346048	-2.37988856735873	-0.841475388112448	-0.990582475440173	-0.979720201856396	0.803912429169002	0.610105317297521	0.60952534153249	-2.71154932198994	-1.45036758345303	1.48613279050306	-3.26416068494677	-1.98936222682711	-0.564270259018194	8.34629653848682	0.126273949266809	-2.04354668554901	-0.621660632609406	2.61058944483493	0.366819165460916	-2.15249439966309	1.11268070890238	2.00039932590736	0.0843404037751686	1.54618428587959	-1.74768868497906	0.586375307258225	-1.78513549785539	-2.20228026687797	-0.900344439544435	-3.35662099937345
MA0729.1_RARA	RARA	3.90072753158894	2.84228144098523	4.77888876663575	9.26161705133331e-98	1.58878146165149e-97	1.48278322237907	5.41541512896252	6.08657272934483	2.05742442022266	6.59070183475464	-1.99158291739429	4.410292836095	-1.70292167347372	6.74466956962314	-1.3734611334999	2.61336749555397	1.77746398896291	-1.85487077029087	-1.5589527588611	-0.304131118826872	5.34529233288987	-4.58859722674266	2.90868624221421	1.41356447265166	-1.37969772374259	5.4966524264638	0.21293295594894	5.55168885340749	-0.906030062198597	-3.20881282070351	4.95469383054827	1.74601373165877	-1.25816076942092	-3.80119824220524	-1.51438463798727	-0.138792856434264	-0.957172578934313	3.9723990810291	0.891331481558486	-10.2728635459477	1.27681046900211	3.14133826906673	-8.7750373210469	2.19579148519704
MA0730.1_RARA(var.2)	RARA(var.2)	3.52244701390935	2.61350859473387	4.28154032973026	3.54153602489122e-76	5.50808919841804e-76	-1.4463219523186	1.27903266948628	2.50441450591144	-0.732250596096325	2.04551166663563	-4.91019171525766	8.8526250277729	-1.65000600049491	5.24545619407813	-2.29593826132246	4.038701436646	2.60366815856663	-5.70572797630265	-0.889331663972	-0.40950261851291	4.81872361235651	-3.95288470226128	1.41699070938639	4.51141881878596	-3.9629532265112	-1.733510102774	-0.321165594485117	8.85831020626373	-0.641686173597367	-0.821966497472621	-0.488358396737515	-1.07489732770469	3.42608366774062	-1.5551129753689	2.71940826773406	-2.63545641019265	-1.32133313050746	3.02283495544046	-1.32522187526946	-4.84327477695726	-0.705417046129048	-0.336655012021428	-6.06331147662616	0.350343874465606
MA0731.1_BCL6B	BCL6B	2.36153149546905	1.98091701698383	2.66471253003795	5.10882382596337e-26	5.98867681821262e-26	-3.95892551612017	-3.61173956027587	-3.75512729801784	0.701272556960633	-4.14688359442842	1.34129974215328	1.01495972077013	2.11566921208995	-2.99035744520908	-2.19948180706176	-2.4857947438195	2.17580448191679	1.77778548333863	1.44735864656394	2.30914446626447	-2.06689339859031	1.55819281361365	-3.47996052082319	2.69082236621085	0.0574072036262898	-1.60145246028589	-2.2216193552368	0.66002341669403	1.52150579540494	-2.53366083722122	-1.00148281511753	-3.43235136985158	0.781499490596663	-2.96500658147381	0.768641935373345	-2.9779758534922	-0.851207706767444	2.81814887908932	-1.49530339682817	4.4752464768347	-0.47695552599661	-1.60374014843907	2.93825729588349	-1.64683695954178
MA0732.1_EGR3	EGR3	4.68166949383813	3.70117987453983	5.45906382747161	3.20691354429847e-150	7.12272376681028e-150	4.35819669043928	1.73008431507917	-4.28351759490242	4.56957211048775	0.589794392102863	4.63922181203854	-10.5764006082345	-1.27922619690838	-4.02258804294306	-2.54898877771683	-3.28310127779668	-1.8105255689476	5.15135513267636	-2.26057037936605	-3.60277279306882	-3.67120223575432	2.75576004006773	0.488100490167432	-2.06663596180643	2.35051851182079	7.26044942220241	5.11715688754934	-8.47618356470975	-1.68479777110112	7.83911530122195	4.55776692995115	4.72036725346829	-7.41571189460449	7.09865893531346	-7.70590369795416	3.33390086600173	4.91990470663476	2.51808503171075	1.81392906821229	-4.08343290545184	2.0024286298381	1.89658094427105	1.19202853414067	6.24358245699294
MA0733.1_EGR4	EGR4	5.2697291581904	4.20978716833933	6.12750951054945	1.15737685289402e-196	3.18530238209528e-196	8.00590022932632	2.00625057689621	-4.49159218614573	3.25965991981927	0.848405522206157	7.46413598170007	-10.808629185297	-0.584968381438618	-4.81124069313708	-4.34895446786079	-1.76608437323383	-3.78041578981834	5.411019410754	-0.528562918031745	-2.15861414055734	-5.58907063161411	2.90409377572487	1.73026502132438	-4.61114249450292	2.8953309859497	4.34526115215342	11.5729924892166	-9.62498700459958	-0.783832219538063	7.71949613353221	1.69230245111357	8.13763236604172	-5.92147326743895	6.81304195073128	-6.44668994641267	5.94450245000569	5.75433040205923	2.42095700144118	2.40572296739052	-5.29696925032937	1.94978272407243	2.65067277749232	-0.634176032989673	4.4696750656543
MA0734.2_GLI2	GLI2	1.88798818999955	1.57103001548614	2.13863954551649	7.3379019740432e-13	7.88606443050823e-13	-1.75554203320485	-1.7300363177617	-0.421864893684115	1.52050727897973	-1.10654876053581	-2.30614239959688	1.3976146563044	0.483572094527863	-1.05511236340113	-3.29711118979968	2.98346786852505	0.783369681628485	-3.74428657288296	0.109417750207239	0.908028854800875	-1.33246079702031	1.07900783440667	2.96430689109556	-1.26106011711091	2.58402320307904	1.43215422481866	-3.10405404742953	1.98397878731454	0.648118999648966	-2.02872607276026	0.00476485400878948	-1.89302828047186	1.59571654077825	-2.32510528778671	1.34413548706066	0.109858994652963	-2.85971956813877	-1.65791457991343	0.874290470060523	-2.64171185695793	0.306375191968628	1.61046581647166	-1.94142659035235	2.33164700530775
MA0735.1_GLIS1	GLIS1	1.48492079363263	1.10617974487281	1.79461415246161	2.69021684955128e-05	2.76445984702266e-05	0.0127784102020895	0.0566882740909459	0.447344701585984	0.260621472996858	1.00799047175664	-0.148067792095088	-0.92230340693831	1.56595218368363	-0.657163896424911	-1.79022621901881	3.17201237208996	0.36586087374437	0.584262436033034	1.41837132339458	1.38052565098918	-1.17647977328559	0.999147721658419	3.65617505983056	-0.701773036585938	1.32891254001262	2.56105772672648	-1.05250580710627	-1.29719158914343	1.4356685972757	-0.945630223277841	2.19421063030649	-0.0577103632176664	-0.0189926992274541	-0.683000482334972	-0.272502330863635	0.310224465899134	-0.858482024727815	1.92752062503025	-1.33588585424037	-3.80066395841404	-1.21695206405204	-1.05311691875941	-1.55360820427984	0.715441310121093
MA0736.1_GLIS2	GLIS2	2.98178329918447	1.97375615626054	3.78633950647509	9.45719250543191e-50	1.3042272017295e-49	-2.12066922814315	-1.6829067660468	2.54539610302846	0.104920319241028	-1.45933581450003	-1.50261362788349	1.21135422046914	1.36204448385893	0.796696663470417	-3.53064022984122	8.78568478864784	0.951747050858091	-1.59274391376387	0.377039979558355	0.77833693261511	0.784668896549333	-0.0276719761057832	8.85851542218092	-1.24709916890504	0.993257028105041	-0.535122320322994	-3.74651491255074	0.54227952613243	1.16355316798099	-1.78990218570242	-0.312383139886872	1.45575688812245	5.53208150684359	-1.81242691025838	5.13445548192366	1.76180619794836	-1.8900560942039	-2.15690034433906	0.173651127593184	-4.52861475518149	-3.83196209226212	0.363393845467738	-3.37467636297046	-1.12090183113402
MA0737.1_GLIS3	GLIS3	3.27181065436412	2.27533785027566	4.10879352195954	2.83396517227191e-63	4.18158497447114e-63	-1.142419364996	-1.59349797839922	4.54380171726298	-0.306514125837774	-0.277697421761876	-3.39944494844937	2.48874222885026	0.436903253392129	2.47108709067657	-2.78117866391749	10.5991507890075	1.01891652620119	-4.55371321449865	0.299401454346696	0.715549303279723	2.5920290180651	-1.18853910404786	8.21506766454942	-0.698956071422728	0.85755760335288	0.538794836700412	-3.30012974772075	1.23846174999025	0.831437635729672	-2.16542931036062	1.30821600196314	3.59954621733577	4.6439222638986	-2.33399212450741	3.90439704339589	4.26959185445009	-1.81478398749096	-1.77968672177389	-0.919241291269626	-5.02995488382814	-2.53795281910626	-0.379953285625629	-3.38846560018122	-0.487661457266858
MA0738.1_HIC2	HIC2	4.92878564773762	3.55001808438733	6.10400177874967	5.14861779372102e-169	1.22983964657562e-168	-5.25435466944225	-1.54996280249509	0.172442039848715	0.593794294318461	0.0580092731551498	-11.4639246843958	12.6530530461284	0.580264204069854	2.7876138661772	-1.8265907517826	2.33041956139579	-0.647252111255064	-7.31662964928775	1.84248564130188	2.79568505874014	0.407701262020682	-7.02463814510311	1.66943655111515	-1.8996192718946	-4.75211387866268	0.430007045422725	-6.33198604111205	12.0258702693527	0.90327916976255	-6.92134273513513	-0.015945891746292	1.4951935454	3.49366972173384	-6.38300777039804	3.79603107318084	3.61379299458717	-2.88589445539291	-3.27390495930919	-3.91556557257407	3.99235039209764	-6.28098110442869	-3.44497977638768	0.595928238536014	-6.96733293197907
MA0740.1_KLF14	KLF14	7.5034665809255	5.71334457072029	8.90917000461205	0	0	5.25713851754377	4.57455054499161	-8.1075648236386	2.02232438788869	1.81524184075222	13.6210413790554	-16.1701794889854	-3.28901654454348	-3.32134859333339	-5.85597462338708	-0.20829497827964	-3.89113280977584	10.693393718758	-3.61021893389297	-5.76686620391065	-1.50993600558016	4.05528921359082	1.39687748327309	-4.30271434304375	4.59858512898496	2.82731235798976	11.4306547043166	-14.050877764346	-4.63865920644013	16.4429233665626	-0.79613951916999	3.76865510638897	-10.6978125345035	12.0628903317271	-12.0535332362205	1.38738159655096	7.26769307182159	5.47186896734863	3.82089923194005	-8.25819800824251	3.83544013013154	4.13247322908297	0.172794198601481	6.48292742078657
MA0741.1_KLF16	KLF16	5.95939049726261	4.45423747103504	7.10151669254544	1.2030926111855e-258	4.05083841957672e-258	6.79803747906714	2.22094283502893	-4.40009151661663	1.06586260741621	0.577088834016161	13.0899102805309	-12.943064009252	1.40505810149288	-4.48283793655349	-6.58032563095548	-2.21582138229723	-2.55217387747344	8.41236588300749	-0.0926211903100232	-1.07489016564219	-3.76224792202157	5.20715669335354	0.773987188435381	-3.68023607833012	6.05129232793411	0.7646500751637	10.5593605642788	-11.3688780228333	-0.562021770006408	9.69938058502759	1.69512346638983	4.2359186480585	-8.21079562821491	7.41234414070111	-11.3862349330428	2.90748012811236	5.46845424569428	1.88379035297464	2.4274605395243	-4.73166526652969	3.0391242777495	2.4811844446671	0.214957152719447	4.41430980721877
MA0743.2_SCRT1	SCRT1	5.78094798574436	3.57238202999356	7.54274642083059	7.80967291819658e-242	2.5614108586624e-241	-1.53501941436485	1.30117547655574	2.40002142558612	1.11412653030816	-0.99065390217177	1.508488814717	5.49012707296917	-0.785457210834874	6.4629405756947	-1.58154650329765	7.03900863751606	3.49569270778474	1.42005834579196	-1.19621378239505	1.3069298553477	5.50891048779129	-8.17079441457802	1.84586087283423	9.76029552146991	-6.85130079711369	-1.35591770075751	1.79371307537503	4.87501847147607	-0.660235033063568	-2.46445252636634	-2.51353664061328	1.36315512359667	9.86654589596675	-2.04833290773295	10.2005964603498	2.62089330957493	2.7010426690693	-1.76502974969919	1.03206048553426	-16.0193305885254	-0.75446629084178	2.37175809164898	-18.5501215049248	-1.86043849979901
MA0744.2_SCRT2	SCRT2	5.25012825370189	3.72717618041003	6.51745128360793	5.09091325528072e-195	1.3890293493934e-194	-3.03922346829498	1.04714776025888	0.791517884762269	0.920676765497184	-1.38317015224079	0.99215717291196	5.07135985274902	-0.337201258844078	5.09870502742704	-2.23413457992567	8.33795133575735	3.87163768358357	1.36266815443126	-1.2746971415287	2.17469454652951	5.53822155942086	-7.57894657785966	3.38406614066016	9.85994195325911	-7.30307882731832	-1.48908189026404	0.142839430297929	4.74205402433461	-0.211921303059129	-2.50600817871135	-1.84629936193615	-0.095459163509398	9.37240469983168	-2.05336895741842	10.0404405579662	2.4624961472745	4.79344366147049	-2.03315837999177	0.109297557460008	-12.34862243904	-2.1731530219098	0.829173452019649	-14.5379477341869	-3.06494381423908
MA0745.2_SNAI2	SNAI2	13.1835924059706	8.11986594366119	17.2490612961479	0	0	-7.09275424436017	1.33786434930446	-0.667018873840991	3.3498856856226	-2.14002329915968	-3.26290333432785	13.5541907751864	8.38380403622904	12.8791947672676	-5.57067574322971	10.7758822966762	1.89651197562246	3.62559750354667	7.66119498272487	12.2154440614864	8.30149106214542	-15.931241962363	1.73639561185236	15.6544547676136	-11.383185106426	0.315627050513773	-2.31815426314149	14.6828902780327	9.91503267418673	-5.50399368306641	-5.20315242643356	0.504457935123065	23.1223535332672	-5.28489673922056	25.5016293247542	5.09065395544896	4.25342290983532	7.10459750991557	0.726357217404105	-40.2259306062093	-9.70317800566161	4.82947281226733	-39.7428038011949	-8.09709031170966
MA0746.2_SP3	SP3	6.89979349112643	5.18911347466281	8.28676399703122	0	0	5.41848688736325	3.14701628286253	-7.02669996140485	2.09217485961095	-0.00835376189714719	14.8170534300933	-16.1009830869354	-1.35222075229938	-2.48906276942255	-5.29576908197081	-0.902074175774125	-4.5366821140972	11.7216263169564	-2.57468050984153	-4.07093402995684	-0.75451070510084	4.94560196168925	1.77453524719985	-2.56077718078907	5.50649677558016	1.87607743541239	11.5895278868176	-14.2573865243946	-3.57049794004044	10.8880838734012	-1.01615116911678	4.20880383147334	-8.88476947177674	7.98810479813616	-10.1886813061157	2.56718289578168	6.28191039882876	5.85472731763255	3.54571045089038	-8.42272838434673	4.88757160107333	3.98005464467479	-1.15089752450434	5.00187121929834
MA0747.1_SP8	SP8	6.12704156377067	4.65884301618361	7.26899109635348	6.21138579403465e-275	2.20888045372131e-274	5.96812879310171	2.88208875389765	-4.63006487311375	2.28499450214781	1.90402025593665	10.2948435061664	-14.5095037887667	-1.52028366072251	-3.29815107484822	-6.71416222763389	-1.84882063403949	-2.84315814835237	7.57981008747355	-2.63274086222075	-4.3237604303234	-1.80819166948241	5.72472112615759	1.0118711043073	-3.18874089624787	7.17769320742495	2.71322508959007	9.20258980645011	-12.3114452890226	-3.26994538237123	11.4537659932045	0.694137218264585	3.7217080576434	-7.31431843640028	7.87469125482621	-10.3271105636607	2.2835561471733	6.95441351235777	4.13803649992775	3.0838105070056	-5.85414168685985	4.30838499203796	3.75627965275322	-0.330334720774072	5.41995139121402
MA0748.2_YY2	YY2	5.23267292494956	4.13507415559475	6.08428882110527	1.46121440373287e-193	3.96973698524852e-193	6.10534083683231	1.70850307724843	-4.23370442988771	2.62533029900071	1.92059557219125	8.30759321884233	-6.96575375457427	-1.77144377556563	-2.31877744990647	-1.81049520335379	-5.25345267301251	-0.491872333174587	12.1231330213615	-2.53804605468633	-3.71782764349489	-3.85022210287858	4.55038386300791	-4.95544239220696	-0.0240481362746703	4.00556831191806	3.90345174355238	4.97308910428695	-7.81927546040765	-2.79784675058576	3.13813327061799	3.3947335467148	8.72300101300337	-9.33992318031776	4.02738556559386	-10.425394937887	5.781022707527	6.36811542483898	3.45519509507038	2.51835770824789	-5.22855246268649	-0.507264109821974	2.29233813853156	-0.767314877633415	6.21755420352852
MA0749.1_ZBED1	ZBED1	1.14714898424668	0.786007829051298	1.50094329917916	0.0919441499166136	0.0925288503930309	-0.902607557271852	-3.85640211288912	-1.19615380940574	-0.077262008993748	-1.65351929194062	-0.957687208065617	-1.18317246093767	1.26991896011126	0.804721410526201	-0.834184450611348	-0.45921514977643	-1.4038327383736	-0.272013326356998	1.5496786626047	0.87507604435445	1.04043533916553	0.778317770329588	-0.133401509734589	-0.328794685057308	0.974388507092789	-0.426482631439191	-0.0262147798816994	-1.23249669197058	0.890468685761921	0.234326472973366	0.0482973974473564	0.615890617005578	-0.831617013616533	0.0474896236815158	-1.15488052312281	-0.652796124610256	0.581039652443008	0.519034249745855	0.313641521654971	-0.963923833796104	0.757339156775431	0.222100694500574	0.663525930933471	2.98312636978759
MA0750.2_ZBTB7A	ZBTB7A	3.99700784674475	2.80476225513856	5.02411657948784	1.18048665720909e-103	2.09313180395898e-103	1.64650519603107	5.44860210302077	-6.23780432753494	2.83688233229303	-1.49875356086823	1.10393178800252	-5.09285564863469	0.406831463641292	-3.85503074920387	-0.0620709453297597	2.02019449299818	-6.22792190348692	3.93254500515907	0.220814054985753	-2.01013982968656	-0.331676241045876	-0.663188862529038	-0.0473079560615433	4.30213992878534	-0.437852866997309	1.66678704953236	5.8645614513773	-3.55192923331454	-0.280838963059743	1.47938799604029	-1.30961081322317	-3.14114409501559	-7.05414179334167	0.554882637383762	-4.36440511734546	-1.26269307222028	0.0951078561005583	6.53767419842143	0.267151100527468	-4.00019924849959	7.04925964065168	2.58067186411001	0.421336413005294	12.4178608846332
MA0751.1_ZIC4	ZIC4	6.20926335396725	4.73516244459984	7.32552769667832	4.28159848766278e-283	1.56661956224887e-282	-4.3920514987628	-5.97302112087727	1.85949281430107	0.850626725296914	-3.31983079721087	-3.36632755084537	5.6921988922989	2.37555948200238	7.68031113505175	-3.52432243142985	14.3197149715102	2.02216866508805	-8.58762850273277	1.56428235882549	2.79390383030104	7.16195426517604	-1.85088077335642	13.1329832729668	4.96293741481174	-1.79074680014435	1.0959141140118	-6.31366391430993	1.01654029236536	0.611388229435467	-3.61388173444181	-2.09633869759912	2.1355445210103	12.4721831836856	-3.55812475622865	11.9949328107071	7.56898025195718	-2.81802092101857	-7.1221808549703	-1.95611962865112	-10.3333860004217	-7.06481363142274	-1.48013868104354	-7.847873189057	-3.48239762227072
MA0752.1_ZNF410	ZNF410	1.73713029577811	1.20103173664804	2.21554336540679	1.27041028372051e-09	1.3336147754479e-09	1.80158275461718	0.745806348493942	-0.6345714654399	0.220987185806954	2.11254658006654	1.04978872691011	-2.85974427547289	0.83062061091911	-1.14885019931345	0.266949308450957	0.960205191538532	-2.83101311142549	0.710541842048378	0.658528184536622	0.320923247581466	-1.6731600995765	1.91598402096576	0.93453434844984	-5.85130060709624	2.54545467009909	0.766918218612874	0.209627314039944	-2.26138029721851	0.334965533960927	0.6343313767507	0.225129748180665	-0.589466133932399	-1.59846248492205	1.6403199123144	-3.2609158656066	-1.01399386280916	0.878547751947376	0.670423907424738	-0.63157762974149	1.60722634902407	-0.0312287020485213	-0.943029021090282	2.70959766963793	-0.773356276046583
MA0753.2_ZNF740	ZNF740	4.48814210278422	3.25781159152181	5.39769107713815	3.09842632229189e-136	6.20665779117331e-136	4.19578904847139	0.498556503448893	-1.59878505836114	0.414188302403222	0.0626077450967618	6.24560531207005	-11.5197035367477	4.40057447526685	-5.95531798652376	-9.27482816020883	-3.15822516198782	0.326427254743184	5.42788928317013	3.07002718961348	2.53840669472754	-5.94701011197929	4.73918361537237	1.19872655123214	-4.77422153322071	6.36038312163413	-0.901844787539646	2.86727766837964	-9.7810868191009	3.99143461093938	3.42621840035054	4.93700494812203	3.49033436803241	-2.15798780231101	2.11413863217935	-4.72992638506792	3.74486418963821	3.27930528812518	-0.510463745866357	2.56236385627648	-3.84906243583985	-0.870903655680138	2.87067015616615	0.24765930041545	0.594173602883806
MA0754.1_CUX1	CUX1	3.89782672984881	2.76456900766893	4.86445928334818	1.3860101247579e-97	2.37120110532906e-97	-1.47497556264921	6.08214101988735	1.31068256987802	-0.300616826328478	3.15721628593656	-4.22920253908512	1.33371490150769	-1.67943011566924	2.05217234351796	-2.34810506131164	3.84418880263186	8.66634414551255	-5.94518720109856	-1.30491471344338	-1.97674918702071	0.630432707070091	-5.07849284078186	2.82112429494456	12.1242160450502	-4.7760270210907	2.29854785593049	-1.2711053111773	2.23444092699577	-2.57304070431842	-2.79133387849249	2.66123235127775	0.623925895827224	6.5534573977271	-2.53653850982962	3.39274079280413	3.92719621067413	-2.64899199584367	-0.208394933778159	-0.701681328579791	-3.42536650722703	-3.06807700425812	-1.07211582618362	-2.7759158372922	-3.65152561027718
MA0755.1_CUX2	CUX2	4.13079928546552	3.07086786734636	5.05891418776236	4.0931639073267e-112	7.53189753877267e-112	-1.02601113404245	5.40986495026824	0.681245933305162	-0.361823487480763	3.13967958516108	-5.57649794321648	-0.205239926678758	-2.58351369053471	1.44523222247487	-1.43803935258684	4.05213575330986	7.94347990261887	-6.4266744738021	-2.32172611441145	-2.99979355004924	-0.977228184706991	-6.00085940964546	2.08771247034572	12.3602230516269	-5.32464979080349	4.13189745889933	-0.901445265636061	0.625182440654225	-3.8972070354982	-2.54347331555098	4.57239725745776	1.02522317441265	6.9101893589373	-1.88078561717946	4.97005368164559	4.16912015674783	-3.41763604812632	2.29831366375373	0.363949467795897	-4.22775600259972	-1.21085851156444	0.304012045700951	-3.31817046876061	-2.56341026080045
MA0756.1_ONECUT2	ONECUT2	4.38339976940203	3.3379988635348	5.33531514159161	6.17406147862117e-129	1.21372078135627e-128	-5.33825666915703	2.41559354985403	0.0999001634336499	-0.482112816467561	-0.790229471734651	-8.1761715373102	0.999492768508308	-1.01808600387868	1.96542244375507	-2.10847743781194	2.54848729949315	6.13539477047979	-4.28380273760245	-0.0891118576757939	-0.0651789714153934	-0.324881423511504	-7.79505034383495	0.397619899712364	12.5754268595901	-7.06454862300015	2.38112402369042	-5.19991917964623	1.15592861315405	-0.721543214289311	-2.97990635377562	2.47215423795221	3.84543488055164	6.85659193166907	-3.02458318005719	6.04954229205239	6.11914142673889	-4.98498678294651	4.25895746798565	2.05271283497724	-3.78323808904163	-2.07519222932878	1.83094295317156	-2.63000322699602	-3.96550472690455
MA0757.1_ONECUT3	ONECUT3	3.78240712248883	3.07032622169864	4.3969587725837	9.73228805599285e-91	1.59599438845686e-90	-5.74216263949345	2.29525217177545	0.482059077456987	-0.250591536234852	0.59456922424844	-8.3253522135181	1.17824131864458	-0.670734818154223	2.33538570947105	-2.1144300592659	2.31991204352305	3.32024112431767	-4.79424116656582	0.0471519061094825	0.21506511130069	-0.396434009385264	-7.42854594463787	0.757177963803833	7.67210648167151	-5.55047184818669	2.16862262411907	-6.18868158396078	1.18864544106696	-0.484765647858721	-3.50656521884068	1.98038270529519	1.50063176371662	5.11681301335693	-3.9291695410816	3.89428922600231	3.03874880545973	-5.24312870303264	5.57092687793713	3.289465287466	-1.92963115253921	-2.64738799041465	2.96071771420393	-0.492871914658689	-4.95901498003468
MA0758.1_E2F7	E2F7	4.08247071431586	2.69062963340286	5.30345922107416	5.05846462462634e-109	9.22768907028378e-109	0.199016463514094	-5.83180507548938	-5.17999426082451	-0.477549386053948	-6.75190261322077	-2.579354680583	-0.726954105716765	1.92920584698249	-5.59298917926644	-2.59703317876341	-7.62805576979325	-2.58188418142781	1.61434117557517	1.84519969872258	1.41579172428044	-6.59627693820015	1.40065435250121	-4.90378885050687	-4.08584547684378	1.44686151607993	-0.279544426034057	3.07042523713271	-1.17205856275802	1.42433029805664	0.316357496792651	1.25671437662745	-7.14848936499182	-1.70869611088741	0.219779070739963	-0.751870662604536	-6.10267279077642	-0.244627106839246	0.488768847500615	-1.54798168208075	11.9799621399623	-1.69409415471712	-2.57610882745116	9.80230699596456	-2.12465957572916
MA0759.1_ELK3	ELK3	3.95978226213203	2.72391193175622	5.19922301032221	2.34624037087646e-101	4.11404475004099e-101	0.121502607021385	2.07373714123873	-4.42393353980491	2.6386881947518	-0.981696690165695	3.00509465664827	-3.76625808867064	-0.282586472292697	-3.11959652057668	-0.774664323728448	-3.53360678063745	-4.46551639292734	5.98452053453546	-0.129314656470031	-1.54622881288203	-1.22344731065931	-0.473466547633736	-5.60708638928135	0.82171604063613	1.62011512208062	1.15219684648875	3.3291732408799	-2.91638225290076	-0.0590542435168738	1.59347376723179	-0.974615698785197	-4.16003449376951	-7.56355089922188	0.998159013560872	-6.05896352001582	-4.45488133941548	-1.6659051191909	3.13723289895131	2.15657121862594	0.303157495434435	5.66219211319778	3.10335852781974	4.81446058655378	13.5900864866163
MA0760.1_ERF	ERF	3.6777040770228	2.29082674170177	5.05379383977709	9.91697275930747e-85	1.60548433673699e-84	-0.528149569585742	5.62715509652905	-5.52049030364798	1.66381934584609	-1.26724201217808	1.51644649203922	-4.13927527224312	0.52491535454354	-2.95511848735181	-1.71263260664546	-0.892105435418074	-4.79536626855827	3.99655135548987	0.482821801513028	-0.950365906242945	-0.853133866120402	-3.00258129219623	-1.87961372106548	1.48279478121035	-1.47804617826656	0.583189162997649	1.98503214730796	-3.33032468900969	0.689457471437438	-0.246345469474205	-1.42598448828492	-1.5651156387179	-6.86401120653976	-0.55908335522007	-4.16358414996704	-0.151515060435544	-0.741471250663499	4.13304057479305	2.01932995452584	-1.05775555157007	4.94545898234416	3.08103626552728	3.53121219812149	14.2415390817027
MA0761.2_ETV1	ETV1	5.14854445467242	3.84572858442017	6.14415538564729	1.31339739635071e-186	3.46408563287499e-186	-1.80806266633764	11.794444221006	-7.78051203006945	1.56334591381231	0.455862012658852	-6.55095768447734	-5.24987061926029	2.49454064725282	-7.01900465407959	-2.28275952832265	6.75682772564923	-4.21944499551595	-5.70982650648368	1.23408407687644	-0.79773756112071	-1.55988302718446	-2.28168787719851	4.73575585867592	7.14469089410376	-4.26265272491813	-0.19418004026107	3.41125638636078	-2.79355904465906	1.83900676736685	-3.90677563763713	-0.00290519892678746	2.41971200573066	0.0406765594855287	-3.55906526094214	3.55814590867263	8.23001572459241	2.6416088822087	9.56110940834336	-0.726021983208453	-6.26311918102245	3.01245397718348	0.320506878957713	-4.61354033036628	13.0975253225663
MA0762.1_ETV2	ETV2	4.66355434047334	3.5588713185536	5.59817757966559	6.9588831707685e-149	1.524212127023e-148	4.31779186853555	10.7453514606395	-1.46457019604113	1.69262920027117	6.26239671762977	0.861084624016656	-6.48121791102021	-2.98229196370979	-6.92370923027648	7.07683799150812	-1.98322336802277	-4.451763278421	1.45366288593051	-4.55630980192782	-7.07491488188756	-4.68351849236782	-2.3343832331157	-2.88979749999776	-1.57826988164426	-2.04247998997363	0.033428260239995	2.38062037097816	-5.83267759328913	-3.15930079387635	1.48155829233213	-2.17326982877145	1.88210151580076	-4.50070895811742	1.24513355705784	-1.56010394529851	2.1813418935916	3.09021315185206	5.29726166200016	2.10613911809754	-3.29819785848109	9.06653654340354	3.03832483053399	1.47667699686549	11.1773008735884
MA0763.1_ETV3	ETV3	3.51172571051336	2.41137174688388	4.5395969725786	1.3306000608808e-75	2.05933945852701e-75	-0.973835934146677	1.36158637423694	-4.05001605640646	2.33580292895763	-3.00296659103513	3.06621033559123	-2.74135638808776	0.0567290173617125	-1.58599423449282	-1.34518997931123	-1.88507986800258	-4.93391718147156	5.96486972611831	0.333506817749365	-1.0502709690974	-0.538938224377404	-1.3081813591837	-3.30437998313394	0.240846054471304	-0.139434721797717	0.424228818241217	2.08666885245333	-1.73576784683875	-0.116734383456152	0.605260325743529	-0.693853339007519	-4.40723200063637	-8.00399033980365	0.223581932301193	-6.49084852008941	-4.24072475032122	-1.59806876684157	2.65025413110747	2.56864001906005	0.146331442667558	3.88132603498091	2.872140492266	4.85523179544059	11.0960080051619
MA0764.2_ETV4	ETV4	4.55981702976593	3.52040737072095	5.3616933160802	2.43741467131785e-141	5.02567911056743e-141	-1.76314500793435	8.93735764794661	-7.37650661145347	1.33670311439415	-0.443320815982073	-4.125592986041	-1.89419902971297	1.77133469473798	-5.83966265180849	-1.78688930482829	6.15449824052015	-1.96810069746396	-6.73023611654107	0.397073792841317	-1.43762787993672	0.0909644159254889	-0.313699454188464	4.54357393330241	11.6071057960959	-2.50060779381384	0.51470910488294	4.33541877588453	-0.656613717055763	0.824466636812501	-4.87397204781051	0.647533713064829	-1.36790179388784	4.04225984840733	-4.62449826306693	6.18833605604468	5.9863332915029	0.354123892573172	6.17539330168339	-2.72473363679225	-5.87558427216573	-0.698868089541096	-1.80206238415197	-5.37201867943172	8.3343744330369
MA0765.2_ETV5	ETV5	3.88571645089199	2.44259421924291	5.21849127220272	7.43184605844114e-97	1.26802117385263e-96	0.494596400200492	5.13405503020524	-5.11866872073437	1.56639040822317	-1.74063927720708	1.15224827865529	-4.87968658927392	0.7607671052587	-2.89555127773226	-1.3380134513082	0.97346378403432	-5.49750290440452	2.96011578598638	-0.0290746438760538	-1.25170502707187	-0.463564501729874	-0.348537547182234	-1.39555416350716	3.09185580859742	0.297960055715388	-0.0234438766453445	3.89348802085233	-3.25028194314655	0.519646500380769	0.3826201899949	-0.775026618405632	-3.68478131874834	-5.52382255857939	-0.232880271126423	-3.17925666960709	-2.46450481061245	-0.948698849263203	8.81078898780736	1.3186099044751	-4.04800647286837	5.2106794228304	3.20152438655452	0.662689873852627	14.3319696798789
MA0766.2_GATA5	GATA5	4.91352710095939	3.75607748425207	5.83655200667897	7.9899229699447e-168	1.90136136841165e-167	3.91187746963155	1.42132799989037	7.66945848621497	-1.73649658885395	-2.24160014546918	-3.40403860642931	-0.75541968106949	-1.36028725340772	9.109638347389	-3.83981510901225	5.22097845081482	-0.194101294473014	-3.04387046456781	-0.295309096464109	-1.47450192178771	10.224485553721	-10.3704091994433	4.18233613386277	1.57421779873485	-8.25688160321458	-2.67913513795114	11.0176161857674	-0.0390387088330438	-1.45529398225083	2.96206626722754	-3.21393912493245	2.87459469426042	6.46417054391178	3.89469544637327	7.89807731698819	2.72046230975467	-0.297944379885193	0.786492616924529	-0.0287121108339875	-6.99302338246407	-0.878002870297899	0.536007014770323	-6.66673233644813	-3.53642670096937
MA0767.1_GCM2	GCM2	1.30237120310858	1.01545795537165	1.53167834198323	0.00468814950200821	0.00474815781563392	2.35557758181641	1.09590247547156	-0.237980201617018	1.98972795519118	1.0890292291007	1.11109230592854	-3.0107885222234	1.13821555849033	-0.708829276559245	0.138393933891026	0.665302006901921	0.738171810106307	1.29235689272369	1.34202868999045	1.05362860142154	-0.498825986419806	-0.520560696188846	2.06771862624322	-1.28083027099975	-0.330154649044559	0.511167278946667	1.38989808104535	-2.27020798473849	1.37332510264349	0.565722198885535	-0.21256110692649	0.576895067873544	-1.34569253409878	1.15559706957738	-1.92765219492389	0.265653115934113	0.0861629922268028	-0.598326320142221	1.17675530332957	-2.45434091833987	-0.76079492754105	1.26121041246422	-1.43230644014843	-0.635862723392869
MA0768.1_LEF1	LEF1	5.33802366688243	2.17450319279269	8.38745181673546	1.93431485354154e-202	5.51541127158467e-202	-1.06235191854939	-1.71390629743464	-1.13650317993638	0.682042833449663	-3.50440003872663	8.53299784093394	-3.40214736939361	2.08075340826764	-1.74833219344025	-0.837402101982126	-2.16647394373249	-1.14624397475699	5.58477579379325	1.58643491368951	0.942156650950372	0.932961928478043	-3.96889341965332	-0.551064043150864	1.31721163138647	-3.85332921139205	0.824591322574042	1.62258336386071	-3.77872021650143	0.983893875242013	-2.61469894582134	1.35933838011817	0.792864590187462	1.88530153157775	-2.44507933582386	2.90880222420366	1.25502944690913	-4.57981615789902	-1.77442141556912	0.917785463965916	-3.74073152720984	27.9202151766984	0.857529767193537	-4.10363658338302	-4.18448091599617
MA0769.2_TCF7	TCF7	4.89075763727689	1.640438170863	7.84335254071732	4.70067043631138e-166	1.10204606895745e-165	0.408677705486944	-2.59344472081079	-1.61442168407508	1.93194928444459	-2.74577123795744	5.34807333235484	-2.69997603647636	1.53764438331546	-1.8958326448058	-1.05418147226304	-1.87590100265175	-1.22957807544365	4.45004974955328	1.7352040339548	1.21779314557388	-0.299600782401513	-0.575327592154981	-0.79527572340597	-0.825648132608683	-1.09895252469666	2.33555860970112	2.59887763383247	-3.5988187611393	0.609978340247607	-1.20443256664626	1.77042466436715	-0.605581945553405	-1.01339998171097	-0.970750731152709	0.44680328224652	-0.586386339555132	-3.87538256674316	-3.10392539063552	-0.623313341971125	-2.98327640690974	27.0954229520374	-0.265392965887848	-3.65761459843305	-0.685698120495152
MA0770.1_HSF2	HSF2	2.04676874774231	1.56048112869444	2.4666682326234	8.93237256220731e-17	9.83337709891692e-17	-0.655874026273148	-0.610940049769085	-1.93697137357551	-0.407983391156466	0.137371131011113	-1.3602608553103	0.485760848471854	-1.90289847033094	-2.41551680235768	2.42277232297965	-4.38864407121326	0.499663948230854	-2.01711730450011	-2.43336526506234	-1.05533689460623	-1.05597252684502	1.05310416860269	-2.28848481346448	-0.409027646752378	1.66770182489785	-0.0539536929544674	-2.00197072265707	1.80256252880144	-1.91592641809763	0.791347204675137	-0.754040874888862	-2.81948051043223	-0.748186778658988	1.48204191932617	0.583375064024132	-2.6452682370342	1.66006039104998	1.6570944866764	-2.76924504329134	3.98670516968433	0.760332960289928	-2.70443348119318	5.04393418142125	2.73963176353017
MA0771.1_HSF4	HSF4	2.2147856404429	1.62079052760589	2.70643510410216	1.81417294431934e-21	2.06170821140779e-21	-2.40082908679782	0.264173543187808	-1.55178368463961	0.795207338843042	0.163028642432468	-1.33111581956597	-0.461578138890387	-1.25079555741382	-2.39194877684139	3.23470372813071	-3.27229347289624	1.08423395323922	-2.12650595659696	-1.99758588326472	-0.664147430762452	0.0204894027725015	1.60424487330977	0.0397815412061383	0.327340461626637	2.11875877513986	0.0418242524532295	-5.80741283451071	0.710233434175141	-1.51415279117195	-1.715896589749	-2.51152073636672	-0.327467023212502	0.427662723019329	-1.39818014180508	1.2306037935509	-0.665519919803218	2.29952242966537	1.75681119741712	-2.75671770171517	4.42967432585145	0.616399804834985	-2.80292904693967	4.94874834765942	3.57847647208289
MA0772.1_IRF7	IRF7	5.03415307383706	3.94908627821876	6.02810808609246	2.39556261950725e-177	5.9936408622454e-177	2.65706136972639	-2.34966455983949	-4.8486286916383	-0.793039033580287	-5.14372849802046	2.73092559441192	-6.00508464810185	5.28009942314351	-4.60117184816453	-2.48839456566361	-7.31310910692513	-3.59331096011017	5.12660790533216	-0.109941231352003	-0.311054377721603	-1.890224218641	5.93153502317265	-3.93253815851494	-0.82165061617845	7.85819986657656	-1.39866724130556	4.79518010077421	-5.16099008933541	0.41688465912715	0.00602313540438955	-0.643037353334656	-6.79078338832207	6.04320183013223	-0.405867096822974	8.6033145075135	-7.42279545195692	0.668018012754009	6.34398784964036	-3.21646356592157	-4.10944484842191	8.37227698867629	-2.45003544400092	-3.1033809285401	13.1882633470441
MA0773.1_MEF2D	MEF2D	4.90550921083828	3.66266986319816	5.98784671063305	3.36277794814024e-167	7.94268075064467e-167	2.22308529681866	-0.334423389490352	-0.932046945554505	1.92235269775006	1.34249988131759	-7.37976228684824	0.247048993427957	3.22882965680315	1.19697815609266	-2.43142751945148	-4.09279725355714	-8.60924073049903	-0.932348311989053	2.83432920289053	4.91257412436407	-0.67433891185367	5.84891797021601	-1.02695301743943	-9.38233960309925	10.4000087977807	2.94219635861218	1.00686161205833	2.3566442281855	4.2955386457753	0.750928775376788	2.17086366037699	-2.04180979096597	-1.30205217676808	0.0954734731794357	-3.37997348696882	-3.49642670576074	-4.53660014594417	9.61195039794382	3.9596008864371	-12.9533717002336	-2.73464865057041	3.82450399183426	-6.51512956112188	6.74235450833742
MA0774.1_MEIS2	MEIS2	3.25642513988404	2.52420428978604	3.83376690170858	1.6139405910791e-62	2.36487128276173e-62	-4.14104719343701	-1.95419163546382	-1.18005918811712	-1.1414197538933	-3.19393542338592	-1.6203671017306	2.0395714203523	4.77436312749363	0.574176773024129	-3.01317483450242	3.99033390922867	-0.639262701744823	-2.55915648341216	4.72840963740853	5.21778232808761	0.997290648586415	-7.23501253828412	1.65255669451638	-1.90325520815703	-6.13886278128286	-1.78596197334773	-2.12702351664172	2.19436992633982	4.78614955655009	-3.26385204074111	-2.86549283968609	-0.87559140491252	1.69573919615354	-2.80101352358612	0.893264624090745	-0.991711183456733	-4.70979607734877	-7.1372001178871	1.22191930486549	4.39365772944233	-2.56124375879512	-0.775971370785333	0.989470658079438	-3.20474678826204
MA0775.1_MEIS3	MEIS3	2.71527472141292	2.02603731372923	3.27773922773375	1.12476461157562e-38	1.44710568928327e-38	-2.94521863783278	-0.936245551176233	0.0216427124414939	-0.224522919300874	-1.49588916448754	-1.40183490492156	2.08526595651213	5.07719323082598	0.822647717197305	-2.00056759862049	3.2501709779627	0.25980102201407	-1.16500494838349	5.04348285802626	5.55873538844491	0.651597065247392	-6.19209701045939	1.74237409378269	-0.804953615333029	-4.95159327876023	-0.447910566425265	-1.6530471378742	2.52089168040406	5.23340790675866	-2.72795283605463	-1.40438587112365	0.0707425275435521	0.575895907812031	-2.18332896670297	-0.186680583777676	-0.437453634270079	-4.24105102415408	-3.8977661400605	1.92741107204121	0.465123079280875	-1.30490565773194	0.24939549563048	-2.09596733987182	-1.91724897054604
MA0776.1_MYBL1	MYBL1	1.24745569848982	0.990932939861744	1.45878492382032	0.0156094941062572	0.0157840411649533	0.0223881759025179	0.380731974929017	-1.28627822497747	-0.0907215491016553	-0.83220009557429	-1.93938110673051	-0.729263536720763	-0.814257670078391	-0.284235470035194	-1.30125259528532	2.3220723334301	-0.911977058567082	0.64588642971733	-0.489105217246685	-0.809523101446373	0.119387801924873	1.86724667422088	2.90524167376854	-0.260302212473346	1.95815893607411	1.70569399087158	0.993611940620179	-0.447869865456255	-0.816830266388558	1.41948979070467	1.96703265580319	-1.73842162797757	-1.04838464432979	1.17809292978908	-1.17762374880371	-0.819242129869432	-0.489687169480094	0.449550064397003	0.858483502143259	-2.36771999265416	0.10328882571085	0.650699718514907	-0.935513262690956	0.467429357371289
MA0777.1_MYBL2	MYBL2	0.932918337516132	0.745953513430601	1.05572813317033	0.696453564789514	0.696453564789514	0.712316049111287	-0.128296664388064	-0.317859836986896	0.0227316004271247	-1.30248599044122	-0.763936456645775	-0.253902851880903	-0.147531608142672	-0.0494788001122434	-0.825028615743426	-0.674890864862033	1.28599492741781	1.46880202809463	0.392000368736658	-0.173584395027312	-0.640295075469522	1.08468303125677	-0.495598574254787	-0.161128551910009	1.18869467974795	-0.86654360084182	1.93331058322936	-0.472215694459884	-0.116293660657908	1.0981491867919	-1.11983385174499	-0.941622026263375	-0.503493146206473	1.22871674253557	-1.40977342399174	-0.719864425051632	0.104295473298876	1.55267839192225	1.09610960253712	-0.5201895582677	-0.176105445850121	1.84507955407669	-0.894852469468838	1.169302679433
MA0778.1_NFKB2	NFKB2	4.93353750705157	3.00698182613024	6.3866719460829	2.18784809445238e-169	5.24586304465288e-169	1.3874992874912	-0.746099308824503	-0.371672848592791	1.10059828896989	0.642604201244623	0.326521813924798	-8.44424040412379	0.983546294289652	-1.48599636311251	1.84238849441303	-2.80776531740296	-5.28375453794133	1.83592927602509	0.024852889212057	0.524776350038577	-0.869753044873362	12.6284324355378	-0.0657506906823185	-6.6185984141785	13.6018104607273	1.999095441466	1.22440591887306	-6.36466023118609	0.0330142569229431	-0.104724616371961	-0.545689453175972	-2.8751661698382	0.69755851804189	-1.06911928486266	-1.02084024776342	-4.10114295796788	0.758948291802947	4.80772485270087	0.867703005009219	-4.63151270280989	2.00069620776201	3.84164424425728	-4.96775342549259	16.0115758465569
MA0779.1_PAX1	PAX1	6.67817112537588	4.89095169035238	7.88315743286926	0	0	-4.61209091752758	8.76392095670573	-2.30127437728653	-0.547235054003651	7.75839242726227	-6.84265611759123	-3.08431017128615	-9.00620966771424	0.875621476774936	-1.83759909508156	8.55637515211941	12.8403697648184	-4.25270486668474	-8.11673273255822	-9.62965899490229	1.41167499235302	-2.93119683592406	6.2300918017871	14.84907382563	-3.32124308269521	-1.27331971323627	-4.96466444285971	-0.829603431375705	-10.0578705786813	-3.90300567694553	-1.44185919404542	0.911679067177285	14.0576334892576	-3.14573366120827	15.4076764345185	-1.13834118218136	-1.50346423606561	8.51167918421199	-1.20236939493256	-2.71607401507179	-2.36232556478337	-2.3177571673815	-2.46594009620908	1.14257986371387
MA0780.1_PAX3	PAX3	3.47194970632112	2.70969887554298	4.06106040606525	1.73350611721761e-73	2.65692341936742e-73	-3.49625889209491	-4.98604566595777	-4.33157325002148	-1.21027775494045	-3.48956140258402	-7.05928393649264	-1.34845298145166	6.25035778579933	-4.004143205121	-1.26250674638212	1.09846242310017	1.46593912967556	-1.66158141613095	6.70396062115205	6.50614722666119	-4.45704225865259	1.7902296592565	1.55370243471887	-1.13212349145115	1.75881471044919	-0.980843304288058	-4.27089887606039	-1.99961741069374	6.14817446540976	-2.22328250231831	-0.2704213677332	-2.28029657894372	3.68005044121664	-2.160132382669	1.65095205858353	-0.319680957089948	-0.516931311885745	1.05325942042261	0.38512662509757	3.88575604580397	-3.68745289757092	-1.38308567830168	2.15475076876311	-6.0610424166143
MA0781.1_PAX9	PAX9	6.18834048883038	4.67990629308931	7.22985559118465	5.23983316085925e-281	1.90621516714017e-280	-3.77110232542713	8.87488747374317	-0.131521042703257	0.331013909345526	8.90283784633908	-5.5890829069982	-2.5935755519253	-8.47042609338659	2.90074819245589	-1.75091903490017	8.35218753853134	10.6544456600589	-2.98117007330314	-7.99256883969367	-8.47191654559695	2.84944626593851	-2.9418158174694	5.06055029836946	14.9841767445677	-3.24563371429574	0.0333989717776405	-5.34919240093715	0.0151297950530381	-9.3520426722206	-2.73738215773621	-0.72844570196943	0.65621274368123	11.4682529046466	-1.9841752831732	12.9847810742006	-1.62445087035011	-2.83993486225137	8.90647059984673	-1.67485349057523	-4.1790982002305	-1.64590404850247	-2.42360296471994	-2.9875091914198	2.1956511469272
MA0782.2_PKNOX1	PKNOX1	2.80464199074757	2.27455407826682	3.20166167815579	3.04029094968847e-42	4.01775401075741e-42	-3.93186374566661	-2.14917832949216	1.65991833575277	-0.959942008991274	-0.395965243279942	-4.12377926090911	3.92105481294962	1.0540176565834	4.81821520331063	0.629499746484041	2.34485670587943	4.10110444002726	-2.01189519203154	0.927590794960687	2.12560280557088	3.91818567085963	-1.51996114565617	-1.28035222544568	4.2742247473573	-0.465063680825387	-0.468631977207656	-3.09282383650505	3.86003953411534	1.42840252629344	-4.62062399567662	-0.199480814330665	-0.820765563690201	4.30776585536936	-4.61279247394126	3.01783908671107	-0.869792263743094	0.145743588381522	-0.907900212087074	0.747076494178032	-3.13075803918671	-3.26761581255428	0.473233426460231	-5.24185555645982	-0.558091250658831
MA0783.1_PKNOX2	PKNOX2	6.59915996575986	5.07517708286275	7.81940549171036	2.47032822920623e-323	1.08694442085074e-322	-8.98911206009527	-3.02834766697642	-0.243286120689529	0.0415281895400779	-3.6058940849094	-4.77834088056192	9.41134829594134	0.299588540760296	5.48306994288673	-5.0929643558079	5.68590055468785	2.19310648471211	-6.87094508007209	0.221583894079129	1.90087419530757	5.02060828640125	-14.9132339763047	0.574846735436196	3.484635318309	-13.9037366220158	-3.45605650628344	-6.18135615912077	9.31768447626727	0.718608202856523	-9.50854082363342	-4.68487173597935	-4.43967345980098	12.3145162407985	-7.88031287805768	12.1590468168718	-1.95603294420113	1.3276860325498	-7.35301276967389	-2.87210773853735	7.41155193544003	-9.60820819467033	-3.63122349265209	-0.214319701947807	-7.46319581462357
MA0784.1_POU1F1	POU1F1	15.9489361009327	7.49216871761773	23.8593798603031	0	0	16.0406949354151	-7.451154211728	-7.36913474452353	0.622957107710737	-5.11431420758783	-7.18020798768287	-12.7841054648955	-0.970766943726082	-13.2621318400797	-5.61774440020129	-4.04287662498774	-2.25670011741851	-6.34518227870656	0.553948324241761	-1.07314736992525	-15.1376277646765	21.9057125097651	-3.70744050908949	-17.4377981226581	16.9522987568068	0.343112321679027	77.1111357481756	-14.2740916820068	-1.65207480473971	16.1630137674394	0.801488355514855	-12.2696291318395	-11.421982873292	15.7256969612294	-15.0243495960193	-9.41717346372107	-3.55418084859838	-11.7573308132854	-5.48687812860049	-1.60960562075514	-7.24043294158363	-3.48964660234248	-3.28161993293351	1.38449155671945
MA0785.1_POU2F1	POU2F1	14.0222199901509	7.27922640053953	19.9837708887466	0	0	15.4633564143096	-6.45135247439641	-6.91621976556622	0.882825375857425	-4.69904106759656	-5.88572758665235	-11.4471583583444	-2.95174115153449	-14.3219874376816	-6.62589747833493	-3.94930594939848	-2.02618646626911	-7.00734884590377	-1.87162653586385	-3.57731856495868	-12.779898736373	27.138585450985	-4.00049783252539	-15.2513682331298	19.9969482766599	0.00892654579938269	60.2212513599359	-11.9145209173791	-3.15128025981512	15.9172938852742	-0.609893618308805	-11.4666850108739	-11.6048406704682	16.1920524365582	-15.6609293968971	-10.020850233134	-3.58105063195812	-10.0543022354376	-4.86045300793198	-3.00428847288349	-6.70218736115887	-3.13578529678138	-4.48018814442282	2.23283838392864
MA0786.1_POU3F1	POU3F1	15.3948066729168	7.00008721144773	23.0395241958885	0	0	15.4324735917918	-6.93115046473973	-7.35026664452349	0.738539632789222	-4.80817580780976	-8.24786078806899	-10.9019747174978	-2.19440932181918	-13.532545307981	-6.5353421069287	-4.31434638385566	-2.08433584376836	-9.31792575159182	-0.679101792199815	-2.35082240153071	-14.1736133787413	23.2758285706085	-4.96514533538741	-16.2536934262584	17.1874364050161	0.438580538078907	74.8375762902095	-12.111640286466	-2.18599928192646	14.9079216444712	1.70035616334607	-9.68618727032267	-10.720295226741	14.4194355309685	-12.5255535705446	-7.53345987312067	-4.00285804802076	-9.06869303353393	-5.32414981215117	-2.64511749509065	-7.03517987871133	-3.42280938361595	-4.0352409335494	2.00970422325271
MA0787.1_POU3F2	POU3F2	16.2466656320756	7.61565764411963	24.1920810397596	0	0	16.3307582517959	-7.38648742720006	-8.05470538017557	0.716822118447881	-4.85713485154888	-7.4313830772839	-13.357380677903	-2.44987286266947	-15.0790738869658	-5.48630158330729	-4.15390550179338	-2.20424327751695	-9.35537512680076	-0.899518277668893	-2.85162017726465	-16.6545492679983	23.698863936898	-4.48279279099813	-16.9285221299682	17.4522528047029	0.677146639725542	77.8958161071158	-14.6861235483161	-2.89588796250302	16.7933197110258	1.49361557577977	-10.0855708486214	-11.7316503260394	16.5723148504434	-13.7391323146814	-8.41555550882983	-3.96848571900421	-11.3543504406552	-5.55074007362351	-1.98566956106936	-6.85435457031543	-3.36873904092651	-4.04719901166995	2.25560293396958
MA0788.1_POU3F3	POU3F3	10.8582126730835	5.92058853489956	15.2676461484629	0	0	9.28766055404417	-6.36619228215588	-6.19167370268636	0.868595524140914	-4.18278196497911	-6.69250044498884	-10.5723058399604	0.22670914857494	-12.1706779769159	-5.96907004080129	-3.42478622701674	-1.51784335721497	-5.81476772555311	1.70284497164719	0.638828444228438	-13.4927253670017	21.7675810865178	-3.44034780868132	-11.8566196080818	16.5574346141745	0.197351264360401	44.8767228431912	-11.324278342905	0.093184369568712	10.1693464930903	0.497275874970334	-10.2429403281326	-8.72363773870339	10.0935707232766	-11.5882031160542	-8.15156630995441	-3.92240144820378	-8.26751453762106	-3.92488798235759	0.498587624154204	-7.40229128766162	-2.67465942648571	-1.48397265421424	-0.466602881735134
MA0789.1_POU3F4	POU3F4	25.9169171299784	15.624089190994	32.9766651438505	0	0	65.7128303552942	-13.7494580418911	-13.6308186270598	-1.54103745822041	-9.33520714850965	-11.1248538199143	-13.3858167503832	-5.57669049873088	-11.5409325132783	-5.53628881115972	-7.18876627045062	-17.5104542367122	-11.698296768183	-4.03282256915924	-5.96160918599488	-11.919127904642	47.8464867559149	-5.30387075010726	-18.0806784107073	43.8049579640979	-1.82060301831204	84.7208804369945	-15.3923914869194	-5.5121777502196	54.3544991381857	0.318187161514259	-12.420294537166	-12.3896747712697	60.4324508013939	-14.0895006158105	-8.88946346714356	-5.90415284352336	-10.4510071834042	-8.58520331366049	-6.58830074582064	-8.276763956202	-8.00162708178931	-7.64684068915131	4.41290394452106
MA0790.1_POU4F1	POU4F1	5.48700808020546	4.30918742523479	6.44008546141247	2.5601403317051e-215	7.75391784674319e-215	-2.90929782506346	-8.76114402234717	-5.3533868150024	-1.37970689934587	-5.72538226877094	-13.2453301807368	-0.540072243412969	6.5982015876076	-4.09531606633545	-6.26666570954185	0.263937393658053	-5.07101531294211	-6.38786909080753	7.41413294925834	7.28483807530802	-3.79384390449592	6.39752918363605	1.40746640501097	-10.1051220396697	5.59887312699133	-1.55671105606225	-0.0755753353450423	-1.2909977876421	5.30627008576138	-1.79564121372584	-1.26341675171767	-5.01271004498846	1.69184929700549	-1.60779608930879	-0.271522415828447	-1.16674806018763	-1.61032732947255	-0.716303536048766	10.5407749529589	5.56609324362702	-8.57867469919192	3.25578871255933	2.71854142780789	-9.98910519347286
MA0791.1_POU4F3	POU4F3	5.45289896973417	4.28393100034178	6.41875181173968	2.45489948029905e-212	7.36469844089716e-212	-3.15035669891598	-9.24021557489814	-5.54796333239084	-1.27451512683909	-5.7147416105931	-13.1068992236889	-0.667611374937887	7.97502736489279	-3.96280350584883	-5.98824896047102	-0.720986857858845	-4.11665751593537	-5.54095215983133	8.48041787836761	7.97024502912926	-4.1030271770618	6.90328908281913	1.18416576254717	-8.05705024671544	6.1603063186621	-1.62704629482429	-0.10143087431853	-1.63650153090826	5.84820497319409	-1.46570066764646	-1.22025433497499	-5.32632194766812	1.47455550092526	-1.59627577885554	-0.52621511045992	-1.54195338007028	-1.73148307816624	-1.26601430594407	8.19041993835483	6.50617638123361	-8.56079428674915	1.44929933854645	3.59011972225568	-9.65181127238924
MA0792.1_POU5F1B	POU5F1B	32.2036073864867	19.9496657230433	41.0601197996114	0	0	72.377091521323	-14.2864779890439	-15.0560116603324	-2.6115111999764	-11.7135054852766	-13.6237821597436	-15.5186338014981	-7.54394941937712	-16.703536754068	-4.70290672239839	-10.0081181815639	-21.0900952218331	-14.3338760461421	-5.74709786382791	-8.26610860106593	-14.9893429272499	61.2504682049201	-7.60129702922347	-23.190688588722	55.7730584321708	-2.70332665720501	104.687670420548	-17.1495816310266	-8.58188977114723	75.5180595477664	-0.211754971561983	-12.5582102828917	-14.197577216731	78.9383631453595	-15.6921966574321	-8.96560131141083	-8.3288306961494	-10.9265288690019	-7.91146840774092	-8.90590585424161	-8.64837602579204	-7.92079209672889	-9.22928528063685	8.14978049577518
MA0793.1_POU6F2	POU6F2	7.20554411309122	5.49927586760929	8.49526845882843	0	0	-9.12474969363315	-12.5679907094758	-10.8820849581576	-6.26274337886371	-10.016516892193	-4.15528303989482	-0.611568092388312	10.2528610131829	-5.80355054179873	-4.43307314668547	7.13795289470886	-3.36518036013644	4.87922248365238	12.752764038783	11.9925878516383	-8.2034839965646	-0.70905554103888	6.36316442352679	-8.49304961200314	-2.52170426163252	-5.22493530362851	-6.07792166271243	-1.34866436627627	12.7997676101616	-6.31299573662514	-2.76153025255736	-6.22206246985476	1.39152636580257	-5.99172783087635	-2.35811442999167	-3.19062716824355	-2.12476033318065	-1.2221567147447	0.279631597607749	14.1711943621364	-8.14076799807315	-2.77371666841519	7.13686431060894	-10.8290748713487
MA0794.1_PROX1	PROX1	1.80597662850938	1.22637751401862	2.32476045558548	4.8427303107347e-11	5.13475424907046e-11	1.58173045160342	-1.07595129040292	1.69744572019654	-1.45245947914945	-0.0718719111027016	6.19258906889632	-1.27109300718264	-0.434732204291001	1.52557037721767	0.0256145095098561	-1.65782786318528	1.30033545941725	3.91507540079934	-0.154415228110508	0.306433547960577	0.96689368556463	1.72460085318791	-1.07807046496237	1.41029975853062	2.12451596497077	-2.44002130592897	1.28840135505144	-1.45013817856254	-0.117190311026703	0.303915596320117	0.266500809939318	0.194435166145553	-0.0610411199818747	-0.225210238339394	0.214646443854787	-0.822284029001273	0.647530616943871	0.215475747300213	0.485936400650059	-2.7193451934297	-1.27891554591024	0.610652185411053	-3.91174437708494	2.74860669366355
MA0795.1_SMAD3	SMAD3	1.14432646843294	0.811889932734317	1.4594702052804	0.0958870261531832	0.0963436310396269	-0.14566167415724	0.220571185879964	1.70145317574603	-1.37210228388856	0.433563290031893	1.82167731818124	3.77902188249787	-0.270394154262165	1.04049792845221	0.685967942446352	0.941801551316866	-1.24897114977897	0.456613043941765	-0.746393440684345	-0.139124028979321	1.39000771638239	0.849625346205306	0.539004926967595	-1.19056620692836	0.220535311171308	-2.13723339365123	-0.0105643658432282	2.14535007320525	-0.0910299254847324	0.607541155075847	-1.456814190066	0.121415403950161	-1.1737152311048	0.400558938146788	-0.997818612864094	-0.208976123481336	-0.900734036831673	-1.1292639137042	-0.360938818407395	0.171712641957681	-0.00379605767139	-1.23671935218589	0.013189105989787	-0.0440079593860722
MA0796.1_TGIF1	TGIF1	5.13063819014267	3.90359287351521	6.22475691868756	3.82684267821697e-185	9.96868895189853e-185	-2.96557859078715	-1.09698050447626	-0.958103557545892	-1.8768187465588	-2.85077647623095	-0.454225611859395	5.61440676532677	0.824117244167223	4.54778124918859	-5.79469686469319	4.82846276527528	2.52760549946879	-4.03553631436291	0.771520256976851	1.32112356800427	3.76926646882049	-13.8276089016642	1.32120762593172	4.36619543554388	-13.0072895698334	-4.48344705947419	-0.535485732819879	4.62605762709561	-0.0337550495543694	-3.46519742561411	-6.27427482933344	2.47417645432869	7.58690573742646	-3.05571030392133	7.18113533408053	5.16344019746224	6.75393754487201	-4.70630566138958	-1.48929840685894	5.03594532153652	-7.44085347709027	-2.90546073419988	-1.6458796231624	-7.2700871761572
MA0797.1_TGIF2	TGIF2	5.87438631495994	4.58849700873258	6.89690763093847	1.43376409833795e-250	4.77669828551539e-250	-8.29857618494021	-2.31306033622618	0.266424164288586	-2.12749332356564	-3.73108154787299	-4.01810630386148	8.5710177301736	0.464492094623538	5.07753075876418	-3.99110393871429	4.75888748474654	3.98884069698621	-7.63021366728247	0.742860339196783	1.42629163187594	4.77863799743355	-14.1236274515209	-0.304602150866294	5.29688950417276	-12.7379074419314	-4.68732147636377	-5.28163299339289	8.00562718095334	0.0713131440854559	-7.1714586935279	-5.20615651870371	-2.14724752569191	9.30858970821318	-6.47607626256644	9.79472254056441	0.403352569166933	3.50242980153073	-5.28123876276409	-2.8265458384421	6.20762572781284	-8.31393904373171	-3.91439288581831	-0.377599257803723	-5.5942525252156
MA0798.2_RFX3	RFX3	5.44413069623356	3.94969080354854	6.42191040942323	1.42345404612342e-211	4.25021892073643e-211	-6.6275745302726	-5.0190465781386	-8.48069475154633	2.14632422109369	-6.06595168833597	-2.2885067094397	-1.63413914253967	10.8933377280397	-7.63285166734638	-3.12868434473113	-4.72954806315261	-0.0112657487812446	0.677963802256444	7.37936991692544	11.7657918901119	-8.83760083082205	-1.78842980310734	-9.96148373063363	-3.0875044868771	0.0981045690902955	0.0739964158442935	-6.44838907622162	-1.823937563323	7.37020907534917	-2.2820967008243	0.249905899876451	-1.76482061738589	-0.454870503157246	-2.60249660483688	-3.24388366039107	-1.80825133570358	-1.31861502274628	-0.3557162204844	0.256535669740319	10.3579309883989	-4.71968353545013	2.0865040441559	9.5920742464322	-4.93971430500486
MA0799.1_RFX4	RFX4	6.36838451504676	4.79955427474678	7.45374106403274	3.25225485890112e-299	1.27868156874808e-298	-7.28189191168627	-5.32470999908909	-11.7000095785172	2.96594114059796	-5.80786710551302	-4.3973720110702	-4.09433537295871	11.6917559873476	-7.18295331817611	-2.08389715657434	-9.83785567473162	1.78633278599474	4.97013187137383	10.5231737159679	12.5186576247436	-11.6166092966872	-0.598093398393117	-12.2093105473829	-3.307332722323	0.907715780221958	-1.09605021857759	-8.23199688618994	-4.27033876130166	9.94219077329595	-1.41037020546065	-1.02351756421237	-4.29648103095155	-0.819761173150654	-1.27318661762564	-3.66290185019741	-4.82380253009841	-0.883858296658516	1.32060374965404	0.795676105869116	7.99568909721849	-3.07054336765025	1.63204874882993	9.16605091667637	-3.37409539562301
MA0800.1_EOMES	EOMES	2.6607061709353	1.67933047036664	3.55794608415983	1.43532472929636e-36	1.8171211072892e-36	-0.142380619750767	1.33752827255771	0.698049020899213	1.64217599429322	-0.735495503343913	-0.0447377233578876	-0.476699759562632	1.1093538438606	2.3248991330126	-2.13946854364164	3.0140443095308	2.2107822550064	1.26005398354263	0.847900073530733	1.86381421731147	1.79495740423801	-0.604799664924163	3.17229021641024	2.69274301074377	-0.43622269229975	-0.469049420180397	0.309360509244669	0.181363879101659	1.57595597336371	-2.30718018311021	-2.59536048510774	3.17205039765788	2.16131297219466	-2.1368140184395	2.63401271213919	2.00398503146252	2.16900598697793	1.32277923437801	-1.78200333218491	-5.91120919370359	0.0179544211560438	-0.943534533278977	-7.89893180062968	8.21947322147749
MA0801.1_MGA	MGA	4.38698061073553	2.7539927968663	5.71632725110722	3.50071780016544e-129	6.9032846339711e-129	-0.465815449810649	2.83908220218261	1.7061403359697	0.298646643836197	1.71368159944741	-1.03785232783438	1.40630088518373	1.18607855151536	7.68849160821261	-3.48745809630811	7.09430384359397	2.16192324712843	1.40979862231986	0.891270336719167	3.00387582428674	5.02957624834322	-1.92900835151922	4.57939204359014	5.12081349765248	-0.412975722314598	-1.00912255383458	1.24445945666944	2.46359789551314	2.32632747804491	-4.48844496991491	-2.68128485597443	1.01779851962344	5.48798340334781	-5.28320092175447	5.69492637437827	0.591325980563746	0.86243373711126	1.23375365435657	-0.796784062674354	-11.9865180416993	-2.38430030897373	0.78341929660248	-14.0712583963443	5.26565124893203
MA0802.1_TBR1	TBR1	3.38174754502766	2.45109380197609	4.16205342371109	8.52389264225351e-69	1.28773843497529e-68	-1.63647153130669	1.654528873203	-0.0287963197061961	0.373715493264465	-0.337027483691887	-0.914045276003371	1.69312975987999	1.75164174722404	4.58306785587744	-2.84103058348292	5.24816008955285	1.63075868327888	0.433979246080988	2.03355361431027	3.60568694033913	3.21273834559346	-2.49652480230277	3.90768867298182	3.29964779060652	-2.13676505450254	-1.97138158345904	-0.83590633058883	1.96177377129706	2.59776969968638	-4.42182597263723	-3.41848894661769	2.53776532194154	5.16107877116168	-4.196684954419	4.54219277834208	1.78970972803143	2.35987471956933	2.11779282430495	-0.17494410369398	-7.78445587232997	-2.66882238656562	0.444179265483176	-9.42341254157716	4.10831361664204
MA0803.1_TBX15	TBX15	4.38698061073553	2.7539927968663	5.71632725110722	3.50071780016544e-129	6.9032846339711e-129	-0.465815449810649	2.83908220218261	1.7061403359697	0.298646643836197	1.71368159944741	-1.03785232783438	1.40630088518373	1.18607855151536	7.68849160821261	-3.48745809630811	7.09430384359397	2.16192324712843	1.40979862231986	0.891270336719167	3.00387582428674	5.02957624834322	-1.92900835151922	4.57939204359014	5.12081349765248	-0.412975722314598	-1.00912255383458	1.24445945666944	2.46359789551314	2.32632747804491	-4.48844496991491	-2.68128485597443	1.01779851962344	5.48798340334781	-5.28320092175447	5.69492637437827	0.591325980563746	0.86243373711126	1.23375365435657	-0.796784062674354	-11.9865180416993	-2.38430030897373	0.78341929660248	-14.0712583963443	5.26565124893203
MA0804.1_TBX19	TBX19	2.40211213460487	2.01018413391297	2.68026547359151	2.38058135460015e-27	2.82192508887995e-27	-3.86748550143118	1.26067714907055	0.356496214353384	-0.690280837689326	-0.14690047175042	-2.21569704056914	3.21225972011781	-0.209496875480244	3.40998826122454	-2.93607379296483	3.42805711313264	2.47845065068574	-3.09409368493653	-0.544920781419055	0.317622449874362	2.93513650134123	-2.58512968096364	1.88751115729946	3.89426800431332	-2.33238773054363	-1.08059901438708	-2.07567103041014	3.45227221244776	0.0155868886260204	-3.66479201708011	-0.213952842886789	2.82067731490428	1.78600031757539	-3.22800117107272	1.54717244116857	3.05824346939027	1.57112620618317	1.45111149442696	0.198986123905503	-3.21626656297994	-2.44474498007867	-0.327597124913803	-3.71887287051126	-0.431131824583761
MA0805.1_TBX1	TBX1	4.54135369401133	3.03493011572484	5.80641727671504	5.13149077018117e-140	1.04444812139057e-139	-1.65693442799485	3.10354937820574	2.3334577844134	0.534893612768466	2.87482181654555	-2.35398872821562	2.53458811296857	0.558571654947412	8.52707159072307	-3.17911364788986	6.19985302572062	2.59441242834599	2.38763577126657	0.546642533689005	2.60950026692245	6.21306078431233	-3.45039765832935	3.81847877780252	5.10138091240032	-2.0653005526761	-0.86990446230352	-0.0215679976118564	3.53895595225131	2.17946756137667	-5.14260347012878	-1.96427193663697	0.710781294499845	5.96419600203362	-5.04236285809068	6.124726528841	-0.856061347964044	1.43869088100344	3.3290910211602	0.104176851081603	-12.3466625324371	-4.00104781246432	1.62970970139587	-13.1467993729385	4.15673756626804
MA0806.1_TBX4	TBX4	5.50817526875103	3.52476024700225	7.07296051389033	3.53102594473363e-217	1.0850191373866e-216	-1.45956004039112	4.31151777638943	1.91982959900856	0.617856979273287	2.18610831210113	-0.229959334451713	3.34069148717853	1.29967738656516	8.88566032860331	-4.31837383446539	8.01966115796557	2.50313845823391	3.65164101205003	1.11118528189606	3.30817262338789	8.14337996315834	-5.78340655757754	4.64519593763424	6.67582427612659	-3.58062549008281	-0.45534926797514	0.873662987203271	4.51705728935485	2.52765247154589	-4.39290240130591	-2.65705640272911	0.496105507067414	7.82594480488837	-4.23887364884371	7.78965481671228	-1.3915463165601	2.53602171594349	3.27014295044212	0.370387599947144	-15.9258560316595	-4.64868750381036	1.97294424599693	-16.125998318543	3.08415764257108
MA0807.1_TBX5	TBX5	5.22565590922366	3.21246596687084	6.84350041153284	5.61473443365042e-193	1.51885764807723e-192	-0.424680120553597	3.91500075250155	1.49855140393231	0.360104699967349	1.21479352159919	0.448378306891733	2.4654066908556	1.92808581682282	8.2672733780495	-4.55204500234738	7.94739971075146	2.36320052922409	2.70759390173832	1.39507530355858	3.60752984904625	7.05079800257101	-4.27073821988752	4.71435299864936	6.84532851654822	-2.08094286310846	-0.732431604154039	1.97433696771537	3.72083900625584	2.78381271081756	-4.29488635287219	-3.17530181873205	0.841327938288174	6.85555175579031	-5.00165315750447	7.05398823175152	0.139848730539624	1.69879595528218	1.49184472171741	-0.554031687209476	-15.1725401477684	-3.1173522623576	0.997901914014791	-16.2556528952513	4.59965536575985
MA0808.1_TEAD3	TEAD3	6.54524512999736	4.99004991113703	8.05743939475871	1.24162501105378e-317	5.42033540671246e-317	11.4065681105715	4.5045576959431	5.74624719267148	-0.793812695211947	8.75183472986971	8.38890372416614	-5.66051180686563	-7.37118659882212	-0.175152059425556	9.49631861422967	-1.81100688771206	-3.41556275530801	4.61733674932545	-7.94932263728538	-6.66535970448153	-0.789331206670432	5.63386699731611	-1.5776933812003	-7.42721665054321	4.41189509569959	-0.697431948628806	9.08516503176563	-3.88607616502358	-6.48953260613107	10.2201754319442	-0.729141899438088	-1.26465909322709	-4.25444606726612	10.0447456949379	-4.28587282204981	-1.82052066231202	1.02660635605815	-1.73408018991027	-0.433140376345785	-4.05508854672213	20.9086276353131	1.79038441635881	-1.67010075832952	8.9280857419926
MA0809.2_TEAD4	TEAD4	5.4006713624101	4.06961886334548	6.64518692620946	8.26623224795518e-208	2.43373256416541e-207	9.27814698258908	3.01771145458489	3.81771245508497	-1.16090914153952	5.72743500897183	7.32192716328079	-4.44765093856472	-7.15016147994625	0.314805842291728	6.17963613237549	-0.481518520775569	-3.13042902202998	5.4721993408022	-7.69582160559344	-6.10036406582817	-0.0778510565214667	6.03945026530614	-0.428831849187579	-6.12850397725812	4.35074839898274	-1.00976886186495	8.6917327584982	-2.90113019932165	-6.20056991317301	7.30302260731133	-0.313830746512521	-1.35407170020915	-3.27326694807795	7.19702232214164	-3.54204984671145	-1.79650568272328	0.742692732123167	-1.02054848247621	-1.3284014074546	-3.43080747954498	17.0593010414463	1.01808150333439	-2.05364961138295	5.82214900622827
MA0810.1_TFAP2A(var.2)	TFAP2A(var.2)	2.3339736190439	1.73225576509112	2.79932918206855	3.93188842519372e-25	4.56676215256445e-25	-1.7675126311166	-2.24648140072543	-0.713595591106321	-1.62684346210483	-3.32522754457805	2.68165300736388	-1.04249828855926	-0.907409692717159	1.27319519913184	-1.85955765711545	1.76786692039416	-0.11797428995649	-1.96415871270566	-1.93000186321522	-0.501130634020437	1.12231223743814	5.98158913133153	3.60518247133752	-0.374510576368953	3.67345249203842	-1.9609818783336	-1.16698795027176	-0.365854178863341	-1.8434577735346	-2.25123447390301	0.532662517750564	-1.74911217496217	4.68583642827592	-0.801950496869418	3.80320724615806	-0.99435112910778	-1.69312030810623	-0.537859602818552	-2.69574018221789	2.82171831908564	0.791408017876915	-3.06342162191463	-1.86888941371199	-3.35528852748565
MA0811.1_TFAP2B	TFAP2B	2.87674353247705	2.14118356935994	3.47656211335121	3.13853660286094e-45	4.21803326881311e-45	-1.73666268830989	-2.35769034670145	0.672144318143143	-0.998153187694971	-2.76312039365845	2.38134333743681	-1.41936662545648	0.352621613139846	2.29349191192655	-1.70598957029184	2.59449696613638	-0.243268706658945	-2.86182264748818	-1.02510771612062	0.674587009434407	1.85396856051037	7.83048327125629	4.50147629056635	-0.52691278208046	5.11862586742743	-1.23172037760726	-1.93543235230887	-0.895607880337597	-0.864536868228411	-2.74935539220036	0.47161269693158	-2.58451447661091	4.88340854168089	-1.35445346797547	3.59842451280583	-1.2132050261539	-3.1338036639015	-0.809067461280901	-4.40629310103731	3.93706773062269	0.283346030395993	-4.69103411953411	-2.30875866661562	-4.45714001096659
MA0812.1_TFAP2B(var.2)	TFAP2B(var.2)	2.68385852554638	1.85527775523826	3.4003177178275	1.86308193859887e-37	2.37289912904042e-37	-1.59601081917738	-3.98426427541161	-2.99269447834637	-2.32326086341497	-4.91573005187263	1.26028583704498	-0.251498522307704	0.716412449415874	-1.07584517975181	-1.00355610696403	3.63708329965423	0.393089069893075	-0.491910224491002	0.197738966879285	1.65609290669358	0.258239585456472	8.19463115052177	3.47184983825187	0.0501581010733298	5.9127017477187	-1.6477574808948	-0.223595100097864	-0.396682532260085	0.934961618037924	-2.2257913590822	1.31531826779116	-2.21425134359639	2.95261876858422	-2.03270293805218	1.77330158608514	-1.65973893347539	0.336649542058327	-1.48656968068502	-3.22663101610556	0.322499645010507	1.55220935655528	-3.35138216292686	-2.08085454685807	-4.3301254772626
MA0813.1_TFAP2B(var.3)	TFAP2B(var.3)	3.18742349132288	2.6395255220806	3.61006715127119	3.49819101084489e-59	5.0326247951473e-59	-4.30308882524813	-4.64013467460655	-1.80287226823396	-1.01876989566797	-3.60570321554587	-2.84342312857542	4.15926839212338	2.90299853624149	-0.735494098516023	-3.82547970317821	3.85441137632055	-0.762143844364622	-5.09275635033145	1.86466793186279	2.59683914858977	0.371361220832203	0.976182152153044	5.04232940164215	-0.213062126527315	0.146229146712726	-2.40114168771501	-3.15968168109351	4.09520183145555	1.46689421408432	-4.89505860703369	-0.731950780881871	-1.09211581325626	4.7514649946046	-4.43048471194987	4.34128239315608	1.78388683558837	-1.75188670826637	0.174904156325399	-4.6274743955737	3.74598699184609	-2.92603470860928	-5.10458070666761	-1.73294103143127	-3.8296615519004
MA0814.2_TFAP2C(var.2)	TFAP2C(var.2)	2.78485060928304	1.86944585113535	3.59845310684487	1.93131633839858e-41	2.53635527428693e-41	-1.86161771529998	-2.10368413604668	1.91386581546317	0.0558325090543798	-0.356039426736791	0.506272842075546	-0.429160840863887	-0.52716686118426	3.89106964061852	-1.53277269754807	1.98473623613333	-0.962816079668709	-0.486609716379231	-0.763161607542287	0.692466896499338	4.07307290323629	7.95152328194655	2.7971344905648	-0.833186900986468	7.60589107070922	1.85886384829441	-1.13860925377679	0.320029852582692	-0.19434406688117	-2.69673989735879	2.67314806824949	-3.18998969404992	0.946486392878953	-2.41648789628885	0.366722186273566	-3.44920300565822	-1.28392849764664	3.12154586605312	-1.86956356986679	-3.81365369118313	-0.53727559146152	-0.85929313370643	-5.78404258950468	-0.720852877386793
MA0815.1_TFAP2C(var.3)	TFAP2C(var.3)	2.96013910671288	2.45960652575746	3.36005859362054	8.39134500126815e-49	1.14724004013018e-48	-4.43071938516062	-4.15185776479849	-1.84955299192406	-1.38802037754787	-3.28356817802844	-2.04169719402596	3.05303255573707	3.49349898486309	-0.572577929752007	-3.16328561572805	4.00337448985618	-0.791095795702522	-4.47538577518274	2.38654171765974	2.94103589002975	0.35461398395548	0.776904035368919	4.63470127092452	-0.181882309688679	-0.165793210440984	-2.21884268844643	-3.48970752989269	2.89300060988238	1.99752400743493	-3.81198268918345	-0.38110165001158	-0.372968642885845	4.96473208480979	-2.80960325281879	4.40265925941844	1.90140530957994	-1.34741491655909	0.398821304858316	-4.12774124423417	2.91501457734649	-2.84123709998306	-4.72721236588711	-2.14703170661447	-4.03952958059215
MA0817.1_BHLHE23	BHLHE23	6.30560843325602	3.32923765691976	8.64805344792724	8.36900533174158e-293	3.1533216517812e-292	-0.979361358118536	-1.95879754289406	0.00377120124270019	-1.02540122181278	-1.53591863762428	5.75879567601241	3.30830369147458	-8.94630870885494	-3.1081666205866	-2.29753498445036	0.264431763917322	-2.07271154127157	-4.92292446017726	-8.76754096028355	-7.50245910696239	-3.49532605047055	-5.04892518637737	-0.911401298743913	-8.29066025787055	-3.65722426082268	-0.931197307712281	-1.06261473421653	2.86787782715759	-8.42947004836625	0.177125008028723	0.215654676077792	-3.23660246788195	1.57268915843682	0.849666171486929	3.10550683323716	-2.16720040117016	6.79553755023336	-5.13211871925386	-2.41123968452963	25.1279554053722	-2.9500835448666	-3.42763719613308	15.9880203787263	-3.42399121989563
MA0818.1_BHLHE22	BHLHE22	7.02973237307384	3.62560983393105	9.68153045621904	0	0	-0.371731939399965	-3.80667296864589	-0.93069848227425	-1.01707608072994	-2.03102412427863	5.77982005294555	4.5526854773647	-9.66584117726203	-3.48621872692799	-1.84764996834127	-0.393608221226092	-1.79700912307263	-4.83207266587786	-9.78067279650915	-8.77307170877913	-3.63437788355007	-5.39620797324886	-1.6317921843386	-7.98980855147565	-3.92191207883268	-0.816729976836822	-0.437390287397886	4.01983111624628	-9.85114016916292	0.130487533896911	0.0837134316905837	-4.08407902183626	1.4878842406929	0.962578870976619	3.29437658487997	-3.5891074375525	6.80689931235867	-6.07054241168828	-3.04363502022473	28.4892526164163	-2.32717973510166	-4.02680945998112	17.6880287139779	-2.15275263671001
MA0819.1_CLOCK	CLOCK	2.27762368978526	1.8853864431744	2.58531184523337	2.29752077053924e-23	2.65388804334186e-23	-2.42611360574414	0.235939098615016	-1.09238466489072	2.08928068382403	1.34920535273144	-3.67635101877097	3.27194718904263	2.6838395201246	1.43044359442113	-1.55424666582764	1.65906054363983	0.79809118687944	-3.40215473333839	3.11219897168276	3.20077862839124	-0.262168342863071	-2.62660728369303	-0.542024956757181	2.26216152481134	-1.96966345371664	-0.339449644490061	-2.92769485134687	3.60932038185017	3.06518858776642	-0.510580242542932	-3.22293571468359	-1.71701934150055	0.645388979514698	0.131119533678393	-0.414228601673403	-1.68032204790188	-2.73870922552827	1.04415601708071	2.13911484891339	-1.78513656704099	-4.32652462390916	2.70467879343036	-2.52198796242719	-0.732285773038643
MA0820.1_FIGLA	FIGLA	8.13596827617882	5.86766732099376	10.0871928926773	0	0	-1.30468461763988	0.483354076796427	1.92074621157818	0.343134468370542	-1.52896714820089	0.499637093183962	8.57231038307537	1.16628776865215	9.13763690158715	-5.02041560741589	12.3710484330019	1.55946406152741	6.54288780692184	1.06524516688802	4.73566354614094	5.44733457482834	-11.2666319054304	3.31197249230713	12.0997943927319	-9.12125662346577	-3.26871525612774	2.230898847767	9.1057108729182	2.95722739225903	-3.09875343792643	-4.69397249921619	-3.49032294831229	17.7172378850087	-2.9397081165091	19.6675002574693	-1.18581418462766	1.12387269116792	2.75993436483619	3.76310883844731	-18.4084095434528	-6.13488948390763	6.5689857768994	-19.7692429324233	-6.67891847580401
MA0821.1_HES5	HES5	3.18284914762163	2.42955000677141	3.7963062028391	5.78051719120956e-59	8.29720494792665e-59	-6.18149852858402	0.908979854559241	-0.188229038627638	1.23600140531812	2.13885115779896	-7.23032902925747	5.52965157776268	2.50816072708937	3.87606557379178	-1.29067946405791	1.09112707295366	1.25152191245097	-3.29475270715299	2.08372674841316	3.11282915932032	0.676998329541863	-2.58521892782307	-1.34895355165901	1.90386790102016	-1.0183243708525	1.29386660448691	-7.66687627616355	5.38994803667408	3.15723996479107	-3.0795938562756	0.229280095006051	-0.573323677688413	3.81370380599073	-3.32576584899014	2.3907598345067	-1.19867672201921	-2.79742618373579	2.11028102182633	-0.16167066503429	-2.57804481047433	-4.83568749612454	0.792240152238298	-2.89567350164911	0.493089032453735
MA0822.1_HES7	HES7	3.26891607540829	2.40734787195439	3.98302515547122	3.93418542734296e-63	5.77804959514639e-63	-5.14301191782723	1.09979739969317	-0.512639374611019	1.9098567593917	1.7917923547508	-6.01303929235427	7.79877853965481	0.119335303010031	3.25079849310037	-0.747764221182303	2.87225056474722	0.445586256076079	-3.41400049264038	-0.21175847000821	1.19835327847865	0.0892946515939658	-3.08395091104495	-0.4905948660773	1.53105541561166	-1.71260125820089	1.75114329776369	-6.1527761190412	7.82772872328604	0.796354182792158	-3.00854447563945	0.519806246841021	-0.701115407807758	5.57245129025648	-3.03937146980322	3.46427870492848	-0.604077633564415	-3.13622244092444	1.23787367458522	-0.203375784619469	-3.33473707625237	-5.02293636015149	1.2360304888543	-3.52704064123248	0.428957758091901
MA0823.1_HEY1	HEY1	2.83791499546775	2.33211509777684	3.22391467136303	1.3084284391169e-43	1.73998992008613e-43	-4.66903473123035	0.0943224193394052	-3.81175874206386	3.03492446625875	1.95543080093927	-5.82366992495033	0.966243572685085	3.81052116517532	-0.174839704803256	-0.628044142461965	0.935510885880464	1.18577736636031	-3.49005413959849	3.66938496535112	4.04282159572181	-4.29556243941865	-3.8205215516169	-3.60362928866855	1.43990355580265	-2.8258380919345	1.50982314806219	-5.43986223781098	1.67292122675302	3.62955198029627	0.116598310605271	0.126688163396063	-2.33918671871881	2.21377946587964	-0.133906474895911	-0.332652627665027	-2.26929705327769	-3.45171858463102	3.43296553999348	1.44234481407818	-1.32814176976084	-2.53359917449998	2.33957653201623	-1.02027010453327	2.47759927895256
MA0825.1_MNT	MNT	2.95104954866328	2.30138079235769	3.40952548795412	2.08654804365179e-48	2.84651920610255e-48	-6.14075830187731	0.624206447715186	-2.4508621385847	2.89411507180358	1.30139256318463	-6.05072997924104	2.78268822741379	3.47844697899558	1.8270118291779	-0.632876442559615	1.72379250884898	1.16155580634913	-3.17589225630544	3.47352224119601	3.62487312256804	-1.53229363854484	-4.313300045883	-2.94832582721047	3.46226091161454	-2.94539458412548	1.5391702408096	-7.28134844564923	3.58384071421383	3.00867360808755	-0.655305394498383	-0.0282983231505908	-1.03149872330653	1.52877240872089	-1.08818215438008	0.00577818064884628	-1.3430250450971	-2.2871528860465	2.40515257743503	1.20784639299186	-1.23795765411892	-4.13255157446057	1.94631718064122	-2.43778991900074	1.86488723682763
MA0826.1_OLIG1	OLIG1	7.26938601015371	3.86986377473172	9.96956546452567	0	0	-1.05663799569318	-2.75903682319819	-1.10446769123659	-0.982208399260778	-1.86553429107283	7.24701199482588	4.18952604052764	-9.8982287117476	-4.60884931215948	-1.90473182391647	-0.0477666641673796	-1.1068396553714	-5.92584575826957	-10.3629778189725	-8.84201721625443	-4.36411215308449	-5.58260642447866	-1.4936059756661	-7.75674567465542	-4.08280351534034	-0.741517362824368	-1.81742673601106	3.66284152148841	-10.1884686989468	0.351843137044575	0.206629868474576	-3.49608483543033	1.03330474065282	0.558171181496274	2.81760392568808	-2.56840998070547	8.46602286191371	-7.40890357659824	-2.70996521394996	28.9778618641081	-2.07490731602548	-3.66825500616582	18.2900929904562	-2.38585298005362
MA0827.1_OLIG3	OLIG3	6.39360400624807	3.23311079735564	8.89972900382525	8.28156624452734e-302	3.31786799543405e-301	-2.44469779775562	-2.82119842167085	-1.46046867205396	0.384517377023907	-2.40124390076615	5.16173579544725	3.23003354143613	-9.11459858117575	-2.68665086516327	-2.42988683991715	0.704808273554463	-1.66607145992101	-5.87963919218471	-8.16236077471747	-7.27080421023321	-2.91639022630605	-5.90436791064334	-1.11450624580443	-7.13129607899444	-4.35356565358328	-0.694092077004244	-4.30038985967357	2.79441897465642	-8.48647938614306	-1.27704539528919	-0.253030899371887	-3.09589721323224	1.29374388258013	-0.537645382204079	3.07332442678481	-2.36521483581859	6.72341645420167	-4.92773421236628	-0.871738609977244	26.3194630418428	-1.26426241112589	-1.02490280455113	16.0915485449788	-1.20859370406284
MA0828.1_SREBF2(var.2)	SREBF2(var.2)	2.69848674496546	1.95427569735283	3.3433829246621	5.06800043640352e-38	6.4808975277645e-38	-4.11166067547436	1.54716266863855	-0.0877402961414393	1.7147694653555	0.114308872869473	-2.94896638551126	-2.38745881902851	0.322786785135938	3.71021154312556	1.65944570696276	0.402970057619476	2.95872776255912	0.504222311135881	0.23454190047781	0.464063955854464	-0.207202977065569	-4.52495068515194	-2.66779227344827	4.49375032949555	-4.12019865703172	-0.567678760704629	-5.07252145272335	-1.80615008154697	0.577840682618676	-0.104625622489845	-2.29964101411638	0.433295130989743	0.802432775464056	-0.604574158321969	-1.59663010096708	-1.21832055511312	1.4813816838917	3.85449739264925	2.7895051777379	-2.59141564980303	1.36730679079847	2.96290234064898	-0.674232252606877	8.15953028761944
MA0829.2_SREBF1(var.2)	SREBF1(var.2)	4.03777483247497	2.73704296199246	5.0616615830075	3.36766534243521e-106	6.0560572777315e-106	-1.87378846893927	2.30990069157646	4.35400021303545	2.02222942096384	2.63307971137412	-2.62542886011112	-0.548283030717949	-0.0935357231265265	9.13623193528247	-3.02001606794427	3.73917946090392	0.680401173943478	0.903811959187322	-0.170942614235636	0.46818595555208	6.9935930247267	-3.20248496380266	1.11114918189363	4.90187275365775	-1.48069425379182	2.33583157875174	-1.80924840694762	-0.271854588168648	0.319212653465154	-1.32435574844596	1.87462657065562	1.87155904558292	-1.160255638666	-1.51965767297774	-2.59681718050307	-0.681202791119756	3.16741620380797	3.63021962109567	6.01512122136839	-11.682377219584	-1.49851791907066	8.32238254549663	-9.02492397642384	4.42811614078533
MA0830.2_TCF4	TCF4	14.6210309358147	10.2142480268071	18.180685754109	0	0	-8.70628497776505	0.448954276547586	-1.85992832186908	3.32559305258501	-3.46864888565452	-11.8330053523822	14.9484662061195	10.9394967202229	11.0061768972974	-5.02245707761778	23.1434478732974	0.333373278719029	-0.777723797207334	11.8347510080521	15.5291728292707	6.2145961515823	-22.1812342069939	8.13832239041179	16.2145440828839	-19.791694620429	-1.11851426882024	-2.13387292883965	14.4209011730883	12.0812932505442	-5.30765443929988	-7.66277202290583	3.9313183984579	26.09147732907	-5.0627162966445	23.8608715387044	11.4323424215652	6.23963028608633	3.47165852953524	1.48410052541811	-37.8426215421472	-12.7127346420599	5.17237510515673	-39.4382336452483	-12.3585662388219
MA0831.2_TFE3	TFE3	3.5461724790494	2.61805251548553	4.44304716992287	1.86134689950488e-77	2.90921626515207e-77	-4.18752209270301	-1.19864653075481	-1.02257091940855	2.4525275818285	-1.77829362230531	-5.80958637854794	-1.24925654325875	1.20851272380235	4.34203494816188	-4.58557871308178	1.53409720909514	2.43227774603147	-1.96598920525363	0.687461374962592	0.223359803658144	-0.33469893401995	-6.91612405802371	-4.20505629776422	2.72366104707225	-6.77178973278306	-1.92931033227788	-5.2933246078678	-1.41683125556171	0.520876605159457	-0.646426551076991	-2.62027476871557	-1.70712509095586	0.399217699664146	-1.11197770439957	-2.60335008766247	-2.88984236868734	-2.22209738160528	3.8951805595486	2.70815990934222	3.91644025559587	0.998548557029815	3.24098719143354	4.65304971687201	10.5052947744138
MA0833.2_ATF4	ATF4	4.6782966067501	3.44213153860973	5.52081747827912	5.69313165508215e-150	1.26005326491853e-149	-4.11962940746952	-4.19043262972784	1.19616375381924	0.568499999872612	-2.34628316818986	-5.3799230620118	-3.42880133630819	-1.13688971504965	-3.09181031770649	-4.42867821138007	10.2603009523076	-4.56946184316202	-5.55593403936063	-2.82154557750431	-2.9339738995547	2.40839190694258	8.13352539054533	11.0407039371756	7.88611364236721	5.01824465918796	0.215562316037276	-4.82397155380037	-2.80891340869333	-1.69756254783078	-3.47220021035346	0.590889671824445	8.64861145581303	4.4045456252415	-3.38724483230985	7.76986303209295	-0.757687896413218	-1.13082141644888	-3.66947615816422	-1.38295340637131	-0.0603809151400895	-2.52499213609101	-2.02402763842951	3.79892863545593	-3.07415747489855
MA0834.1_ATF7	ATF7	3.82667342195784	3.04043874913021	4.38740426653062	2.45513327344755e-93	4.08973516340079e-93	-5.15997992726031	-3.1817261373805	-3.34101439257141	1.29664106569494	-2.62681392340171	-4.46272142409935	-1.0945530496489	7.57145846590853	-2.7126068855666	-3.69828053217006	-2.96708831648033	-3.91527351559188	-4.34948197884215	2.3840924016081	5.15524128585316	-1.3091359349341	-4.98397957528719	-4.02192228995205	-1.70316136226005	-3.75454574634018	-3.41282030319574	-5.86178381898767	1.94544037539535	4.72218098688054	2.51451662279547	-1.56126788253382	-0.802431834671337	-0.895468864139248	1.35809341567483	-0.580080561403531	-4.90743020099908	-3.65250333872907	5.25506207395746	3.63552702351696	0.88681286076109	2.07828927770054	4.81448812286709	8.38865510513401	3.68380708559569
MA0835.2_BATF3	BATF3	4.90043129093891	3.57050575913882	5.97843796057672	8.34488888138676e-167	1.96368574792484e-166	-0.392276521124484	2.1923030591073	-0.232471389299105	-0.700561978111502	0.415262291087514	-1.03705520007565	-4.00148220357527	0.21944330827499	-2.16538545772472	-5.15819660121775	5.90877965359079	-3.22400700217637	-13.4058792154789	-1.87909072494392	-2.24442642321068	9.52996174898173	11.5244717692924	2.33685618630069	-2.7469683282546	4.60452193976461	-1.59229175185375	0.0449451291579293	-2.28772293010889	1.02854757785182	-0.461527682049184	-3.21007394381136	7.81530639759691	0.0548228188568801	-0.965726869899368	-0.570953561579996	-2.37617062288856	-9.34355783406385	-8.17313279488906	3.06014090301109	-6.26022076310126	5.91841157960485	3.9145145774684	-3.89579024679304	4.03773055403406
MA0836.2_CEBPD	CEBPD	3.78773580886649	2.08775950564652	5.22709244114316	4.75641048593547e-91	7.82028009765494e-91	0.95907902215813	-2.6041890075021	1.17090654939265	-1.44878896566256	-3.08187805847288	0.760272857463194	-3.85700532182515	-0.35049225787749	0.651336276210907	-1.94157317942568	5.86501615726236	-3.60295887943487	0.28625844595402	-0.789321563196801	-0.945950723814663	4.0827617954607	15.3419181923005	7.49248389460673	-0.54549142150529	7.73593647985618	-2.87016656385544	2.50508268496217	-4.40270167809151	-0.917717535744534	-1.24259487861381	-0.467975315267511	2.1041322056005	-3.81090719508941	-0.837521538882874	-4.08138034885237	-0.391280307192256	-0.31537396369624	-2.13523923017438	-0.75332600627455	-1.14737662824547	1.26092392105807	-1.80612269910689	-1.3539884843186	-1.23427885022508
MA0837.1_CEBPE	CEBPE	4.54218276855265	2.27247762576948	6.55215343952006	4.47659490098636e-140	9.14091797523989e-140	-1.11216599113202	-3.4090438301771	2.41419001310538	-1.60518200869276	-3.75720145435548	2.07984527460764	-2.97171022201435	0.954617173141852	1.65831069516244	-2.11307671290227	2.91804456795881	-2.76615908228382	0.471691621721876	0.578670141066263	0.389779627984543	5.68681804300485	20.4492921299424	3.81299775386141	0.77897301372058	10.2412781445408	-4.13945807364624	0.934317333759301	-3.32236837647849	0.512456622072071	-2.34768308300655	-1.74600562772818	4.95716338556894	-4.40459745673893	-2.04878569392818	-5.36070196138246	-0.455095921734928	1.36081630278891	-1.38969005513948	0.40848512701493	-2.30266308792293	0.510880986086946	-0.826165780785847	-1.78012528429276	-3.72736194334482
MA0838.1_CEBPG	CEBPG	3.38883299035043	1.82669769780213	4.76667074507376	3.69274222263814e-69	5.59211920318168e-69	-1.43696115147029	-3.78444234952835	1.7358234698021	-1.25109732236239	-3.48555952136922	0.898761738783153	-2.52546817159341	0.92901947111575	0.556920964948005	-1.57826790151632	1.88009831067272	-2.95802076384412	0.969293857577658	0.656981376396343	0.372349710634684	4.08594286600591	14.1251825462179	2.62462261577562	0.44770827705501	7.87442037153969	-3.81108126810417	0.159187255726877	-2.72203859701346	0.633339028338593	-2.53575771524161	-1.63738367845933	3.76472100362494	-3.5656214156283	-2.41982656957132	-3.66545808197878	-1.12574014270044	1.4177219079305	-0.696468706425558	0.68656826459271	-2.02946107747954	0.457363122014377	-0.472897588546657	-1.01148063471334	-2.42708371944982
MA0839.1_CREB3L1	CREB3L1	1.91470771845612	1.46800097464408	2.26446701506849	1.74884482249598e-13	1.88589228729124e-13	-4.93930455878816	0.543093633275879	-1.80092125387905	0.921624354564693	-0.229454883533701	-2.89933708035962	0.335627383634229	1.32651017335037	0.534462761688721	-2.01835595819153	-0.855997829267242	0.628430745745589	-1.6984905789648	1.08682954540471	1.05080191330209	-0.376166815063155	-3.18281984199297	-1.88456430066958	3.13570481108094	-3.12153018701965	1.50284719921544	-4.19764842772564	0.65114798072406	1.17999781562324	-0.744637808864586	1.31793946603057	-2.08878249491939	-0.322504366832921	-0.788781594728594	-0.234013728076763	-2.72036885767312	-1.97911364126293	2.95763336362936	0.402243036809315	0.651465940004175	0.334693261300484	0.497351839515323	1.20455027934708	2.96394597053662
MA0841.1_NFE2	NFE2	8.1463098524996	5.47898412828439	10.1960446913153	0	0	-5.92049733949154	5.02701047445497	-3.54920616918063	0.239649969515916	0.24583299542176	-3.89797402089873	-3.00202952882802	-3.1338218784028	-3.26061136705495	-6.87991997690917	13.6222758119787	-11.8861974291085	-17.3563458188326	-4.45672024203681	-4.79725120980453	15.6725309620609	25.0572866262246	2.68525357112499	-2.92946417412542	12.2695476549522	-2.21658330252109	-2.40190780578892	-0.553303649869303	-1.56121328857114	-1.52272115683518	-3.15059612616696	8.91774470541586	1.74065838733471	-3.89123084475114	1.30624424828815	-6.08455610286746	-11.8249473272518	-7.74099830097198	4.68793269485375	-4.5342542136112	8.87421444449586	11.1571022356756	-1.8633992202662	5.90583509439656
MA0842.2_NRL	NRL	3.50391926349965	2.42218374558739	4.28769935122879	3.47800796516347e-75	5.36970498036214e-75	-5.32669642825287	-0.995712077848445	-3.82076201413302	-1.29234597609081	-4.02279308202149	-5.10978507610193	0.535155462299728	8.00654127936099	-0.656059284003355	-3.41239579271479	0.6279581702143	-0.269928098297505	-2.10702056423841	7.72700656456706	8.13484085142911	-1.8862100632361	-1.78436227766356	0.147399812000991	3.32266260551237	-2.60354786652697	-1.63112609481421	-3.03995582218463	1.7569050585831	7.54466313367632	-2.86925209439544	-0.963355854184659	-1.35967299869684	2.9727934478071	-3.24775395469057	0.567637873279002	-1.07429932780117	-2.42081265054286	0.300923967017097	0.529637872363458	0.229751252063329	-5.38566610923117	-1.25283942126361	-0.198028273052643	-3.81266737310095
MA0843.1_TEF	TEF	2.03031056875756	1.511769824392	2.48939394269736	2.40116178846011e-16	2.63877675710981e-16	-2.385867974063	0.605114558935016	-1.03550807598601	-1.18843437203118	0.846489913701616	-1.78238164055965	0.856557738251968	-1.16990841582597	-1.55622260264097	-1.53215637890017	3.20155056629454	-1.25086906564271	-0.737775860865399	-1.21129788686597	-1.28305848728773	-0.863352775564216	3.60324880212173	1.64632887543858	1.02640526291474	1.4903216476078	-0.872048843002686	-2.19684535417517	0.971183863172975	-1.083582089247	-2.14459926998948	-0.362683893313278	5.91012209310689	-0.0295133441181786	-2.50972480176924	-0.81234427609705	3.95320518680545	2.04133451940912	3.23521306479199	2.23606398129808	-1.7896255622967	-0.346237931033452	2.05277339588686	-1.77959266606483	-1.41389632376348
MA0844.1_XBP1	XBP1	1.9523829148372	1.39984828735617	2.41252226178787	2.18635239232799e-14	2.38203281298385e-14	-2.95559095621671	1.71532691561885	-1.86506149752956	1.30666046915744	0.859284968312757	-2.70660520538838	-0.647440117948594	3.22388697151839	-0.554937066400021	1.42862126244638	0.145491152083906	-1.98943215552972	-2.07181999860799	0.991355578107322	2.15466107462001	-0.507787162116496	-1.91431511324988	-1.05495297720737	0.68129305598292	-1.27663654987143	-0.211803507251741	-3.97429200027985	0.0762141176352599	1.75984053237208	-0.0791274528523532	0.107774073583328	-0.0486434374873703	-0.618279023769435	0.574702375187306	-0.645060107506187	-1.63010783902138	-0.0635112535383072	5.09446114608347	0.975118794533929	-2.23566255888929	1.13365215269957	1.29223157668481	0.102737607979436	5.31062908730258
MA0845.1_FOXB1	FOXB1	11.7742193074113	9.65694675010051	13.5507921428126	0	0	-10.3725325880647	10.1118623739206	13.7015249231253	0.932268574783675	5.69866286005365	-8.23683822621136	7.1217206322983	8.96955520098326	25.8675710786598	-5.33339547948088	16.4198375977574	-4.30585065865532	-12.3630138778189	11.4534485148583	14.7993522157794	24.9914499299756	-9.87186581442116	11.3956104705253	-1.82030729773769	-8.35950674749748	-1.98484792140588	-9.08181956235265	9.93600224366754	12.1685269901109	-8.43375743503146	-1.76166557231295	10.192784901146	-15.0943759637633	-7.36203479401981	-14.2021300707246	5.37065432673481	-17.0676528635497	10.1619707261549	10.876815037788	-16.7415720438282	-4.34494338618642	5.28990600989548	-17.0698798772822	-9.74749222057393
MA0846.1_FOXC2	FOXC2	11.509923787453	9.47527541350952	13.3899576107837	0	0	-5.29274443786641	14.0639929309496	9.2991776798396	1.2532755861474	4.57883354947981	-1.04786721733119	-2.33521336335867	8.09493507729256	20.3828340412253	-7.3370260848517	13.8575335654298	-4.12848285178614	-7.23312307234733	9.26255473016636	12.308168574097	22.4788393920204	-11.477729910875	10.7626971232465	0.0313983827105742	-10.5403181717725	-2.77305225542192	-4.08245598561473	0.587064635059614	9.80830867936334	-3.54204783863142	-3.48446348823744	23.4386827679811	-13.9555784755656	-3.49847209315931	-14.005006262109	15.5910677845005	-10.6078894219111	13.5186365145933	10.6569030510532	-19.8206994042231	-5.75871317899437	6.2614646417959	-21.7592672578555	-12.2610330565674
MA0847.2_FOXD2	FOXD2	13.0991651115721	10.8790845296837	15.0663281456763	0	0	-5.27216894390975	13.9614760369582	10.2069881656589	2.66448748237262	6.13969319831859	-2.83230239172318	1.83154177098419	8.48289069438484	24.6675006773427	-8.89641879269988	17.4497001912474	-4.69624133961412	-10.9166494821557	10.326447277346	13.2759225809631	26.6507134125723	-14.4388398348979	12.8368016977121	0.542886202321898	-15.9507864952972	-3.72544330543245	-4.85764948438689	4.81171233161226	10.5406603833122	-6.10908587189031	-4.32176388932055	25.0629548670962	-17.9873283257549	-5.17513654353819	-16.7533079368553	15.8973678529509	-12.7338203287836	13.2342646913798	11.9886073396232	-20.0831837903852	-5.83620441601171	6.52334775192441	-20.6709773212992	-15.0225815146456
MA0848.1_FOXO4	FOXO4	10.7155349139124	8.89185111492524	12.3537647214931	0	0	-4.7718062696698	17.5727453473072	6.52955214544207	1.74266737236839	4.82075433795032	0.635562461531072	-2.66831533084476	7.22075770136605	14.4894934916986	-5.11079678267911	14.6876842725512	3.81298312106646	-5.75853887682808	10.5171242489647	11.4120264057646	15.7861362046931	-12.832911975691	12.5629907631038	7.17517997328217	-14.5747836540444	-4.21208655846012	-3.85380414341989	0.396126094050168	8.87746995560578	-6.4764573102535	-7.05557867002923	21.7147129116249	-11.4162121353445	-5.29370832638255	-12.6087150409654	20.1932139845676	-6.33552595673712	7.49214457072184	9.01125823476186	-17.6558944031738	-2.75062447484351	5.70809161011082	-17.7753733166721	-12.0004974997074
MA0849.1_FOXO6	FOXO6	10.7155349139124	8.89185111492524	12.3537647214931	0	0	-4.7718062696698	17.5727453473072	6.52955214544207	1.74266737236839	4.82075433795032	0.635562461531072	-2.66831533084476	7.22075770136605	14.4894934916986	-5.11079678267911	14.6876842725512	3.81298312106646	-5.75853887682808	10.5171242489647	11.4120264057646	15.7861362046931	-12.832911975691	12.5629907631038	7.17517997328217	-14.5747836540444	-4.21208655846012	-3.85380414341989	0.396126094050168	8.87746995560578	-6.4764573102535	-7.05557867002923	21.7147129116249	-11.4162121353445	-5.29370832638255	-12.6087150409654	20.1932139845676	-6.33552595673712	7.49214457072184	9.01125823476186	-17.6558944031738	-2.75062447484351	5.70809161011082	-17.7753733166721	-12.0004974997074
MA0850.1_FOXP3	FOXP3	10.7155349139124	8.89185111492524	12.3537647214931	0	0	-4.7718062696698	17.5727453473072	6.52955214544207	1.74266737236839	4.82075433795032	0.635562461531072	-2.66831533084476	7.22075770136605	14.4894934916986	-5.11079678267911	14.6876842725512	3.81298312106646	-5.75853887682808	10.5171242489647	11.4120264057646	15.7861362046931	-12.832911975691	12.5629907631038	7.17517997328217	-14.5747836540444	-4.21208655846012	-3.85380414341989	0.396126094050168	8.87746995560578	-6.4764573102535	-7.05557867002923	21.7147129116249	-11.4162121353445	-5.29370832638255	-12.6087150409654	20.1932139845676	-6.33552595673712	7.49214457072184	9.01125823476186	-17.6558944031738	-2.75062447484351	5.70809161011082	-17.7753733166721	-12.0004974997074
MA0852.2_FOXK1	FOXK1	10.1086832240482	8.11025189454591	11.8697588792959	0	0	-2.88557621258337	17.4269713920205	5.64213624762255	2.58337510150046	6.29768408815043	2.38467808101811	-3.59461746607198	5.11902348860347	13.5034602870878	-4.60644671340492	16.7394569890112	4.25458269826424	-3.70502006647254	7.21966584949914	8.56921585091986	13.980711443188	-10.7188874946685	15.4443529541813	9.14817357326687	-11.7961344936246	-3.10128911171031	-1.69076238839031	-0.66741524714525	6.44553536058078	-3.87417096922526	-5.80735986907534	21.1687709867546	-9.30553681753775	-3.39557090682371	-11.4991185040257	18.3043826857803	-4.66310681349417	5.11159368507718	7.82498439914981	-18.2982424382645	-3.12235683574208	4.04982206123005	-19.7139541554348	-11.9392824080061
MA0855.1_RXRB	RXRB	4.25813931558074	2.99229170870996	5.28387280214673	1.8642661623286e-120	3.54378522748951e-120	1.73379944046395	7.0239660912197	2.60131839069107	-1.37460795558206	4.1430380131584	-3.68135251427825	3.69875904737672	-1.81737778224676	5.75533425677779	-3.8328672955344	4.547590354619	4.641654773058	-2.06524867802499	-1.72445681630381	-1.23509545650852	5.7159332414947	-2.65615461672586	1.80991372084014	10.4645252058218	-2.21661113138859	-1.78356957852208	3.63119340042524	4.83169049275037	-1.5420749794526	-0.0766762374299227	0.2184161138639	-0.358472226139232	3.2916042456076	-1.26796843982871	1.39766386954171	-2.91196249205828	-0.687059662400544	2.60358368968463	1.59482704761976	-11.9622500800595	5.55438302228795	2.97690852834667	-9.24521162625818	1.836382736067
MA0856.1_RXRG	RXRG	4.06992732714986	2.84335653566017	5.11609718317546	3.16129639968475e-108	5.75028914080587e-108	2.4469066777083	5.78096448908577	3.40972073298469	-1.07442352808547	3.40561486637489	-2.36428117905072	3.91156537924366	-2.21878698599136	5.5223134890033	-3.03815544587899	4.8880202871733	3.9403029484006	-1.81236868014355	-1.98179479114239	-1.68995945799756	6.36132052850965	-2.90359327515849	2.63750250578082	7.53480498742187	-2.49228857542227	-1.46126404316209	4.40961695117054	4.71164534813886	-2.2134090636796	-0.102604758340586	0.540384466177479	0.0608858180240361	1.69483128283016	-1.06323449054262	0.455068241141513	-2.2707367251373	-0.0803715162619954	1.78187175967805	1.55218290737809	-11.9068307168504	7.17720315812101	2.79296654445688	-9.22614672861924	1.72276292131832
MA0861.1_TP73	TP73	11.6410800821744	7.35992110094919	14.7973613012392	0	0	-11.7720984439875	-10.0739022485699	1.18398713436359	-3.05119013691446	-6.55056958385121	-9.38375798414926	4.32952449733671	-4.75491990415129	13.4899261977751	-3.19588547555439	32.6633020747332	-11.0531772806276	-9.67038911864213	-5.46634950512018	-7.04388177490218	13.7911294146312	-0.636023776799537	34.3992808769708	-8.25634655855184	-1.14907849851163	-4.1201440823068	-12.6427848032673	1.75314551593141	-6.13566532796817	-5.23294791374834	-1.26131985554634	4.95483927497006	-17.2222170696683	-4.77722039595366	-17.9575489753479	2.58899311385461	4.94742555602954	-8.62756804490845	-4.82114783734427	19.5773193551401	-6.59384786301603	-6.64990514739773	15.9320191700015	-2.10447524956587
MA0862.1_GMEB2	GMEB2	1.08151088187568	0.875368365251783	1.24001980046411	0.218585052257901	0.219277873342713	-1.64805622467249	-0.261073931592457	-0.170422384540079	0.35418391799735	0.395119440231207	1.73235898826941	-1.38554820363142	0.584759465497214	1.17059110977449	-1.48010428051923	-0.142200239502868	1.37960967474512	1.23016865622656	0.0631391572831379	0.222806533318647	2.33805346354012	0.829724164429843	0.0759729589620013	1.804145586788	0.39636380544399	1.11698732816119	-1.58723648400571	-1.74608685555774	0.350885382448996	-0.403184037920687	1.27299858284501	0.997926391635087	-1.04818674964312	-0.565818538713564	-1.69483879110618	-1.14785582614455	-0.212886217168864	-0.0756242863700501	0.86805533979896	-1.26182546243676	-0.654345891889768	0.2072017040794	-0.705289562503679	-0.880917491188335
MA0863.1_MTF1	MTF1	1.73978922434889	1.36765463667381	2.05961059843856	1.12461762154931e-09	1.18449742835393e-09	1.19914980743656	0.256942742724011	-1.12135780847303	0.603083165259744	1.12317912872676	-1.87356709928912	1.47619043048543	0.429226943077576	-2.69521999142162	4.33906022579559	-0.735572195805414	-0.433468353368553	-1.95577936222533	0.439919682740776	0.366539544236282	-2.27376174411964	-1.01979916486593	-1.36949875486325	0.427338573135543	-1.35391107650815	1.51128765218769	-1.97324235422764	2.19289173564742	0.0938412921957099	1.53583755170372	-1.93935561675029	1.24812495416626	1.9514526891747	2.03670550970252	1.41186550609532	1.23559849848903	-0.257848521336808	0.138307776160661	-0.757969954023344	-3.18164241075545	3.80257670340582	-0.133823822983661	-1.39192267173379	2.69754597049789
MA0864.2_E2F2	E2F2	2.19972991230155	1.69406950611924	2.56545889316356	5.0332846863914e-21	5.69958713145932e-21	-0.847642956348694	-2.01885874044827	-2.37144885427403	0.661352588261174	-1.58854396412453	0.999276404646242	-2.04741523531245	-0.379794518852554	-1.63583081828863	-0.899989495124279	-3.46384006153839	-2.58495271893065	4.93968181151215	-0.553379029970399	-0.99261717741555	-3.32614594435552	1.90372778542364	-2.47401258950978	-2.34994317538876	2.04447008638361	-0.0723100472440726	-0.811109418597956	-2.13454866669477	-0.945149968849493	0.892680111228659	-0.736580072775729	-0.973906918932834	-2.84036503270834	0.735135027803229	-2.30733897073902	-1.98454096352615	3.22941814525943	5.04293371740074	1.92245677273908	0.46664052908699	1.92380385363953	1.33975831489519	2.67528142269713	3.1481461815083
MA0865.1_E2F8	E2F8	3.14947043177692	2.46196502726565	3.78531237250832	2.19876911832745e-57	3.13473164842629e-57	0.390706998640515	-4.19866289634469	-4.19023830815816	-0.178051144637283	-3.9763291295109	0.361647377583389	-4.0325476712426	1.71861525119929	-4.23279324739916	-0.299415642741331	-7.86552766593029	-1.42383225782869	3.21915855121984	0.950774036738414	0.150448377459317	-4.23466948712387	2.40507986709603	-5.29543334038574	-3.49797764805367	2.65037379129253	-0.261858384271281	2.53472658720736	-3.58783895713093	0.49580641690232	0.953087339809178	1.23433251062202	-5.43398070113521	-1.96607924359531	1.31024466951791	-1.36197542805788	-4.4284199996053	-0.479474162869038	2.13419324779786	-1.1315381851045	6.27012157779159	-0.126545947344973	-1.79633754951458	6.12558507637469	0.898137185763658
MA0866.1_SOX21	SOX21	2.48898586948536	1.87302421258597	2.92156035191967	2.63203040384562e-30	3.17347665835101e-30	-3.84207634247814	-2.51738930069401	-0.915758310646722	-1.60597050439778	-1.95037758224078	3.05070507111831	-0.431306802551953	4.773345380016	-2.94476267430523	-3.40803137382082	0.943320555194338	-1.51893597882149	0.485530533731587	4.93289395179818	4.78441192330626	-1.83660909748962	-2.01586229560289	0.369004990712396	-0.750750852640804	-2.94475279956562	0.774882404061911	-2.08342030227763	-2.23337107784293	4.40802661885231	-2.79980103253448	2.08828020702239	-0.78842061290262	-1.02320607789152	-2.97479399180632	-1.65448741038991	0.264616279182483	-1.17803471510108	-3.89028365451192	1.07196542667309	1.93855631046382	-0.654235513530471	0.459422862306585	1.87186927948853	-3.80881903038399
MA0867.2_SOX4	SOX4	9.03171498009907	6.65987455273558	11.0497638020145	0	0	9.47992066441653	4.70888290678689	-1.10139964795614	-2.90456637879159	-7.07631197394305	26.4080024126295	-9.60389076131997	8.55899514271129	1.88105968916874	-7.62861963329128	0.846687272112704	0.722015099580257	9.40595796142533	6.41236425945567	3.76116550764915	3.40794075023867	-4.93595811545033	1.39011847278439	10.0917726798353	-7.81612257218267	-7.73111790012268	16.4105082288664	-12.2068485950592	3.16917128369416	2.26033122017565	-3.7490258554309	12.958820050948	-0.582559035467916	2.23505659562341	-2.023987910494	16.2293223083297	4.36754253415013	-9.89361340412325	5.58345810329573	-7.05435935959137	-2.501184459654	4.52121489338724	-11.7921409786801	-19.5035422743922
MA0868.2_SOX8	SOX8	4.50688550690493	3.46602438247184	5.37164870462022	1.4619208631251e-137	2.9377647820895e-137	0.315119806145388	-0.203868130655241	0.219667571731307	-7.37507912751951	-5.72334747185583	9.45813734676273	-3.42855938106175	3.50796558495658	0.46014282750132	-4.99236891525424	4.8714042201489	0.176422698597297	-0.303641577859444	3.2844960218362	2.54412785548417	1.52707651030066	-1.08121515275744	1.49593689036047	2.82197075962367	-3.01934852367089	-6.72046336153419	7.65646397854956	-4.91661888982364	1.40299253035803	-0.611358481021348	-2.51985499583726	2.3177292082515	3.50460374253775	-0.892364443828719	3.18985811037048	6.33210768113134	-1.50909503957931	-9.62793862866465	6.63093554733793	0.865458360229169	-2.02074892659232	4.64405906866556	-3.52604412081339	-9.94084421979303
MA0871.2_TFEC	TFEC	2.9938767783634	2.30904924256444	3.63030564855625	2.76897580153603e-50	3.85222347774133e-50	-4.01675544912384	-0.0888252857433893	-2.58789637740939	2.12999517457013	-0.281640428352983	-5.71270519485083	-1.13574710121745	2.44614756985813	2.58097023703664	-3.05615389031105	1.27369487827391	2.00597949145553	-1.30048280794125	1.41110502433089	1.31092330343456	-2.71233786255513	-5.33285728834255	-3.64824260190653	2.88911584939601	-4.5749007051037	-1.76789772984559	-5.17725587018327	-0.735079583837684	1.59437900622324	0.750703543621208	-3.75062927788357	-1.9855791230834	1.43363879092255	0.397163467553938	-1.20514124969515	-2.93185697585937	-1.62480496137163	4.26826117997204	2.00259437709804	1.94919040096785	0.344535574621572	2.61298798503746	2.47946191899731	8.10412364182299
MA0872.1_TFAP2A(var.3)	TFAP2A(var.3)	3.02470540059922	2.47203864613059	3.4272269424323	1.17604802327866e-51	1.64698760782167e-51	-4.00893039693143	-4.23042055899557	-1.6815755757432	-1.61789790231611	-3.26812205030963	-2.27486159820367	2.49650745785554	4.02244926043237	-1.00359106925599	-3.32264542166522	4.02788035031142	-1.15624676078309	-5.0561794893818	2.91590392446651	3.42737719018409	-0.13716681980653	0.122104725756762	4.56264586135136	-0.787530177035409	-1.03566247919652	-2.09684970778862	-3.31938866897753	2.19989068772146	2.41216730483629	-3.78077273323244	-0.203569791665152	-0.889936131904125	4.71784766200407	-3.17584978862822	4.27628806060779	1.43435246146852	-1.44229508953864	-1.06273054910381	-4.13555648156543	4.62800492502771	-2.67062264537085	-4.53189169607725	-1.11527989696495	-4.34741394182833
MA0873.1_HOXD12	HOXD12	2.08673962752045	1.63240441036073	2.44844599518147	7.68092822587127e-18	8.47043130135281e-18	1.32084865706751	-3.51615786375762	-4.58566668641721	0.109861637570861	-1.8099571980999	-2.22362491591246	1.23192423349966	0.981498384472841	-3.588893089846	-1.51966172037857	0.556230836522072	-1.3413241792268	0.126797594330108	1.09785685962926	0.783680089089901	-4.66034014804109	1.20764434180881	0.760911722179844	-2.22265634209097	0.188288334634833	-0.11300868135718	1.86882991956898	2.21547467296574	1.303008674382	0.387650444472037	0.20545063003115	0.0589360657815777	-0.28434555219079	0.231282420477015	-0.841268368705706	-0.291001207883486	-3.63494631766691	0.512515026101933	0.294216995677131	3.59283974638371	2.81619291015639	-1.28779298702511	3.1130285376131	-4.24080503971406
MA0875.1_BARX1	BARX1	7.47888796710696	5.44407929369698	8.91618524048345	0	0	-9.13336677263475	-8.86895552382725	-11.3827579278947	-3.71028668804477	-7.38974797761993	2.79008216039039	-5.30519146447164	14.5085032279823	-9.7867223743437	-3.4532794693276	3.56412102681428	0.578947678099153	10.7852211625673	16.9557559488666	15.6763598367586	-10.3820690757547	-0.470021211095519	3.2159513932377	-4.53442616512844	-2.23313645277099	-4.59613675051602	-7.40507998856322	-5.9713227702339	13.9799141166931	-5.9285132524542	-2.63377643252673	-5.58982168854709	-0.967870570860677	-6.65686508995163	-3.63078980343078	-3.63490669955815	0.611846075438219	-3.19125008994518	5.12821492650735	6.21001872548368	-5.86707475318172	2.14062162422281	3.66588718880931	-8.27189610425423
MA0876.1_BSX	BSX	4.3714842849667	2.76822808011855	5.64174397331827	4.06378769917898e-128	7.86659820666756e-128	-1.30710025017417	-1.57432309384744	-1.90046934262462	-1.24287453502887	-0.603085848421545	0.0108362613797979	0.199249717934851	5.75139512538015	-3.70081175229897	-2.6386807266551	1.10307904596946	-0.785984285296464	6.62590600106214	7.76701868370453	7.81960785879207	-5.1565633433695	-1.39715313185219	0.713548472002957	-4.07550152957941	-1.41885461173037	-1.71164537154629	-8.14021547257215	-0.388385513781595	4.96596432587159	-0.926352223238582	-1.78346828480294	-1.71644881115178	0.771789441565092	-0.879799755861	-2.12906108203336	-2.13472923763292	0.655828290933739	0.0358897757151527	-0.267514425635449	15.9809267116761	-3.72454702044342	-1.24017794138587	7.39887693518033	-3.33483400797536
MA0877.2_BARHL1	BARHL1	1.88350150871741	1.45073042706315	2.23036165796171	9.30497004339345e-13	9.96623695003054e-13	1.25888130240727	1.94482715788339	-1.43302712712873	-0.229122921283623	2.37256668311504	3.68541810157328	-3.75960947314256	0.0707843458872769	-1.8623077820544	3.30198679844369	-1.24724131071759	-0.514338825735766	0.477121969742585	-0.512522792712396	-1.03357294792327	-1.43444592037541	4.32281521343944	-0.25502861007737	-0.707192262518443	3.21777662602347	1.31508457646258	1.66915122872852	-3.95551394853807	-0.178521561354418	2.0825524935893	1.558360911919	-0.541721007890695	-0.461719425282189	1.83848428344149	-0.100498743522662	-1.80659508856444	1.6522953467141	-0.594973790288304	0.691526566439671	-1.69341538803262	1.87064764336412	0.464496578291048	-0.189748141448869	2.22444602538131
MA0878.2_CDX1	CDX1	2.24830698278978	1.73283176768004	2.79271923523933	1.80324922832164e-22	2.06411710945316e-22	1.43553883183311	-0.273934372804018	-0.838711821688015	-1.07875355949982	0.113356259446599	-1.52968682665438	2.33107918895369	2.3264672908622	-3.06894389859922	-3.43912239314709	1.67100996446032	-0.926040137960132	1.92773956306394	2.34121749227837	2.07914454274361	-3.4839585292521	-1.44367018974584	1.59379261101442	-2.35730025945632	-1.69100204098544	-0.592364292016544	6.89120060449835	2.20485236690614	1.87727794753571	0.93083011312345	2.07178237542536	0.0422011038957725	0.779384435674187	0.697288539816855	-0.372611461966544	-0.75743366155939	-1.30103356043087	1.22536194487309	-2.08034998863734	3.30833869196409	0.455346220045846	-2.5959093298221	2.4622420159478	-4.21642990941755
MA0882.1_DLX6	DLX6	4.56104117106479	3.26514505415006	5.51635688576626	1.99060106361554e-141	4.13131302711028e-141	-1.23931986030385	-1.5498453794027	-1.68749493001287	-1.24836862805031	-0.569671134968168	2.01561236984291	-2.55550955974415	8.63707248471621	-5.90305658350015	-3.0126654322934	1.19912017867133	-1.10804967281019	9.75670373895489	9.86457755513372	11.5125315745351	-5.71004032061447	-1.20360458289425	0.955669229603409	-5.97287844325423	-1.37133158629726	-1.64568161414782	-7.28323295195397	-3.63910652925131	7.68360376049397	-0.647116956503347	-0.591007655354244	-1.54453635209627	1.70521450717655	-0.652545374391648	-1.6206237769121	-2.76392154560712	0.86337754557609	-2.48934066368613	1.47510580595563	7.48139774102234	-3.64066191375456	-0.222963603474841	4.55723489722302	-3.02468444756436
MA0884.1_DUXA	DUXA	2.54961721474066	1.93347018440305	3.01556262479583	1.87134945649356e-32	2.30012467176782e-32	-1.92550402331953	-4.06092645160382	-2.75593910885568	1.06318317212888	-1.40711741808343	-4.33350915669745	-3.44485842885298	1.8050511184408	-6.53964940398509	1.45116659816303	0.328520782769601	-0.131660275209916	1.845841448846	1.87580328749589	1.88994173921296	-6.36598912433432	0.668717243000217	1.2720995474732	-2.42070321601036	-0.236723033888017	-0.243441199859834	-3.44034518069287	-3.80831518096298	1.40502253624299	1.03351160085895	-1.22852191379256	0.370997930003582	0.505313179511367	0.579510357945958	-0.420948139273545	0.273645977823714	2.47282902177815	0.446547592670202	2.17143837515529	4.45897878366816	-0.159835568720088	1.40190685407844	4.09480099898159	0.00747977496942457
MA0886.1_EMX2	EMX2	4.97615388837733	3.47756965591759	6.03436832294439	9.75928460928706e-173	2.41313560846825e-172	-1.16795216949168	-1.93397620116274	-2.12479211105262	-1.27065301346918	-0.786974368613984	0.77915649538413	-3.51401630443345	7.76154302402985	-5.34233925823119	-3.15012894375141	2.71585404877627	-1.18070117203051	7.45609109894683	10.142825204692	11.8647219259773	-5.20070522157556	-0.512755657752342	3.06930400314062	-7.26451769067964	-0.963329068075439	-1.48025962191164	-5.92657564833768	-4.75982396131867	7.23467470173829	-0.95661661503445	-0.475032572903821	-2.98170415503333	0.0564444400592118	-0.863468065265607	-4.69778311274879	-3.62395170171949	-1.06353978175385	-2.25456662448764	0.056759198498134	13.6773805410501	-4.0277043629445	-1.07215166432402	6.18726014541748	-3.43410108301829
MA0887.1_EVX1	EVX1	5.10046606687224	3.38378118496456	6.37587898798173	1.09153158281106e-182	2.79732587821619e-182	-1.02947883573965	-1.65806122316935	-1.82725965995343	-1.23391540504655	-0.832253816796152	2.2130946101897	-1.7483116065938	9.64483837120821	-3.88530456441939	-2.3986822763676	2.18967443451527	-1.3617021600387	12.6410492667625	13.0205302129876	14.8665060224555	-4.12100380158366	-0.801081459471638	1.8925471933107	-5.93030438181727	-1.16034705038606	-1.57698668815628	-4.72122852346116	-3.15531844478064	8.73925025726153	-0.701943235981075	-1.37441373929774	-1.658952570047	-2.47855772426174	-0.713655915587085	-5.64150292354781	-1.91905354430989	-1.59549740374059	-3.32599634284417	2.13391602232236	6.41391104419408	-3.06345461289005	-0.0606167410678114	2.30797924557511	-3.75990760656589
MA0888.1_EVX2	EVX2	4.67425637713552	3.29226161242335	5.67723634291577	1.13155473243079e-149	2.48706300565518e-149	-1.03479029131066	-1.9571253079773	-2.21821601962863	-1.266521269212	-1.00275865034919	1.82243966553888	-1.22114438625443	8.30629888159899	-4.79009901126751	-3.68400840128333	2.5441785279057	-1.31069752683984	11.1687756724444	10.6625323832756	11.8397076308982	-4.94413589112458	-0.813289947035847	2.44329960828765	-5.85795602738512	-1.29774957453349	-1.60139128614021	-4.09059090197514	-2.55208870487207	7.44352663979843	-0.792683092784247	-1.35763413217937	-2.30939628254565	-1.41145767246263	-0.823063088967044	-4.57348781482227	-3.43134545841565	-1.73478398947991	-2.05455667566346	1.57755053825952	8.68514119527221	-3.8089952083572	-0.372295131195499	3.96793232650225	-3.76645568010193
MA0889.1_GBX1	GBX1	5.39726258454288	3.63085129131063	6.7030734862487	1.62621275512698e-207	4.76570682405268e-207	-1.71013504208017	-2.25164878051364	-2.58199223337421	-1.4265578366502	-0.859784843403266	-0.134235883859294	-2.25719532024341	8.08489502014566	-5.66707541885695	-2.96346553300268	2.54724337847963	-1.06623462498664	7.18836550218453	10.8920701531182	11.781502785047	-6.17006447491212	-1.09972745542841	2.28273895130304	-7.90073344195615	-1.28474846040676	-1.73170338611082	-9.41861600415254	-4.08768687299409	7.28692084900707	-1.1394235646958	-0.0171089730608722	-2.67273504067868	0.36997524539644	-1.1761716314598	-3.25523320901822	-3.53939726631652	-1.46692141386091	-1.52992567130348	0.856541825842878	16.5112574472716	-4.07859070793866	-0.713036045324884	7.0719684293565	-3.64147967065473
MA0890.1_GBX2	GBX2	10.0532821391658	7.59287344157891	11.8932826394413	0	0	-12.8535242849214	-13.5858664177404	-15.8304977134067	-4.52643940850894	-10.5104945759031	-0.641448558639604	-4.66956177497481	17.1262678420067	-10.3602723838119	-3.58387689682088	4.23709605288519	0.869558079753447	10.9489530936783	21.4351943168117	19.2321960222484	-13.2744612983146	0.424275730849269	3.43672476576545	-7.67344399314126	-1.63321034277923	-4.76996175245228	-14.8118446339992	-5.96734575251329	17.9536938694744	-10.5179061366651	-0.412692754831917	-7.97787562849925	-0.436093453757318	-11.6969270517387	-4.68301491156319	-6.97974523841638	-0.881466528922051	-2.48035768391167	3.97719801034502	17.6370905581929	-7.07339438970425	0.336934591785125	6.59211791018971	-12.5976953487159
MA0891.1_GSC2	GSC2	2.23204710971709	0.925769562400009	3.41073987456622	5.56065584739722e-22	6.34215342595035e-22	-0.982845004287907	0.247174642312406	-0.913075797644619	-0.363723826601917	-0.106092037496289	11.2944228976758	-1.1062010909892	-0.191825721642052	-0.431721730847636	-1.9032344091749	-0.450719035912708	-0.126010295627281	0.656407407201938	-0.230841394069675	-1.05434279193907	-0.398672979316709	0.362106316264119	-0.214706761806957	-0.1029362656164	-0.333487774143357	2.62269270884854	-0.103016721898854	-1.60912290521931	-0.366521494769981	-0.867306138547288	2.61813233577346	-0.196553065303274	-1.45654233658277	-1.0793127127821	-2.50339166182256	0.577185584273987	1.23727348468783	-0.114169377483301	-0.625096790012642	1.07293804329204	-2.86287491213676	-0.557485066822057	0.361321368240856	-3.73311320279564
MA0892.1_GSX1	GSX1	7.61682474942182	5.65674807927259	8.96600019848697	0	0	-9.47538735722068	-10.0768601663177	-11.6071622231526	-5.16171980981988	-8.60156484024027	-7.07088325738838	-3.96007684692445	11.8897416316784	-7.20603087838709	-4.63527954884624	4.52407785827131	-0.599788315159579	5.18326064753745	15.723323441782	13.7054528922691	-9.84033458033562	0.419488337188348	4.85158998138986	-5.94709784526544	-0.798278303355147	-2.9904600000098	-7.57102570303819	-4.83322382912826	13.4508731328231	-8.09239689137327	-0.18627585505687	-9.72435820452702	1.54637910026058	-8.66276698323224	-3.81309656417826	-5.90471023908443	-1.43120383243653	-0.892206590865211	0.379448277841504	13.0514207407978	-7.72908571274928	-3.19856397376138	6.66380341839004	-11.8449203341886
MA0893.2_GSX2	GSX2	6.38740993008205	4.59905705337455	7.66491099650288	3.59939003132828e-301	1.42400868114425e-300	-2.02092535666055	-3.04262162911901	-3.20905497707755	-1.5644593344419	-1.59378504661054	1.48774543538543	-4.38854772501823	11.4906450297967	-8.37943646948257	-3.93751565693528	2.45958265921536	-1.35700045900826	11.2351219432924	13.849376775163	16.0192840604851	-8.26385351212637	0.0305998282054223	2.48004697774201	-7.89021794404943	-0.716976793263243	-2.03892837706192	-7.6812069781653	-4.75949800710571	10.6085775842681	-1.72234534423448	-0.701550145363884	-4.66613487186063	-0.731159191373247	-1.67036778099408	-5.07120570096675	-5.94879497233353	-1.63272098442256	-2.52630141610792	2.09368645534121	13.1262390356852	-4.734945614863	-0.301331143200519	6.4524990508036	-5.03268869082915
MA0894.1_HESX1	HESX1	7.4767626995486	5.70156924133392	8.7121906132684	0	0	-9.13635228592245	-11.0283045626897	-11.0310760775672	-4.70545383528116	-9.58711415519327	-5.64436742605848	-1.58646981509855	11.6751295510757	-6.57308715328633	-4.44536909553026	8.61345797407854	1.72718795579944	7.43803657821433	15.2093394874444	12.8693843143286	-9.38509390099026	-1.92455547812475	6.72502570542947	-5.4058844818509	-2.60455412681806	-3.24323406361512	-8.79190468312228	-2.51050650202537	11.6553287867876	-5.60243869764595	-1.04243527457458	-6.99062063420566	0.753995135361939	-5.97661920009391	-3.95523484076612	-4.343597330351	-1.79343641932712	-1.82552350285146	-0.519219426971456	13.1080138136052	-8.17886314698461	-3.8732908193178	5.26066407179734	-12.9695709903361
MA0895.1_HMBOX1	HMBOX1	1.77012635863806	1.39425088956413	2.06829689265221	2.73146122607029e-10	2.88650243088897e-10	0.159954560020526	-1.44856351222562	-1.65852767736656	0.183428017750894	-2.03078368183572	-2.31136338746022	-2.03797396509533	-0.903739054939888	-0.606275788207505	-3.00385582878174	2.67968610167462	0.556093934055237	0.372779386351294	-0.877314329412851	-1.03102391581994	0.572102945509032	2.70015075454865	3.26107392896299	0.466263149786016	2.21964095278044	1.02514126154198	0.640745156266336	-2.27048536845124	-0.977771090146415	-1.20666574272771	0.366749213458637	-2.49169287482202	-0.506822826645847	-2.97740662276912	-1.65891889133666	-2.98946837703353	-0.332670135073229	0.636178404875821	2.77677162522314	-0.583162477404222	0.471622582701519	3.54647263434732	-0.626552206612712	1.21096425984835
MA0899.1_HOXA10	HOXA10	2.74345150225476	2.15900239035144	3.25564412672008	8.75009223691677e-40	1.13500171843613e-39	0.274818899761945	-1.15810816365558	-1.53721504503077	-1.17840180645326	-0.742855332002351	-2.48558945218687	2.3464934418906	4.62931646026506	-2.58738100612477	-3.05017333353902	1.67445212325721	-0.828389493027949	2.53979508434511	5.73752308042997	5.06639945420769	-3.85905572791365	-1.09300967256607	1.59296127589974	-0.214873376867835	-1.45442464828021	-0.916184392356267	1.86595998286623	2.44472997869368	4.24603842976484	-0.237106660464694	1.10425776642561	-1.86987057047289	0.606405263560525	-0.357620648138593	-2.43971392287439	-2.37318152809794	-1.6344695937206	2.3902916229925	-1.17847431819896	4.37151461318134	-3.71532656006999	-2.09321294218279	2.7742653689653	-6.47436189754381
MA0900.2_HOXA2	HOXA2	4.60159871736666	3.22745465077012	5.56567108825894	2.34759878601238e-144	4.97000010550447e-144	-1.06473018962806	-1.45985828564094	-1.56088621837196	-1.23939787576409	-0.662923599129429	1.51880118040977	-2.6291175200843	7.74077812545342	-5.18064979172739	-2.47180743212241	1.78577358387421	-1.23505750894365	8.62300614611442	9.76864750334048	11.442375246438	-4.8339775488699	-0.836429820757991	1.76139851689855	-6.25378362959037	-1.04840134472828	-1.59169379784807	-5.94764339336505	-3.58146471252286	7.01889423736148	-0.75329672532641	-0.628961021197038	-2.1793953910488	0.0687240373956673	-0.716135167656423	-3.58693907501114	-4.2149236925758	-1.35789716299869	-1.83505780623651	0.91715036902533	11.4719428834844	-3.4714224787547	-0.576636436056085	5.16950416871468	-2.95681866538987
MA0901.2_HOXB13	HOXB13	1.69632083164026	1.23750466638046	2.12987330037322	7.89902587131748e-09	8.25096266756429e-09	1.35639047387499	0.313612975543482	-0.231096309727552	-0.328011991655499	0.353027752595319	-2.51981804693473	2.65799406737939	0.122946070349943	-1.42809593503059	0.287504535175013	0.377332836906703	-1.00974577009349	0.873113471276573	0.711035620506204	0.296043495744166	-2.62387822807232	-0.661127957070877	0.391903485135241	-0.746331661798506	-0.560306734206997	-0.0120872968559668	1.01804215613536	2.71363329258201	0.4640402410284	1.17413737453079	0.106337944101151	-1.49108112791099	0.789679118410407	1.13265444005369	-1.41118762298037	-3.05295909740665	-1.35471154451674	4.27894793144937	-0.539434223147766	2.01819337491695	-2.22684047095293	-0.769924065521021	2.24325430508455	-4.49975005188617
MA0902.2_HOXB2	HOXB2	4.60159871736666	3.22745465077012	5.56567108825894	2.34759878601238e-144	4.97000010550447e-144	-1.06473018962806	-1.45985828564094	-1.56088621837196	-1.23939787576409	-0.662923599129429	1.51880118040977	-2.6291175200843	7.74077812545342	-5.18064979172739	-2.47180743212241	1.78577358387421	-1.23505750894365	8.62300614611442	9.76864750334048	11.442375246438	-4.8339775488699	-0.836429820757991	1.76139851689855	-6.25378362959037	-1.04840134472828	-1.59169379784807	-5.94764339336505	-3.58146471252286	7.01889423736148	-0.75329672532641	-0.628961021197038	-2.1793953910488	0.0687240373956673	-0.716135167656423	-3.58693907501114	-4.2149236925758	-1.35789716299869	-1.83505780623651	0.91715036902533	11.4719428834844	-3.4714224787547	-0.576636436056085	5.16950416871468	-2.95681866538987
MA0903.1_HOXB3	HOXB3	9.07699208471445	6.83718415951063	10.7142143544658	0	0	-9.93469955494547	-15.6089957734439	-12.6428821675046	-6.18926900629298	-11.7866785646607	-5.34310874120632	-5.5997649971178	15.786875062367	-10.7399779758159	-5.37190194084766	4.57143460769199	-1.43680346414617	6.9220728443802	18.0070215758005	17.0137693941679	-10.9538114665962	3.56987632852215	4.70156371220347	-6.86762344138925	1.65358648421844	-3.99782411936044	-7.77063662600252	-6.05351784734297	16.3218847032528	-6.72851375220779	-0.750017595599291	-9.72736604418141	-0.639736418610071	-7.97803950481601	-5.80179508426514	-5.50655013965518	-2.38421212503986	-1.88573368365809	3.9173989508631	16.06105090574	-7.53365880564535	0.576357880660209	7.77251506775633	-13.0606706537946
MA0904.2_HOXB5	HOXB5	4.96874976862341	3.33075049248696	6.1749994091951	3.74783745786911e-172	9.05488973599675e-172	-0.981591504739927	-1.33632514074214	-1.66995062531693	-1.22740759914782	-0.524575071579068	3.18239170165705	-3.12548988111973	9.3688180509534	-6.01947550373012	-3.00625984311589	1.54575677149572	-1.36541349463472	13.2873583068605	10.9825413155895	13.6550466451185	-5.42293021949639	-0.880388119066731	1.62086716907394	-6.58420524470197	-1.13182298487889	-1.3525875018961	-5.51317761565158	-4.12262938749222	8.26560628958896	-0.605195944467267	0.073326461538798	-1.7212175664159	-0.974453851755123	-0.727426002306618	-4.04132312040461	-2.62352847490274	-2.02575732866324	-3.58413519591864	2.12322478584539	4.76741647983202	-3.26690074112921	0.0437898742745815	2.06791828210176	-2.8865647570294
MA0905.1_HOXC10	HOXC10	2.68536005847251	1.98456818331559	3.21505333222412	1.63072069293721e-37	2.08114152949447e-37	2.74481214633878	-7.76077646126441	-4.13056383037667	0.238924342097206	-4.72054935648307	-3.6217884154133	0.549530958617045	2.07108435225874	-2.42069174997841	0.171674217024348	0.129314466362216	-4.61968480283797	0.218561062439423	2.61580093058768	1.56733820030216	-3.81837328315511	-0.121814176597269	-0.242334475483997	-5.06913147159534	-0.905260899924926	-0.560386110125733	5.57450227754226	1.01216508235669	1.89755993991881	1.05192145533832	-0.500863534810248	0.0343261521642771	-0.0939609706860999	1.10062350164789	-0.556912024614525	-0.142817744928125	-3.01838787211524	-0.0784404359205719	0.459854133599098	1.80971924408779	3.53450897603628	-1.12322108614061	1.92576381687926	-3.28312203084648
MA0906.1_HOXC12	HOXC12	1.8363219915335	1.42067989280604	2.14054002596388	1.06690480520754e-11	1.13504326335525e-11	1.81754505905959	-2.77548921663664	-3.74387330269113	1.3240191976046	-1.30938842106612	-0.731090509308931	0.106815799620169	-0.476778691310161	-2.81499522682212	-1.7213333341307	0.85910731895162	-0.170232095139838	-0.431487192356727	0.144035719730541	-0.827634608292249	-3.6216072901952	0.257986438566985	1.21116705139655	-0.519317097325932	-0.36664347820912	2.47948249029025	2.81101769852216	0.856993459002489	-0.0778268199245397	-0.029991398130156	2.83200939189199	-0.58099018955387	-1.69942785831251	-0.481259772163605	-2.51018285412706	-1.65206444775966	-2.51998028031598	0.487547244407061	-0.0360841468129917	2.43043616820429	1.45517211637877	-0.883068910438297	3.69590800188155	-3.1068904776089
MA0907.1_HOXC13	HOXC13	2.79364980048113	1.99970674590134	3.4111069460962	8.50671646006345e-42	1.11949096033683e-41	1.28142783442244	-3.68316573487013	-8.0528778851512	-0.0281875986569161	-3.543902121294	-2.10338402576598	0.927979379531419	1.62003435496488	-6.15419099914044	-0.783461943192902	-0.71051998046074	2.12728937536193	3.37730072732294	2.82223402783434	1.76940023743607	-6.85558717369349	0.305979673600872	-0.311663457964753	-0.498148945663006	-0.0126671296372333	-1.21744846079389	1.94107351588911	0.573572464127076	2.08193950959599	0.353666593898116	-1.89049430718297	-1.73214699501814	1.98760404515236	-0.0429766771509988	0.865722862014899	-2.2256326969039	0.569570056461751	1.4262960053414	-1.64558352300032	4.06020001763984	0.149062241381137	-3.76105065338235	4.24853548880547	-2.9845016691336
MA0908.1_HOXD11	HOXD11	2.37885414619525	1.86617201203413	2.72381128798097	1.39233873517912e-26	1.63819780551745e-26	1.43274884893312	-5.30286721887384	-3.48609099433348	1.31950483043468	-3.77466438133124	-0.245250411279123	-0.875292906029382	1.73592676649915	-2.6273830671369	-1.51325879449806	0.50374772839274	-3.98695396535616	2.56471499666338	2.10064792437181	1.55364415206444	-3.84898246854412	2.21735653742479	1.44242807793472	-5.50733637470435	1.60441987150926	1.58832422232835	3.1308021323089	0.196780579261975	1.68036084326203	0.555417563760932	1.16326769503253	0.834186484232034	-2.27179416201763	0.269680035671661	-3.0089590402553	-0.552200245324703	-2.99116254328122	1.17522204063067	0.64253260841589	1.66230715754452	1.03701716106672	-0.564730055221812	1.16039928760493	-3.91207135890168
MA0909.2_HOXD13	HOXD13	1.8820010527184	1.48439368800011	2.24466762148122	1.0072006465233e-12	1.07695609670481e-12	1.52920828469021	-0.0476905245601367	-0.355158914950302	-1.00082520879727	0.33145575329085	0.459824669258192	2.80274673148843	0.345129745008545	-3.01708210474528	-2.10382519064034	1.78743604532854	-1.17246775755222	2.13821242600643	0.701994132588169	0.0405147827975786	-2.57581978850556	-2.01160467785141	1.26467795489268	-2.44832409545214	-1.93048596929003	-0.369673283212902	5.11158743897527	2.01575213009374	0.249163230075342	1.93580657389626	2.10551244336405	-0.218059026988796	-0.820418012153112	1.84987927323937	-1.09391441842686	-0.244378611630556	-0.752273858784415	-0.0782167260348047	-1.17256972963041	3.0735528453023	-1.11979511411584	-1.55512651200923	2.92886758996583	-3.21540821047192
MA0910.2_HOXD8	HOXD8	8.05278993417202	5.84652770890842	9.55586644294682	0	0	-9.44712152709026	-8.29820905132324	-10.0498165860773	-4.52911549382817	-5.46212625024004	8.51959598464354	-5.61507115994923	16.3228808366029	-8.49168423098704	-4.73462924909646	1.462107267155	-5.13290781958659	15.2076337212307	16.469863855594	16.4388169727889	-9.25982031060457	1.47726217386098	0.986049022876799	-6.44086127250552	-0.39851212885507	-1.93405682265382	-8.99374701491929	-6.4342346446761	15.5418288137994	-7.9089321488293	0.507103218720655	-3.56824295775726	-5.14887531936709	-9.37826135283598	-9.52781228294936	-2.02134747387758	-0.334913119962826	-5.44260231305385	6.50427083706365	0.344226899750196	-4.31456327003808	3.5536474060596	0.521787332065604	-7.57732343715927
MA0912.2_HOXD3	HOXD3	4.60159871736666	3.22745465077012	5.56567108825894	2.34759878601238e-144	4.97000010550447e-144	-1.06473018962806	-1.45985828564094	-1.56088621837196	-1.23939787576409	-0.662923599129429	1.51880118040977	-2.6291175200843	7.74077812545342	-5.18064979172739	-2.47180743212241	1.78577358387421	-1.23505750894365	8.62300614611442	9.76864750334048	11.442375246438	-4.8339775488699	-0.836429820757991	1.76139851689855	-6.25378362959037	-1.04840134472828	-1.59169379784807	-5.94764339336505	-3.58146471252286	7.01889423736148	-0.75329672532641	-0.628961021197038	-2.1793953910488	0.0687240373956673	-0.716135167656423	-3.58693907501114	-4.2149236925758	-1.35789716299869	-1.83505780623651	0.91715036902533	11.4719428834844	-3.4714224787547	-0.576636436056085	5.16950416871468	-2.95681866538987
MA0913.2_HOXD9	HOXD9	2.88671888466551	2.19823693127364	3.37028039713489	1.19141002996584e-45	1.60802249246989e-45	0.682079319567539	-1.22791133546092	-1.57994340093822	-1.18224773240388	-0.486799653416448	-1.62271265444629	0.484332609333221	5.22818077519991	-3.65337750211116	-3.78308829357668	1.62388824054749	-0.812411889696735	5.34936927047905	6.10050846593664	5.72226774075612	-4.90242673222327	-1.03590239089755	1.56557421189519	-2.60548527265648	-1.29858350977763	-1.14780223280979	3.30229363031288	0.641271104315895	4.79307387577234	-0.0250128734870476	1.29753154118875	-1.01354461018355	-0.061344445269996	-0.0936329349373603	-1.85528837266733	-1.90665998861977	-0.543835686559316	1.63186821948143	-0.663098712803979	4.7989304881066	-1.46317645421604	-1.93485541813952	2.78834969745291	-5.48665823078477
MA0914.1_ISL2	ISL2	6.43602943881789	4.71821777984882	7.68101620571063	3.38854999392015e-306	1.39282606892952e-305	-9.28661339333926	-8.16747930245916	-8.96336925302954	-3.46537139151029	-3.15598405155157	-1.17946909713744	-0.564461034121783	11.5604559385439	-1.61159569535823	-3.51351237597622	1.12319933554774	11.2266663046132	4.71962043255679	14.7548129072534	12.5505725072116	-4.17189531965137	-2.04130703591515	-0.13222025864241	4.86892619612164	-3.40846028136554	-3.57995293661033	-10.0609502592246	-0.976424396237097	12.1364073319121	-8.96748423471054	-1.36363771907817	-3.98099546612109	4.01363668325694	-8.27325590935325	-0.492151575277598	-0.8138553027339	1.22665918658203	-0.464037077236222	1.17683818031145	0.223511830524807	-7.97803332742855	-1.79406584079671	-2.57334141747549	-9.41378961519094
MA1099.2_HES1	HES1	2.63685324517643	2.11890630473328	3.06144587121497	1.14826883559286e-35	1.43931519392135e-35	-1.94797069112044	1.18092049149221	-4.1699834090741	1.43789326354257	2.23395209565436	-4.56757319827608	-2.28727177551828	4.32344034274918	-2.92312269460118	3.14395085971513	-2.99118928815299	-1.28694420481787	-1.87967088590661	3.10630617027782	3.6080662972694	-5.81626393447427	0.658908714992941	-4.1867710019295	-1.52959050728942	0.280174534822847	-0.0319111057654763	-3.85793832667252	-0.896825240123935	3.14017532322062	0.545907089524399	0.199042356434326	-1.25340136484082	1.2762062520195	0.980425026938299	0.22837991262983	-2.58998181471857	-1.60214476036873	4.14125114919342	0.612697847361305	0.087848231827264	-0.467025359344355	1.06632443019864	2.04627456753177	4.32654433104131
MA1100.2_ASCL1	ASCL1	10.80262691529	8.17225357235618	12.9166683289555	0	0	-15.266593866009	-8.03057730555326	-3.04776051472437	0.0694480686335328	-12.3206368244072	-15.376721548574	16.9548378095368	2.8068527277973	3.42481554471045	-5.51394267040875	16.3840438202205	-4.98589912946935	-6.93953884263681	3.54231998677313	3.79978832115754	1.78277560004655	-27.0826948785359	3.49584152652465	6.99275078283114	-25.2645051247673	-4.94077540672123	-9.07636803956314	13.6906958477533	2.20396835757563	-13.1102940991396	-7.01313943881761	-7.46227316459592	19.3669346294057	-11.8620402406084	18.0642496996916	2.67817435705661	0.508280260268004	-5.12751542263881	-3.54747811315695	6.27938199155506	-12.3478638892116	-2.20790547849561	-0.897059803693832	-12.2892821696527
MA1101.2_BACH2	BACH2	4.76413320963392	3.32484470458505	5.88627489615264	2.24360641022169e-156	5.12708612877376e-156	-0.441706723947478	2.79530570898104	0.0510445470109198	-0.721335348227245	1.07982815127086	-0.438272037714372	-3.44504830480715	-1.37505920898729	-1.5204331375468	-2.70160662933897	5.33378658414189	-2.82127801985592	-13.8648576880782	-3.54488993453374	-4.58386447777169	10.2962072056467	10.8254240961466	1.97521070075841	-2.58923066004897	3.77612463579961	-0.968107964504447	-1.29182244287126	-1.68599251297505	-0.275757931988637	0.11084635360097	-1.89400588101632	6.04912666669011	1.74174745136409	-0.529772718533366	0.48440653975422	-4.03609466307401	-9.36997515343119	-6.73660005354132	2.10491928894681	-7.6232784233766	6.2321541814492	3.53611853991	-3.4590070670131	1.60724062209974
MA1102.2_CTCFL	CTCFL	2.56657948582439	2.12465679568565	2.94462727579048	4.55804470521772e-33	5.61331186459692e-33	-5.77470684358464	-4.46598693600623	-4.04231306663426	-0.755306571132248	-4.14508587445279	-1.08904629272545	0.459344466644	3.25784051590827	0.251591287896539	-3.54361668968555	0.249297951999291	0.653121396124024	-0.832962091608512	3.64944625079102	2.24446103733507	0.138369240371019	-2.29804723437734	0.335915536857699	2.67774808162569	-1.23733768988927	0.429539546942023	-1.22690010021614	-0.431229815362303	2.48150895097304	0.789732424704578	0.690226559943524	-3.08122564627698	3.9237204160482	-0.866391886849793	3.74223288745241	-3.0401811707237	2.1203057120635	2.33882191396612	2.35505482816955	-4.16298488571268	-1.381703838213	2.29373799590709	-2.21368797029203	-2.29997079025085
MA1103.2_FOXK2	FOXK2	10.3393418520465	8.46678481691398	11.9701423869015	0	0	-3.43001707069461	18.0132530655797	6.37539128200035	2.3399454940637	6.41269005560672	2.09141280635662	-3.69283011416591	6.18833664469365	14.0291018839838	-5.02931888510462	15.4770618914755	2.41523908720648	-3.83144316724166	9.33242616256333	10.9337003347365	15.3613747948016	-11.1468007885265	13.0923875901832	5.34939082039617	-12.7942720248984	-3.50547873949255	-2.36610301815768	-0.90997457072009	8.0709991572271	-4.87663461538539	-5.79774508274507	22.9310447676025	-12.0546851833609	-4.07565262795879	-12.5819262107134	19.8085941068745	-5.50493646913814	6.598041205133	8.96956105650429	-17.0855493193313	-2.55576841245566	5.10198990168724	-16.6102434916282	-11.2687633957379
MA1104.2_GATA6	GATA6	5.17648743836301	3.89267324423917	6.16693573998091	6.63992017352889e-189	1.76599557556462e-188	4.51760061562062	3.35688895895211	8.4321782226008	0.182578916477636	-0.680579942289702	2.60815795002725	-0.330319811706753	-4.41245006708559	9.94291549190537	-3.69272218160093	3.97629607778619	-0.129782595349229	-0.285344697518454	-3.15946680770915	-3.78923910564022	10.9930955434216	-8.89734998310258	3.62241332380269	3.27167657811289	-7.26689190808259	-1.70772056216606	14.2040180870388	-0.345889826998729	-3.56048265243278	1.56397618420086	-2.89398806426193	3.6266867297071	5.52259100689748	3.2451884013926	6.91153504508103	1.40833071261582	-0.805293554669659	1.99880184611759	-1.84769469466953	-7.31196851471791	-3.90309275344207	-1.23919332294319	-7.29216764212896	-2.9826707329982
MA1105.2_GRHL2	GRHL2	4.09153173073492	2.94948348701904	4.90402748690868	1.34095339144337e-109	2.45324710053078e-109	8.27520268224507	0.346459477198793	-1.41341606127264	-0.753920542618307	-2.25908147544213	6.88692824243228	-0.00654552169682617	0.0222993952159757	-3.02754807674461	0.64012882849258	-4.42811398558257	-0.15309031996936	6.11207481943988	-4.01107685440261	0.455626361575316	-1.40859823393978	6.01508419549441	-2.37162223255475	1.42621095353279	5.92024716076939	-2.17174505048121	11.4279581583934	0.595362885840352	-1.50206775057978	2.66590269437998	-2.01787552405907	-2.26740348910561	1.18353006614968	3.35674014061633	1.32433686344976	-3.46005799732806	0.850165522851462	7.51301316060624	-3.37401667025681	-6.95976209242817	2.61769904021144	-3.49481911495519	-6.18081549751119	-0.512281114397515
MA1106.1_HIF1A	HIF1A	1.94265966195632	1.51079764255223	2.30393541690089	3.76312591684058e-14	4.09288437347094e-14	-1.01370941122545	2.71881265150912	-1.68386657139374	0.152283029218086	0.815109023197466	-1.54674542929854	1.66208839056414	3.57699681280359	-0.768693364417912	2.28047448592047	-0.258680233483853	1.00577529133537	-2.17003377980775	1.73807518211218	2.86134221391019	-0.974809263243872	1.2233976344536	-1.39238313763895	1.59900003088591	0.888094361559993	0.311505136107492	-1.89964985711428	2.64052561661615	3.48627113889165	1.08169319460609	0.854256332349789	3.82866044407464	-0.363264385170892	1.00906509364083	-1.79459155121307	0.791975453165795	-0.588168323843608	1.92307965365294	1.63294253795673	-4.32789219250677	-0.965991829080018	1.82405100787692	-3.97297086176325	0.296135206416796
MA1107.2_KLF9	KLF9	5.19514653723622	3.77966825430285	6.35540887144431	1.91166320268548e-190	5.12746952245723e-190	3.75577440809766	5.97835723819241	0.506840083346911	0.231423950277893	2.83686671026605	9.65220709732831	-11.6026919854403	-0.508689629356013	-0.532303323668326	-6.85695401005218	5.82706133318347	-2.90228703878946	2.91208553369586	-1.76836774685042	-1.67939450695686	-0.401768214040243	2.07245690925904	7.07836057723307	-4.06149679584153	3.03096702264098	1.60824829534359	6.51887603640266	-8.73650849889566	-0.645499960711215	5.11088452628556	6.14776742194382	5.42870166277967	-3.01602530640561	3.35398606302396	-4.78923412766093	6.33640089678925	1.49042302615246	2.32581621359628	2.34420123216877	-13.8461982591868	3.73134924481931	2.66345670491294	-6.18354646858704	3.23543138979887
MA1108.2_MXI1	MXI1	5.0949934174805	4.06167587288291	5.9104436378636	3.03175714973692e-182	7.70723805535531e-182	-6.40544708870317	2.48808853883344	1.19679959086998	1.75685211023798	-2.50122742915338	-7.67705076121897	7.87154635018091	-2.48783525316089	3.75409587168612	-3.33757429845017	5.29484802223845	-0.551354777860483	-10.8545227587038	-1.79022708720529	-1.40469784842757	1.11427587012682	-7.79127131632508	0.872583349425538	2.64377416611429	-6.2530831111088	-1.68318356020561	-6.02958112485037	9.03199050426155	-1.65627636192296	-6.20260405617323	-4.52781116010628	-0.40155234502184	4.44632209471545	-6.33498387761517	3.10946164889258	2.53645667397073	-5.2510246193614	-8.02495992499807	-1.00500811504986	8.9592294375187	-6.10955658853529	-0.563800084239882	7.83840855752524	-5.35879326898794
MA1109.1_NEUROD1	NEUROD1	20.3808771691867	11.0434780767095	27.3122176103832	0	0	-18.1262289151328	-19.6751240471154	-14.657011547602	-8.45453544478169	-12.209791157928	-1.67275919316662	22.1873657375121	-21.4209419875319	-14.8705611888848	-5.72176726199645	-13.1939266457989	-10.0613551382166	-10.1057497921732	-21.5492901402516	-19.9839543427801	-17.3320658247495	-23.3853493313861	-16.299830434889	-16.5234625817525	-22.0531916827572	-7.58685423954839	-18.8496862508365	17.4385473259765	-22.8173686315575	-15.4438314729652	-4.79735621769768	-19.22259233826	20.8910250232468	-15.7470542732253	28.546615655059	-14.3956289764695	11.1550379223702	-19.18977963168	-7.60289102291597	67.4458878039251	-14.2817455524503	-9.0580198500356	52.4338987792391	-14.7034390629689
MA1110.1_NR1H4	NR1H4	3.71852141735283	2.68375500496529	4.50333270113368	4.75476274098204e-87	7.73718461450291e-87	-3.42042034249957	-1.16437793013669	-1.42762613674939	-1.05231329886596	-1.19830111804924	-8.10452256632477	7.63527129355273	3.30480234752251	0.773317950440189	-3.60529426395936	2.99232307601839	2.36391372688651	-4.68208374388868	3.6018168073427	4.03323211854798	-0.0776628622934671	-8.17703451351127	-0.0457841473122919	2.6344465449137	-6.80587333442495	0.466949322330817	-1.66428427163603	8.75571170817991	2.3155517086984	-3.67194565041137	1.42319024765638	-2.7652494137718	2.31609443604162	-3.6672207528727	2.07058401035405	-2.85724779133959	-5.48741962685339	0.0156041739280619	1.22330946736643	-0.138383015085225	0.0713764167403561	1.61216350471052	-1.26958676484269	-2.14772508797228
MA1111.1_NR2F2	NR2F2	5.35941129528084	3.88163985274969	6.55299084111328	2.89081792507414e-204	8.31767157532696e-204	-0.22390633017152	7.45674009616285	1.6134790131609	-0.742163897397439	3.31657924794746	-6.8948410980227	13.4939596926194	-0.800339536780634	6.70433981332377	-1.44702644429429	4.29340586450318	3.31460499630231	-7.05361934509609	-0.0605206295399891	0.135096357135113	5.27199320572318	-6.52296608653441	1.50827356123335	9.46078516639273	-4.61857485076223	-1.59817324402462	0.997543409003004	14.0505392653019	-0.140080596808716	-4.25653181051358	-0.110921445270771	-1.40692365876296	5.95812921848253	-4.05711547889019	3.3081196716065	-3.17322577432735	-3.28100108785328	3.82567515508905	0.399720369599966	-9.46539908141367	1.71930322838844	2.08540566354021	-8.94523366285345	1.33436632768826
MA1112.2_NR4A1	NR4A1	3.37677943768933	2.43831005947892	4.27739791288049	1.53049242585537e-68	2.30667072753917e-68	0.28647967802709	2.15194569033002	-0.549249561333587	-0.164656093702572	0.0722507226853442	-2.28553392086624	10.8587554232896	2.77735905921844	2.86852441893918	-2.04937051520421	5.47928637918088	0.702866018105237	-4.74277016685397	3.33557630477703	3.08410027888174	2.22537619259916	-2.34447495852657	3.38042841808901	2.29345619684012	-2.98596775590024	-1.32716334285671	1.61523583068935	7.41664492192073	2.99107069508464	-2.3360696391665	-0.97263442355619	-2.06410468168631	2.88636920693802	-2.43975682074572	1.40866637419094	-2.57303214712855	-2.04227304835059	-2.94144228506123	-1.93407661034066	-4.96306562282024	1.30614805987898	-2.23087787277845	-4.52020091503995	-2.67657716759401
MA1113.2_PBX2	PBX2	6.34251505650409	4.73966855421138	7.50537970986444	1.45195371365304e-296	5.60418719964863e-296	-3.01642179712492	-4.22289442141153	-8.12842772460623	1.61411162774129	-2.08666115711073	-6.23828232802286	-3.94987895166285	12.71087132138	-9.98970171715215	-4.83177354227459	1.96895145012318	0.98161438544034	1.49839226756585	12.135344659747	13.2152074694325	-10.684808413941	-3.22489941896296	3.26772991447836	-8.46873644401639	-4.57323231154177	-0.688829131046537	0.000104287965926558	-2.14155971822749	12.0098084871994	1.42154681500161	-1.14024387473514	-4.58676816644188	7.64150657706759	-0.473388872796515	5.65072440789485	-1.91288237155599	-5.56959089454934	-4.34840658381978	1.00170981453919	4.03024017078143	-8.51840438741244	-4.30274770155266	1.35696370134179	-11.6023992178215
MA1114.1_PBX3	PBX3	3.299373050377	2.76238958712377	3.71527782952483	1.22560382216903e-64	1.8211437075892e-64	-5.48471642768074	-4.10551367759186	2.22104916363914	0.177446274443113	-0.725886035441936	-4.16111282487549	4.31497519157548	2.38718207546088	4.95108503349548	0.156279487817906	2.21752961159942	2.89250202443581	-2.57293733103205	2.49161334683855	3.37727260928936	4.80871806899914	-0.39453398590062	-0.934212707288478	4.43590210904457	0.898591706197644	-0.189245655569961	-3.91119564827434	4.32639589947521	2.13567555111677	-5.66661984368332	-0.233264590463763	-1.92941737522641	4.91075055191666	-4.60631115505743	3.84693794070565	-1.61005887350774	-1.67126773902891	-1.91149524959445	-0.0318627310227523	-4.15958055922178	-3.78453899217001	-0.176617296704412	-5.81526841822447	-2.14160893323675
MA1115.1_POU5F1	POU5F1	28.4696175085148	17.2470719938847	35.4201358959301	0	0	56.2210071033351	-11.2686122681781	-15.2466933571388	-3.47214889960398	-12.8921622957763	-14.7439592801064	-12.4364438785252	-8.24144300379495	-13.1266584568702	-4.51969092499013	-7.6681942957818	-18.0315586452574	-15.8513412817713	-5.85788184852623	-7.94484506263903	-12.7442083263469	66.0936150434394	-5.88651941426724	-17.1762715344985	65.3204683380841	-3.42252697092335	82.5406331662029	-12.365781200582	-7.85932185457539	59.5732197073387	-0.449843630084725	-11.6805794390271	-10.5378617534558	70.2304089160888	-10.893687383447	-7.96517215008351	-8.70354638089143	-10.8760930134491	-10.3973387649036	-11.5818379886404	-5.77988719782178	-11.5650580139012	-12.9185969110142	8.35428042034341
MA1116.1_RBPJ	RBPJ	3.33431889079693	2.49093581224275	4.00530319815981	2.18443299607331e-66	3.26119360026982e-66	0.475361698227668	-2.64496284061441	-4.47371734763354	-1.16330547604392	-4.40976179486942	5.8379978903826	-3.48740136099322	-0.176103582572273	-5.07980469401128	-6.78696148702557	1.82266685306651	-3.89164971204888	4.56721123053072	-0.800356579845036	-0.195023346413116	-3.3587743887695	4.23520372798954	1.37169750938719	0.445101595630714	1.21709839887341	-2.83627362693651	5.05015744349647	-2.88566576899105	-0.891316274264456	-0.551094142587307	-2.29738436344293	-1.13006156371645	1.87511850468778	0.207239801786876	1.15332938811172	-0.582368032353677	-1.63760840509048	-1.51576050015016	-2.52748763507685	8.14476040989307	-2.33209328308184	-3.00912711402521	3.28879933675707	-6.51070882886633
MA1117.1_RELB	RELB	3.60736828309408	1.85225733461419	4.85244912961609	8.39226254624024e-81	1.33140405808774e-80	0.255045422248389	-2.39320693950877	-2.62793964762434	-0.58158797503561	-2.06125506279625	3.37510033864871	-3.89509893541588	-0.847291852109548	-2.83386528748446	-1.97752437436882	-2.39948871868066	-2.79488843675654	-0.627459843895811	-1.46690778336503	-1.83891023718506	-2.23505288781348	12.5699634145761	-1.82988694609697	-3.92631877249497	8.99687220843872	-0.551964193990759	1.90657487865622	-3.83165655584329	-1.51539715720947	0.502960044757205	0.873194630840471	-2.37408293545432	-0.854100678350746	0.213731676667719	-0.92252809651959	-2.95604753416937	-1.20075507002404	-0.252066827281451	-2.96236146117025	8.54007223639801	-1.59471594792368	-3.4122771792475	4.99026644709537	0.686292647868084
MA1118.1_SIX1	SIX1	8.28891298961388	5.89258645981106	10.0554068810513	0	0	-3.07405438518509	8.68381302114269	-2.38880153763002	-2.94846701792035	3.34691228709044	9.97983723047712	10.8337183977757	-2.48813844579838	-6.51714676871839	-4.10632689038277	-2.71794777984405	12.9203705413639	22.9486882859639	-5.65440729540325	-1.13756831811651	-4.33532083907296	-6.03185376773884	-7.31885907075065	11.7343991601533	-7.08392061999599	-0.444663177960106	0.279707270610878	9.10995903655462	-3.1049947110287	-2.98574796114932	2.08276610203859	-1.10718286577437	4.35891925541719	-2.21260360850332	2.48660917899338	-8.33688578330934	22.0185237497508	12.1395228228888	-2.53308562612546	-12.4012421486737	-4.93324061120681	-0.881100812581186	-12.6036965573851	-3.95973868420963
MA1119.1_SIX2	SIX2	10.5534857235241	7.16729993309052	13.297353061137	0	0	-6.15724693195664	9.21972178675114	-3.46956777594689	-3.18207007750652	4.6047944347552	10.6154025313375	11.511885447437	-3.35076391816673	-8.53422923816689	-4.92086414744652	-2.30777570257255	14.8059997000504	26.8805715828033	-8.13205843891235	-1.53426394370818	-6.19070020072467	-10.0195908580764	-8.05072617474802	13.0872640259801	-10.5324991033992	-0.599505934997778	-2.37789760149263	8.93851922574227	-4.27549874577904	-5.562144955159	1.65193807165696	-1.01759044469347	7.32745955372451	-3.91830522622274	4.30752750514208	-11.6335721416468	34.0210526095718	18.0304728250454	-3.04263810070439	-13.1714120830035	-6.64844173045987	-0.856622843260857	-11.5922112121086	-3.88164940939189
MA1120.1_SOX13	SOX13	4.78137798844531	3.71516635572758	5.65505168173168	1.11945008545197e-157	2.56743443511267e-157	0.00797341532322966	-0.499714909665307	3.77573461182474	-5.32224266879714	-4.6439501015375	8.43183327809485	-1.75685250755593	4.13345090358426	1.8023516764329	-3.0658109899716	5.24485266098415	-1.04045112188105	0.0882716340298844	3.73118413052344	2.65052800969336	3.34205074493517	-7.38583304279125	0.842333921503819	1.78256489997988	-9.15622499926172	-5.5498873720598	5.80105368797281	-2.64142312857605	1.3033481120948	-1.96519625467399	-1.08273329568452	4.10913630700392	0.4615262963263	-1.16876999891408	0.76930015416092	8.3498906986389	-2.2957322559165	-9.9212955306265	9.12600156329498	0.138965716000434	-0.949700220989038	7.66228559460396	-3.51488177180031	-8.47194645624651
MA1121.1_TEAD2	TEAD2	6.55978557651496	5.00965356032232	7.81986992635809	3.59976229559932e-319	1.58239345050034e-318	12.3409466639789	3.61244930329512	3.90570932769181	-1.2174651932689	7.1224902460607	6.69793184256987	-6.18101460049441	-7.99545472263963	-0.20667190498642	8.29455797194163	-1.55573934359106	-3.79069554583127	3.35522152627841	-8.27968833963687	-7.42785963313304	-1.04375329403978	5.43157837282542	-1.5578435413517	-6.54490339238921	4.58669462367045	-0.0401149657015936	13.5529522360837	-4.20537494319374	-6.60982502666693	11.9355217954471	0.299730348366047	-1.80593809093441	-4.14869460499026	12.1752694922852	-3.51749877941876	-2.15672561257094	0.937195129396014	-1.51726383581357	-0.290972467538643	-4.04582049877542	18.3395165787145	1.80177377362242	-1.95566333429864	7.4198497249043
MA1122.1_TFDP1	TFDP1	3.5709215292365	2.7730625931754	4.28956913469868	8.40684280690127e-79	1.32047927959516e-78	3.34578741894402	0.751731892178072	-3.00495523585508	-1.74030798167506	-1.99363345813074	1.93267274818338	-9.44801050298216	2.51692779093129	-3.10413472324745	-1.95551653749848	-5.14689753684249	-1.3702584272096	3.51430747125155	2.22444464279915	1.2082000176362	-3.64587950856425	4.58508647530906	-2.35508089773337	-2.77005913974953	2.8277373431338	-2.54469242038973	4.47524577660415	-8.03407724212872	2.39915672313592	3.99712363851608	-1.19396219132704	-1.03009824917096	-4.54554883975014	4.30429771845433	-4.29447785234216	-1.79326797496291	3.55724666843886	2.03287523144557	0.520882383763206	2.01107303888151	2.34852070410284	-0.207552234912201	6.19974654926108	0.803065410715573
MA1123.2_TWIST1	TWIST1	12.9798747684618	5.14861561978773	18.5318020942445	0	0	-10.5228195519124	-7.27295311181058	-7.80255271864768	-4.65658856420431	-8.1942502257586	-7.92809905961497	5.54421204647137	-9.45700029878382	-6.09477894663377	-5.55834604507726	-6.59364315307477	-5.74975274741394	-5.30977600322046	-7.80288240627799	-8.59427435103859	-7.45062392373419	-15.7431017604862	-5.45976188212308	-7.86627514598845	-14.2321797104258	-4.06927787881071	-9.4135074808624	4.87634135837113	-9.08523385867005	-9.68594092419306	-1.65132315765094	-14.7181281045617	10.0405583881613	-8.24826471500101	16.1394508167701	-11.6827721348129	-1.91337523805641	-7.7454395638932	-1.89912796606964	49.7844838182474	-9.8692446006078	-4.9690439286644	40.0574967553147	-7.90108265264421
MA1124.1_ZNF24	ZNF24	2.20167972732513	1.60956556098904	2.75731709185775	4.41273498518673e-21	5.00584452620646e-21	-2.1936156540018	-0.510826940528352	-0.537461488359491	1.14214456264359	-0.677795143333487	-2.23416970451646	-0.491547154835235	1.97570070584119	1.74749985688686	-2.86254483444356	-1.11664905506774	0.585472852324115	-7.69601379989362	2.99013133964269	2.31349982105951	2.52951937742249	0.992975450746829	-0.683971987631186	-3.78278963823644	1.09820983174743	1.09577159133095	-2.32466431624241	-0.382881890982582	1.19251629583045	-1.75571081303165	-0.495937010781325	1.09829758178398	-1.585400026797	-1.63624130950303	-1.73427834230236	3.21187359508835	-3.09380481459072	-0.468254271820023	3.09734297609347	0.536029544581874	-2.46161919809235	1.38173115717778	-0.341535150691362	-2.09322443449904
MA1125.1_ZNF384	ZNF384	5.48779474582327	3.58272954579622	7.05057967667805	2.18404180657422e-215	6.64662722866098e-215	1.11992337083474	-3.52574685457495	-3.03025160893918	-0.00618371108337257	-3.69305704551498	1.20429328910466	-3.62425843451026	-1.26946777419501	3.79496261773652	-2.80177152793812	-8.76156435524509	-1.14323800070589	10.8577191940497	-1.49689257490823	-1.02719407465097	0.934076740688156	9.06472419188288	-4.47854560879559	0.0689643228151535	14.7550324762783	0.970344254509476	3.7560946064945	-2.78772580415063	-0.560671427530857	2.01830571993165	4.13269136891553	-3.58297762852873	0.597737721793157	1.46555506833744	-1.42041699692943	-5.35997405495237	-1.51117430418959	18.1107397873547	-2.8327691636607	-9.48442104901753	-2.25361628912915	0.4759353615852	-4.57656070673809	2.35691311397514
MA1126.1_FOS::JUN(var.2)	FOS::JUN(var.2)	3.22317907554013	2.55355461189802	3.69547138696779	6.69716744268105e-61	9.7231811725163e-61	-3.93469178455497	-1.64367796551198	-2.35954669948024	-0.576963361809702	-2.66835540898663	-5.33040960480895	0.00108464053568815	6.34461478087345	-1.61385626253946	0.107927606339974	-0.0770733033060023	-4.61542161749735	-5.73946872089706	1.22452284884352	4.4940644076265	0.596321324367302	-4.63495915777418	-2.28453130569154	0.162027461799819	-3.59267071321023	-4.13404147732993	-4.13069043228177	2.42766705372369	3.67146918231501	0.008139932177885	-1.82031541562345	0.503594705789839	0.393431212572462	-0.663595763489259	1.1774365266409	-3.85016836420556	-4.13493765733857	3.99118065584552	3.30968621728134	0.0829500965399478	0.310477064304822	5.09335783283163	5.85647472923991	2.14774937427111
MA1127.1_FOSB::JUN	FOSB::JUN	4.01172380565574	3.17325943678994	4.60483641818137	1.43488680121999e-104	2.55135771115801e-104	-4.91302595065479	-3.04686749558668	-3.34068998214332	1.72216079335305	-3.02488424549191	-5.19787493292438	-1.52882616024081	8.77326010621638	-2.90551864945375	-3.74345994527911	-2.60575336495082	-4.70927243428102	-5.6553196986167	2.7031579272923	6.07888485972522	-0.496647061652185	-4.0091243554989	-4.47622810783991	-0.869086880043875	-3.24151377272382	-4.88957590354905	-5.09945995284977	1.72520954387525	5.28361570430772	2.79524195412855	-1.99100481886167	-0.0462678436085458	-1.13825785136383	1.5316219377986	-0.868175085952685	-4.56704132048608	-4.72466859461244	5.00999928738834	4.89846119234037	-0.129677863335073	0.863440984481242	6.07392261608085	6.9649763249097	2.83775893914595
MA1128.1_FOSL1::JUN	FOSL1::JUN	6.33716602514303	4.24138612214476	7.87960298933571	5.11017202908291e-296	1.94863788819848e-295	-0.793538680533506	2.6995503482169	-0.669081675119491	-0.80509375013587	0.554946430996679	-2.17034724237648	-3.61499924672304	-0.301915553729287	-3.50429169933482	-4.4146808587578	7.05882432181767	-3.55646929615088	-19.2182998864549	-2.69076194769319	-3.64812014589122	12.857242414014	15.2188502916445	1.88108842138533	-4.548905634318	5.508226856691	-1.13307922454699	-0.794952534352786	-1.94670735820007	1.21594119951838	-0.118711629789544	-1.84629135878199	6.63659411702035	3.16494319678378	-0.981926458007326	2.3478277492657	-6.38683798574026	-14.9022630906103	-7.98925161290046	2.07428163330407	-7.75413623633824	8.26785464094201	3.71734869061309	-4.16290446959046	3.59744929631803
MA1129.1_FOSL1::JUN(var.2)	FOSL1::JUN(var.2)	3.13114922924092	2.4470744051177	3.59332078534749	1.58852603947923e-56	2.25963366964124e-56	-4.47773802185744	-2.87775338906405	-2.35833256364456	1.15250565807136	-2.81920868239193	-4.20107913848932	-0.677401775561087	5.37457958397671	-1.61278817024197	-2.84269206220205	-1.04933028554174	-3.5854224642555	-4.39857517162762	1.37151227390949	3.76109786244928	-0.328562039313586	-3.19545003772549	-2.78539513471066	-1.24575480256814	-2.49025767459837	-3.78920440768782	-5.47583411208382	2.05811614532076	3.67872302621717	0.770027264382061	-1.78035079735057	0.640670358651755	-0.275260057302035	0.342529401941627	0.100886442628273	-3.53711210054425	-2.87366446733061	5.90377093175425	3.5230942046526	-0.537325336786085	0.998644387428907	5.2246010108013	5.75410241765511	2.6172036407161
MA1130.1_FOSL2::JUN	FOSL2::JUN	6.25485011788867	4.25407873664288	7.81655435323062	1.14095498887072e-287	4.22353513424072e-287	-0.581721766156876	3.06032567729331	-0.429376653210173	-0.794332209111569	0.663490539226565	-1.65168354775914	-3.78698800193817	-1.06489282584233	-2.65067648490134	-4.07619112960978	6.77716958907378	-3.4747412845994	-19.4855291728567	-3.42197782852572	-4.43800606777862	12.9073219171602	14.8377839146681	1.78187348500063	-4.84404706964791	5.27079178936397	-1.00689475521402	-0.65279830975116	-2.02374097108225	0.543012414780131	0.0290617813174913	-1.70311175554022	7.043092342904	2.37721465973302	-0.732114704915958	2.06078584122193	-5.67433277367097	-13.2146380867359	-8.51258925893296	2.60681030441005	-8.00426578316076	8.36458192976764	4.12062481408853	-4.3474771159946	3.17591423252774
MA1131.1_FOSL2::JUN(var.2)	FOSL2::JUN(var.2)	4.35151400280877	3.35689235728929	5.0433621083838	9.44027952670835e-127	1.81632125848218e-126	-6.37145000324058	-2.69582452880293	-2.99902514391686	1.29479827293211	-2.56425886933275	-6.60356815131986	0.158375057381054	8.96652477378971	-2.32575806335925	-4.10563248402507	-1.48762070173139	-4.88108393557317	-7.1405828741284	3.06846137110201	6.16727825784595	-0.196701770777926	-4.83563844655302	-4.03349859456154	-0.529594609523791	-4.19840043490501	-4.26522884418447	-6.46845085641667	3.14541706722753	5.12351299055723	0.798452191755259	-1.37469624104616	-0.37534520309134	-0.447888416257609	-0.421526884868285	-0.0221535341977004	-4.75250562074873	-4.12498599412379	6.6521885047093	5.09656333349611	0.416035501756203	-0.0177947655009335	6.93788574739886	8.69829103130452	1.56733448573013
MA1132.1_JUN::JUNB	JUN::JUNB	5.07593879114822	3.43461316065943	6.40965499135376	1.05298714908095e-180	2.65554129628783e-180	-0.49350320553827	2.32646160001109	-0.22223891307935	-0.621145298645418	0.768134163618944	-2.0234924657225	-3.46619521687907	-0.113095676125068	-1.42743000242543	-6.42015029294488	5.1638874533024	-2.91847939429929	-17.2060694398801	-1.96648077027591	-2.98312476066948	8.95546152587528	9.8459522020412	1.90719471934989	-2.82822888723761	3.47897572876165	-1.04045881535895	-0.859456458659761	-1.46306719339433	0.755948578574046	0.0778814669028736	-1.36425482379831	5.65614848960696	1.01153121443297	-0.392152993448801	0.668682130026708	-5.90577961517971	-12.0833449321449	-6.34985787536249	3.00211359837577	-7.61696060479186	5.59945156470119	3.77339263581933	-2.5313705716435	2.5087559514276
MA1133.1_JUN::JUNB(var.2)	JUN::JUNB(var.2)	3.46263913196175	2.83329848387509	3.91967906639097	5.36913368661947e-73	8.18954608103645e-73	-4.04877333021138	-2.17852677745438	-2.38619409150779	1.21771075740925	-2.64083438461024	-4.66669116956257	-0.946074925360484	5.53946355026555	-2.18579274094785	1.70613335365206	-2.60407591785234	-4.31363572720769	-4.64683629468141	0.475791855331125	3.25827274942707	-0.574944357845533	-4.91660848974654	-4.10565250850205	-1.35514943567549	-3.57147245399803	-4.19098797005178	-4.73515400823313	1.67660793898236	2.98570137207575	2.60422739967885	-1.85725389419613	-0.0920083463351399	-1.49813255568822	1.68662407593948	-1.31449045386549	-4.56881892392628	-4.12986778296006	4.87857723214996	4.40793424335567	0.870638933448524	2.43905574503929	6.11436949685629	6.36153206113507	4.29332388879824
MA1134.1_FOS::JUNB	FOS::JUNB	5.99759145173295	3.98348237463173	7.64257191762383	2.57622642734928e-262	8.86277895930485e-262	-0.532598145481491	2.84965967897216	-0.242353656226831	-0.749541183060684	0.845160053827453	-1.45889385229594	-3.48826969928527	-0.988893647305787	-2.52020485855787	-3.45773173114482	6.22915412299423	-3.26277460287469	-20.3220009311192	-2.85530154979431	-3.73857940678132	11.754729744915	13.3552303977864	1.62579055971044	-4.40255109950005	4.75780467306714	-0.974629960721509	-0.860265223120853	-1.93349390115592	0.675057860592451	0.11930316525158	-1.72678174191862	6.61877326581749	2.05689295128719	-0.744372027323926	1.93517353611158	-5.95051282690683	-12.3110615327201	-8.39289442577961	2.2450792601682	-8.28726141204452	7.71382525548812	3.68168524074888	-4.44005704422186	2.81436734655823
MA1135.1_FOSB::JUNB	FOSB::JUNB	5.77363730515579	3.83649387881029	7.24787946207888	3.71456823094286e-241	1.21202148978703e-240	-0.394094732110045	3.028542733123	-0.48381284463981	-0.749568845399609	0.887212237965374	-1.34381904387694	-3.89209195826034	-0.650493158158042	-3.10262877386863	-3.51396545202923	6.48138544521206	-3.14644795358771	-18.3697157422523	-2.68838637985705	-3.79311428730521	11.7175726049922	13.8796452991222	2.04568632706284	-3.84077417597319	5.04315141312277	-0.921095455622316	-0.563789622424816	-1.90638267339152	1.02306827731241	0.188646398551227	-1.44161869772866	5.97266425536436	2.52308216083103	-0.684789547614185	1.97640206036046	-5.79184687430095	-11.9679940300754	-7.34730487950383	1.39160749566677	-7.6473523419194	7.64861400267969	3.29488017472949	-4.28446933541555	2.63772736952141
MA1136.1_FOSB::JUNB(var.2)	FOSB::JUNB(var.2)	3.80553014402668	2.87084343971043	4.42002148981773	4.31858091017228e-92	7.17496513422323e-92	-4.25872001246375	-3.39630952332958	-3.20778850766508	1.15724393102078	-2.65782888180646	-4.34120412268071	-1.41625667676442	7.67669920333126	-2.5231158070653	-3.42933778487813	-2.4465450258919	-4.25111815819515	-4.52107088774676	2.07302216634136	5.13306343426654	-0.977840095427946	-4.13267388163587	-3.82113925696545	-1.5500893362766	-3.16060643139911	-3.71528712445389	-5.03986919663295	1.55752947440106	4.59621062966133	1.06844799897743	-1.41689411260122	-0.198826025259132	-0.475805470976577	0.518989065782375	-0.355160248445359	-4.22267852303971	-3.6822860667872	6.25209400871395	5.44108491678786	0.541173521315172	0.735961812469913	7.74343192925517	7.50377649047052	2.3957226577503
MA1137.1_FOSL1::JUNB	FOSL1::JUNB	5.55050151141907	3.6800430405363	6.97395821967395	6.38303953007851e-221	1.98061961889201e-220	-0.822495416683786	2.24779018660611	-0.589516587021832	-0.855812612224302	0.611409693046375	-1.87741133240354	-2.95482956426894	-0.25215994442632	-2.70800222471039	-4.03207794120444	5.90146387627078	-3.1126808663688	-17.2247599630082	-2.02666093965035	-3.20511455975373	10.9958781137442	13.6681016691738	1.20441836774458	-4.43685350308232	4.65721477133212	-0.946655352918282	-1.25357825691734	-1.50872818270926	1.07286453023062	0.0774205040527761	-1.25942525487805	5.44589195158367	2.6305470540601	-0.737212647630191	2.01614778451776	-6.23258115527592	-13.1523570497438	-7.03780355029676	1.76950785885004	-6.55918815134763	6.78188875971786	3.14171171564739	-3.67638568819015	2.77780840512909
MA1138.1_FOSL2::JUNB	FOSL2::JUNB	5.36587539195916	3.59904017547094	6.7701371684784	8.08637412763002e-205	2.33729443963005e-204	-0.610335998500873	2.41076508898906	-0.344427476114367	-0.801238815496485	0.747022758838805	-1.3606306644747	-2.73914849750175	-0.213413085697997	-2.18029194676098	-3.3446100227721	5.86321765605357	-3.04322511126107	-17.4630654493288	-1.77652995529629	-2.99252986537299	10.8463558848424	12.4695399171682	1.8015478153969	-4.50001845956933	4.34807047351213	-0.865543443501481	-1.28782708077641	-1.154559151039	1.17851718427661	0.171399334274453	-1.36422647060342	5.54509826111302	1.75085849061299	-0.525867902234562	1.464275119244	-5.79285937157644	-11.1199028887422	-8.35858668970767	1.28632520473445	-7.0732259082278	6.99721817413807	2.84616565434557	-3.61792212431086	1.99309357938664
MA1139.1_FOSL2::JUNB(var.2)	FOSL2::JUNB(var.2)	3.90527344884944	3.06191147643262	4.52308891703885	4.92060842185661e-98	8.48704395377448e-98	-4.98240600641305	-3.19225398777017	-2.91386992409064	1.4898337331403	-2.75193300084824	-4.83627760803244	-1.69198742863272	8.49380319412838	-2.42663782509768	-4.05568762657719	-2.77534861036284	-4.15229904116494	-5.11338743861544	2.80267974198622	5.93191685991602	-0.98684597507779	-3.96547586034907	-4.36757625659388	-1.81373486960079	-3.32937118520811	-4.16632761026555	-5.55400566773987	1.53235022538617	5.62351749595672	2.09793719349442	-1.88759120013379	-0.407458254580031	-0.792473771978072	1.14357588314527	-0.66340087688552	-4.70523298025708	-3.82827837338509	4.6511879267245	4.33979353475693	1.02301481403826	1.07800686817072	5.51184357869835	7.94766499335657	2.27880669479681
MA1140.2_JUNB(var.2)	JUNB(var.2)	3.82876262491841	3.0952195097894	4.33505452229121	1.84757484641626e-93	3.10216147952651e-93	-5.27743769939533	-1.95884038962826	-2.83457237344455	1.69003539685937	-1.79896124238884	-4.55247708048606	-1.56536668482928	6.9645450491429	-2.30412134671796	-2.72911893449506	-2.93961460895571	-3.57360437715137	-5.10868700108836	1.79310754467318	4.84393924780982	-1.48611065286341	-5.20637072029973	-5.52371012694477	-0.961728481998345	-4.13812919974291	-3.49154683462003	-5.48697130910459	1.73282252565661	3.94206663066931	2.86836767638068	-1.75148998126001	-1.19085210880545	-1.64969329451544	1.83450881991951	-1.52153810388185	-5.56331271393726	-4.48156251895148	5.89008774457031	3.99076578572714	0.987385528381094	1.83760556351808	5.50600234141282	6.81925621287207	4.69420588938571
MA1141.1_FOS::JUND	FOS::JUND	6.62716067347682	4.42845165913446	8.26998562767861	0	0	-0.928826246129108	2.91282118388243	-0.319283821953296	-0.731715444276936	0.584211280868365	-1.72866270340695	-3.55492193235895	-0.817836205190149	-2.79356998905216	-4.68455616224499	7.37972477932835	-3.77028145074518	-20.278454580416	-3.32710486537484	-4.37374350450665	13.6254165443892	16.1950725912881	2.0260411647345	-4.2856287118462	5.84996893244633	-1.09843181573783	-0.885940638270471	-1.98267787284436	0.850059619778321	-0.126807583992149	-1.63467342060154	6.49412099733601	2.87767022616401	-0.997811235785946	2.54893633915578	-6.82093945512126	-14.7769414326816	-9.48854258540328	1.83132018090964	-8.18918971480306	8.48130618474509	3.94563557139031	-4.7188548369961	3.12043178254249
MA1142.1_FOSL1::JUND	FOSL1::JUND	5.33810376339197	3.76215379063516	6.58063848905731	1.90416775092781e-202	5.45401894270274e-202	-1.00730090460676	2.60964701507743	-0.489909376636625	-0.913281818368767	0.549760408389654	-1.60862325929238	-3.20958744891542	1.24080757724414	-3.25062227212647	-7.11552987247586	6.330743369823	-2.87647765435134	-15.5247339959756	-0.496584404247449	-1.29452564287609	9.73435783589376	13.0266638749549	2.02424797730801	-3.44628282062694	4.38895834667473	-1.50700556552048	-1.86530225369677	-1.44942919629581	2.20608790307861	-0.0331869996511451	-1.95647198880624	5.96026407361724	1.73135682695999	-0.669761959964088	0.865338580338712	-5.86602254203728	-11.9652144137309	-8.49117075941514	2.30696386186747	-6.91261672613283	5.24229446595915	3.15799205473672	-3.57319444683419	3.02949951604334
MA1143.1_FOSL1::JUND(var.2)	FOSL1::JUND(var.2)	2.44962554435378	1.92058719908854	2.85855226549254	5.99169668910872e-29	7.18322728069284e-29	-4.14021509933262	-1.35685666041162	-1.19759245725822	1.7512108000316	-0.936830256963287	-1.65121702386743	-2.13869687588912	3.70152417106494	-1.07896303665892	1.36320741140074	-1.0537827739344	-3.65884906322263	-2.83335995441554	0.559099201574646	2.62165723535189	0.296766158937085	-0.390656455957377	-2.30355461731354	-2.08655617568609	0.0528165389577929	-1.47557296453485	-4.7689117302857	0.275831854707019	2.29193438322121	-0.189840499227104	-1.97983043680951	1.44518270677217	-1.58199500381089	-0.465930149331305	-1.11474971078022	-2.99174976089823	-3.77346845029344	4.93281254011463	2.53389473960694	-0.897193589857273	-0.0733910208794098	2.97516291005988	3.54413649996236	5.14875408939784
MA1144.1_FOSL2::JUND	FOSL2::JUND	5.85524909516931	3.84345840950395	7.44364934068718	9.07398851518314e-249	2.99158058859944e-248	-0.702535500362625	2.75893130658242	-0.380886932229364	-0.784283531663167	0.728281721214844	-1.72854326837239	-2.74410878587892	-0.395064340673775	-2.17629765483945	-3.45627464213688	6.20542074726096	-3.15960469206165	-19.413594927636	-2.13209273908071	-3.18461216000954	11.1481102787725	13.4253858879068	2.05566431995409	-3.99414681794286	4.6364391261792	-0.891069683972072	-1.16240985488339	-1.19426076883687	1.12247733631935	0.013016525992524	-1.46596725085552	6.47921552996464	2.64086246938838	-0.734220095112005	2.00714521093194	-6.10086249857611	-12.832409978901	-8.11414070581325	1.40751802149738	-8.14976505055408	7.39755152917381	3.24273575704383	-4.83685918684118	2.60105013063929
MA1145.1_FOSL2::JUND(var.2)	FOSL2::JUND(var.2)	3.93885879751645	3.10127077253966	4.54795822267091	4.48282234916738e-100	7.83874736746671e-100	-5.69115871313645	-1.58449094322119	-2.31628414539637	2.88453726762306	-1.65260493582802	-5.86191953676714	-0.444707060685871	7.76190379452518	-2.20209250522709	0.162250481522913	-2.02346218300403	-4.31098966501411	-6.5798330283229	1.88251998687041	5.29199243150092	0.616249870721338	-4.77718847060456	-3.83611047809531	-0.471575101354023	-3.73392634763699	-3.85690052460795	-6.62725431545693	2.46193155034675	4.52030026316351	1.91304009266006	-1.84111278814919	0.304812644471546	-1.05013303621998	1.29430988339989	-0.748632175276781	-4.54397016107986	-4.81679627615058	5.8304422977379	3.94107592104382	-1.41449850284167	1.19919402301347	5.63298642814443	7.85535982320949	2.8218385687787
MA1146.1_NR1H4::RXRA	NR1H4::RXRA	2.49931303455705	1.92935291981531	2.98076424593995	1.14634322417104e-30	1.38480011622188e-30	-2.05970050307506	1.19486285840548	3.37160062888702	-0.810556767798085	1.52532327393974	-3.31451464607341	5.04871543888807	0.417032386730035	3.06889691225872	0.00833454947206501	2.09338897786145	3.12591587558607	-3.26204696858147	1.28147798405884	0.69589815093691	1.69028422202252	-5.44771361769849	1.26247102213849	3.18838836479299	-4.04147780392916	0.0946166339057292	-1.51014394309211	5.85695758609547	0.323378265725624	-2.60830284335211	0.520708028611528	0.381827571924227	1.61476286390911	-1.9245971674968	1.96488673246963	-0.513434542540575	-2.40883755946783	-2.40844971049912	-0.232831256206484	-1.77049947613177	-0.264352475652496	0.234749458778506	-3.3274929379608	-1.85087469892066
MA1147.1_NR4A2::RXRA	NR4A2::RXRA	2.83910814311547	2.21528667447889	3.32783162145285	1.16783533120179e-43	1.55629424136996e-43	-0.920696304010636	1.66601169686398	2.81014582731627	-0.346392802317039	1.00576776212833	-3.31556801684857	4.49070713458231	1.83247641371748	3.91447148444332	-1.75631786723461	2.97283645037441	3.26946286459661	-2.32563479803272	2.73916890189412	2.16073133849349	3.22537505681739	-5.62491216336716	1.98347361124742	4.36571631886723	-4.23752240282559	-1.27518072295061	-0.256197106150269	5.65735896523622	1.79794619484197	-2.49353485496219	-1.29136955049056	0.924884039911988	1.35093699612598	-1.8893876469986	1.06870521976868	-0.144899546941552	-2.74362418501909	-1.53426446381219	0.309835252937089	-4.51649891925783	-1.19867294337096	0.709723885171728	-5.78960058554696	-1.77584725187224
MA1148.1_PPARA::RXRA	PPARA::RXRA	3.01849122081593	1.96592547935411	3.82951077804446	2.23023899434886e-51	3.11642667422257e-51	0.336281037275694	4.13381084833325	1.6524019164075	-0.57415952615549	2.24183718450857	-2.48405861774267	3.80525623750937	-0.956437748509339	3.07615639459643	-5.20911780295446	4.01685334078278	3.49556426023253	-2.19793912939243	-1.41469729261059	-0.103417048935439	3.01218714208747	-1.85503372292026	1.19282917765443	5.53148490632119	-0.950155709355554	0.406768354070329	0.855843897711537	4.7338802658898	-0.774949377638731	0.110190814963723	1.48117124085344	0.645736043040822	2.08114705112707	-0.550967289508243	1.07629095597846	-1.39101064307364	0.258166035626153	1.85795983750407	-0.540993420213249	-9.54240091803788	3.17155672888499	0.295266227508351	-6.92983936770708	0.395916437234017
MA1149.1_RARA::RXRG	RARA::RXRG	2.67674549563815	2.00518712854423	3.26009257425919	3.4971846882487e-37	4.43630843218723e-37	-1.94752350094763	0.459183760301447	2.41804112996844	-1.42431712715593	1.97296455021179	-3.62679213627272	7.09407022304298	0.372453320324276	2.10746500355343	-2.93921130651839	3.02491432139233	2.38005773180769	-3.70444756244237	0.73680883734967	0.967025665251927	1.73183675755073	-3.61373446226997	1.58049002173524	2.0675961107324	-3.19913609825763	-0.347051497333993	-1.12942749887903	6.05919080667832	1.28130282777429	1.86740853910221	2.24120206723883	-1.14690050405064	3.13814941432843	0.620348195616583	1.95409236987719	-2.56580828967537	-0.127177930460781	0.351841867524351	-0.898393197138	-4.52214195450901	0.308251998329692	0.382940321093948	-5.1021242767292	1.18448638492517
MA1150.1_RORB	RORB	6.64694558763364	4.77101142904366	8.12698619349927	0	0	8.344222276528	5.80654338969582	-3.78188127953227	2.99120794701339	3.66850762685435	3.67732743335172	-3.95783212806481	-1.83065643432993	-1.70770752760883	-3.32031024279534	4.45400161435879	-3.32250126580633	0.490630732125326	-2.04084864447691	-2.37838580302423	-1.20383617275693	-5.72071105068161	5.58543440715649	-1.50919450627583	-5.6667271336164	0.109426152310004	7.20785385394405	-4.10824963245219	-3.16633209851984	8.53180604547978	-0.336492901163101	18.282875115855	-6.5022795384952	8.93679033471026	-7.88032640444455	15.5303542619466	18.4664794470845	0.663222404329528	3.34806563362508	-8.19699845282502	-2.45089096246366	3.52778953250174	-6.96296480948908	-0.719503402253573
MA1151.1_RORC	RORC	2.62819235294155	1.58067295786116	3.77964271455321	2.42841320540493e-35	3.03791612454807e-35	-1.56082521870657	0.79354484310019	-3.00988993377395	1.30192081681464	0.637778162050479	-3.25814233047995	2.20961801848861	1.38459206985421	-1.53690504448318	-3.42535444938733	1.6089085255315	0.0113590895970031	-2.72969447781503	1.64482434882566	0.889698815127197	-1.53490199550133	-3.56315481875481	0.974650283961273	-0.404122093074499	-2.43083565342166	1.32772476698235	-1.45837093167254	2.01739232425865	0.998190282021489	-1.74449659740212	0.886030007297495	-0.473249204266955	0.969615916768832	-1.50373828095904	-0.318858094018057	-1.13763279071415	11.5837802153653	1.87346280482362	1.52180567467124	-1.29615129114718	-3.72560741793886	1.72693228108231	-2.28405617545102	-0.0975005377827122
MA1152.1_SOX15	SOX15	5.17786756336026	3.57677313186527	6.74150825767752	5.10980651986376e-189	1.36477110846994e-188	0.103146528054173	1.54035341773008	-0.0526303227782526	-5.46284749410923	-5.04486769955477	18.5091079668547	-7.06142068474854	4.39304983047664	1.0952899549275	-4.92626427735184	1.96651737096562	1.00328518323043	7.65847836972016	4.03780499188116	3.35617063113241	1.69628633571414	-0.0501359831658743	0.600013509036395	3.68740776721964	-1.37407474078881	-6.18336259379516	6.11444438695787	-7.96737672504737	3.33173284266627	-2.02065536603849	-1.16723160960524	0.841166700101982	1.29034530769159	-3.20442566827246	1.02603007335591	3.20452268299537	-1.11246004085791	-5.54157829359986	6.14688728455355	-4.19023237541175	-1.23346500502625	4.73329252296471	-6.87291425757838	-8.74375629015079
MA1154.1_ZNF282	ZNF282	1.04068962348108	0.720570035229553	1.33218231950739	0.334167214538462	0.334695960131086	-0.61861605190387	0.298745535783716	-1.16455078992263	0.0151086389715208	-0.579693654542587	0.184241957428914	-1.75533782214683	-0.193638508924968	-1.34478620180603	-2.13796317380236	-0.852522622138976	0.511792705652228	-0.26014001273156	-0.417245468864969	-0.549244034780422	-1.83184649853489	0.822785089144077	-0.282626947964278	3.38424797768662	0.542647702907401	0.224709655698351	0.0435854044581385	-0.975567929131257	-0.535430764827465	-0.252084366268617	1.07979499937388	-0.934217173543875	1.64499876101296	-0.308033554990354	0.494166180091647	-0.16132084797648	1.30625554677459	0.784804374776168	1.01884467644453	-0.417677698301108	-0.518966198727856	0.724593706144184	-1.29181275729651	0.193457045469386
MA1155.1_ZSCAN4	ZSCAN4	3.24421140936144	2.66737606762409	3.67473984754994	6.37686329116388e-62	9.30081673572981e-62	-1.98145434101986	2.24180823741083	3.03166709705733	1.30568763946959	2.08066889859459	-0.736850074845187	-2.5109892667632	3.5727210915083	0.762250792376589	-3.41651215591855	2.74960559557719	-1.71121477380934	-4.88450578297541	3.57709455088979	4.8862414564936	-0.108003837793941	-1.37457798930395	3.79634151925621	-3.32560744107316	-0.266240794790323	3.66883789117344	-5.14597808033351	-1.9964400423527	5.54530948477791	-1.10198381312795	5.96852436815115	3.91173439663335	-1.83916700533879	-1.53628837685943	-1.28638755199229	5.23783947392853	-5.07862176643367	-0.140545770596429	3.09249216508185	-5.57445899806007	1.10040152317394	3.30298975533182	-3.05878102729668	0.726013196288207
MA1418.1_IRF3	IRF3	6.57587097142415	4.88907146508181	8.07886182561048	7.0947826742803e-321	3.1407753106128e-320	10.8099143739436	0.752491577079753	-4.06589918447506	-0.701727842584612	-0.752897505772051	6.12876735050144	-8.11365195556544	0.319125134498144	-7.10554900070176	2.82777496340346	-9.37441276340538	-2.91027786204036	3.1382637520014	-3.73977144105492	-4.93691879978829	-5.16333701247788	4.58182735686008	-5.07182062395072	-2.04548438556243	6.24143161582293	-0.0905996365647067	13.6036254634201	-7.80003582277721	-2.56860025885311	5.19412066557175	2.25642411808556	-5.04273558254197	1.11975491817009	4.16010415517814	3.98212953977304	-7.72528745995968	4.35740614763797	4.79171631288586	-2.72654886449409	-5.78171518939296	16.0350920832708	-0.226088386863121	-2.57079212237016	18.5760301487006
MA1419.1_IRF4	IRF4	7.27482025042334	3.30409047203562	10.9328223677368	0	0	2.50538354975152	0.372973466553904	-3.98081450828642	-0.959493167066277	-3.71485846610379	-1.1717248126257	-4.75447868805301	4.11035163335263	-4.56390609361153	-2.79755986808676	-7.25456600757512	-3.62087438688633	0.476355790535174	-2.41305625438586	-2.51115419360073	0.0716910796092011	5.87537601453099	-5.72286285403367	-0.565054167314502	6.82668779062818	-0.105065364444115	4.34319131082988	-4.22955029359754	-1.56547988857624	-0.976498739039987	0.42857906877951	-5.90422581140102	2.0723726648137	-1.54685953979508	4.35425797964519	-7.59575016484653	3.15188855511726	5.1222160965891	-2.43412413053659	-2.75890650133247	17.7795625294017	-0.978221587108751	-2.80787671838697	34.4450984883262
MA1420.1_IRF5	IRF5	3.01681000516351	1.88690526153699	4.12733087589645	2.65107692212294e-51	3.69632531212295e-51	1.56316405226604	-0.307024069287513	-1.65225706779676	-0.966397263091399	-1.72246773664246	-0.109536894040875	-2.4047904844454	1.42570818849687	-1.84130849020408	-1.76408924165709	-3.52607559885309	-1.14232262275841	2.12912870500427	-1.49592017211162	-1.30492053730259	0.445200647881046	4.70519514648175	-3.36683361259072	-0.871166092758799	5.10495787145008	2.46621262901547	2.86702248746694	-2.59625002795563	-0.613566872148003	0.713944007761928	4.52128942965654	-2.25457547661715	-0.573118188606509	0.15014813114062	-0.356474051074986	-2.64110764133207	1.08273097348481	1.04003866602352	-1.96417635524403	-3.00578428802223	4.4362315874599	-0.945839744223422	-2.41645945716184	11.9901218176224
MA1421.1_TCF7L1	TCF7L1	4.22320773247238	1.57939868170265	6.84792894051595	3.86180541953399e-118	7.29708307631348e-118	-0.434289775232525	0.395382734709807	-0.866231239329523	0.799998476914562	-1.78709437421527	4.71332683199991	0.177279930415228	-0.144266060781925	-0.214876525098219	-1.72756656568956	-1.42857985867862	0.959732109834933	1.40936325336392	0.372689519313122	0.174830894604849	1.66421208342958	-3.74909859864727	-0.25919437375388	1.67916253371606	-3.98724765326853	-0.0104645753983524	2.34274348250354	0.194121863195719	-0.424594543338815	-1.93374112704736	0.550957166860112	0.488758472148862	-0.294675268631324	-1.73123884353195	1.09707263424093	-0.278033763248227	-2.50247305513474	-0.793997057948239	2.67024466119609	-3.71161645026358	23.2020383025764	2.70847881648203	-4.52665438953842	-1.69662404845392
MA1463.1_ARGFX	ARGFX	7.21036910321547	5.5629259388779	8.37506007097788	0	0	-8.03591808364329	-10.9611227246922	-11.1120763897031	-4.9874685423473	-9.07510629488845	-4.12956720369019	-3.84449216131522	9.47219531891032	-7.39739660853634	-4.44381101969389	4.82347722483094	-1.0650063658715	8.34642053221594	13.3672207436911	11.3963818616754	-10.848450256459	2.39114561182999	6.01115978435645	-6.21422563330008	1.36913674472465	-3.67394592040443	-6.54895293759602	-4.6925105975782	10.8355189352663	-5.6333785763719	-1.37248978753601	-8.62611658336438	-0.263336887053269	-5.98885127675319	-5.40423274705613	-5.90829993068615	-0.62985226052597	-1.23003852116241	-0.745681838207831	14.474852800381	-7.1287421324835	-3.96183937273287	8.67270225893232	-10.2859858381769
MA1464.1_ARNT2	ARNT2	2.75058901898195	2.09959665677202	3.30679233110358	4.55764970120012e-40	5.93619806761251e-40	-3.87880021777062	-0.0470696051472586	-4.27930566092088	2.35666055180685	0.493634288627288	-5.28601656662052	-1.96183647661709	1.0324123788881	0.876585458451619	-2.00968747593676	-1.50736262367027	2.32834325320985	-0.739908908181069	0.611232568852428	-0.00756839974064209	-3.91196473275291	-3.91345453012497	-5.3279419466418	2.67582459905845	-3.60332188525899	-0.492828188663658	-4.90485972468884	-1.51784759409554	0.720279769189331	0.651141615954249	0.426461126694621	-1.21643217456774	1.28313954280895	-0.402339312874785	-1.05250100448486	-2.18415411155315	-0.652756815116382	3.83464511567596	2.73996315046709	1.02483515549366	0.0905694057968282	3.37539060376215	2.53427753848046	7.07778186975447
MA1466.1_ATF6	ATF6	2.18967606735539	1.70811253292641	2.55156289573855	9.89279789036215e-21	1.11823947582129e-20	-4.00724829137049	-0.383497931753037	-1.63489812795255	2.15552528952283	-0.231452312150019	-2.28132939470303	-0.636017753842051	3.96382815325157	-0.528662087121636	0.787931541973218	-1.29588950639194	-1.0508207978482	-1.1851866025092	2.52323799265698	3.02088539019082	-1.55393274020282	-2.87958617383791	-2.14539332836694	0.085907944264352	-2.75745753491669	1.44249835645969	-4.0575061149157	-0.121755826974187	3.24318530227368	-1.99071510214467	0.121492235809132	-3.99678844620076	0.315550049286909	-2.14420361488923	0.352557809728232	-4.0690082239182	-1.30999006575844	2.69585782142057	0.419590597668317	0.32880595100874	-0.294630425183014	0.319476338606125	1.64716304369132	3.95856991454178
MA1467.1_ATOH1(var.2)	ATOH1(var.2)	11.5980875702026	7.58831711847414	15.1772908165004	0	0	-15.2418796201657	-8.69195822034839	-4.93452464093213	-1.35818140307225	-8.61700919226825	-8.7055605037238	12.0484962404685	-5.01051796738338	0.193312875400187	-5.47814823533065	6.14675208478638	-2.75818360396424	-9.29058099874464	-3.24622194649318	-4.40894712695651	-1.57791165231076	-24.7184072058832	-0.998402263336798	1.4171650140866	-23.7611149196389	-5.61737956804272	-9.62117820944375	9.28701235200107	-4.99863518224117	-12.8381722348607	-5.0902530773096	-15.3412962904394	14.3560788642786	-11.002219627818	15.3195574784102	-6.73558386984995	-1.29088754118316	-10.3058249054198	-4.3254653065855	37.4710214740537	-14.7396262344966	-5.69946361753598	18.2510681493159	-12.9981855933643
MA1468.1_ATOH7	ATOH7	13.3048610179514	5.31669540096382	19.2452663274495	0	0	-5.63897019635087	-7.49961503433945	-7.19379748938204	-1.83288873372341	-6.29212442432216	2.15777621164431	6.81080286207147	-13.8025164981726	-7.62514813650588	-3.96726969966373	-3.78415499141395	-3.57571207392731	-5.60557082052826	-12.349615379158	-12.3253395211031	-8.78661317840851	-12.6706311363284	-5.45227813059392	-8.31246443471362	-10.9222861512282	-1.56928892226464	-6.4787358046054	5.69788970771297	-14.0735904908451	-4.43615252724457	0.79451438715292	-9.59165736170596	5.76452784187341	-3.54126826321874	9.88531672747598	-7.17021722174287	7.40444412078781	-9.39434979434925	-2.3143674689963	57.0119971794911	-5.60043359765027	-3.77584305168984	38.8489098956491	-4.61449754611581
MA1470.1_BACH2(var.2)	BACH2(var.2)	1.96865764477519	1.50502645714701	2.33771891900173	8.7234368514212e-15	9.53702163549157e-15	-1.7994036539985	0.0571536385051265	-0.724165023880892	0.0670792185705671	-1.22356919197415	-3.67777968044874	-2.29164611845975	4.403806848046	1.07442047422236	-1.67089610942066	1.18742953128797	-1.94978674622118	-2.25020791539123	2.37540566911852	2.56120529307976	1.74717006664282	-1.7125492329745	-0.109226660973219	0.263664257839876	-1.89455767018415	-1.62426893543988	-0.887087262821922	-0.813431323108204	3.28222283258423	-0.0628755677158311	-0.745910868775425	0.395118862626266	-0.296925221773136	-0.220839009801134	-0.465507874610578	-1.75643549688293	-1.89645179011035	4.53398973730418	2.26977719366739	-2.84579063825656	0.0436991372996627	3.11743581388872	1.27753668593284	0.288861401796406
MA1471.1_BARX2	BARX2	3.33950479836032	2.42531752033047	4.01993906399788	1.1965368093887e-66	1.79056217575189e-66	-1.08744526462318	-1.26252469405957	-0.954822284910993	-1.03265481320566	-0.484653463389714	-2.30128079806412	-0.749544363400188	6.89958935979018	-0.358327704837494	-5.81769687786918	0.739984294012831	-1.40541812027124	4.41925175915258	7.60205593540015	8.10126210882891	-1.06404407277911	-0.224104020935926	0.540212774124136	-3.040446044374	-0.314276529070225	-1.21019002895582	-4.43498235490615	-0.450004545182312	5.88306268266278	0.148039278354446	0.971529171481339	-2.92044568423146	-1.4075271139918	0.16515772087448	-4.41246345772283	-4.17509362732091	-3.03457329032822	3.37598904725081	2.78472544011472	1.31654173337188	-4.84356779704063	0.529968639160863	0.947950701947216	-4.13964383397947
MA1472.1_BHLHA15(var.2)	BHLHA15(var.2)	11.7007556225599	7.77270262509051	15.1412872998625	0	0	-12.1481110680375	-8.42184508145018	-4.4034292377709	-3.28934449569867	-13.4807178421924	-9.11158926042626	12.1715827286876	-5.41457913736252	0.578598546272167	-7.12725059442455	6.47925909158326	-5.25496570121425	-8.12821007220425	-4.19078897700891	-4.93939855911322	-2.47661491445667	-26.9157211441453	-0.276861224620393	1.05788237110132	-25.2341020725096	-8.42284160373168	-6.94573559478438	9.29779635245647	-5.99948287422956	-10.9211839100458	-6.03903796915568	-18.1360866413587	16.4021044976407	-9.13622563091463	16.2490650774069	-7.28808358364502	-2.31422583836337	-9.45415715622536	-3.63079502842115	35.2359078797692	-14.3134194329438	-4.73927442385968	18.0399795998009	-12.4980905643642
MA1473.1_CDX4	CDX4	2.34141484227548	1.70589891957896	3.03840721210097	2.27366367503145e-25	2.6456417395127e-25	1.59322363223521	-0.204883644770706	-0.797527247487628	-1.07758880714556	0.0248844357087631	-1.71783398743029	2.28112780650373	2.38200852217705	-2.69049165817103	-3.24052528297159	1.53010383745925	-0.893440310412966	1.7578059152574	2.7133909596241	2.36711108206298	-3.26899726938258	-1.53804338318227	1.33120791716971	-2.18304055639202	-1.79487327263734	-0.797565617697194	8.39171574066516	2.35806529576523	2.02991843916553	0.866542565633261	1.45284262453295	0.0890485695966057	1.10529520982654	0.693610961986409	0.0129110361568073	-0.842930048738418	-1.30124435444015	1.51600374058485	-1.80413060962539	3.13098538265162	0.326609356763047	-2.55287236519525	2.23341981679103	-4.22900358231097
MA1474.1_CREB3L4	CREB3L4	2.30552801106647	1.7445137838089	2.76963339938661	3.11951114782994e-24	3.60996445443574e-24	-3.13810616700054	0.228909252964957	-1.79676986293696	1.62608763552255	-0.0240734247587554	-1.93861444287237	-2.81624976772932	3.55025377372057	0.263677271220733	0.459867867524233	-1.40790412956697	-1.19916983954819	-0.508371128531758	2.77138145239673	3.13145252564449	-1.05184290642536	-1.96826386694554	-3.22089524656357	0.866362738085856	-1.46289050071268	0.362518090814	-3.77867736167149	-1.8503460318737	3.19706149512432	0.763487044875993	-1.20310563116642	-3.24229679153889	-1.17648702103943	0.80459085370385	-1.90808697427642	-4.16355335823732	-5.14144801472819e-05	3.94320038864698	1.52732036063988	-0.895997089190224	0.897839125351663	1.80567850063109	0.603863442418587	6.03367615744907
MA1475.1_CREB3L4(var.2)	CREB3L4(var.2)	3.55821632686909	2.72307522164351	4.09598221995154	4.13579832827115e-78	6.4800998559298e-78	-4.69255194998271	-2.48957372688263	-4.43513185024596	1.78840311459654	-1.3082823497068	-3.04648793568291	-3.3908822332853	5.85632577513434	-2.71703488110097	-1.67976780965785	-3.19348634442846	-2.2902905593301	-3.04049922651475	1.94398973886341	4.22623086418655	-2.73300324288633	-3.81013202329721	-4.44050299172259	-0.988379984777564	-2.68862315669719	-1.74466217085424	-5.22387804446176	-0.529876680822292	3.59169475022719	1.72881097893175	-1.04201690507462	-1.07202204431849	-1.39152524000098	1.17297225739331	-1.4128577774501	-4.69441630120723	-2.28760437630545	5.78944331688264	4.26967063179644	0.376370246083225	1.74714581569138	5.22184228279345	8.08865413711972	6.54728622248156
MA1476.1_DLX5	DLX5	8.45796498181936	5.94324721199674	10.2126209801666	0	0	-9.78756208901859	-8.00377729242933	-10.6930269269784	-3.93995994938221	-5.98142050652198	4.48225537655316	-3.92378428448583	16.9911585125414	-11.827539792874	-3.91921407466993	2.14173580193268	-5.41275985418425	11.6740414630153	18.5450445696501	18.4782627338665	-12.0691033448552	2.48752772144922	0.816592202468656	-7.26220724530593	-1.04894315762325	-4.03643499877001	-9.90735035531084	-4.61741997366515	18.5481804394295	-8.54965514887436	-2.4991501026936	-2.93358200081498	-4.2411612873354	-9.30715822274746	-7.41949466658774	-2.09836817237158	-0.80447921989867	-4.78808116727075	7.1766906414905	1.92546203722003	-4.15743701570683	3.6988889751009	1.60540851419237	-8.30076798634324
MA1478.1_DMRTA2	DMRTA2	1.39074160850104	1.12650332368062	1.627923548363	0.000480838434876052	0.000491713617571148	-1.69734574771474	0.434626183361052	1.21171116810999	0.70200399103626	0.718814577751084	0.839975479640809	0.42225324851359	1.26667193588549	-0.824570857798051	-0.818846240093388	2.6269820257548	-0.937564931929555	2.21927259582333	1.20349214072944	1.35339723129769	0.0852381136105267	0.794606197594016	2.5995323546476	-1.24322568131363	1.00002486064889	-0.695852971844303	-3.07807427177594	0.921421122433295	1.87320029600529	-1.39644854296223	-1.09987799590939	0.70576012823418	-0.979223804643503	-1.80774104717314	-1.58895287278839	-0.239352858589879	1.20245569589498	0.40513573933839	-0.0126151630129494	-0.674733418114614	-1.90021940923353	-0.146678716128229	1.06307465679196	-2.58231598908019
MA1479.1_DMRTC2	DMRTC2	1.32259052143834	1.07844258359525	1.51871857051002	0.00288929249403541	0.00293096498193015	-0.925078997568952	-0.654950078179036	1.03939204228136	1.01789929089841	0.737236334552108	-0.533735221936887	-0.492534073629934	1.62183305827379	-1.59832918389952	-1.18606459232956	2.38813337669262	-0.869223844302231	2.79928874364171	1.05869336685174	1.40839144553252	-0.164667680559259	0.0804883511657838	2.47431696630212	-1.98704171050773	-0.0043631410420656	0.0325141191705898	-1.92081260396656	-0.346600291402668	0.906283930834872	-1.42353975028041	-0.962190567342564	0.477036829797387	-0.490562264120496	-1.49056525707597	-1.55452273146974	-0.350081827519809	1.98824730177745	-0.1146831054755	1.42501676298016	0.127142860487707	-1.80706422639615	0.803697997792828	1.50144952605795	-1.7188780567174
MA1480.1_DPRX	DPRX	1.61939661363436	1.18060551013731	2.01584850443662	1.97806887212041e-07	2.04594378439906e-07	0.0608658779105407	0.88243975413805	3.1657543186386	-0.951301173775923	0.342402040549872	5.14236212731065	-0.323989381335623	-0.916994407975386	1.75168528701302	0.293631122885956	0.0435032956605701	-2.56827786058049	0.518951570149078	-0.535536127993972	-1.54441260390968	1.1861564640457	-1.41048527411454	-0.484649529008928	-3.04263325155958	-1.59244966876314	-1.93003367520725	1.0097352269674	-1.72747193512191	-0.545611916885165	0.299821265046101	-1.18069645507807	1.767594142236	-1.3164972671169	0.0839866775517741	-0.909269163816907	1.2157839468005	1.07359303156792	-0.828671293115689	0.189257737851853	2.51316272464632	-0.251959089521627	0.360464725698291	2.05196315048474	-1.74454696021193
MA1481.1_DRGX	DRGX	5.71892837483859	4.0479201308827	6.95984804840835	4.06869154562417e-236	1.31402130019393e-235	-1.5347335371879	-2.3755248111136	-2.67872189104377	-1.44951440672947	-1.18487419503412	1.70093734666102	-4.20390771324437	10.962618728473	-7.43688298063253	-3.77198294947318	1.93544421780156	-1.21554173954151	11.6699642372	12.6079082484925	15.0258568320707	-7.34445614505195	0.0176640858975882	2.03214744458397	-7.00054473077704	-0.696120726329795	-1.95959582413697	-5.99357589525345	-4.55938947515145	10.0338260785709	-1.24635583989194	-1.14357441367857	-3.54374271105537	-0.33607784822712	-1.23260535301724	-3.86207753441215	-4.45111070529921	-1.47078802666779	-2.25186601759636	1.88215583038696	9.84151945364215	-3.97581050575555	-0.157807686365532	5.11533809830742	-4.19364412257403
MA1483.1_ELF2	ELF2	4.41732506316197	3.48877737969016	5.14292207150876	2.79969734090576e-131	5.55551227834905e-131	4.32892136200034	5.43740336940935	-4.09748509997198	1.69904135386044	0.395484490064678	3.29151880900963	-6.69109420246344	-1.56773070993481	-3.58161906558286	-1.4469205285828	-0.187628392248261	-4.09358217302926	5.88701886237966	-2.57165816599123	-4.77109773161844	-0.590713922383423	1.67460056052275	-2.07983956454629	4.48223310426851	1.74891718586581	0.0263329633467318	8.0641289930498	-6.02942273561071	-2.28384088356928	4.95972415218373	-1.98226836661413	-3.70690321110423	-6.21241271698856	3.46489381887699	-5.11698226045691	-3.85356484011446	-0.0493622453137001	8.53617313967328	1.16123941495827	-3.66390586188929	7.00086228403309	2.70099948951782	0.977426108979924	10.3417627463305
MA1484.1_ETS2	ETS2	3.99621328046716	2.49296268956574	5.48643340398442	1.32242375961394e-103	2.33825206657996e-103	-0.35649017824032	3.99040019944788	-7.08856272255244	1.5968496101516	-0.273966365415672	1.5875321059255	-3.49631751341961	1.0704597429667	-4.08048348327842	-1.66536244831344	-1.77696587152454	-5.40606606871032	4.17507825388039	0.602501102434312	-1.68183828231403	-1.8210215261501	-1.6809589103413	-3.60141094117981	1.4735865005862	-0.284029316941963	1.19283781070986	3.17726411892195	-2.57737362044385	0.937693620815536	1.17268464848355	-0.445918873253133	-2.72630337254329	-6.51929402134396	-0.212530007843612	-3.80746745534937	-1.0658851592617	-1.38404735544392	5.60702498094012	2.23362705350839	-1.40428150391579	5.22921315737234	3.25706621287548	2.69186956225247	16.0213233972392
MA1485.1_FERD3L	FERD3L	7.66208618475943	4.96315460868903	9.91201795680537	0	0	-7.40855740625798	-6.52415747897715	-5.25868961499436	-2.59309988597921	-7.04397611797	-2.15726929759801	7.63958802615897	-6.78047165866778	-3.29601284839823	-4.72567946778084	3.56871343793865	-2.86913544062167	-4.34580950883742	-6.05815147859906	-6.4476968680483	-4.72973605296581	-14.4655722714345	-2.09525089759858	-1.96258772991364	-13.3209263827121	-4.95300900297338	-6.8563587253947	4.96482789313296	-7.30029642390815	-8.4341299619741	-3.60986071985448	-6.31972578722227	10.225845673252	-6.81480461573411	11.5287241170594	-2.60102516904052	7.96854200435192	-7.57378581038731	-0.309122897112976	24.5230040617754	-7.21894739149761	-0.84370551669551	13.9744841395037	-4.93491837680854
MA1487.1_FOXE1	FOXE1	11.4189403180967	9.57217623207985	12.9109758278117	0	0	-7.17465088584556	16.8181913947959	8.15216913761656	0.502363982730864	4.23191450792619	-1.23033125957984	2.29259404169096	10.8313792795547	18.675795842764	-4.78057215414436	13.4553984311964	-3.59476467078145	-9.24020815597234	12.2645149629766	13.7134874075944	22.6167141327872	-16.4342387677853	11.8573222584309	3.68595056790725	-16.1611794296888	-4.64437794159326	-4.93919819168038	5.31734767836815	11.5658029397193	-6.54324639773349	-5.85368579024216	15.7317491840935	-12.3543070625366	-6.25584278963772	-10.5806664741445	12.6055517132873	-9.47992219356111	12.6481153517779	11.3233608578285	-17.7121759514187	-3.98380726287184	6.13218431904659	-19.0477066600292	-12.8979956017051
MA1489.1_FOXN3	FOXN3	8.96686397419986	7.25096864448387	10.7563915195977	0	0	1.50146312162702	11.3604277686372	2.92102459590514	1.80646151428457	4.09828916855947	5.67723859113584	-7.76465138237968	5.98116824611366	9.01826854516846	-8.78517266570805	11.3302094073018	2.20648272566873	2.32012858702821	7.62019891000382	8.53575679963815	10.1638457002067	-8.50085629121451	10.3506246925453	3.23587448447003	-10.0770765819158	-1.99889995288335	3.86329480601978	-7.18446905844508	6.47169444569246	1.56114884009662	-4.52458125203222	23.3056110156704	-13.9177551697822	1.46294654043379	-14.2370896940382	18.0740577957647	-0.00604580501960639	3.18850218445957	10.4887198408218	-13.4762514748825	-4.15847139428806	4.8715082545175	-13.6377820859716	-9.2884287155758
MA1491.1_GLI3	GLI3	1.9069472990537	1.54768912185515	2.19269140974126	2.66166750088704e-13	2.86536654432227e-13	-1.87285588855289	-1.53300447546577	-0.374838609131314	1.30058779048037	-0.964047552467263	-2.42955975112019	1.76113961584474	0.238353016069461	-1.16329513397634	-2.90004739801461	2.62499076300993	0.955681291082122	-4.29177909793206	-0.124121061133158	0.48603674069491	-1.29461276802389	0.670951959496495	2.21797784899664	-1.20712867968263	2.23827647417856	1.22817794947166	-4.25478846247416	2.37453101195516	0.5019957888694	-1.78591325999742	-0.119603593420893	-1.38332400595101	2.53224534333656	-2.15454639324538	2.60432695733999	0.845815677692768	-2.41225294025696	-1.70286096632818	0.825734486237711	-2.25708407035612	-0.756053406301303	1.52649573860646	-1.44915452647808	2.08706092575495
MA1493.1_HES6	HES6	3.47604336525176	2.7495310738841	4.04859570367353	1.05333055788244e-73	1.6183452503388e-73	-3.86679133765082	1.83080280058182	-1.8060019111814	1.8099562139813	0.93962587367861	-6.53725964580853	5.11825935976343	1.80652531000411	3.63679565866345	-1.79121107031828	6.6765387439567	0.933542870601957	-1.98865399119055	2.07864340192194	2.85388397610485	1.0077865649908	-5.39794222382826	1.6236416472254	3.98435028125057	-4.26484492358268	0.986085287020686	-3.24816612390853	5.38070803973847	2.18749209546549	-2.0223411010799	-0.181105493804186	-0.243527487852711	5.52479474716243	-2.17709880973401	3.74549620896223	1.88084814819774	-0.687919238877125	2.53080555185856	1.249407347776	-6.41693426781469	-4.31199924462726	2.44155378040258	-6.33089674346176	-1.06985036263799
MA1494.1_HNF4A(var.2)	HNF4A(var.2)	3.88016126071649	2.75428272645478	4.98255626828107	1.60248116770625e-96	2.72680263214532e-96	3.64956190477959	0.7843089918904	4.26002016907404	-0.211325482434453	0.679255477386269	-2.13650132570834	5.60664577743483	-1.78175052233732	5.24776878330584	-2.59952363971153	1.75045837595816	2.66430539149206	-1.1186788966497	-1.78745965613791	-0.933952303237058	7.29250758673039	-2.37467242280439	-0.180281265654424	3.97779711336093	-2.06631014394365	-1.31240196638476	6.40120503105822	4.9697243581577	-1.81674480076745	-2.42513303582912	-1.55403626241972	-3.0953560574774	0.968929470537706	-2.46669652964082	0.797981511964584	-5.29953206125017	-2.62057508201577	-3.23835190143097	0.137395181262582	-5.46839390351834	13.1477866613678	1.44934426441343	-5.47894743251676	0.64176692522868
MA1495.1_HOXA1	HOXA1	4.96874976862341	3.33075049248696	6.1749994091951	3.74783745786911e-172	9.05488973599675e-172	-0.981591504739927	-1.33632514074214	-1.66995062531693	-1.22740759914782	-0.524575071579068	3.18239170165705	-3.12548988111973	9.3688180509534	-6.01947550373012	-3.00625984311589	1.54575677149572	-1.36541349463472	13.2873583068605	10.9825413155895	13.6550466451185	-5.42293021949639	-0.880388119066731	1.62086716907394	-6.58420524470197	-1.13182298487889	-1.3525875018961	-5.51317761565158	-4.12262938749222	8.26560628958896	-0.605195944467267	0.073326461538798	-1.7212175664159	-0.974453851755123	-0.727426002306618	-4.04132312040461	-2.62352847490274	-2.02575732866324	-3.58413519591864	2.12322478584539	4.76741647983202	-3.26690074112921	0.0437898742745815	2.06791828210176	-2.8865647570294
MA1496.1_HOXA4	HOXA4	3.90752889408991	3.10502868117983	4.563178609792	3.59425276029045e-98	6.21628961001054e-98	0.577569779302546	-6.2458295038232	-5.32951108553638	-1.36412242946336	-3.4070558581278	-10.6686558838858	-1.46012147920879	4.72252413744716	-5.44626508212948	-2.75048409004198	2.03417480774647	1.01856640004114	-4.8214735851066	5.74142375032819	5.19124962243069	-4.27691615815027	-1.90908631103414	1.51763103004427	-3.20709699957001	-2.0008964971621	1.34429479161438	3.47324380899415	-1.8760427494037	4.64802052726649	1.17009572653437	1.29900501296362	-4.96974558734853	-2.07346420682176	1.09819137894745	-3.28597566679339	-4.85018436021926	-4.73408214339102	-0.654808398002237	2.55725093628166	7.23387727113806	-2.85314949045149	1.34038725434412	4.36138868521127	-1.92351693142199
MA1497.1_HOXA6	HOXA6	6.16201327596089	4.26761644600711	7.60504497205903	2.16652830550148e-278	7.74809275357309e-278	-1.76972206013456	-2.55565753060122	-2.91209110729402	-1.45478992653662	-0.929541486098361	2.26410421432452	-5.26601659032709	12.9415938840129	-8.19318553558407	-3.48957073964898	2.43549368718923	-1.02993753411658	12.3169926265905	14.337106915591	16.5228796190921	-8.1429482882748	0.0655870205471753	2.41643528122492	-6.13840566504042	-0.698482925839033	-1.51769128827194	-6.91351203989523	-5.96100561799451	11.5474672004207	-1.35994142385216	1.055570543555	-2.5311776436742	-0.918255941122853	-1.32528361770821	-5.57469382418362	-2.59497742668248	-1.90639564898717	-3.70691226928252	2.56827321803606	7.03575855998537	-4.26248314345535	-0.15107953596119	2.5740030239138	-5.24755873251132
MA1498.1_HOXA7	HOXA7	8.05278993417202	5.84652770890842	9.55586644294682	0	0	-9.44712152709026	-8.29820905132324	-10.0498165860773	-4.52911549382817	-5.46212625024004	8.51959598464354	-5.61507115994923	16.3228808366029	-8.49168423098704	-4.73462924909646	1.462107267155	-5.13290781958659	15.2076337212307	16.469863855594	16.4388169727889	-9.25982031060457	1.47726217386098	0.986049022876799	-6.44086127250552	-0.39851212885507	-1.93405682265382	-8.99374701491929	-6.4342346446761	15.5418288137994	-7.9089321488293	0.507103218720655	-3.56824295775726	-5.14887531936709	-9.37826135283598	-9.52781228294936	-2.02134747387758	-0.334913119962826	-5.44260231305385	6.50427083706365	0.344226899750196	-4.31456327003808	3.5536474060596	0.521787332065604	-7.57732343715927
MA1499.1_HOXB4	HOXB4	3.93438824227972	2.79129954406175	4.8098525858628	8.40036180028751e-100	1.46083214823681e-99	0.209020275967215	-4.91430543235615	-5.31908475689024	-1.37560623034513	-3.3246969761491	-11.1904368067832	-0.240152579179827	7.84333496041772	-3.41833627874641	-1.3504710444682	0.751127888082163	-1.32849280321603	-4.79415035452351	8.2475571432113	7.51003678135947	-3.22031815320356	-2.15216375788053	0.444950198626346	-3.74301066871763	-2.5489465258577	-1.35978718415252	4.75956627192727	-0.388878111566437	5.3292424282437	1.38573160153361	-0.175859988163332	-3.551589458698	-1.67170949432021	0.933055580202236	-2.91421166656094	-2.86529119258006	-4.54780917199338	-1.91688497753043	2.8667086654117	4.40723540093525	-0.935904328303481	0.114855989106873	2.46844960181379	-2.26551262655659
MA1500.1_HOXB6	HOXB6	9.38218894179239	6.70919817302906	11.271259276144	0	0	-11.1753725689764	-13.4072854857107	-13.4636556931792	-4.97130543898987	-9.67894719377046	0.29573184401314	-5.1398041365051	18.3812529805349	-10.5142441685283	-5.20863925225754	1.80110446266212	0.269571750662497	11.6618026641427	20.1880461543166	20.4150233790604	-13.6089799526263	2.8029655445935	1.62817750653295	-6.33784578911512	0.595384975387087	-3.8097836370247	-9.86538402912289	-5.71737675990818	19.7760035334608	-7.20441166788595	-0.284178985057303	-10.3772126471134	-0.110391868627828	-7.62973262322753	-4.81296800672555	-7.07948903848559	-0.683832434057038	-1.91643820827071	3.78686123893124	9.46073019958884	-6.93953322539072	0.10333029826724	3.74168063620445	-11.0659062838589
MA1501.1_HOXB7	HOXB7	5.97375883409205	4.20740118528153	7.33070922241946	5.04751825707572e-260	1.70859842605825e-259	-1.88619718844316	-2.59539568627228	-3.03513281408512	-1.48344927732811	-1.2710138393396	2.67734629605662	-4.13595021060373	11.5567853457088	-8.88430280814038	-4.63837976728815	2.16800282195776	-1.01850228416887	11.9439937181569	13.5965241615795	15.2815545355185	-8.54174380582681	-0.622739825399065	2.20681021361334	-6.48254566912351	-1.23712698238488	-1.79499976088391	-8.34747556915737	-5.06885493382264	10.4268064083605	-1.59577197270481	-0.238626154808441	-3.37112271444789	0.45461373610018	-1.58998078565108	-3.76354518695643	-3.75604537355759	-0.178721336850585	-1.91039452767788	2.09658493159934	8.37850707348611	-4.48497657003679	-0.191827755213164	3.66796018880663	-4.67635352234793
MA1502.1_HOXB8	HOXB8	8.05278993417202	5.84652770890842	9.55586644294682	0	0	-9.44712152709026	-8.29820905132324	-10.0498165860773	-4.52911549382817	-5.46212625024004	8.51959598464354	-5.61507115994923	16.3228808366029	-8.49168423098704	-4.73462924909646	1.462107267155	-5.13290781958659	15.2076337212307	16.469863855594	16.4388169727889	-9.25982031060457	1.47726217386098	0.986049022876799	-6.44086127250552	-0.39851212885507	-1.93405682265382	-8.99374701491929	-6.4342346446761	15.5418288137994	-7.9089321488293	0.507103218720655	-3.56824295775726	-5.14887531936709	-9.37826135283598	-9.52781228294936	-2.02134747387758	-0.334913119962826	-5.44260231305385	6.50427083706365	0.344226899750196	-4.31456327003808	3.5536474060596	0.521787332065604	-7.57732343715927
MA1503.1_HOXB9	HOXB9	2.5413797141244	1.97271478284571	2.94574933255709	3.69895056221169e-32	4.53766609666667e-32	1.54537044319032	-6.20749140469379	-4.62780399635099	1.52187143010684	-4.204669323828	-1.29814068809362	-0.019070799176315	2.13368053519785	-3.56849129906338	-1.43517981229174	1.01482043822106	-3.8178825016197	2.08766252264305	2.41836900271116	1.89494452312264	-5.03429973773453	0.550924794047017	1.48236221778203	-4.68318540869623	-0.407810738611653	2.54250812407603	3.14905542077799	0.751052034062698	1.98785490046089	-0.0876706109926994	1.16774133408128	0.026490098967006	-0.605582475755358	-0.328806147025775	-0.844961725249763	-0.838483834275189	-3.86433945318092	-0.158136199431285	0.110506209656999	1.78582360000813	2.81812424698322	-1.25132012942216	1.23097078879219	-4.11570519356619
MA1504.1_HOXC4	HOXC4	3.66186174654584	2.60750997823399	4.48178448923756	7.73797321071859e-84	1.24634530340582e-83	-3.2471337296492	-5.41396265934685	-5.1811338893692	-1.31186265899043	-3.36487829609785	-8.36340742490622	-0.342441864517086	8.07006127213285	-1.86642947003965	-2.11712958185253	2.47231103475377	0.0590413165924146	-0.871915248640643	8.28454535318339	7.5555109756462	-2.3929413434955	-1.96672689717408	1.38665847628766	-2.43341312334394	-2.42011328668658	-3.22939373353069	0.372462243403128	-0.259075099584549	5.70416771369605	0.285867726320044	-1.92922266048907	-3.74880631611725	1.75097137802755	-0.00587129922620272	-0.730409539577793	-2.86570790362681	-3.45116585251263	-2.14066666245087	2.98221507068743	3.13947347855374	-1.66066958887741	0.522777090135232	0.18257948590298	-5.91196870955522
MA1505.1_HOXC8	HOXC8	8.58071412290806	6.26761930485261	10.233992364525	0	0	-8.78071624111806	-10.7150039359412	-11.1209391766528	-6.5114049329531	-9.13345907778196	4.34774699014985	-5.96641610242002	16.9711033914926	-10.1467568453793	-5.24100987858378	3.07848505194092	-3.52428402632779	14.058058791073	16.4893454327284	19.2882862671932	-11.6617267608678	3.60221740066137	3.04466832432161	-7.19412182436395	1.22824051833412	-2.45061951881762	-7.59687743785766	-6.27692921038431	17.8134679011843	-5.70662166136308	0.764442421553002	-8.09761024540642	-2.69136629850662	-6.21343292055182	-6.75609254527887	-5.13134645961917	-2.05233202514065	-4.14555619328139	5.47043675876736	5.91757135516028	-5.7981739229328	2.58766655059921	2.90321364631656	-9.36864671251996
MA1506.1_HOXD10	HOXD10	2.15928929314013	1.73371733844525	2.4821729273415	7.41706401031807e-20	8.30973720094042e-20	1.06622303019351	-5.45812326633956	-3.58261856885673	1.2885634392398	-3.79587015695102	-1.59240514582843	1.11472362129949	1.01803579389669	-2.87697123812966	-1.87131044275352	1.18555074307928	-2.77480879351945	0.482948820731053	1.36391232677654	0.479308751485651	-3.68327943675977	0.813883497221127	1.03795434105267	-3.27033384691399	-0.889437633049622	0.472195366578504	2.63699405405489	2.08044115304772	1.16086418899134	1.18844001436152	0.235466461033856	0.289586730579617	-0.332256255900279	1.23020984661283	-1.11692264201009	-1.23807672450233	-3.42587971045225	1.41172907813165	-0.0115921270477174	1.79420863477168	3.31272919366817	-1.5723424782676	2.05434857016308	-3.71050471157759
MA1507.1_HOXD4	HOXD4	7.0357508791901	4.50309420797509	8.72096254821284	0	0	-5.57856565681585	-11.2949821412734	-10.9015023455893	-3.56398248844584	-8.4764691738099	-6.02347009608811	-0.425655074090526	19.1451440457982	-6.02886230420648	-3.09985812549522	0.981517628544601	-3.05950841555749	3.83479937568581	16.7707565225736	16.604589623739	-7.51319915390376	0.758217155340875	0.38172625991183	-6.01380362142543	-0.273468264986821	-3.62992998286353	-2.32082073054067	-0.896588149339185	12.162585064576	-0.4493021928342	-1.78924600714552	-7.06486751419881	-0.38785774065287	-0.575560901246257	-4.10894845474767	-4.63588289499931	-3.24883815629135	-3.18929010930576	2.5444221438925	7.21030722216898	-4.5314068136107	-0.304164751569402	3.43875719273195	-7.13436785673583
MA1508.1_IKZF1	IKZF1	4.79471904568994	3.78529233245874	5.66611256237649	1.09214262333991e-158	2.52308861523417e-158	4.24455375278461	10.946698210039	-6.88124494122684	1.96944764630677	1.58596658503701	-1.39702345173227	-5.76569565783699	-0.750622554342694	-9.28207740766478	4.36963725822285	-0.745962189521581	-3.24067365300753	-5.28885532098928	-2.14956120936324	-3.48828564201012	-4.93557220854974	3.91355321281332	0.123265921581995	5.78507309398003	2.02696521588696	-0.52832522586451	6.635977113729	-4.97749306304811	-1.19728384363755	0.185887991413381	-0.793185765552376	1.14881156893978	1.71523666611127	0.725912815654462	4.61818044901727	4.45162110383407	2.44221856982631	7.08488332685537	-1.92169674332775	-7.92436021131676	6.29563063453046	-0.453227125044617	-5.63174597419535	10.0443278552168
MA1509.1_IRF6	IRF6	1.38214219140375	1.09893780187932	1.61043183396769	0.000611237671438844	0.00062405394519482	1.55187140858669	1.01316808319154	0.483448005325219	-0.839541997266779	0.983630213154226	1.37424696099647	-1.23417462928859	0.201227088389647	-1.44563361112733	-0.414306021118921	-0.182183786987021	-1.04723437160878	2.69966428366904	-0.802819948457855	-1.30427464470227	0.0692107995720347	-0.000262836324400705	-0.0218086144012303	-2.54548642085084	-0.187057745190346	-0.567583229637764	3.24402729865802	-1.38636643596153	-0.272419761779088	1.4953575911984	2.0508918865699	0.269779144556113	-0.954212914747253	1.36426905456773	-0.523118554616075	-2.07872288182954	-0.868007845254645	1.87332080751536	0.486504542383475	-2.2699805416119	2.08538093419986	-0.0670188414614497	-0.838178221959553	1.75401116870222
MA1511.1_KLF10	KLF10	5.33011439021343	3.97340278817733	6.55548288524676	9.11245824718391e-202	2.58663052487328e-201	3.24087852209799	5.63349248231709	-4.92130179505251	1.08110956149446	0.967476910733112	16.1421194095403	-11.6490817301725	-2.1219905618502	-3.01430774113527	-4.21722323687875	5.46066891787664	-4.11684262289446	5.96255821261477	-3.52587513394379	-3.88587736867562	-0.636877080553604	5.19124307513599	4.60089817681851	-2.47248450292365	6.67966046684046	3.49965734014115	7.97292738426201	-8.67052291756212	-3.02274399007557	6.13582793281633	1.34832250638179	-1.16744864382244	-2.87391173905155	3.60114916053967	-4.34550579411847	-1.45657054739257	1.03200618550868	2.21697596646418	1.9676642989531	-8.06267207879475	5.12925072980595	2.33647778492695	-1.88262371922103	5.98811279616672
MA1512.1_KLF11	KLF11	6.7557822107906	5.18052554927745	8.06214140888922	0	0	7.42719231050234	4.48884243270697	-6.65513532228719	1.10310444313847	0.839877745783359	15.2375764929837	-15.5408009971812	-0.600782722169451	-3.96595068601637	-6.28536807702901	0.335213447338925	-4.94547158770462	9.36596704524848	-2.29426537197588	-3.5030407923077	-2.18632250704884	6.17893054560435	2.05682353088572	-4.25169938611335	6.72974624632493	2.54241572169537	13.4631330719333	-12.5576261210418	-2.2384809220634	10.8353805351812	0.140308090219819	3.8247226721956	-6.50036937096335	7.57222742225192	-8.63218565821051	2.3212416011719	5.78247133294239	3.77922200327892	3.37775172184726	-9.07174903725939	4.24574946010272	3.73033276716845	-1.97784436393817	5.08203963157723
MA1513.1_KLF15	KLF15	4.97048909219613	3.64816316254104	6.0405699574006	2.73269251396527e-172	6.6787427078765e-172	2.86644938527734	-0.414031676361592	-6.53767233677782	-0.405638017544212	-3.13545610871478	7.2283147220294	-13.4151750440102	1.94890889553233	-3.06456411392134	-2.51415087716709	-5.52443185024372	-1.27618973051657	8.80778007706385	1.41122018852806	-0.0762291750901929	-2.81525127694811	5.44250671505874	-1.0990991359091	-2.21369412181389	4.45758018271543	-0.190808637543479	6.98812916967626	-11.5148041491341	1.16202647542349	5.85552445820621	1.73201834636426	-3.19934004705073	-6.61492720284914	5.60467134481321	-6.7834851768895	-4.85902865842566	1.87189265230748	4.23345728679728	3.32796682945206	-1.87090120233953	3.61123156784582	2.79122584079784	2.98934803248367	3.15090294142162
MA1514.1_KLF17	KLF17	2.39368406788848	1.69157412880538	3.05844684650464	4.5273242424295e-27	5.346634786302e-27	-0.518509713326103	-0.463626881645257	-0.191203365763045	0.541173261787815	-0.25118067249159	2.46095580469614	-5.24122275613542	4.10858022263045	-2.98686847843394	-1.8460246355269	-0.824809034447545	-0.0194127262551643	-0.43822809277453	3.05276099609773	3.55588670112182	-4.23685879109938	0.708624382784065	1.4374938188189	-4.40230692232055	1.11841010781134	0.989155945678241	-2.30557000591841	-4.01682244410237	3.80753117822913	0.48401420502656	6.7812510411052	-0.285369622689306	-0.830716330340918	-0.351132641883724	-1.30293021607925	-0.112551481411183	-0.278566020038564	0.192320598333685	0.282381086661331	-0.600556168790981	1.03731947510016	0.100177801066705	1.03801873940196	1.31076371573386
MA1515.1_KLF2	KLF2	5.14357903119857	3.83332212252076	6.22806524483055	3.34994009530015e-186	8.76244661291321e-186	1.3280871938437	0.966708872153207	-3.6244994009517	1.0965010207413	-1.18399048188847	9.83784974084653	-12.9713778462563	-2.72466449565426	-1.13594109824343	-3.2742923922197	1.83427777969252	-0.910978830620236	6.81488792495006	-3.46639410319486	-4.43643702123699	0.228089009288812	6.43278511044361	3.25760757843487	-2.65953832590495	7.42993067354183	2.41606176305225	8.00823164347949	-10.5554874073135	-3.24109448093639	3.79407469396585	2.33698972899686	-1.89219562588521	-3.32612302946778	1.49246308078838	-5.20201857766384	-2.67867979117118	1.2551992716425	4.7751265067793	3.30301574384542	-10.6013013170875	5.96016861134849	3.95820108934256	-2.9143994572668	6.03386152831104
MA1516.1_KLF3	KLF3	4.62074292357214	3.80104149735947	5.27732344346031	9.51724822838793e-146	2.04217563680324e-145	0.434753859742994	4.80457702501749	-3.14525706566077	1.37022506350351	1.51805913684006	10.3402009958138	-7.34552286334038	-5.44096684566275	1.55116748532642	-1.02323265570529	4.09238360620337	-4.80046234062478	8.14647387892149	-5.07281414022389	-6.07876952609517	3.08983860098276	4.79623139563001	3.99977003143509	-2.63838394709286	5.97060967740747	3.49635653744189	3.72742404339948	-4.85611888354427	-5.83561619226183	6.17009023196085	1.1365698682065	-2.84300468727773	-2.96292620631644	4.30131244558516	-3.98193611941806	-4.67394144791507	0.662248823493326	5.87201264179641	1.04015453920875	-7.15334246347363	4.82527728438345	1.69377839078516	-1.56306441017744	4.01172867218636
MA1517.1_KLF6	KLF6	5.71260126932586	4.4798059559491	6.78190908704399	1.54526156809757e-235	4.96523133302418e-235	1.05856273008189	5.41545405520151	-4.73986394003543	1.12399750987118	0.788917554655546	14.2213821617077	-12.2137503867422	-4.59538545771599	-0.283996446943872	-2.8622741448345	5.87694812124712	-4.77091391540434	8.72702212048178	-4.77052158025283	-5.86844623117747	2.16894656090278	5.29355853257409	4.36458904768484	-2.88456567217566	6.65382804303438	3.87193534468117	6.22939279717542	-8.92846215456327	-5.199852871523	8.88426860332881	-0.114699248137536	-2.1110376359275	-3.17089127778818	5.31241384995189	-4.65707029501756	-2.54005656092986	0.181544798111937	3.97755095768519	2.81355084390611	-9.28446874432276	5.47166365232028	3.54380549052312	-2.77873512366414	7.108496932181
MA1518.1_LHX1	LHX1	6.52838029151871	4.97051370602222	7.67751666347456	7.46540972400046e-316	3.21469683942742e-315	-7.63755427302216	-9.30450283773613	-9.52714007409253	-3.23213227102277	-5.49021934216132	5.45052718478379	-4.36290365012398	11.7347410107626	-8.73285497745712	-3.76359786158648	-0.0247490813958835	-1.22230452556395	10.9573228556108	12.6530263561086	12.0385608018268	-11.0048045491523	-0.167935063843899	-0.777477010912387	-4.7797755975196	-1.93211629062612	-2.93241758834792	-8.82286931111047	-5.49708557905465	11.4831655810448	-6.25950024540586	-0.347076847722304	-2.68439994899359	-1.01614356434279	-6.33864660911433	-5.24236815154314	-1.29929640986241	3.34542278198469	-3.64113421515729	3.02805629736099	5.87852658979241	-4.97568990898544	1.30047597195481	3.52840617364693	-8.91148823899746
MA1519.1_LHX5	LHX5	8.35388040619922	6.29783685320886	9.75164449747862	0	0	-7.38075037354637	-12.2945159688448	-12.1726245147439	-6.14331033519566	-8.71125553229976	-1.3240939068566	-5.22355351496027	14.7848463061557	-9.85837008561274	-4.21998702704241	4.32800229602609	-0.816029635091323	11.0763746068212	16.1780618044093	15.6624146408428	-12.5391207937807	3.41134665717416	5.31014471742489	-6.92061661481648	1.7483573169732	-3.56471413853651	-6.27114538084444	-5.38264758465996	15.0210615707245	-6.5155198910768	-0.76166955163967	-10.272356782675	-0.879541979706618	-7.09401810634559	-5.57130460384482	-6.77088225897869	-1.7159156276463	-2.80152577908443	0.861605339162024	13.49067856658	-6.53467161924521	-3.01390471517738	7.15834868170521	-11.3339308699615
MA1520.1_MAF	MAF	2.73521852248369	2.1102286541403	3.20961422208595	1.85177587598158e-39	2.39708410939946e-39	-5.55674945841026	-2.24912934731712	1.98416512896016	-1.10975084130567	-2.33176267891075	-2.939369868237	2.53622350363592	3.22236972067082	3.47230856708144	-0.193212905849509	3.24502249152976	-1.55444219942059	-5.03243075582019	3.67113362045053	3.41021969200965	5.5242627134223	-1.22815776798216	1.38709762759067	0.696629293003619	-2.77063545144063	-2.06084621222357	-6.54986808524149	2.78305414433569	3.15798077910815	-2.52501409208464	-2.12960204535908	0.831959195833962	0.828536636680875	-1.94401909554104	1.18722307756734	1.10032872226455	-2.73455719274544	-1.69727950636239	-0.893239293852869	-0.125203630607468	-0.244827677915044	-0.930841341114194	0.236909108942258	-0.9090045510699
MA1521.1_MAFA	MAFA	2.42878607954259	1.82185319558935	2.91209773522356	3.04952140391445e-28	3.64216424278839e-28	-5.06713047652795	-2.84910363537381	0.431785191230781	-0.256437049796677	-2.19731136203472	-3.17928832816983	2.01784994414974	2.61780342841228	2.37617240567363	-0.474016763133509	3.28285269180574	-0.596943845259694	-5.64167292002735	2.14417220331202	2.40655992541378	5.71604732606514	0.369043391756519	1.04555653358941	2.02063113036833	-1.65132045640804	-1.40481338164917	-4.77478439218411	2.15178682458484	2.22842385610215	-2.78598645522356	-0.580360609969959	0.668217392179984	1.34445346537492	-2.57019535369862	1.38803608097234	0.737036691223868	-2.77516602532215	-0.484510539571159	-1.489594137258	-0.298053443215922	-0.512168849986117	-1.25443325713739	0.141917448974563	-0.293584565916544
MA1522.1_MAZ	MAZ	4.22032078612774	3.32667667852631	4.9852466801156	5.98788133718046e-118	1.12807407334382e-117	1.07419444508816	-2.01419556085632	-4.00060348451325	-1.6102562443891	-4.3037664017144	5.28491671463239	-9.47718417545068	7.29548550435535	-2.10299693977986	-6.55817638318078	-3.87547926368419	4.12888474717924	4.74479260096298	5.84418719127647	4.90808244392758	-1.57434463786209	2.20637950629926	1.74545326746618	0.0770545663285667	2.10179903680045	-3.08921620650332	3.01194254864383	-9.02235086656161	6.26018853758356	0.128989551999902	4.38649080941772	4.0679424843051	0.529933278158731	-0.76848661733848	-2.33389085324141	4.69519651556293	5.79839246476765	-0.328827393466607	0.0859456694198581	-2.52116964237708	-3.225335876838	-0.604876322877782	-1.41321538181889	-5.70868742410093
MA1523.1_MSANTD3	MSANTD3	2.98337536518793	2.20753186871146	3.54108507795326	8.04801069270526e-50	1.11474633883642e-49	-2.72953240402711	2.10622335228343	2.49585131382896	0.811687883403623	3.33057585322899	-3.39958125415906	5.69140358591863	-1.3616693148406	3.81263689462617	-0.349524017442458	0.700129611148258	6.72875267966495	-2.10360200530111	-0.185831566170524	-0.158689330732623	1.46730124261362	-4.21105979036192	-0.844124717115301	6.59403922337985	-2.96277743313602	0.904658689646715	-4.97113551396466	6.27390659388266	-0.979218558907206	-3.39472416437118	-0.933988755740999	-0.277281430950124	1.53920318524156	-3.58786084412416	1.14261936336264	0.849139510217657	-1.20524019672848	-1.64025271596666	0.502719590180467	-3.44030358528601	-0.696431300078085	0.798413861073276	-2.923771247398	2.00855424429809
MA1524.1_MSGN1	MSGN1	7.5920256533855	3.60648385065896	10.6531681093411	0	0	-6.5064123032304	-5.86706070200039	-4.20113721439278	-5.72866994971587	-6.60468311935231	1.13932279927205	7.99589491674325	-4.08760696833839	-6.67698450200236	-2.93724358484731	-1.12594126454265	-0.623219982583084	-4.20531183710547	-3.83366982414993	-3.16939770818089	-7.61089609505781	-8.4079371273664	-2.89317339886364	-5.518828727158	-7.54769170291774	-3.08180149069293	-7.16603231466265	6.20776425832305	-4.72694838847397	-5.92647051077812	-0.354823894107855	-6.43907127688882	3.66639053257094	-5.177564602847	4.63161858048227	-3.46872888571461	5.10962448230683	-7.4776802066028	0.376973148681917	28.6780550978601	-4.6915210197941	-1.81296997689493	22.1838473956963	-4.68689198898972
MA1525.1_NFATC4	NFATC4	4.65764843046456	3.44450833985928	5.48432852522868	1.89247067540282e-148	4.13080668113788e-148	-1.09707467470099	-6.6704774107582	-7.94699612431029	0.975646615285745	-4.44453171588763	-1.57252807495735	-2.59534953320464	4.55837378990565	-11.6462504961315	2.50316236241414	-8.84373219882927	0.281619951115388	-1.44078890308398	0.750508701981442	3.47173657762344	-11.8304483069294	-2.16195420482172	-8.599189382651	-4.20494961816219	-2.28424459712908	-1.45350075037589	-1.77029216208063	-0.396560448684993	2.66153020397662	2.71470666430182	-1.38654444848129	-1.81634948092886	2.94146259684043	2.85624538069212	1.35917850865923	-4.67580856901908	3.3370795355397	3.35662297117472	3.70271757869304	3.7347924051904	3.06375121665257	4.15685160644897	3.54060778552176	7.46699722270381
MA1527.1_NFIC(var.2)	NFIC(var.2)	12.6383601717498	10.3368333558213	14.3937113794823	0	0	-24.8775857343122	-3.66975244789468	-8.2516612783454	-4.186631251281	-13.2020749031974	-13.7752771467671	18.1492257150089	8.98429069353888	-8.53821243089142	-6.53845439386014	-2.89013358678928	7.34144518140864	0.902176457013606	8.03708941171271	13.016912832515	-10.1630005856337	4.09888601398244	-7.55244722684163	1.03749948991014	-1.63578735411097	-10.7747619695537	-20.9201794338576	15.6740503586047	7.33813740426145	-19.4100320464925	-5.36844971927098	-7.71226749227559	12.9879773630501	-19.5372980748979	12.8738032308834	3.98710963921382	7.44073557230831	-11.2706195109915	-18.7913662071935	22.1315819323096	-19.2087627745572	-21.1970530704544	9.17593412562539	-20.4339162176671
MA1528.1_NFIX(var.2)	NFIX(var.2)	14.6965140278017	11.9342422991829	16.7225299051064	0	0	-27.4402606880898	-4.82371847878648	-7.63389857812739	-4.40639888192132	-15.6798735020451	-14.092201016133	23.362287918799	12.7734851652897	-9.1852630684666	-7.7732387568266	-4.20781169878664	7.25792766900312	0.845711029626965	12.1194308048222	16.9912745063533	-10.3027993399036	5.27585140847985	-7.43766952316279	1.13733466211478	-1.12795559917609	-10.1251865733273	-22.1186108653774	22.1489542070187	10.1572128131013	-20.3720873233559	-5.20925725732411	-9.95375519306015	14.646349986036	-20.528678920198	15.7040705439773	5.36260420078892	8.56947108941028	-13.150787952085	-20.1764521550905	25.0294307761864	-23.0872781694996	-22.2768980841903	10.1598638780184	-25.4024548964569
MA1529.1_NHLH2	NHLH2	6.05621617988909	4.93910722842813	7.07036368172734	5.3931253580795e-268	1.886104061693e-267	-9.35097630679934	-4.19007492119567	-1.62239817357437	0.792512126057458	-7.97194615870797	-11.1753433515994	9.36562211237584	2.663627593423	3.46828916483798	-4.43277280735322	8.87395248313676	-3.04236322963664	-6.47250641665719	3.73445830017068	3.70654787086734	2.79501435248434	-11.287346167272	0.851545180907701	5.14563918844143	-10.1010801144262	-4.89865811319625	-6.04810714660437	6.61301197524063	2.71479135249767	-3.96421956743488	-7.30779115443992	-3.62081466475525	10.2604679991503	-3.16052055373473	10.6123341718182	1.20741060503331	-1.67400157470346	-1.59202589822504	-1.15380496109527	3.69742811452668	-8.5522194774856	-0.025957177744458	-0.863612695103165	-9.12608398919808
MA1530.1_NKX6-3	NKX6-3	3.65872659489675	2.82650605951141	4.27662487136867	1.16058099578982e-83	1.8645882495811e-83	-1.69372547975789	-6.9652385219301	-6.67233358220508	-1.54841974051506	-6.17174272600224	-8.6096787203614	-0.0165632871437539	5.70415670808588	-3.39635522058252	-2.0393198732928	1.91099826005156	0.233693251847045	1.13575980308289	6.83971771030411	5.13751265650614	-4.75360751828675	-0.357232805059535	0.868036268676459	-3.9224134230542	-1.17172145495391	-2.40051715140989	1.26537343774105	-0.374414035899168	4.94809395445017	0.332910912228548	-1.65158954816378	-3.95436428450078	2.69093690095494	0.275210381054491	0.165991412565984	-2.95087813793491	-1.74818589760399	-0.258927732536715	1.54643422208124	5.63455424413726	-2.35583403716013	-1.04246753089083	2.32191231980428	-6.12644686746525
MA1531.1_NR1D1	NR1D1	2.52222999649484	1.91616508690876	2.99585538719578	1.78265615437945e-31	2.17422224609285e-31	-0.912617402519402	2.36931986474302	2.43379704053476	0.0286158667866479	4.96201735009304	-4.1095929592869	5.201159431674	-1.37444218426812	3.23186476929529	-1.55592737411742	0.99618251956731	-0.360648742413085	-2.09439864141838	-0.845848925023898	0.516833128917077	1.53696447965132	-1.96840464597549	-0.530166579413704	-0.649533987498197	0.225983668703489	3.87651845711999	-1.00233472211972	5.19041053721833	-0.81226062110363	-2.54198759712505	3.7788995506222	0.144806376026794	0.695453384352048	-2.67731938363411	0.298065955406704	-0.296884810626941	0.238476311521828	4.90652348177752	0.0871013686103965	-4.44121403657385	-0.30562392169465	1.36698041035758	-4.1215919558371	1.3189593542483
MA1532.1_NR1D2	NR1D2	1.80961786292294	1.43312240261728	2.07652609145815	4.04831277516043e-11	4.29963420583314e-11	-0.650722339722394	3.58379525842576	1.24775428515439	-0.207975663626634	3.35227849042386	-1.40248830546001	2.69628084442838	-0.214085096490199	0.0232826031356984	-2.15036314512165	2.84903735340284	-0.873270002157629	-1.43472230154845	0.118452676211738	1.15818519917135	0.228376433311388	-2.49864687515107	1.67349480954699	-1.77852663866848	-1.47213721220004	2.91516262433431	-0.352918931955497	2.72344001927346	0.423448734549372	-1.32659690188779	3.48434478478601	-0.203699773230211	-0.528774032519536	-1.31435375728977	-0.523984703085934	0.221305553658523	-2.07283933206683	-0.227601352205529	1.2613788705827	-2.86307843027219	-0.517418572138359	1.59463003357975	-2.86671715785558	0.813929607557354
MA1533.1_NR1I2	NR1I2	7.18626862384245	5.37372351454941	8.6581451472969	0	0	15.0930685105294	7.88333219104272	0.379017295793576	2.84202743243984	6.390712973361	9.88965951710001	-5.97100986494232	-4.50545264539639	0.709644198317998	-0.580959251856749	4.47003001014345	-0.645333233258303	3.76479351576647	-5.16952544506788	-5.09998773691908	0.485055308456006	-3.1392366940872	6.34905689342406	1.60879012233193	-3.70225403421755	-0.249260223189865	12.9846170649357	-5.79996852135431	-5.29785332809025	6.97362804637197	-3.29564082511686	20.5907120230665	-4.01827611304927	6.11173363468384	-5.58561778931408	16.438416054104	12.8063367167595	1.94905776510718	2.44025952094878	-9.97177229536155	1.01905475721828	2.85750414414358	-9.25472660431755	-1.83033496520048
MA1534.1_NR1I3	NR1I3	2.45756789778215	1.83993592474012	2.95408723060214	3.20659152312331e-29	3.8515605960855e-29	1.80982778796786	-0.0516616552726923	2.65703274088532	-1.31885480637231	0.935339448851527	3.22717008229303	-1.90710138598561	-4.73308933563629	0.403704942082272	1.95398153451361	1.49643408251432	1.12483972810485	2.20615946332954	-5.63912398549474	-4.33263849541431	2.77165837141654	2.54933880532441	2.30697097438265	2.4198125688494	1.97286194489865	-1.15395186725672	1.24578230252318	-1.48010595883052	-3.64709197971623	0.751814449457308	-0.356855620558177	-0.344562640326729	0.44574193771641	0.851160961047323	1.13516356751788	-1.80395481282493	0.762853364426294	0.304723027030918	-0.461891533249681	-3.19170859888692	5.79438302117852	0.4136268875975	-2.07994277493452	4.16445323548614
MA1535.1_NR2C1	NR2C1	4.23674590589033	3.09659423981618	5.08320525623178	4.91587372572184e-119	9.31661098317941e-119	-2.20227769477442	3.06131803261693	2.27950563683006	0.662024517007581	3.16940825632635	-8.50282242517964	8.9413231802466	1.00790704412501	4.1418107486414	-1.32788382287255	6.15434457073871	0.840128593012153	-6.57944307533478	0.326077995077512	0.786371392109716	4.17958390507985	-7.69220113279328	3.65298689858537	3.54094462750088	-5.93166043169179	0.802326436094447	-2.41761332583562	9.91273414987054	0.177389895148229	-1.73177231986228	1.3116485029178	-1.95957353149892	2.21095572623941	-1.48401806235933	2.20763563811577	-5.97197156018459	-4.36539339421029	3.85258331679742	-0.0514943197155161	-6.11307976763919	0.94957875046164	1.33087338856859	-4.66643251969055	2.03035985446775
MA1536.1_NR2C2(var.2)	NR2C2(var.2)	5.60788119563783	4.02685699664194	6.88529982181338	4.81217826756327e-226	1.51547703650127e-225	-2.59371016258094	6.07159894190026	2.37834633187766	-0.550018791682658	3.11519819444644	-8.80765169907056	12.716432829311	0.0218824946375074	6.53705987669776	-1.31767430086875	6.20789212383946	1.82660034093113	-9.52872746512816	0.671930129525409	0.516136476520072	6.42992323827138	-8.64450434067082	2.14052780663132	6.65074244202708	-7.03032533753299	-0.218794922520434	-2.45022664910699	13.6639701496524	0.311168552999336	-2.81142228108408	1.44679867635241	-0.263902260992226	3.18339537179165	-3.07839131717709	2.66101460680746	-1.71433460630513	-2.60342641022509	3.0214355950861	0.547540470055939	-12.0596350222764	2.78966775942488	1.88082807093712	-9.83977326812282	2.63868329406731
MA1537.1_NR2F1(var.2)	NR2F1(var.2)	4.58255494626714	3.44211223505444	5.46576762564622	5.61262132783091e-143	1.17253772294289e-142	1.80111182813722	5.90677409012268	2.66186306192662	-0.458840326365463	3.45338649379101	-5.57933883428444	7.1797535591381	-1.13407486907232	7.46676555460005	-3.27007833233069	5.36858874561506	4.16948357183201	-4.21021660463701	-0.962114995413713	0.00985844966318789	6.4311062510671	-3.87542541709964	1.98090949443081	9.86644846384319	-2.9416486516535	-1.13542727614592	3.17410490444638	8.05589696005111	-0.795845370344163	-1.12845743193954	0.470662848755407	-0.0987745183427662	2.40802199599234	-2.63273747756775	0.682508446992887	-2.5834864238157	-2.87011826156188	1.14190288371289	-0.0792543059523463	-10.7686153191046	8.32912742512199	1.45424186763767	-9.19824335500249	1.25105384523051
MA1538.1_NR2F1(var.3)	NR2F1(var.3)	3.15883724165149	2.40923044404028	3.71332864025427	7.95728864617556e-58	1.13701212483727e-57	-1.15125237143257	2.06179328051319	2.15110840002779	-0.100336302744665	1.31012854741243	-5.91573149250891	5.52549026574115	2.19754387536172	5.21473183473255	-2.2903687449343	2.63192821727016	1.80081716314789	-3.3650214993426	2.35012029323864	1.83773369847492	4.99268301361252	-6.18048703995171	0.828554964638629	3.82990622426255	-5.16336918078488	-1.02449972314831	-0.00781697978298851	5.99529050046104	1.88243881507205	-2.65924249636399	-1.03931859727692	-0.0262188459613236	1.71053097612723	-2.48085906135797	1.00775057362975	-1.17454026701677	-3.18951826432127	-0.266996118729024	0.579418714876403	-5.04647604320447	-1.36414536909305	1.15159047620084	-5.37604121962561	-0.786492346259379
MA1539.1_NR2F6(var.3)	NR2F6(var.3)	3.32641516781329	2.60495858789488	3.89784633438703	5.45539868129153e-66	8.12533497707656e-66	0.0974327239654715	2.95762967289908	4.3455559652933	-0.720090935911393	2.39129534851756	-3.84925482118953	5.51752438075714	0.15648177955419	5.87867189346308	-2.51635568524983	3.32294175145159	2.71047987956777	-4.49140203812892	0.43716635468692	0.757582463765627	6.10545995930657	-3.61348853352435	2.20993304337576	4.4058059005262	-2.87884567668544	0.312925065172027	0.288513945394518	6.5295113708423	0.267395124536021	-3.02031007507016	-0.0678527674004204	0.120699484654096	2.45115124945241	-2.91531262948109	2.26680865740579	-1.07760570550458	-3.41417456241841	-0.741483080867257	0.0432173761011915	-5.98139187375203	-0.784358856712922	1.09494487717274	-7.35091893767242	-1.93119667261488
MA1540.1_NR5A1	NR5A1	4.99556679584754	3.36403543173727	6.3479120876543	2.83670973541188e-174	7.06943804140046e-174	-4.59121158759646	-0.961219569989336	-0.229922343460554	0.00258800939559482	-0.942641937442308	-6.69478544740992	13.3957598401807	-1.65979748894624	2.86696639288359	-1.87935839848994	2.28373491394974	3.8964804553355	-6.31093905963152	-0.705857809480019	-1.15539445837158	2.72025253348039	-5.74401665762478	-0.061477327730639	4.58033571225882	-4.86686365823149	-1.23541366796466	-4.2741471698791	14.2333398174018	-0.960364731401489	-6.15066938953226	-0.210878940751688	-5.14163416700057	7.09309660243685	-6.10505761960355	6.93097006774485	-5.54600291653533	-5.95652916110589	1.54056479798417	0.60135482189136	-0.161725304109277	-5.62256907992461	1.59806222191142	-4.21093457762846	-2.88952287687351
MA1541.1_NR6A1	NR6A1	2.88675125720537	2.23636438714437	3.36655789756085	1.18766269012564e-45	1.60638992061865e-45	-2.37172720270022	2.95944244975851	1.74618311842916	-1.0033189677343	1.84519687298682	-3.5990311012118	5.51371048551048	-0.94227105763748	6.02005320997717	1.04130111910067	2.64340424546656	2.63322841020882	-2.69591996431273	-0.0361945791677449	-0.368645807429687	5.61007692953139	-2.87738596486801	1.27046896825879	5.61179041300379	-2.36205373140551	-0.281048278052122	-2.84403740247776	5.45021583037593	-0.647860379860726	-2.16732303603084	0.0142900155241715	0.448296820684467	2.49438741920795	-1.96418788680525	2.36170805819172	-0.119098334234087	0.720783743489959	1.32441092387932	-0.474225501716154	-4.67658733802631	-0.458639269492154	-0.470348014529568	-5.87800301985311	0.586639051211326
MA1542.1_OSR1	OSR1	2.22424491958896	1.72636464412343	2.62333488736971	9.50544893440611e-22	1.08218510350343e-21	2.65391780617854	1.9030795264754	2.60078041828054	2.19742743399094	3.03929886135875	-0.406126995415431	-2.09894573443895	-3.31904313962329	0.62479861291432	3.7208378940105	1.15193085971723	-0.468248384265519	-1.4811905287418	-3.67748936729589	-4.47693030349208	0.752025357586944	1.37905824525781	-0.0417013184545217	0.0585000895321486	1.07524856019366	-0.00236631131309868	0.994060232209939	-1.98833551766768	-4.02795860700982	2.91047388480343	-1.98671215596473	0.728375700191067	-0.600493956783132	3.27625326014385	0.320756738934247	0.0283067504359605	1.25593122005493	-1.60146112923091	1.78506369925577	-0.958532414139968	3.08187826995202	1.76615987309668	-1.15209851420261	4.81056866770172
MA1544.1_OVOL1	OVOL1	1.46046958548552	1.1758945929899	1.69065063081745	5.94709170951773e-05	6.10131126762515e-05	1.38594859676806	0.423873834107726	0.999792608484727	0.182029201690399	1.07300142931468	0.73027158425574	-0.282812654699037	-1.8490910383196	-1.01162471473969	1.89701734249373	-0.220243933797003	-0.565086311014526	1.62503408215705	-1.29781896629345	-2.80180605084633	-1.29320929077011	0.362062268377886	-0.196730935809708	-3.13703552638164	0.98187985831034	0.134688203035231	0.539734405603317	-0.603514704566857	-2.28195416316946	0.443126014626911	-0.397709329584878	-0.823464194231767	-2.3476037618145	0.411731725269299	-2.3523903832836	-1.25726454336278	0.544863727942341	-1.97023124860465	1.48244467464043	1.89372361462858	0.718780403561565	0.835442573841987	2.61253763749793	2.33556657286562
MA1545.1_OVOL2	OVOL2	1.67416345649842	1.31524383183687	1.97528946893999	2.05848137768334e-08	2.1396037965083e-08	1.04568935231427	-0.377622240282946	0.745687993490389	0.209242201093868	0.421881503363585	0.0449243719903197	-1.12935907779893	-2.39855534568643	-0.0223458947136323	1.49673669625187	-0.000415079194237693	-0.817885437452017	0.891397143150037	-1.55840349535164	-3.22796678177918	-0.82551491144443	-0.228119805952526	0.0118620251037277	-3.21382706847317	0.22462640783974	-0.174658382873858	1.00028702559106	-1.52697750654172	-3.04048388244944	1.16771497255126	-0.467794756772939	0.622724870835019	-2.4054985904724	0.938483141262177	-2.83626228523872	0.00786127046188841	0.797362450110017	-2.04438818722703	2.38361300091287	2.30183684454246	1.01025539403417	1.59440172692163	3.62509607624995	2.86751128338284
MA1546.1_PAX3(var.2)	PAX3(var.2)	1.66688609159533	1.27824915446771	1.95702092987598	2.80456458933887e-08	2.91031046729754e-08	0.462310202917472	-0.746762510062345	-2.64027644647825	-0.595512512565354	-0.791777468836858	-2.66251059703954	-2.02610445142206	3.14503031219688	-0.460226927128153	1.41454496853366	1.95714108995763	0.537686979154482	-1.29386718716317	3.20655675458225	3.26967889633497	-0.900249129074902	0.623141932250715	1.12567649412572	0.502370221401858	-0.117180276087865	-0.0828834335171431	1.69502357107012	-1.86765845702499	3.19876486800009	-0.261813632261496	0.0157903189501274	-2.4353155782625	-0.762118149071175	0.0162117261028332	-1.07733652492103	-3.13122558178373	-0.450675976264564	1.66464535599712	0.227631778530803	-0.0302395416459552	-2.01087345999211	-0.198827786548691	-1.42293503311435	-1.09152596650854
MA1547.1_PITX2	PITX2	2.16991179996198	1.23550700426711	2.81057315675223	3.6850800617704e-20	4.15063288096204e-20	-1.57722760317229	-0.759828567121265	0.0385479891925068	1.38357670707608	-0.438754245008053	7.13068017040731	-0.92724997643747	-1.70601878155342	0.613983032408498	-1.82914178443548	0.717346195440711	-1.48493298699874	-1.97578917564158	-1.64241367509427	-1.67452105767065	0.376296103086217	-0.716713643918461	1.75836607929715	-3.01415244994242	-0.0885255088097126	5.09682135192793	-1.54400548330429	-1.13616097236264	-1.15465164354144	-0.155222405847872	5.76307880207144	-0.46611578373803	-1.32127396200786	-0.648209247318479	-1.58827606047544	0.122143415311564	2.36673800075505	2.38704406281734	-0.904834785786244	0.653656259972604	-0.825095251603215	0.195904951946724	-0.222325833104603	-2.84520724513875
MA1548.1_PLAGL2	PLAGL2	4.01300751526416	3.28275686524674	4.55113574451457	1.19343649496225e-104	2.12801493327071e-104	-4.33429305476988	-3.46910902974841	0.833440964213304	-2.7686740742112	-4.17949337340397	-2.58398663889636	5.66483500135393	2.87640633269679	1.34766973322319	-4.00336302266012	4.97037028792207	0.725762701309737	-3.4911513485941	3.14514553153167	2.9404168661654	1.52170346318075	1.87931439833188	4.3281954023686	0.403139854564322	2.8542179611727	-3.30132105820489	-4.62061150458269	6.12508656313417	1.73675176555704	-6.38468841524459	0.649583153663539	-2.55605017691011	7.54963298575595	-5.88221365359937	6.71967429993435	2.77996577986912	-4.11306002902368	-3.99139776924895	-3.66795653871397	0.499861524080943	-6.70844056951858	-3.7998461190998	-3.59286227165249	-5.20082041871358
MA1549.1_POU6F1(var.2)	POU6F1(var.2)	4.75017141416568	3.68953344153631	5.48590572186361	2.51933930716688e-155	5.71592036357217e-155	-6.49490801413965	-6.7164098257225	-7.95731941199012	-4.0478562352236	-5.78682404652492	-3.91440091931184	2.21167919914437	7.08481625949052	-3.99373583249022	-3.83702414564291	4.30444418534323	-2.61639318985474	1.38796965213995	8.77459819218806	7.50822274098206	-4.99917677009496	-2.7819972306286	4.72608753560108	-6.17547326599162	-3.39297504759563	-3.24992197124257	-4.72588617105525	1.37301024696331	7.50720742725555	-4.75453538783157	-1.04313962326723	-2.91522135978975	0.335735305513361	-4.8661479965647	-0.656500218457509	0.237949056438494	-1.32148837971637	-0.845822299734622	-0.767355904624803	8.99361132576306	-4.51356049354804	-3.72029800174841	4.15773139458048	-7.73932624241775
MA1550.1_PPARD	PPARD	3.83454364752137	2.73492785469981	4.73785623450108	8.40506490533475e-94	1.41877495602051e-93	2.10295188086025	3.62066831458369	2.75475788524403	-1.12172078713034	2.69074310141483	-2.30232404868276	5.26176046350883	-1.80322171341403	4.6905945759528	-3.98647414194348	4.74807709556627	3.7857236655163	-1.78473915150609	-1.60570969430679	-0.89101932897471	5.76203624507709	-3.32382621574843	2.59027390422725	7.04902701689653	-2.60890932202123	-0.660448215660095	3.93010104907886	5.97556826702421	-1.67077427530776	-0.775965400201222	1.79043998613825	-0.317165412266335	1.86502801244681	-1.77434936673915	0.948610443667461	-2.38291957860034	-0.782598561193908	2.75683134203732	1.18217067591629	-11.1525223744292	5.84065819218809	2.22655064513636	-8.394698890345	1.37730530555565
MA1552.1_RARB(var.3)	RARB(var.3)	2.48730668900561	1.97448015548303	2.89135362867872	3.01157814338262e-30	3.62419955277794e-30	-1.21695479026348	1.69860357323341	2.25617125627767	0.797080806929782	2.1610520888446	-1.87193850146427	3.51674095044984	-1.66598281674864	4.69845296689829	-0.21927552677355	4.50294621785458	-1.35558066672331	-2.51662859901387	-1.45140478872957	-1.29264397304184	3.84641282286859	-2.41808926002064	3.62041528323	-0.432493804853326	-0.927884607869223	2.58076093657728	-1.28780227468065	4.89059555527427	-1.06834171557102	-1.62384823051706	1.12462167633468	-0.788498134542509	1.96402390049428	-1.76489396837781	1.72767084039105	-2.05785259449711	-1.76868785255513	2.58552083017578	-0.319952732608703	-5.14901823701802	-1.24609259342259	0.660990137669651	-4.3015280344879	2.28889067824963
MA1553.1_RARG(var.3)	RARG(var.3)	2.50846691526051	1.82566674661544	3.05901518325271	5.46590273614265e-31	6.64091445677216e-31	-0.37852387543894	1.24307722466094	2.09611031962471	0.987369947460089	1.75996815106948	-2.04076937374526	3.84172843233364	-0.865167429661601	4.50272382968748	-0.425369789990686	4.01587079713339	-0.399960585162797	-2.31918971856074	-0.909189105281787	-0.982554138974314	4.35486209769608	-2.69734852643012	3.20194636057316	0.699462650769625	-1.32544212975731	2.56050297959102	0.134343702851052	5.327700558105	-0.900415540424516	-1.66396806882258	0.759460849588929	-0.536800789337004	1.45434778092307	-1.75406644331572	1.03848410926283	-1.8334001774981	-1.29696238619472	1.62810911679389	-0.690163984044823	-6.27337914778903	-1.78672454999446	0.374532439834264	-5.51594999888836	0.812153012105456
MA1554.1_RFX7	RFX7	2.35138732681708	1.76781984357568	2.78634065191169	1.08708347532109e-25	1.26960118058718e-25	-2.54156343354794	0.579811715283222	-6.06639266002322	0.651416457620845	-3.08634189035473	-0.851177484536016	-2.95361718133308	3.69280381486485	-4.68263496154365	-2.25472058412622	-0.245109387102193	0.394804288300017	1.91754758946102	3.53934907624374	3.69258641232417	-4.66335091533641	-0.759675079955583	-2.71335231721224	-0.00034698862235839	-0.601175852598925	0.329331782642564	-1.17099362204173	-2.75742449986872	2.67093158757867	-0.154486730577622	1.67841157352775	0.628986155623145	0.455210694808619	-0.635536525113604	-1.02474267687187	0.630136638409064	-0.0737815837946478	1.64014412282732	2.8052638031845	0.367870728488292	-0.233329273738863	2.94331445553533	1.5407643322036	-2.33196457673814
MA1555.1_RXRB(var.2)	RXRB(var.2)	2.61600943375368	1.77257281165676	3.3294813096048	6.92634658556548e-35	8.64768715712613e-35	-0.16732614359486	2.53294034007697	3.0878142168786	0.843544421807007	4.39352908099667	-0.621379954146139	1.52071175415149	-2.0987068684973	3.52751727394537	0.782643992537358	3.3471082193366	-0.773947951412452	0.0848323514266162	-1.58006677812912	-1.17938121064551	2.83209321743077	-0.0804342958104651	3.30151722889776	-0.715532967680597	1.42606376440981	2.80260697861069	-0.871581746832819	3.31294624043966	-0.780037807532329	-0.769478997150371	0.0584162525791527	-0.943966132514215	0.408578181607272	-1.20249926158234	-0.330006458049294	-3.08134080402129	0.684480801467913	4.77971851963092	0.709051445351069	-7.97778507933966	0.0756660684166305	1.82680473773162	-6.03974098448389	3.71757228193404
MA1556.1_RXRG(var.2)	RXRG(var.2)	2.9381500366021	1.93264292615477	3.81471764340685	7.55531447873551e-48	1.02849764839561e-47	-0.960145076832129	1.80900502774294	3.96020041380508	0.706295805689242	3.34001600158015	-1.90419903685436	1.07498988465789	-1.13076463156485	5.30588655511058	0.790306995214348	3.21616538511094	-0.429338621062921	-0.515844233995325	-0.94162019597119	-0.39558897103106	3.32702684080791	-0.608992467437779	2.17123262332352	0.572459101261281	1.89443174991258	2.16216953005864	-1.36609537516192	2.00217219304276	-0.359377169154308	-2.14442506771638	0.766334683219649	0.333765028926979	-0.0107480937533642	-2.81195348598128	-0.62333696481987	-2.71553939425956	-0.304803098483025	5.53710720001057	1.92432311084819	-9.54950569642361	0.50427774697065	3.35437180069137	-7.07488799830366	4.08309131766912
MA1557.1_SMAD5	SMAD5	1.17555928187616	0.859031503493158	1.48121854121965	0.0588211499123113	0.0592894711695749	-0.628439942035243	-0.571457867761096	0.315516414408016	-1.06217313395737	0.159399915864542	1.60316961261897	3.62103045515191	-0.173357298228245	-0.244791856981307	0.628833932068993	1.4559341731217	-1.88724010729575	0.630550334720788	-0.494939883270073	0.162178698490251	0.756927499203883	0.657674963285637	1.4796636934443	-1.98154315035061	0.377296631137989	-1.76251119601567	-0.589447227518606	2.11037735896595	0.191330779126409	0.441272104747196	-0.897449361482439	-0.0963807030228096	-1.84845697568818	0.198519369762916	-1.81422968011886	-0.457342850881095	-1.24071353468531	-0.647517841348766	-0.279452400171195	1.12129148187115	0.201746349093691	-0.946674291695469	0.793548454304886	-0.0280064118628111
MA1558.1_SNAI1	SNAI1	14.2877539214543	9.82283119981906	17.8858891542362	0	0	-10.5060133006525	1.14217000731357	-1.83115220813189	4.43805277689964	-2.22151856656013	-12.6201057964477	12.586041628726	11.3279501305464	11.6432914578113	-3.91497593055472	17.6717807849928	1.19128053868373	0.578435327132681	11.0455951930487	14.9525500774866	5.9851275638489	-21.7072981906506	5.88521825477206	15.8845355722914	-16.8894279282437	0.79719293914815	-4.90916832908015	13.8149288334093	13.1128370085274	-4.5810849657893	-5.01965778678807	-0.0339838598905432	26.355721237481	-5.2215131534037	27.7433915788835	7.26481598124144	2.80081770985268	6.58651056126649	1.41724215244206	-37.988789726754	-14.1174509852861	5.66063623212322	-38.8659546914477	-9.41620366750581
MA1559.1_SNAI3	SNAI3	14.447155841065	8.80143725775335	18.9604727097066	0	0	-8.02506638418478	2.00965339302565	-0.652257154285449	4.07406059651173	-1.81890388089784	-6.5135103866511	14.2789630801823	8.16501930458703	10.748281576337	-3.98524694018843	15.0555897479479	1.78165374668536	2.787087384953	7.644640841796	11.5577988551402	6.47776975981268	-17.9536199130279	3.99224292500036	15.3241876858663	-13.1358663904179	0.240020218332517	-3.36848920069501	14.6083495061251	9.67105577237326	-4.72696836626973	-4.58573542396785	-0.0460252021500617	25.962373314728	-5.01741439193245	28.2092805565583	5.63660379504	3.18894460935522	7.41687567636947	4.114719434297	-42.8719602170783	-12.0210742183131	9.68264099706141	-45.6661405852607	-8.79758423043645
MA1560.1_SOHLH2	SOHLH2	2.41204469753161	1.89450603469495	2.77748904905485	1.11160048540554e-27	1.32263741966486e-27	-3.68227548917287	-0.470887488223101	-1.47852545257984	1.71491025696096	-0.262621107531993	-4.3830259516621	2.19212222043094	3.7319609561447	1.61617156271378	0.919914885279462	1.6933585220355	0.115965515439566	-1.36526989680771	3.46935567301963	3.68331245112834	-0.605155407194323	-4.12187380490922	-1.11115042057629	0.8856363569578	-3.33428157514869	1.79254971837597	-4.41866531912987	2.90513164392543	3.57666366451664	-0.415040383883845	0.325433663479354	0.393661413165497	1.05861458069646	-0.542570516163369	-0.88440292862161	0.304389990174617	-1.79554359788579	2.1147272612645	1.81108619157086	-4.26124719132671	-1.31343263126821	3.187478848357	-3.21593451770061	1.35807258203376
MA1561.1_SOX12	SOX12	1.52222797841172	1.2534743108609	1.74291948294323	7.55403391659124e-06	7.77512759219879e-06	0.791559603066902	0.550365486317547	0.185492389220813	-1.14765231981226	0.574325825241732	1.91274297527785	-0.898945368601028	2.66792295441159	-0.380959439316289	-2.63528418421535	1.08189664640894	-0.986037367046868	0.678631534770595	2.93292323822253	2.68290169964559	-0.0554960728839627	-1.15245770572281	1.1399197149077	-1.63092595145459	-1.16419906161532	-1.16218027277417	2.54321785073314	-1.9800903760715	1.78694016747657	0.855770658033684	1.19869262337852	1.12166110098012	-1.2451365528673	1.02761116867429	-1.07428006782272	1.69139944820321	-2.11927424819321	-1.20950013720743	1.86266519206149	0.447480509820088	-0.749445144169279	0.34590533868441	-0.108115897935901	-2.69251963953047
MA1562.1_SOX14	SOX14	2.42089027709127	1.80929585588836	2.93066404333027	5.62111829209312e-28	6.70088112786242e-28	0.526621908563512	0.42839600096278	0.258080499618185	-1.35737331648659	-0.223797514319347	3.17411912007017	0.0918639826800528	4.11591830008091	0.129507347221448	-3.55857381169761	2.00135671820267	-1.20530718234014	-0.102419439001796	4.11513545422862	4.04218653277258	0.725746104961856	-1.49289401655849	1.74492734984097	-0.927944149592745	-1.78094166345171	-1.92325287601838	3.75001559055261	-1.17841240266741	2.59711920794849	0.752350218090274	-0.108101192834508	2.13070054542437	0.186984546454743	0.826031538154579	0.337710946451536	4.2365688943013	-2.68180486878209	-6.30338082368595	2.48809940201457	0.593443864436571	-1.44845847799581	0.429030202767865	-2.26077070699238	-4.80920255965611
MA1563.1_SOX18	SOX18	3.59358836932464	2.73505079801067	4.23168287957677	4.82053353775279e-80	7.6284943234938e-80	0.738085404642593	-1.40283501480706	1.0682075435183	-7.38050382235577	-4.69543605775715	6.13221068031679	-1.19409540847049	5.35320501119683	-0.357853360657289	-2.4438785151039	1.64710736864613	-2.74597419372146	-1.85178617560276	6.25222771762107	4.54053520079531	2.37575750509808	-0.323979805539524	0.169485488193409	-1.36844069584176	-1.86418137558195	-6.04574647930874	5.94790218823209	-2.56442590439376	4.58182633790951	-0.335240055558545	-1.76859958123257	2.44744528888413	-0.507116011475698	0.379665180869255	-0.179035562267026	5.60693730958082	-2.02708669046685	-7.16570928887137	1.4509881042347	1.8179063075244	-0.86067641854532	-0.156080381211682	-0.572489963210317	-7.08425478219338
MA1564.1_SP9	SP9	6.28495856736813	4.74621138592502	7.49941330240356	1.0394888666185e-290	3.89347013354738e-290	4.41442941522303	1.32579594533157	-7.38753810375641	1.79569954602063	-0.713152309083593	11.4948197836687	-15.1723605645892	0.572566433241104	-3.97108801368282	-6.97900145956859	-3.50773316405484	-2.91945993260528	10.2130424162683	-0.769582714428435	-2.1494361808187	-2.78529898387895	5.64121902908629	0.288528296722541	-2.45837892464015	6.02507900549803	2.42227688558795	9.25545669097602	-13.2804601259746	-1.18676743021762	10.2481108209827	1.03068888583097	2.58775779593387	-8.63437270315343	6.78391806402835	-9.99686540525448	0.817299117870896	6.25963780179432	5.20167819107581	3.84793089904967	-6.77026712661936	3.52916846712434	4.16199575889152	0.314976854914452	5.25044971225387
MA1565.1_TBX18	TBX18	3.6174140602365	2.04808993629236	4.85171100296068	2.33497111479272e-81	3.72301439713801e-81	-0.964779523526679	2.32807472859742	2.34042013290042	-1.27187192613168	0.389943055115402	0.926992590124894	0.888268546464811	2.68710423636562	6.80731854382216	-2.25483750055142	3.13871463372894	1.58886350847175	2.85215298002803	2.98616604633599	4.56435507933676	4.77283692067471	-1.08203467026522	3.05295546511743	3.31528987194264	0.923690328545879	-1.41570936943092	-0.166436642109934	1.90422237943362	4.15885666932883	-1.63912700319871	0.151920493969008	-0.0273931527244319	1.97694130236106	-1.33464052195379	2.51570044064813	-0.106606379043264	-0.166631769910634	3.56926359749463	-0.69795665543546	-11.6251288440848	-1.91263026009006	0.810423503215006	-11.0256183480641	6.1426568024256
MA1566.1_TBX3	TBX3	4.21390239296333	2.61276639122424	5.52051149813032	1.58578600366511e-117	2.97864255287838e-117	0.511839818796847	4.64084658278813	2.77184406551913	0.279139649429907	1.68197841407333	0.0283200036176883	2.07522164646758	1.83926751064098	7.62116448458681	-3.76676494276552	6.66293039701138	1.48076258117085	1.6235309157986	1.53880202009978	3.31999533798008	6.68332708261587	-3.4728501528326	5.31984853049148	5.13105140297404	-0.972992672471794	0.0669459899765154	1.25178279289566	2.83122866258142	2.83749128724852	-4.38834510873338	-2.09697171014919	1.23519990514592	3.15455867611528	-4.19770734261138	2.80747381887146	0.636593806465883	1.46419309657777	1.80967560376658	0.137128808464832	-11.8730539260911	-2.27470023289022	1.76107357186863	-12.6048813350743	4.67938914870277
MA1567.1_TBX6	TBX6	4.35749270984006	2.7082878141443	5.68168809350569	3.6875654035879e-127	7.11655152582665e-127	0.757121154818223	4.5428242665868	3.32032212430016	0.717878696880972	2.56068666999889	-0.431770404178512	2.87042893167797	0.690269078380077	7.82380778533651	-3.12034777622103	6.7225013783855	1.38902067603648	1.1715943843364	0.302189444630696	2.45736533608767	8.04780232042233	-3.24639209793664	5.04921595873186	4.91942722088855	-1.32897831344518	0.453207917374495	0.715788821046014	3.34886560268433	1.62229461497886	-4.55201582028641	-2.18561921148124	2.65998393779157	2.54205347557037	-4.42070008640926	2.63799428896077	0.665172369063995	1.5186931988957	2.69208821341988	0.717981983977876	-11.5658415279256	-2.00043771432365	2.74359844866575	-13.4992682075174	5.88187974098897
MA1568.1_TCF21(var.2)	TCF21(var.2)	9.57125649049002	4.51433296499499	13.4520321386662	0	0	-2.64143816045936	-5.70566376558589	-2.98812991554161	-2.21964587602265	-3.24756149968061	6.9593067204241	6.47757182218426	-10.854775430476	-5.65349509670304	-2.27269237533747	-1.85535617712181	-1.82201808916005	-4.26094881706657	-10.3888803109076	-9.15465246401254	-5.52885132107922	-8.18474061604161	-3.1612949161669	-8.7928756932552	-5.65184113851001	-1.058978708499	-4.78002917267091	4.97203772363519	-10.6854412779676	-1.90943200875034	-0.615977131240222	-8.09050282714279	4.35820111995878	-1.28740144579717	7.36781476712919	-6.9006234534813	6.87459579243053	-8.31765963175476	-2.04971668068716	39.1848193987911	-3.35443407531485	-3.10571855634313	27.3990802996422	-3.23776426992872
MA1569.1_TFAP2E	TFAP2E	2.63902715841123	1.98554069896252	3.20499126014941	9.5099297741965e-36	1.1944018942592e-35	-1.79005835582391	-3.59180813077905	-2.17223066335057	-2.3056326272346	-4.67860910395979	2.21543021723906	-2.9127798222951	1.73334435154414	-1.44910002457551	-1.23753777947793	3.37901568049553	-0.599073871949232	-2.34392720820709	0.638825058154678	2.21010900788401	-0.282277866472052	7.18230404106058	3.34054666933933	-0.817993260564214	4.47412982521211	-2.36038482243089	-0.891609848097264	-2.85889688979863	1.46680524724127	-2.5076677727962	1.12441160070625	-1.61645505060282	2.38915502377192	-1.96816529390434	2.25154592938192	-1.3672680237469	-0.148705229413614	-0.635216630120816	-2.90717617210458	4.21768338437491	0.616039308490094	-3.21904948841453	-0.506165547029582	-3.5884229429556
MA1570.1_TFAP4(var.2)	TFAP4(var.2)	6.45936866895145	3.77494109544653	8.61530307574744	1.26783584604054e-308	5.24536006891282e-308	0.325736914941469	-2.07523292041186	-3.46321335180924	1.28332300634423	-2.43666570962822	1.13913505112525	3.19891471432338	-9.30525380518892	-4.04673132214584	-1.8820806932798	-1.37434465973539	-2.44469827666396	-6.0393014202434	-8.82280643526033	-9.19309985153078	-4.70354764352031	-10.6360084059581	-3.401141593673	-5.98216140536318	-9.23912124546654	0.264639938964191	0.173226354725225	3.1780047628527	-9.08184570051206	0.885524084771178	0.499511056837619	-3.45199019623829	2.17850776466526	1.00172876938583	4.82461916127774	-2.70313897545672	2.77670896522846	-8.00122682331498	1.37301069151919	22.2476432465439	-0.580650838808709	0.852894204035205	17.6042159058907	-0.324658423265354
MA1571.1_TGIF2LX	TGIF2LX	5.49688399501724	4.36099169586032	6.52107281977429	3.4771899082797e-216	1.0633145951406e-215	-8.71887848269398	-3.11675262262041	-0.595917603739766	-1.34169456640842	-3.88250011884039	-3.08955007112141	5.93480007785696	1.06383541946664	4.92908153868497	-3.62010316479453	3.81865858878076	2.38882537364271	-6.24739676516646	0.891213037922774	1.77310296632857	4.29343248505775	-12.4866197417718	-0.60780027923332	3.83394290679065	-13.4467227544036	-3.89202108084633	-5.26283481175025	5.92453639739028	0.701624842682674	-7.71095286062735	-4.67250655650422	-2.94725763819479	8.25535337491261	-6.84248826212883	8.60650075540333	-1.18862792163149	3.10542370073439	-5.69536874621333	-0.979233097812606	8.34374010922671	-8.99798531035506	-1.75743184323796	0.811326269678883	-5.59856566221494
MA1572.1_TGIF2LY	TGIF2LY	5.11737697334465	3.89914355447136	6.17515477407196	4.61171471857033e-184	1.1866729336809e-183	-6.79716624287989	-2.80915241088676	-1.1613129749162	-1.4303595801971	-3.5508343616174	-2.77298860690734	5.70408238161505	1.06236008927205	3.602727189649	-3.32499035269347	3.78052622584039	1.40231897427146	-6.7546665878598	0.917772519004083	1.92552480439136	3.23802902633199	-12.4982097973011	-1.04823206535413	2.26868578565613	-12.9682304880717	-3.72378950033386	-3.93383467697743	5.54816299493422	0.649352872670266	-6.33179389504494	-4.5062207543001	-2.71323782405835	8.12009543067484	-5.4117168109635	7.86271897626454	-0.829724025003835	3.00462359337344	-4.93104445735742	-0.990336226761806	8.78694159661964	-8.33366994035665	-1.86141225087031	1.80599945502505	-5.36959341017191
MA1573.1_THAP11	THAP11	4.37382141737983	3.13036173103832	5.29742843037986	2.8093744761445e-128	5.48868531913417e-128	7.08291152588957	-1.77212108769433	-3.45223514345874	1.13378555253658	-1.10734806786184	10.6145757448542	-6.3613860505438	-2.08532088273791	-1.91639180121284	-3.03153055082638	1.28475443885691	-2.2446409161153	9.16155990992568	-1.7676075765892	-1.75950304006596	0.65279077890177	5.48644152381931	2.90366494373706	-0.241445743124312	5.80208526906752	3.880742490725	10.520943771791	-5.67771367807317	-1.74113724310932	2.53688685054039	1.93023178405037	-1.04241316763858	-7.52229708412149	2.323444338933	-8.24735259241973	-3.33992708958687	-0.0335968175454112	1.29616793201578	0.357537468895544	-1.13699014850423	-2.2467758135306	0.169060025717949	0.249131819964982	-0.547260560609654
MA1574.1_THRB	THRB	3.93584063749344	2.83192313771733	4.84535446710808	6.85056519474318e-100	1.19460269098414e-99	3.07836875807733	4.18210669039594	3.58043958131286	-1.24208294116345	3.49327830480805	-3.56558241532062	5.09235076953477	-1.57542368384973	6.56369100696076	-3.69756659314962	4.51172442857626	3.45891075164524	-2.38337626480292	-1.18645820471099	-0.636705792215477	7.82874279405665	-2.09998304454537	2.22520214795235	6.81916844126856	-1.42152133996678	-0.974038042032873	4.71407281385967	6.34280798399138	-0.99494135750372	-0.204983053287	1.5017760841584	-0.328070175670768	0.680141771411195	-1.35661835762302	-0.573847746166769	-2.04148249660608	-0.729931598676628	1.46870749020833	0.948792823126744	-10.7174111836931	5.32272076082312	2.31064823906136	-8.69186009401004	1.23426023749747
MA1575.1_THRB(var.2)	THRB(var.2)	3.08129288098597	2.49604803021992	3.5201352048916	3.21594139129234e-54	4.55411834605828e-54	-1.89679676688036	1.13626680269784	2.8014043815439	-1.11360263534526	-0.482757456210967	-4.36996224414236	4.22299743892861	1.41096216570784	6.38238659925377	0.694685743086705	4.16922994387723	0.607811098018822	-3.33671782629058	1.75254013361505	1.52216776547619	6.02482716879165	-3.0051944056942	2.37872637359833	2.55485053515581	-2.44721897470153	-1.37552489746693	-0.46974603877978	5.50668398248736	1.32056522733725	-4.94869253991022	-2.61660227029181	-0.161157017278069	1.99531269887833	-4.70990568132194	2.35517368849429	-1.1962041651531	-3.43209725883185	1.88410047160684	-1.49041851168221	-2.76973092934276	-3.45165132092133	-0.808772265232425	-4.47132191024856	-3.53307255043867
MA1576.1_THRB(var.3)	THRB(var.3)	3.11021944904514	2.37144157298949	3.71988349281752	1.4950831346514e-55	2.1219453458169e-55	-1.79170801870041	0.349939379767576	-1.19686530275896	1.02814361328573	-0.526829034818778	-4.28407314211909	4.54660933126389	-0.0368885967827937	3.65306951276835	-2.55635746938409	0.208124163985527	1.96264067429856	-5.02493878341582	-0.234556354397063	0.183545039331373	3.20761685894554	-0.804444471121246	-0.892025861778601	7.95394371238007	0.0898418488767475	0.80588846269674	-2.05069385815014	5.57669559671664	0.138540026254672	-2.69996455901303	-0.680691650003663	-2.72513832245141	4.52838127103527	-2.50047114952689	3.28686263756752	-4.78738534647604	-3.31158284900595	3.29274357581129	-1.15794787069388	-5.76459720638089	-1.30215277438212	0.453990758772233	-5.31163411686683	1.23464010987942
MA1577.1_TLX2	TLX2	6.96396860964059	5.22459547176996	8.2412128327109	0	0	-7.21377153481399	-8.77753145969325	-10.1465609479668	-4.9651563940306	-5.13259327837783	-2.13511402726479	-3.85098466841427	8.98013477755376	-8.72694653698154	-2.35559023768963	4.5340499203252	1.34230710761936	7.29313603789476	12.9269407565181	10.3554970737031	-10.7094656510612	0.370478656971312	5.35156424196526	-5.93499810805678	-0.429129724493974	-3.28906169880371	-7.74765266424813	-4.41398744685954	9.97186651505099	-6.37583127648296	-1.3952367704465	-7.15917419395051	-0.0648556490613396	-6.98565332756677	-4.96278672160218	-4.32426725853611	1.80195666389778	-2.87752697100719	0.0665180465631895	17.3316790381673	-6.16525661437504	-3.7957332807823	8.37378771523857	-10.3633606588852
MA1578.1_VEZF1	VEZF1	2.92141325400922	2.35374905329738	3.39510300847209	3.96990088523835e-47	5.38104338405969e-47	-1.19453067034672	-1.38897511534577	-0.952324589033489	1.20180234374065	-0.752545384646003	-0.874640508043721	-5.08439285175042	3.91627303810066	-4.12938707840612	-5.3718122075684	-2.72193878612561	2.14709607217816	1.05958470015778	3.80729449032845	3.66746771209062	-4.76536272920611	3.00861651277372	-0.159656163361199	-1.95625420031333	3.53037235419561	0.789249687820308	-4.76184435736714	-4.10633470500412	3.7255202925047	-1.64920154474067	5.7013695033273	-2.09420940432323	2.68628216332282	-1.84737725104347	-0.511868038321741	-1.89231539345757	-0.486947464282919	0.0333115188074972	2.23416129499308	-3.15662679729756	-4.09620175602635	2.23150824317686	-1.0969916601363	0.563037068968439
MA1579.1_ZBTB26	ZBTB26	2.88189129074083	1.85868843801503	3.75761050036088	1.90489656906087e-45	2.56553091109687e-45	-1.54222632098958	-2.13884934368188	-1.52014042858734	-2.45307361397144	-2.5433755560831	-1.61025958915713	4.06882415511317	0.479233757220523	-1.59520897715139	-0.385861524469346	-3.95044317885901	-1.27610349136793	-0.51620544666094	-0.172844112789026	0.183630879035304	-0.253099533556308	1.27050049789946	-2.16521662396052	-1.18651423943601	0.309343534532665	-0.905257941841193	-0.124472844885085	3.72113328830365	-0.170784273710149	-1.19384821032422	0.747744897669408	-2.82554739697221	0.0624829438924	-0.588915124190777	1.53325825001073	-3.33434136630711	-2.19672361534726	-0.256788542577832	-3.87489394485714	8.79641302736716	-4.88493200747662	-4.18411467371741	6.3492877391337	-6.92254161610855
MA1580.1_ZBTB32	ZBTB32	3.21940423212824	2.44333009340386	3.87179509463244	1.01940693938079e-60	1.47662378175752e-60	0.00868337452040583	3.2400411285356	3.4607895884592	1.98244871955586	2.37164187877913	0.160189705643189	-1.19764877086311	-0.94414549093834	4.58486977249379	-4.18456299231117	8.55412131844486	-0.752326797837075	0.479882372827625	-1.51503785274935	-0.677828640818163	5.77696325251579	3.89198039392715	7.19780519575527	-1.85273783949286	5.10217364072775	-1.3266756507954	0.530658256686479	-0.0768118938078119	-0.963004885610812	0.223277375044238	-2.77172384640865	2.94593475840833	-4.453328972641	-0.145280680408814	-5.07878535443088	1.24118171768065	-0.728490420510169	-0.371133952292909	1.44153775919998	-5.13581162171327	-1.45743994399956	1.35731654254041	-2.93635147610172	-3.40393211586411
MA1581.1_ZBTB6	ZBTB6	3.28002056318273	2.56639465543665	3.96349791512187	1.11561910577921e-63	1.64996937840711e-63	-2.85051096287276	-0.372916333060113	0.536959493012531	0.852529051151214	-0.0415068315709013	-2.02599237038175	4.49513921362276	-0.948395797711356	3.19508605664603	-5.72718876074002	0.0874034944164848	3.55628742445305	-0.0201587630573665	-0.41047273040778	-0.28905292191403	2.83830589425016	-4.95957514893853	0.0234777714031228	7.0102520889557	-3.73093497858714	-1.637953034721	-2.20531182182002	3.64564512028273	-1.26461569913786	-2.70864826973809	-0.608868635862384	3.44909807950226	3.11041433987716	-2.67107607718572	1.76434312548966	4.45008669975144	2.9601598471591	0.820838261828775	-3.52123303986801	-0.717772579107811	-9.11114089061546	-2.74783770137114	-2.85060898259423	-4.96260830960104
MA1583.1_ZFP57	ZFP57	1.70227806991322	1.36192081263551	1.94383746775969	6.0804874457765e-09	6.36189843500252e-09	0.884375044703516	-2.45802921821958	-2.81782584672909	-1.3406739628688	-1.98186711386526	-0.936360569491635	-1.06314550766766	2.33551015236237	-2.77244530928719	2.9227707375417	-0.340439784983769	-1.74947722366223	0.2023111072381	2.91089329061533	2.73897804319814	-2.58232427107929	1.35101713386235	0.111737637718954	-1.95951954735674	0.688768434921903	-2.05103229543851	1.85206040845567	-0.966601130254225	3.00949695353073	0.911860974109014	-0.0301073898927552	-1.88200835019313	1.51025021426264	0.640418586534368	0.487072556795609	-1.28504617182371	0.578859852417241	-1.2190748903047	1.40607902533955	-0.704565736814908	-0.553638489350898	0.707268524012588	0.757801038094248	-1.44992177049318
MA1584.1_ZIC5	ZIC5	4.51364450408951	3.32138976243175	5.49586883835184	4.84387331873505e-138	9.76487837821429e-138	-3.56415504874964	-4.69785435304341	0.753404178214132	0.807383492844484	-2.70069481370166	-1.84665117113959	1.45966414326622	1.82109078418387	5.4049897985454	-2.17479634593723	10.3087547028965	1.04984492890269	-5.34947056485242	1.06113432014161	1.7846530845608	6.61829389096714	-0.854547062774328	10.8701405939122	2.68327601774894	-0.859093290369223	1.55862317998001	-3.18692888332399	-1.08432427167542	0.201926321421173	-2.38079409333585	-0.27617112231267	0.774969539780511	9.2018588351782	-2.46690180934173	8.87247080544556	3.9024668752757	-1.97949220243746	-5.97897605904101	-0.237220929660346	-9.01007765793395	-4.05482757040105	-0.108670280550628	-5.81957651870378	-1.74388844845469
MA1585.1_ZKSCAN1	ZKSCAN1	2.32197889435211	1.84797406447219	2.66290984246335	9.4578598582183e-25	1.09648814839784e-24	-0.594678683172764	0.279520484814125	3.43396815632567	0.912128641306802	2.55779571883665	-0.244766094661606	1.21367698073826	-2.02766524761727	2.83333118759569	-2.89345689893848	4.86900483143336	-1.20031212228205	-4.38427067022579	-1.31525940384575	-1.19099984976965	2.76396430791976	2.00386162488834	3.90393463823003	-0.146303533341978	1.7362987773898	3.21506333385158	-0.240956601039436	1.79321569271693	-1.68114301839759	-1.11130454056969	3.80613503513999	0.446833087701228	-3.1637817510829	-1.86064545912378	-2.90851058653989	0.0848531212910708	-3.65206123975022	-1.01516788108841	0.787167172548157	-3.71757412273592	-1.23719827875564	0.571300106210574	-0.841926050835494	-0.407936462911863
MA1587.1_ZNF135	ZNF135	5.60005080969628	3.12497148682086	7.5317930477742	2.42500847955888e-225	7.59916023544937e-225	2.11180366175889	3.56556897679323	5.27239456179424	-0.936111560880637	4.70230781831962	0.538910128784036	-3.36775969771757	-2.20385655203158	12.0319888881105	0.678374538388494	0.927340420385209	-1.49516744969235	4.13147358309388	-2.02360333972264	-0.663600568933216	10.2506036516483	1.08180762852379	3.58959962547229	-0.284872051541592	3.21592381191763	1.16082114167394	1.26965077491253	-0.679366168925826	-0.0156423160257033	-0.237510756458189	2.64961270989382	2.3556518927123	-1.48522915095865	-0.601135135104722	-2.99580924447867	-2.10558328095355	2.80103361579132	11.8701934827005	3.97248508320565	-18.8796164746733	-1.9076216362694	5.51167057817441	-15.2710994566993	3.78752777388693
MA1588.1_ZNF136	ZNF136	1.75045637412041	1.19806730697521	2.22139281277377	6.87250762484063e-10	7.25049554420686e-10	-1.42943639746062	-2.69086706830318	-0.92245680260456	-1.08593824248078	-2.45356291745161	-2.08905534621105	2.15746930305702	-1.05283858713778	-0.236452853093737	-1.21525318517067	-1.65492699631265	0.257123551838769	0.456142469732378	-1.81221917184647	-0.277366403369081	-0.349572792712335	1.71618459291958	-1.55939713793226	-0.662528528668498	1.73392559299444	0.780361688145629	-1.32140398962297	1.24051351282984	-1.24304230132273	-1.91052027351157	1.71216798147409	-2.1515661507671	0.435025488553308	-1.96539804153931	1.1653667373908	-2.24203347695831	-0.899142881563353	-0.155252039906716	-1.21155812754771	5.58847592513659	-1.95947890577378	-0.576903920482194	3.54622749805296	-0.791637182819466
MA1589.1_ZNF140	ZNF140	3.85259964285669	2.95820070314299	4.5560090920091	7.11864553171196e-95	1.2080704079286e-94	5.70161964247324	1.08122388756093	0.395992176876733	1.50460210638793	4.42146465773115	0.21788259763088	-3.19649968801465	-4.84159752246015	-2.46029134603821	7.70781003223286	-3.89553582052192	-2.01698213707138	-1.72346601592885	-4.1434272433165	-3.9069589671823	-2.47926807118908	-0.219170607566749	-4.27126560258957	-3.44910743197814	0.0867646970310767	1.73494562979846	5.08500248649093	-3.12329824883845	-4.27732964429054	4.68538345284935	0.373598524515312	-0.00641954985883057	-1.75613663225447	5.43413949061897	-2.50630743898774	-0.95489034065459	2.45002786132804	1.21966054048435	2.70676244247875	-1.28133898623155	9.83970040299395	3.58999288333128	0.495684798382447	8.97582387676213
MA1592.1_ZNF274	ZNF274	1.91613263519272	1.50142420026355	2.25725989083648	1.61854804198981e-13	1.74836332863405e-13	-0.613507805496818	-0.175408034471459	1.60632411151289	0.966137663320828	-2.98448638161459	0.665906507522402	2.4657841431636	-1.69182230952693	2.65228102322016	-0.340285829232166	3.00672157910819	3.07040180691255	-0.539523652885099	-1.75745649129562	-1.62867303040266	2.57012983480859	-2.35117167327689	1.39411943661658	4.74344628250025	-2.11828819151729	-1.46609788802915	-1.43690263898379	2.64718899822717	-1.59118744312993	-1.46953538961592	-0.631581369817488	-0.156991975346442	0.749629086147751	-1.02685409849378	1.69456849063726	-0.162117705904853	-1.08122116264642	-2.73594457383701	-2.08989499814049	0.58024716789528	-2.78341513758399	-1.54122102884991	0.519982354603371	-0.567031834928045
MA1593.1_ZNF317	ZNF317	3.52845840225133	2.83119910425343	4.10378804378897	1.68259635088349e-76	2.62335835002278e-76	-4.31395031325616	0.790093606216229	1.07282259317519	-1.91935972824908	-3.06169361336482	-1.10940584909449	2.297917130926	0.410000551340385	3.23150767536185	-2.61700698818332	3.37687073958424	-0.157796400821436	-3.11917825426048	1.37893120685807	0.930509477479834	5.11626508876854	-4.49785142710407	1.03797862421913	4.98416446817184	-4.33980482629353	-3.16924819353015	-2.29300017583295	2.1539875827399	1.08072947037411	-4.44114997361267	-3.34582061538278	-1.8116704785307	2.07214384776289	-4.3063156433441	1.36638415182165	-0.913052838831072	-5.32264532192617	-5.9832546038339	-2.48843554420804	7.02324210550973	-4.51563051584218	-2.93451350548654	6.1714577189606	-7.45021546919327
MA1594.1_ZNF382	ZNF382	1.23973150055316	0.925204839588371	1.54899590218684	0.018245399345535	0.0184199964684588	1.17996330727447	-0.883865202116453	1.12416352922206	-0.0520837736541751	-0.353094875861522	-1.85297479761118	0.155704727089829	1.09766689395204	-0.133621103724163	-1.01864819054988	1.30707795360446	-1.2874427352996	-0.835655119637292	1.34981816372823	0.910111334344937	1.11305847492082	-1.05179740151762	-0.0586538752387039	-0.62322747617089	-0.107076435334435	0.864942972277856	2.17300789055991	0.396900616878461	1.11661213376781	0.205367893899095	0.396680933796179	-1.4772398795504	-1.36608934796993	0.293430905186456	-1.24773846341408	-1.28265553118176	-2.19488582641646	-4.06288215384278	-0.709610249787126	1.1219217274936	-0.427850417829111	-0.774237223105427	1.37623438368061	0.420283852744076
MA1596.1_ZNF460	ZNF460	3.36181446583903	2.62794846671796	3.93813605616392	8.86851404797006e-68	1.33343691030049e-67	-1.04314510997742	-0.45263830433936	2.52885714392594	-0.577281415045921	1.02790408101275	-0.00184374930190017	-5.22207378888389	1.85549002886117	6.05177143361135	-0.117320373454804	-2.18304503884063	-0.970519975081489	3.10122308396111	1.66827871992855	2.84412229883768	6.43650733877585	3.97812587718814	1.00911172535006	-0.335708639705365	5.58887770978868	2.75140803680553	-0.433788166049569	-3.66374677066415	2.96234692855524	-2.25133182520675	4.19342473905611	-4.42707550146146	0.0514781018781761	-2.53437305648133	-0.655036575473696	-6.68691928691347	-2.97953819927132	5.36816139278255	0.522424970227354	-7.07425128601476	-1.68173622774262	1.70384347029391	-4.05476885917811	2.26671955598417
MA1597.1_ZNF528	ZNF528	2.81201395716968	1.73626026403584	3.74438622826451	1.52050074198179e-42	2.01777142489407e-42	-0.817532842890242	-1.41963208050993	-2.29154407865613	-2.05740625424579	-5.11473364021962	0.925782069688761	0.299117391060051	0.29522055826061	-1.42576600171014	0.833306575920297	-0.452433227218806	-0.226422111430108	-2.09765385275853	-0.0387327310700204	-0.420962224993718	-0.815498258071028	0.227700286128581	-1.09463856804982	1.43756095169992	-2.20589284383625	-3.89433069028255	-0.0110143693070188	0.345150533747344	-0.027029144092269	-3.53212730538325	-4.03003661478574	-0.665007449967727	3.48595531873667	-2.63956663884842	4.76205228439553	0.541279939333786	-2.59302654888861	-2.11587170879875	-1.50148116757639	9.91595068866194	-2.84522039041048	-1.81942516832121	5.00106464397326	-4.84306501822048
MA1599.1_ZNF682	ZNF682	2.75197869565108	2.13291421185838	3.24150114022954	4.01308286054635e-40	5.23769371283678e-40	-5.85410314643655	-2.46133883803421	-3.15916244462298	-1.85417963549342	-2.86863628218525	-1.11881109904485	3.41676070524617	-1.41868206309872	-0.488893632588953	-5.93413682251672	1.76070968208251	-0.0224988025020557	-1.15404968093915	-0.990967374816639	-1.00638238581839	0.901352503662512	0.365887320301278	2.00148911283171	-0.203047437411858	1.22466434104674	0.0744677769480327	-4.6249933798517	4.16517007910544	-2.0919449488348	0.078884562820259	0.949676591403466	-4.2082921692867	4.48580862454559	-0.842347460254996	3.36282232543053	-1.92880148233124	-2.80308959988376	-1.17285175294384	-2.72989995193216	4.90639915042157	-5.73150926170846	-2.59009587577347	1.86105786442215	-1.89183984109628
MA1600.1_ZNF684	ZNF684	1.59160882024554	1.24363805621516	1.89277645396495	5.88677681798168e-07	6.06894092146971e-07	0.398507792020326	0.48807029871602	2.05303585702653	0.0711505516352319	2.27583772991808	0.183843020241203	1.2232711905889	-1.62974517589559	0.703409562534145	2.58276294093833	0.936776659628658	1.85487411109375	-2.5711127953916	-1.18850236140777	-1.94075622211571	1.22881011139337	-1.61398178779015	0.276616823937882	0.537523125561747	-1.10740184259376	-0.208399110703461	-0.773408875086895	2.00335836653824	-1.51433526063919	1.47065865561392	0.05088126929594	-0.0822041388677696	1.24709381626816	0.157364360297298	0.923761860485719	-0.755961794792469	-0.675838020564797	-2.46139151997389	-2.27264657688038	0.737162412418505	4.29809732458857	-1.66359662810116	-0.29064427307313	3.04382392247456
MA1601.1_ZNF75D	ZNF75D	1.86719982375931	1.3583714110167	2.30308939220044	2.18763722492667e-12	2.33520128731632e-12	-0.215543677218523	-0.585883158909521	-1.72219070574769	0.728604258996994	-1.31051415841693	1.81442817228674	-4.70075371420951	1.15442500231845	-1.61801819150966	-2.60672921232388	1.33460447910552	0.662774785426656	1.2666828348788	0.840724655011571	1.40464998514224	-2.09738111622808	1.01175639124073	2.16889352575905	0.114859368447765	0.864570651545259	0.31381457755344	3.48579501147353	-4.34090444493069	0.91178710583277	0.0659330734663447	-1.1436327425739	2.91110229241755	-0.58478768406207	-0.0263664277729652	-1.256735102776	4.44841629960775	1.18220509151531	-1.04547883145665	-0.887730146936628	-0.347712147632884	-1.04162027817101	-0.514004340666726	-1.41334474789079	-1.8330246381216
MA1602.1_ZSCAN29	ZSCAN29	1.71005948752376	1.37346939377183	1.9820377684874	4.30886844965856e-09	4.51575120634746e-09	0.186738627943476	0.620873005602464	2.19331093471784	1.03265771925161	0.41003176401632	-1.58104117812119	1.30291981243417	-0.105141363047876	2.90104823192747	-1.17154838100119	3.92870006937172	-1.85444367747227	-0.972310381158318	0.360712031971058	0.0870295407962827	3.04899105145325	-1.57533807678484	3.05859344561538	0.057466507531253	-0.912553311277637	0.158791464929787	0.298563020071799	2.84416173578665	0.448588457564456	1.37432777137726	-1.99517847721262	0.880189713737205	-1.40819450667154	1.57580260734216	-1.34424774181427	2.07296041661164	-2.0991966209261	-0.1177202703401	-0.00951557744953423	-2.00987237453762	-2.76962704080581	-0.59103467352507	-2.01369239067559	-1.76379355052658
MA1631.1_ASCL1(var.2)	ASCL1(var.2)	13.407341843905	10.0978738093277	16.1175534459053	0	0	-9.76184243128235	-1.61883610430904	-1.785451244219	3.51958670654944	-6.38321221241274	-16.4228326739904	16.2954540263221	10.1686322823507	9.03905947364809	-5.28284261066119	22.051270387757	-0.253342141134008	-3.89874626838687	10.1956799336756	13.5202075825376	5.22569665649861	-22.9030969180875	8.05625371504817	15.9430138023755	-20.4448697367512	-2.31528626232805	-3.95147289089498	14.2477227578493	10.9391506435409	-6.57377619672355	-8.82219607626739	0.816917773220998	23.8286415346073	-5.97578074853923	23.2495169124768	8.70580924855328	4.7708169311424	2.04742921622521	0.856333092673758	-30.4369023228317	-11.5489993863947	4.29876235319404	-30.3791006507108	-11.7629421372145
MA1632.1_ATF2	ATF2	5.3292454761582	4.24965714840111	6.09808075663677	1.08023512122442e-201	3.05262871310293e-201	-8.23523531828862	-2.26121279753194	-0.93497260619434	0.0692874898985667	-2.77928774756307	-9.8643511442074	5.94029866729391	7.67336505806109	1.61324478631036	-4.57582216547762	1.7390827673339	-6.488934825349	-12.257935441035	2.85239999236016	5.64094940138635	4.85081037036703	-8.00034188081761	-1.24452002091293	0.261742813568161	-7.2598079859203	-2.80432056111886	-8.28519030296064	9.37504668389023	5.16759315848679	-2.52271979351632	-1.11483216224524	0.909693812504341	0.0814744027230238	-3.86036272303149	1.19329217189415	-4.88333344671626	-7.56119533160516	6.32767237796937	3.65494723846393	-1.61836485546682	-0.567514400320559	6.16179351427175	5.58840876169748	1.21484921883834
MA1633.1_BACH1	BACH1	7.89751763915284	5.30870256249303	9.88235686624513	0	0	-6.70356254543564	4.44042529636827	0.0667040996154995	2.15912920352421	-1.24025129781305	-2.69346946290546	-3.15835655638236	-2.97732571477492	2.54560597722328	-6.56053372116628	14.3205775213374	-9.48235654444328	-17.0651236655361	-4.51838384079936	-5.11474937558288	17.5919424064442	23.8505553890596	4.62968564285291	2.16296222149891	12.1624972962094	-0.318752562035461	-1.26448768174406	-2.01890804369433	-1.17788122702623	-6.69008326393975	-0.741152943929566	7.17766306496169	2.80412790257837	-7.86801770048927	2.50467056392372	-0.953071624742628	-13.8957910091877	-6.20198984936292	-0.311466477858506	-5.43245619483425	6.04815957220779	4.56552594240134	-3.93900737396022	4.84533023055502
MA1634.1_BATF	BATF	5.41516572565465	3.85091904652722	6.68182522309783	4.62958870617816e-209	1.369406378977e-208	-0.654038981903331	2.44400484532994	-0.150734115053822	-0.649924819393505	0.534446116452258	-0.895317806148041	-3.91757067764776	-0.198986941503381	-1.98472966630461	-4.75043208274402	6.30570771937971	-3.39016207429203	-15.5009007020706	-2.53376893438778	-3.07584356768879	11.203961390299	12.5732137505974	2.32341417749539	-2.4034581311013	5.07018038691589	-1.51945086371986	-0.369045745447296	-2.19418714891953	0.68790705863493	-0.797070396504415	-3.21398854775974	7.81484955046096	0.54273091090355	-1.31953615419636	-0.381841002142584	-2.36587523156534	-10.9828398735806	-9.01249832775199	2.67646038614721	-7.05753732364765	6.77184750424429	4.07437477349255	-4.40670261404768	3.94143671455731
MA1635.1_BHLHE22(var.2)	BHLHE22(var.2)	7.07605160920688	5.64557851639851	8.28092176093293	0	0	-7.55416298455596	-6.97630286951767	-0.435826485137989	-0.0125879574792332	-11.9718410665696	-11.7543797059643	9.52468217379197	0.398966971779331	1.18020983307109	-4.93924892645471	13.8294892450157	-7.74258463968289	-4.95541614583864	1.56685112826851	1.08690555734793	2.0512151234294	-13.9468256130882	3.9781567547769	2.99987520193789	-14.2050070701059	-6.77045245883062	-3.10510272123366	6.40114452878058	-0.947719813874884	-8.13085904246168	-5.84815736485067	-4.6583053860662	10.1045359664905	-6.95292212867067	8.9465249482297	2.25102057999406	-1.61465369811848	-5.17569081625728	-2.00734044371066	11.7043712891833	-8.88214349951413	-0.933118189860268	4.55366143077313	-9.36353669422395
MA1636.1_CEBPG(var.2)	CEBPG(var.2)	4.54321716554416	3.22988395652431	5.5135731587531	3.77529299552954e-140	7.73385264132751e-140	-4.00248855525578	-4.06949140845148	2.78128004225114	0.216497241184615	-1.27527409482678	-6.8148382878638	-3.34532284418512	-0.012525433860151	0.429268363772441	-2.45261598186953	10.552967470678	-6.18721780573275	-5.32805942835426	-0.845067110693818	-0.81239943330314	5.10179702326462	10.844074737938	11.2466403562007	3.61027452576341	7.55706667451392	-1.44766379119535	-4.88911429293762	-2.69187232576208	-0.325210874676687	-3.49861609323602	-0.575048674551301	6.99126993204761	1.75269437608437	-3.35197891665234	3.39525280184687	-1.25602019527441	-0.181119671776159	-3.00537178189721	-0.945112568368172	-1.35033762927825	-2.7218392700204	-1.68294283824439	2.5205059486425	-2.88220697163046
MA1637.1_EBF3	EBF3	8.412905220313	4.05005110154842	11.852414396131	0	0	-4.92809680315884	-7.7515103040046	-2.59479410497542	-3.45884220186409	-10.0018873267116	15.3067010696709	-3.45175358777729	-8.9217983352071	-3.13608960223375	-5.5726128899061	-0.334091878723316	-8.38083406806108	-8.70306573875414	-8.56267207042421	-7.96104544303774	-3.26056741649775	-2.39520777326317	-1.67764434551846	-4.96604664179464	-2.95969112616628	-5.78880623106677	-5.00184941704287	-3.66877360098923	-7.71936706801632	-6.43392603526726	-4.79305493929437	1.10953926626815	4.49154841975791	-5.73353179781789	11.1761446191476	-0.570525026182414	-1.51127263873562	-5.06256853676372	-2.06682532752342	34.2491579144144	-10.9906217167996	-3.11369513869944	14.3377963350703	-8.4881295906476
MA1638.1_HAND2	HAND2	15.849501106785	8.67421119861886	21.2436813810602	0	0	-13.9488511104952	-12.4505022264105	-14.0074952790804	-5.97371913614073	-14.018590747386	-3.56235882686127	13.0641696089636	-16.2266731863873	-9.98168807816832	-5.2778509636549	-7.76102130353517	-6.56807168320666	-7.08796233627903	-15.1731569472994	-15.3988488012304	-13.235690862794	-25.4270358953001	-9.00771172266365	-8.32731449566986	-23.7438228619437	-6.09811060817293	-11.2840430867768	10.6887262221896	-15.6287293289902	-9.78612723256224	-3.18593764200396	-11.9929361071468	18.8759146278292	-8.47397250633255	25.2166574030642	-8.89897480389465	5.12880460409117	-17.6475989106953	-7.75148924390773	52.2689417332049	-10.7537471254525	-9.19022852264478	40.5719463113875	-8.9639469868288
MA1639.1_MEIS1(var.2)	MEIS1(var.2)	5.98413363076295	4.62001887451663	6.99519392916372	5.08707106360557e-261	1.74060323419585e-260	-2.9867202457984	-0.773700777652087	-6.2453327566689	2.33342948834408	1.15303310377935	-5.31520172095142	-4.09764471110579	11.9063404211796	-7.321483808007	-4.08129797681389	4.08632773046506	5.78238228398145	-0.288521860203174	10.9421034146065	12.345531019147	-8.5808454509313	-5.48135669614964	4.21268032530668	-5.16521440225354	-6.66889763329014	0.403868049812009	0.123164481688182	-2.86148308750293	10.2264965938811	2.37941411602136	-1.16443380094491	-2.84119600561426	11.6161768928858	-0.414424982230247	7.94407498662272	0.0663944886598219	-5.7695586382991	-8.01307629960719	-2.04296539638643	2.23604662447423	-5.65643932505208	-4.94513321440344	-0.139755956102173	-6.82677947693112
MA1640.1_MEIS2(var.2)	MEIS2(var.2)	6.39850383200669	4.81221304085631	7.57483622389951	2.58744660130324e-302	1.04321891632162e-301	-2.31139918312645	-2.55724312045161	-8.16648335660373	1.72192220543863	-0.96929469494027	-4.92057431774522	-3.93719004168295	12.4919035927658	-11.082576147005	-5.50489228661161	1.99086023754037	2.6225226625617	1.99264214868793	11.8406342722917	12.3709116817273	-12.6456152240483	-2.61610669505309	3.50158087563188	-7.03348482866096	-4.03042948237347	0.33858845664169	0.646134999474399	-2.89178499489259	12.1985789662942	2.7136491110189	-0.790287852855809	-4.03305771097837	7.613830605164	0.71055127938305	5.92574403289803	-1.85700758590299	-4.83726127864914	-5.40994868886882	0.0790724121955105	4.8228848865238	-8.25356040609609	-3.68392304632752	2.32405644458869	-11.9954604804289
MA1641.1_MYF5	MYF5	8.96453803376458	6.73031427735534	10.8392022934363	0	0	-13.6439220294231	-7.14667570004204	-0.44368189313974	-1.20901093656123	-9.24980621018915	-9.59956251416569	13.0095963499135	-1.95026147414878	2.57700630255515	-5.98900885218339	8.00762486821165	-4.00694426266349	-7.26304521727479	0.0205248635878127	-1.08860422994846	0.981966945708024	-17.9982415624044	1.9867258611916	0.601313750120341	-16.9333515423744	-6.85704928922354	-9.22691580621608	11.1035107893517	-2.3969095562188	-13.0336250114015	-5.63875874924588	-11.3145209142692	12.2868343143672	-11.9686523461943	13.5498687293559	-4.60454864660734	-5.42639744602577	-5.54698282640441	-4.1020580926887	21.6378944729028	-10.775082766698	-4.34399412216974	9.56855691877337	-10.022405638744
MA1642.1_NEUROG2(var.2)	NEUROG2(var.2)	21.4573685425316	10.7280243953194	29.517830123262	0	0	-17.2653079311348	-20.230416315043	-16.8388571520753	-8.63854790226892	-13.3784450506048	-1.37359396112442	19.0010974372827	-21.2355565648993	-17.1597422679889	-5.56107061626663	-14.8557069131038	-10.7585230864179	-10.0881207271651	-20.3768013394656	-19.6657903491017	-20.3535531045541	-22.6805065254104	-16.3472214049761	-20.0198683924866	-21.4494628244248	-7.42292207304916	-16.9873351502781	15.5426190850106	-22.1724769233583	-13.2138879495967	-4.16459981218242	-18.1144660576803	19.9741310161397	-13.6432226948611	28.0242439605332	-13.8588624414119	10.5195809094943	-20.3650692872206	-7.02920178132368	76.9834589034315	-14.0515918571334	-8.81453129011748	56.8674845391465	-13.3968478349589
MA1643.1_NFIB	NFIB	14.9394733547101	11.7439405613573	17.3124964848038	0	0	-29.9040405968561	-9.00521223394727	-7.11009606517708	-4.71252160433076	-15.7776443839365	-15.2294406478204	22.6405802304298	9.94391513247669	-7.66420798393703	-7.5218557911232	-5.61370339082812	7.40812046990385	-0.648836355226683	9.3837297647478	14.886171224187	-8.36292546995308	3.82426292230575	-8.31731863039031	0.838786974683271	-1.67514705246126	-10.2830724956335	-23.5795919845085	20.8150854659437	8.39774142300663	-21.9780983444492	-6.32669212389639	-11.6522576470804	17.8620099287563	-23.8481767847685	18.9656270152679	2.4476507468945	5.26363429612356	-13.576477634433	-19.7517845934452	29.4260972907261	-19.2693109118481	-22.6397969446473	13.4142335712631	-22.4638256064533
MA1644.1_NFYC	NFYC	6.343539003193	4.30016348242015	7.92429047196585	1.14100184716056e-296	4.43100717332904e-296	-4.70422037434328	-5.74515775423439	-6.84323081118664	0.92250488379026	-3.1818850772907	-5.47534100246483	-0.106886680963185	1.6503504240366	-10.8559040824298	-2.17153450398856	-11.7540407345191	6.86937718774018	4.85516072292947	0.823319976431917	0.838588945084532	-20.488215064238	-0.28396494358661	-17.121210050211	7.69509007285612	-0.48013249302172	-4.01645865898581	-5.56108584440956	-0.408649185471641	0.533246074865709	3.57714489061137	0.0764880941435931	-1.87084956787164	-1.34489002423754	2.65667034254064	-3.00110688403586	-3.20826665241168	2.97425782610079	5.67623044639696	3.78110272608296	6.31625590942627	0.810292701191127	1.81492110864536	8.75423398734478	7.27274403170662
MA1645.1_NKX2-2	NKX2-2	4.96630172920717	3.85963051686326	5.9445342668438	5.84498256226751e-172	1.40679618323777e-171	-4.95964604142729	2.45389674494986	0.41631196428249	-1.05502612527948	6.20418238891662	-5.52667195199734	7.00433292442657	1.2052175717508	3.50897231141343	1.94979789665744	-1.60485870822779	10.757639830494	-4.78789987870421	2.23210552556382	1.45741775270802	1.39473782931136	-7.91121846969163	-3.11483797645931	10.1722954767259	-6.95528897574292	-1.81603554009703	-10.9246734693173	7.73152206111674	1.03124043873176	-3.32648907601367	-2.69328874085536	2.25046924791563	8.34978549895752	-2.25827569610707	5.36038760829203	4.09656433253663	1.97283675613435	0.68414964068905	-1.64232481031063	-6.10266781632857	-0.260889233515888	-1.46791244414307	-4.36668779977638	2.4702861047144
MA1646.1_OSR2	OSR2	3.04432301249716	2.07388411776485	3.78309935239299	1.54323387000919e-52	2.17565042252966e-52	-1.92437945813399	-1.03301932415638	0.416328745304622	1.28015511638073	-0.702788202410549	-0.361710093258603	3.68732115817377	-2.88516587610082	-1.05940640752638	7.2271301220233	-1.42586179453059	-0.791570489688974	-1.31554995036621	-2.04989959995139	-3.03499136369162	0.0213800757560797	-0.367677628560424	-3.28519098650667	1.33522335048421	-1.7509254606233	-0.704845318958636	-4.32483010789143	2.26232140987947	-2.50248087220593	-3.3834654622457	-3.05442938569992	-3.51136591081915	1.54767928987278	-2.27741656889164	2.10839055723599	-2.47854965397001	-2.09057810132043	-4.33880996604399	-3.03012204600531	8.5236494041349	2.30603229690921	-3.51412748585425	5.90735932700125	2.2891983586518
MA1647.1_PRDM4	PRDM4	2.35023193441503	1.78160287083855	2.85716037749298	1.18437467228817e-25	1.38067986659007e-25	-2.73482903061785	-2.91078454407254	-2.81048463972705	0.0493271841138688	-5.04745090048237	0.0212833138030959	-0.977639124273896	2.36813893733991	-3.14113038389548	-1.94826194963296	-1.84542434881894	-0.787154404778108	-0.222468546430407	0.360187757657955	0.882815051367241	-0.546100445532171	1.64220944439623	-2.16119289995682	1.43222219308784	1.18723432474161	-2.66220958808051	-0.56197497040815	-1.37947077050186	0.840589050994795	-1.55587112919811	-1.71293362158027	-5.79000273932043	2.51295622096203	-0.82688658019848	4.14471915662	-4.39775978759115	0.399429456716752	-0.331746873139866	-0.617173947352519	5.56061421794844	-1.34470911995766	-0.693548873883263	3.04499540640542	0.868016346671658
MA1648.1_TCF12(var.2)	TCF12(var.2)	13.7592195992701	10.2000519549878	16.7057968454731	0	0	-11.7398488742539	-0.771270064977806	-0.462809182939477	3.53793448363106	-4.89554072340258	-16.7787656514851	15.2140614439291	10.7600157725452	10.7240981802068	-4.98509994840067	20.1564993418438	2.33562397699519	-3.74323150533521	10.9172838192876	14.3219188730434	6.6456433452464	-20.4121834564608	7.37951932729696	18.9198146568194	-17.0525753518473	-0.448646440109797	-5.8771659564536	14.6003126623314	12.2744174562033	-5.36830532679648	-6.51900149072377	0.124215431218999	25.4743491636563	-5.39024710874111	24.7151938069923	6.97519868821536	1.80217545008675	3.52271782501969	0.582950334271859	-33.8082919758853	-11.4548700609833	3.55141609756647	-33.4299071521026	-10.9159975342859
MA1649.1_ZBTB12	ZBTB12	2.27435739231236	1.79212289227156	2.66048296306116	2.89586769760505e-23	3.33895127975227e-23	-0.253952574940565	-0.289024709772801	3.13253908065416	-0.753189520323217	-1.56549815304021	-5.03606050846099	3.35690005992399	-3.26783388630514	2.74134122577819	-0.483765780957252	0.648305038353845	-1.20108309915987	-3.82209589931901	-2.95975612293709	-2.54244812608736	3.0695957132286	-1.88461504064992	0.627955515222198	0.304473381377733	-1.33879281150585	-1.07917446566426	1.3773556649975	3.75891820846971	-3.07255118936915	-2.14161932782744	-1.23302881912343	-0.668350593183338	3.38513872939635	-2.07122536001352	4.50418656281399	-0.795637134629348	0.859898990773483	1.9946777821743	-0.95131943514617	1.41313854965607	-2.02254039320042	-0.625932084391815	0.367315112896717	-1.41973639446962
MA1650.1_ZBTB14	ZBTB14	4.58960602239739	3.5693940544932	5.29806331366651	1.73572457727221e-143	3.65021148642295e-143	4.61712017294029	1.54685983901295	-4.91524189986448	0.312005035369021	0.288769124710921	5.64130699159305	-9.36235369358875	2.81407176543819	-4.5170074853522	4.96714627952435	-3.67050452916482	-3.7301957017017	6.53600324663262	2.00440525110785	1.3913597278707	-4.4813465417687	4.19886686303246	0.811091534564118	-4.97903840557813	3.06497152153877	0.590436765561375	6.21374795962189	-7.71749316733266	1.39204616460423	7.50782419547971	-0.29563367878036	6.16788495506385	-8.16635552457445	6.98375033112484	-7.80737794579447	3.28538020760001	4.41537361002657	2.41852147299203	1.92686372386797	-4.88052012199975	1.40405869658706	1.15633294204623	0.277079751834934	1.39766805295662
MA1651.1_ZFP42	ZFP42	3.6170963094435	2.80689173694207	4.28575375714813	2.43154635156614e-81	3.86725839332002e-81	2.39533098179592	-2.86615779836987	-3.47347469138882	3.81417848785846	-3.73475032641375	7.76916009928965	-0.238993511915067	-3.15208088620041	-2.8465441407028	-3.85217775463689	-1.43197573034375	0.174191826002819	7.87643257406307	-3.33554602175524	-4.81134058322236	-4.52822865899104	0.0656819204615936	-3.98989018557121	-0.872406216683599	0.212638820420572	3.753096087787	0.442364426381656	-2.83025957808317	-3.7084328300754	0.500817239966317	3.30784506011265	0.719375470333958	-7.8252760335514	1.1695166055165	-6.02314277076239	1.94279490648305	4.07726231157152	0.0165590123513272	0.288570734006912	4.3604092639729	-2.74459723548326	-0.0167754535781687	4.8131205879508	1.21737032799022
MA1652.1_ZKSCAN5	ZKSCAN5	2.71429265971931	2.16284965434596	3.17998289996959	1.22871257175185e-38	1.57763703431829e-38	-3.05076959540526	0.817917097177819	0.967567381484023	-0.725899162081861	-1.34090137058107	-0.716099113814478	-2.49216557848193	3.04946317210809	1.97780886016514	-4.08361563681568	-0.242852170615337	4.51302125442723	-1.61111467660223	3.16440263618473	3.08850301381124	2.18780098879975	1.55989549056503	0.0622191380053482	5.37190430726406	0.564451202447506	-0.633061189088956	-1.32605835767681	-2.54222154524333	4.1675219549213	-5.36237375517416	3.4652801457986	-1.6657988240452	2.10649886295149	-5.00985858662969	2.28125814710406	-1.02162689001686	-0.980298138312563	0.950610854976086	-1.30704154255315	-4.27160992242945	-2.14597139471335	-0.539244251590046	-3.03849520378343	3.14480857204769
MA1653.1_ZNF148	ZNF148	4.38105208146672	3.35179538069708	5.19118865633266	8.95376079831507e-129	1.75471535149642e-128	3.37832753774772	-2.03824551988162	-5.0939289025336	-0.789707772971227	-3.42114743120834	7.041907067212	-10.6676820429848	5.64960054485178	-3.45868552179525	-6.65226623696663	-4.69682815941606	1.55260660967572	6.58676192368774	4.28019287543824	3.76997541092688	-2.27353603536293	5.09915620701938	0.217757169760873	-0.81142906372539	4.67912922162744	-1.1219367472248	5.77175222712831	-9.82651683120927	4.3986679533965	3.07695289833647	4.22715711446011	1.7616301335242	-3.20688617718844	1.95426226831479	-5.3867684530647	0.577900264093437	4.74173087204031	0.9848194872891	1.23762475753786	-2.88602557694405	-1.69615777945491	0.596430788577189	-0.362112713788251	-3.03697143718012
MA1654.1_ZNF16	ZNF16	4.6500871309671	3.72226570571417	5.33733224600583	6.79871455764842e-148	1.47889564089053e-147	-6.04022051735486	-5.24916914527197	-1.60696479884266	-2.31893785176944	-6.08328373981324	-3.68204242209829	6.24882229551255	2.18511632606682	0.335757037144937	-5.11506813800896	2.22922727814742	2.32556489992234	-5.35001492221715	2.84298814272061	2.6370440799306	0.73694514657521	-0.0695454585729767	0.124321333650048	5.15887790395548	-1.92943119551024	-3.9538253944538	-4.07216196058284	4.47460887123747	1.81124425947001	-9.21279636312473	-2.65664186569839	-3.50756672139853	7.6561645386953	-7.83752931893038	6.04338651831921	-0.392410434506023	-2.45158563397995	-3.78144116828126	-4.18812831201928	7.46444928232544	-9.29016484874199	-5.13788377214198	3.32103867583176	-8.09852076431647
MA1655.1_ZNF341	ZNF341	2.53117827471527	1.83510271972594	3.17623021495368	8.56607090134694e-32	1.04678047887116e-31	-2.11397812349866	-4.53446331458047	-2.37362659504212	-1.23537066917354	-4.51319974974846	0.723941377178967	-0.0267937172512024	0.301683490084534	-1.23674869238056	-3.43992888272079	2.09210461975236	-2.18695022011739	-1.65986943770635	0.644607554678561	0.366526961075471	-0.610938226055228	-2.64120650416203	1.27469587476584	0.129885486757554	-4.51546969176086	-1.31238033014407	-0.642992767564888	0.170161435349884	-0.550677989963236	-2.25295168833195	-0.79987587869027	1.85882977102278	0.527602817886182	-1.70432830501337	1.44403814569048	3.7002564792852	0.499773400995355	-1.55949293989985	-2.46236541246319	6.75466265935313	-3.76894033963125	-3.50860404129011	4.99941766276905	-4.42145974785031
MA1656.1_ZNF449	ZNF449	2.73091337666636	2.1584161612505	3.12594299310749	2.73738866213928e-39	3.53625923088605e-39	-3.69698371924664	-1.98029602355539	-0.331509888758915	0.1977549127004	-3.17655586283102	-1.95666964206306	4.02677942162747	-3.84092675647737	1.24056685952787	-2.59302507948025	3.3915865052157	-2.25020905086812	-1.39449326619479	-3.20465647849338	-2.22466869856322	1.08393920527914	-1.07336543577941	2.13863623411703	-0.588923358408643	-0.633983224163084	0.643446878903268	-0.184054283686662	3.8376807333543	-3.1725721546021	-0.430964890606645	1.25638735441326	-3.85599766583863	3.78283975276115	-1.53741617845139	3.6810270609187	-0.605128579511762	-2.98245471668901	-3.70779863915796	-4.0851525175478	5.70394192209908	-1.17393362832302	-4.31428551574343	3.49709110456894	-2.94930458076008
MA1657.1_ZNF652	ZNF652	2.16553172870968	1.75342141172653	2.4582442415127	4.92015070412094e-20	5.52208403494425e-20	-1.75005381064073	-1.5870790497497	-3.45204755844943	-0.68730418999227	-2.09609518440058	1.55083098456849	-0.618934857723796	1.21647896861651	-2.51767314743427	-3.10709430811827	-1.13261037932519	3.48176656400403	3.68007539666299	1.24222213890119	0.585694781414349	-2.75375846171699	3.45790823046143	1.16591593386717	3.35623982072024	3.03949107596366	0.103014801451624	0.366577773096397	-0.936921176226088	0.499062625198987	0.16630596351206	1.356505343755	-3.54917770307949	1.24233354413277	-0.717558094307056	-0.21405770219091	-3.67549876918389	-0.534599314836301	1.97522730055851	-3.43333266279941	-0.0793684693147361	-1.42406958348983	-3.56781664745714	1.24294378282404	-2.09123767953823
MA1683.1_FOXA3	FOXA3	11.1511211906197	9.31199479142809	12.7170512047112	0	0	-5.01651260372957	16.770298636059	7.31766860583775	1.91798684498469	5.17983355793479	-0.322469531175237	-2.14352475334562	7.81167075131378	16.4666585088715	-5.79256342253935	17.4019164645706	1.84807507586536	-6.29165532295468	11.2329351378586	13.4332193221366	17.6471830916767	-13.1717593804095	13.7025322735919	4.89344430042462	-14.4506856101856	-4.61669768361686	-4.23160349999069	0.9435034285492	10.3117665007003	-6.87088770083122	-6.45459020180336	21.2233174164158	-14.1065122932605	-5.47872995681014	-14.9427141946172	17.7989101666638	-7.75724793029189	7.99055048229046	9.37328194768776	-17.4208798261032	-3.31271906964733	5.44076147510595	-17.3221920119963	-12.3074759194384
