"","baseMean","log2FoldChange","lfcSE","stat","pvalue","padj"
"AAED1",2.42802522606182,1.05561842714204,0.380002996426215,2.77792132448886,0.00547078628730896,0.174800670253788
"ABHD6",0.921712651259499,1.91642024641549,0.66493174031967,2.88213079660502,0.00394995732626426,NA
"ACAA1",2.07070001705652,1.42439021107003,0.450649100045194,3.1607523701416,0.00157362218046523,0.100304435127421
"ACAP1",0.812026939544801,3.11757703930431,1.51862306230567,2.05289720450512,0.0400825482111981,NA
"ACBD4",2.70221387364313,1.14652724282431,0.395777005000249,2.89690211492602,0.0037686732261207,0.152426211379642
"ACER2",2.75576953528193,1.05869819144581,0.434721931967689,2.4353457085862,0.0148775679660093,0.264577229721624
"ACOT2",2.58503427370761,1.17889697083571,0.337401457195062,3.49404824933567,0.000475755027273769,0.0510603066451002
"ADAMTSL2",2.48789178403626,1.5331322950088,0.555830820036177,2.75827147351962,0.00581079186554365,0.179791952042139
"ADAMTSL5",0.995545099709208,3.391823682173,1.60715256332546,2.11045532301848,0.0348191555367627,0.354414994114799
"ADCK5",2.86246030340332,1.16095674060544,0.37799092763934,3.07138784482458,0.00213066192275399,0.118162765485552
"ADPRH",0.963223791650322,2.40092843280051,0.92688687000948,2.59031442831416,0.0095888304634823,0.222153033450087
"ADRA2C",0.95888938907183,2.4281781862124,1.01153007757303,2.40050023231969,0.0163726803582774,0.274488314097315
"AGAP2",1.97023899956149,1.78886194398384,0.751134172603416,2.3815478102716,0.0172400526798469,0.278973378222728
"AGFG2",4.13641721897903,1.72526436346984,0.357853722623668,4.82114409994331,1.42737198152777e-06,0.00147376175333299
"AGMAT",1.42672778120848,1.3767374347726,0.510758444708604,2.69547659766655,0.00702880150040805,0.198338562787919
"AGTRAP",1.81625076700675,1.06803280598902,0.455269322880299,2.34593624545582,0.0189793536080265,0.287830607797088
"AIP",3.3983318709347,1.14583047585987,0.491781538991819,2.32995829450793,0.019808355484592,0.292283807074056
"AKR7L",1.91251416380314,1.28248826537274,0.440408779842439,2.9120406405875,0.003590759134779,0.152328251538581
"ALKBH4",4.21846068370052,1.08805584388003,0.39483363857844,2.75573238338422,0.0058560889054101,0.179791952042139
"ANGPTL6",2.46245954230996,1.66246390170337,0.434749339975924,3.82395957586833,0.000131325455704692,0.0220077633098344
"ANKRD34B",0.658825456611666,2.00519413541879,0.953731998684883,2.10247127933611,0.0355120129646252,NA
"APOBEC3C",4.83312452270982,2.59746688109829,0.639112079679013,4.06418054623978,4.82015053518758e-05,0.0110048418673364
"APOBEC3D",2.78545796688532,2.44078195580432,0.667857734047194,3.65464354363806,0.000257539542061716,0.033339422986278
"APOBEC3F",3.62148622035033,1.47820396196437,0.516323393624306,2.8629420634773,0.00419727303489831,0.158182934802009
"APOBEC3G",1.87468428497124,1.72483287549386,0.553899834642611,3.11397976243623,0.0018458214988873,0.110899428524056
"APOL1",1.08853248845753,1.63439439679057,0.628923081062475,2.59871905802773,0.00935723203954846,0.221196917375555
"APOL6",4.48425048409545,1.69955369684369,0.609126807364254,2.7901475953715,0.0052684018541362,0.172502785386478
"APRT",5.91058666152479,1.03315863523676,0.39455704139587,2.61852793599028,0.00883100604102007,0.217914670682426
"ARHGAP19-SLIT1",1.683450475419,1.75932197621476,0.847644454225518,2.07554236619436,0.0379362966136091,0.36392259629799
"ARHGAP22",1.40240130297503,1.41136943830894,0.55662291646801,2.53559348088762,0.0112256962804552,0.23671782980772
"ARHGAP9",3.08467666110396,1.81855397041649,0.715294203865076,2.54238600087904,0.0110098509798761,0.23626922484027
"ARHGEF1",13.1224325720755,1.51261430223393,0.714014137570493,2.11846547938218,0.0341356654902852,0.353700253872104
"ARHGEF16",2.05219611965683,1.26198890268978,0.425598884099092,2.96520726402082,0.00302479065680562,0.138621519260979
"ARHGEF3",2.0387062157845,1.00547213136915,0.445545191811956,2.25672311102734,0.0240253818058341,0.314256999308186
"ARID3A",3.44334809953213,1.39380395614338,0.437418679670496,3.186429891822,0.00144040393079993,0.0985178162421056
"ARID5A",1.86316235789189,1.74455421705472,0.440441651655954,3.96092015933466,7.46614957669834e-05,0.0148813397197779
"ARL6IP5",2.15482988581485,1.27974356763959,0.488343057447592,2.62058310878501,0.00877795315210671,0.217795030771102
"ATXN1",2.56973516591633,1.96070029069669,0.827783167730782,2.36861580076773,0.0178547900084895,0.280026825743739
"AXIN2",3.01590592460417,2.08170300626917,0.497284909418404,4.18613749752393,2.83741506005654e-05,0.00773182702933997
"B2M",21.7480846995679,1.73923464002411,0.363303720181817,4.78727451277875,1.69061516751032e-06,0.00151636104703051
"B4GALT1",3.94152708986394,1.40408207729657,0.36095166510677,3.88994486805109,0.000100266998976153,0.0189237325621659
"B4GALT7",3.25262135970471,1.15986872303367,0.304222644383585,3.81256538409162,0.000137531830335558,0.0224284051106961
"BAG3",1.41380471748143,1.57956961755443,0.663874752647098,2.37931870621098,0.0173446725380095,0.279585433966348
"BAIAP3",2.00215260773487,2.62339219657012,0.686081738772627,3.8237312674482,0.000131447180714946,0.0220077633098344
"BBC3",1.97391982153713,1.54637066016918,0.508876865228659,3.03879143626294,0.00237529234258338,0.121246121730974
"BCL3",2.57956481703851,2.03277726758232,0.552564435889667,3.67880582887932,0.000234328581094661,0.0313028084341027
"BEST4",0.737947323475278,2.61931720640125,1.05748844045744,2.47692277871917,0.0132520570510879,NA
"BMP4",1.13476354730949,3.78571578555019,1.54902262308893,2.44393834481322,0.0145279090566417,0.262785317793388
"BNIP1",1.00646512568443,1.21655468366192,0.545273470982757,2.23109090832771,0.0256751078639506,0.317325127409083
"BTN3A3",1.9713156684954,1.69203026204534,0.495031692858512,3.41802411129453,0.000630775187336882,0.0618800314639784
"C11orf1",1.59312043776362,1.21754142561887,0.441807137233298,2.75582108800551,0.00585450107600548,0.179791952042139
"C11orf68",4.21044985709586,1.22894727332185,0.399531178020423,3.07597339314287,0.00209816567133014,0.117614223779572
"C12orf71",1.15556103100485,1.65841932830887,0.607714880026067,2.72894309949714,0.00635376661500725,0.189062197593948
"C14orf159",2.41529137822432,1.0339565340253,0.377225542446539,2.74095048633095,0.00612617385238646,0.184475695598122
"C17orf100",3.84230340384832,1.36389549408026,0.510490499134886,2.67173531415689,0.00754601438430433,0.202036892587867
"C2",2.03688660194099,1.41606539032762,0.458373100939908,3.08932916749245,0.00200609039262715,0.115025009407393
"C20orf202",0.905322142829975,3.13180427150153,1.34970290869051,2.32036565331256,0.0203211052711472,NA
"C4orf36",0.756872484227362,1.53909226471476,0.729855144797566,2.10876401390806,0.0349649562500182,NA
"C4orf48",0.90752599821314,1.80785133627565,0.827441452517391,2.18486919017108,0.0288984391108029,NA
"C5orf56",3.49418146542294,1.45966855772936,0.317348797551708,4.59957172987722,4.23360401422154e-06,0.00281733088127198
"C6orf132",2.03992815258249,2.04953631447286,0.496207334694417,4.13040310203202,3.62127706195039e-05,0.0090944752133822
"C6orf136",10.6182668013355,1.4285347696349,0.28721632880858,4.97372407606733,6.5678775542155e-07,0.00103091048060355
"C6orf203",5.46164785443984,1.04641941604401,0.375284038648181,2.78833978608135,0.00529789448531939,0.172502785386478
"C6orf223",1.96069935438696,1.29894565405897,0.58501067488938,2.22037940470844,0.0263930238876265,0.322325578672406
"CANT1",15.908354102245,1.26436069706447,0.610226825319222,2.07195200965323,0.0382699169109454,0.364057080796016
"CAP1",8.34156808786383,1.14361607360042,0.373278546950964,3.06370693666104,0.00218612951310366,0.119013461919088
"CARD11",1.5840280958635,3.50400715930747,0.830755423210661,4.21785649712085,2.46635693703541e-05,0.0072023358275241
"CCDC102A",0.692258544959901,3.22451478210816,1.36682216566968,2.35913263853773,0.0183177072451303,NA
"CCDC22",2.52265559851564,1.42307864586814,0.38131757277797,3.73200384000336,0.000189962605076435,0.0274179359993654
"CCDC86",2.39679893048591,1.66221569187466,0.513625242601667,3.23624221320401,0.00121114566488099,0.0910680006820991
"CCDC97",5.82211579190879,1.01080794069892,0.375620994975924,2.69103152970378,0.00712314623919757,0.20021442759178
"CCL22",2.44284402459102,4.33696376107606,1.72672321516347,2.51167281645974,0.0120160435963545,0.245342210470608
"CCND1",1.70086346837791,2.87250343504373,0.871201191549212,3.29717574184638,0.000976623713536248,0.0817564264724978
"CCND3",1.48325950311037,1.26701088362014,0.492548393365381,2.5723581696474,0.01010083331245,0.228537371663578
"CCNYL1",3.93473022293162,1.04806924842034,0.331270913971444,3.16378288650687,0.00155732923669866,0.100106242155303
"CCR7",1.66847626917518,2.6475055571558,0.981749871184474,2.69672106395247,0.00700259004275649,0.198338562787919
"CD27",6.46943741247743,1.0487829106345,0.434676152146677,2.41279146660109,0.0158308741891253,0.26981167977708
"CD74",9.09883882660026,4.03040338349239,0.788445734889545,5.11183357984303,3.19046836655543e-07,0.000667711854647275
"CDCP1",1.38494417135621,1.12260532982699,0.519265037051315,2.16191202897425,0.030624957630855,0.342887586102007
"CDSN",0.82685171664913,3.0021539162595,1.48070022966528,2.02752309759428,0.0426089447450097,NA
"CDYL2",1.17872865691914,1.51662707102958,0.681668653521804,2.22487430395106,0.0260896774749352,0.320431701865865
"CEMIP",2.99054269225189,1.02074867005007,0.503291067647309,2.02814779690343,0.042545165946331,0.379162277351368
"CHCHD5",2.95428679220041,1.38046117624938,0.46762216079383,2.95208673153113,0.0031563426133816,0.141550693557974
"CHP1",1.8624121984771,1.11143924853403,0.440393067210327,2.52374374459264,0.0116112534507232,0.242137108735348
"CHPF",2.54849197551962,1.59219547550661,0.35069047369965,4.54017315814016,5.62080475672194e-06,0.00300682688113621
"CHST11",2.47303594470039,1.77265525251864,0.69542277235357,2.54903250654176,0.0108022230945979,0.233868129998045
"CHST5",0.591323981045454,2.8096347440584,1.35946253108511,2.06672466494224,0.0387601056662454,NA
"CKM",0.771746793284648,2.42261652474184,0.888491222978726,2.72666342906557,0.00639782611009626,NA
"CLDN9",1.48372932607783,1.51919807399502,0.683564655080421,2.22246434584346,0.0262519409839005,0.321292030150915
"CLEC17A",1.63239826138869,3.61132530112317,1.30582779796365,2.76554481896831,0.00568277953527373,0.178312097165202
"CLNK",0.785372257440064,3.08191150110867,1.18539283441989,2.59990731479063,0.00932489423153423,NA
"CLTB",1.85731586058529,1.0660391178514,0.439933618772363,2.42318175370681,0.0153852270184541,0.266395016747672
"CLVS1",0.930664235321648,1.76887117242928,0.707005486235624,2.50192000892022,0.01235218299031,0.247773740909461
"CNFN",2.25609015910701,1.57016420189934,0.637513978241652,2.46294866542387,0.0137799643819104,0.254463254034779
"CNRIP1",1.09940068584261,1.83782998043858,0.750486066152232,2.44885290124199,0.014331196281269,0.260429568312439
"COX19",94.0535900041623,4.15174256764961,1.08821072939411,3.81520091238322,0.000136072176710367,0.0224284051106961
"CREB3L2",3.34120210467596,1.42903230623623,0.547210294893058,2.61148651546388,0.00901495430082895,0.219807342049532
"CSGALNACT1",0.683954231004541,2.91918560566767,1.30743482830808,2.23275802545761,0.0255649056662191,NA
"CSRNP1",0.655956623168234,1.80761680973477,0.794794617376811,2.27431939046183,0.0229467901407369,NA
"CTSB",4.43003183878719,1.16092353688558,0.400614620219502,2.89785613977217,0.00375722888091753,0.152426211379642
"CXCL16",0.742271400223745,1.75696109464814,0.695508225711767,2.52615429939754,0.0115318820289266,NA
"CXCR3",1.76842245162679,2.36047317235493,1.15719865092459,2.03981673368607,0.0413685825016183,0.376237285391824
"DCTPP1",3.95472124092173,1.17039169047038,0.363593866442796,3.21895333912218,0.00128659419361114,0.0937000838929441
"DDX60",1.98590335325586,1.96865724682963,0.509133886309833,3.86667888303079,0.000110327545729231,0.0200780143727819
"DENND1C",1.56589316268936,1.86987315346796,0.640863302851199,2.91774103018366,0.00352577037634347,0.151062170275897
"DESI1",5.76384343394705,1.09975905898895,0.287057598908315,3.83114421346571,0.000127548714166164,0.0220077633098344
"DGKD",2.44330222326604,1.05139233242657,0.397598520853255,2.6443567500459,0.00818463423574831,0.209779305736477
"DHX58",1.87075936682393,2.0845659326643,0.514506619072521,4.05158234197658,5.08724162705864e-05,0.0114072309126742
"DICER1",22.8690554281516,1.09846239200407,0.539343213260094,2.03666675504147,0.0416834482018894,0.376840222629133
"DNAJC22",2.56415511063582,2.04276731422461,0.733619471624517,2.78450530995467,0.00536094432908733,0.172608661385512
"DOK7",1.7063472045085,1.8175061323611,0.740731352264017,2.45366437751819,0.0141408893390066,0.258091784055096
"DRAM1",0.741242231159452,3.11986770214359,1.50763818054163,2.06937429842932,0.0385109764060041,NA
"DUSP1",5.1380074895729,1.34027613960622,0.509201703567255,2.63211244231275,0.00848557739894385,0.213962641362526
"DUSP2",2.36632238568126,1.90123688751229,0.610211923220453,3.11569934176035,0.00183509269622279,0.110784898973412
"DUSP6",2.72302797071273,1.11952590946924,0.508606930382786,2.20116133420885,0.0277246044973236,0.328742076178368
"DUSP7",5.92737786620774,1.43322512645807,0.634625918661087,2.25837786373719,0.0239221116042379,0.314256999308186
"EFNA3",2.36374809577634,1.15638225331218,0.586358280611898,1.97214278632755,0.0485933087995205,0.391907421785754
"EGFL8",8.35340291266019,1.33252998315329,0.299148158954956,4.45441478833882,8.41223303394761e-06,0.00344026905104515
"EGR3",2.14242706277483,2.60290927240132,0.908136959053224,2.86620784062678,0.00415421408695548,0.157874935801051
"EHD4",1.07194277163088,1.71490884427939,0.536953260673004,3.19377675839041,0.00140424663105387,0.0985178162421056
"EIF5AL1",1.28223503702786,1.19601650517129,0.514695598324537,2.32373563921009,0.0201396670960984,0.293767917395561
"EML2",1.92173364577287,1.09225186419591,0.4883666106084,2.23654082910212,0.0253163659353155,0.31613364616543
"ENKUR",1.09050373960637,1.25671598377213,0.551503022889536,2.27871096188686,0.0226842526923793,0.304676372510662
"ENTPD1",1.13196109649786,1.95101933390972,0.634548565712268,3.07465722772494,0.00210744607393516,0.117614223779572
"EPHX3",1.2778016617493,1.671747721038,0.65217659899828,2.5633359485847,0.0103671681168626,0.231541494129279
"ERICH1",1.20284436696036,1.10003329620138,0.491714454565759,2.23713841638606,0.0252772948255571,0.31613364616543
"ERN1",1.56903384863866,1.14407503655081,0.471740035759907,2.42522353377929,0.015298963432967,0.266103507903896
"ETS1",1.27934820232597,1.2693240218049,0.589665986564403,2.15261529531391,0.0313489254548977,0.346705939873114
"ETV7",1.99101243385259,2.68084927986753,0.587913197263427,4.55994063808423,5.11680829729782e-06,0.00293815441884267
"EVA1B",2.72320415786996,1.35351112089064,0.623476104523534,2.17091097969987,0.0299379022031255,0.341030821787317
"FAM47E-STBD1",1.30933941925998,1.69080096999362,0.61590916948662,2.74521155676731,0.0060471900718464,0.183416825440037
"FCN1",1.10868989470213,3.06161183183298,1.3036249920513,2.34853723310062,0.018847314747306,0.287215693303303
"FDXACB1",1.40996612059726,1.29045252125348,0.480251531605324,2.68703468147185,0.00720894672433497,0.200337080729675
"FNBP1",4.712539510024,1.75437889840651,0.540448461259268,3.24615393356609,0.00116975570685103,0.0898640980756523
"FNDC3A",6.83610511482878,1.11058838770606,0.358931850741462,3.09414833320551,0.00197378775836997,0.113691985696567
"FOXJ2",6.84384500306057,1.18423348766463,0.511840208492655,2.31367811284726,0.0206853853527756,0.295146706313952
"FREM1",1.05446870265624,1.92456250854417,0.655737805345169,2.93495737603707,0.00333593509099177,0.145955877831302
"FSTL3",1.5081857065981,1.33563736665555,0.585591663801441,2.28083398248038,0.0225582726708597,0.304258034294292
"FZD5",9.64600808826712,1.1769709458745,0.501087885526613,2.34883137243995,0.0188324334786492,0.287215693303303
"GABRQ",0.993425562310734,1.52042414566722,0.737618145161867,2.06126185430752,0.0392780653028836,0.368125796718604
"GADD45B",2.66928434169697,2.35523011815119,0.65632484674987,3.58851280705633,0.000332569659119642,0.0397721639006223
"GALK1",1.42779851877281,1.71482863114671,0.64383392354912,2.66346423887352,0.00773406320218754,0.202748709039392
"GALNT10",2.03348304773582,1.16353887547386,0.527439402695081,2.2060143203721,0.0273829970465677,0.327162981839916
"GBE1",2.5250034846836,1.88920856446598,0.419039802393693,4.50842271706458,6.53113507018758e-06,0.0031542870413979
"GCNT3",0.947562712754339,1.2565975650994,0.587329190077384,2.13951151471603,0.0323942643746619,0.347908613130974
"GIPC1",8.82169300722953,1.30509719507452,0.462954169201304,2.81906348813339,0.00481639906780323,0.170364853787057
"GJB3",0.894178507900594,2.44620810730111,0.921035185724283,2.65593339452875,0.00790892335856305,NA
"GLTP",4.62590757455228,1.05830703520229,0.409024442474766,2.58739313670132,0.00967051868728373,0.223221880801878
"GMPR",1.37597719389576,1.23316527174622,0.584531710022197,2.109663600114,0.0348873419096849,0.354493054699531
"GNG7",0.737754317572658,3.1198893854963,1.50930492310702,2.06710343134226,0.0387244088507865,NA
"GOLT1A",1.43871043528256,1.93381258225515,0.743593898898743,2.60062997439747,0.00930527621087125,0.221196917375555
"GPCPD1",6.8527384112763,1.00783411510706,0.301594316287524,3.34168802487062,0.000832705962773482,0.0741580764152242
"GPSM3",2.12041928228699,1.34532947304389,0.384074360439675,3.50278386587379,0.000460422895701744,0.0502741765332765
"GPX1",16.0514490743893,1.83521202766878,0.603655438026537,3.04016482261541,0.00236448711119943,0.121246121730974
"GRM4",1.7906795866111,2.22451394013023,0.976230983468658,2.27867582344732,0.0226863429399912,0.304676372510662
"GTF2IRD1",5.2864575152553,1.14995531518988,0.361355168366139,3.18234085426086,0.00146089778035406,0.0986952257200564
"HCLS1",0.850811576294726,2.63116376034209,0.851849685375593,3.08876531330991,0.00200990141697331,NA
"HIC1",4.38701666739519,1.7472816287496,0.581184191028669,3.00641630608877,0.00264346812486293,0.129159646863439
"HLA-A",52.0971992839654,1.6609361976343,0.751519922606901,2.2101026834695,0.0270980366757796,0.325329406215838
"HLA-B",60.2574750668106,3.4481966612732,0.800298147921721,4.30864006149178,1.64261440003645e-05,0.00529471817781357
"HLA-E",12.6568772090883,3.11143144640846,1.1108977481368,2.80082613510285,0.00509719731227947,0.172502785386478
"HP",0.879981780633834,2.40859951716875,1.20253907421489,2.00292827801979,0.0451849873451159,NA
"HSH2D",1.40904010294919,2.50298672465131,1.12985154586297,2.21532353858006,0.0267378653230097,0.324393598899549
"HTR1D",0.592932335227884,2.23702695979536,1.11786574976804,2.00115886926454,0.0453752718863945,NA
"ICAM1",4.20152292455825,4.6328120359116,2.00385151366194,2.31195375721496,0.0207802317891679,0.295146706313952
"ICAM2",1.43618414360431,2.43068121970208,0.838551425549142,2.89866685052774,0.00374752854668577,0.152426211379642
"IFFO1",1.73350223459882,2.28472158003319,0.64172335060637,3.56029054868323,0.000370444686938143,0.043473588167124
"IFFO2",2.04334576639825,2.70281134029469,1.12954761178526,2.39282639535917,0.0167191498585171,0.276912981732898
"IFI35",1.9530041286879,1.5457179349338,0.45638321669229,3.3868860168361,0.000706907508836965,0.0652693940328365
"IFI6",7.30256814251823,1.60483507499904,0.560836512839619,2.86150248469641,0.00421638198719304,0.158182934802009
"IGF1",0.567521812802695,2.70211214603632,1.29029436498387,2.09418270695935,0.0362437076469558,NA
"IKZF1",1.46773689405237,3.13330293635868,1.40046938262208,2.23732341116393,0.0252652101862278,0.31613364616543
"IKZF3",1.93378518204047,3.36070161445008,0.896118658739168,3.7502863953068,0.000176632715320914,0.0267226145335508
"IL15RA",0.558528862310525,2.25251618812143,0.870782864205759,2.58677137632463,0.00968798486327416,NA
"IL17RD",1.06887716831569,2.51864661435565,0.557490753919594,4.51782670232214,6.24775845392302e-06,0.00313812411623645
"IL27RA",0.803236092232094,1.81785137104842,0.839447025635891,2.16553435241655,0.0303467875937297,NA
"IL2RG",9.49713519153269,5.79334999272844,1.34466623760877,4.30839254433189,1.64445336413737e-05,0.00529471817781357
"ILVBL",4.45969263596345,1.37173503727575,0.367468035849993,3.73293702703361,0.000189259924603694,0.0274179359993654
"INAFM1",3.73076500631552,1.63773895052701,0.390385831794923,4.19518029892885,2.72654614527656e-05,0.0076082755436084
"INHBA",0.792939226837378,1.85376290832318,0.900412615751147,2.05879268670256,0.0395141025606692,NA
"IQCD",1.39119892666537,1.04162377171203,0.499561018513951,2.08507816484673,0.0370622059280968,0.361256552990734
"IQSEC1",0.927423258350469,1.90850676928391,0.611571214581272,3.12066154158452,0.00180445297035719,0.109711231678688
"IRF1",5.90040217853612,1.56769483315252,0.491313881833636,3.19082136922677,0.00141868964673128,0.0985178162421056
"IRF7",6.55488248996493,1.00297398475204,0.388732469501031,2.58011373744889,0.00987677793973433,0.226318796695701
"IRX3",3.13114392393245,1.39319396333679,0.693474907524793,2.00900414451836,0.0445366942056411,0.384797562049326
"ISG20",2.81225812001827,1.58821079300633,0.497924434923589,3.18966228931916,0.00142439137584855,0.0985178162421056
"ISOC2",1.57376671922976,1.08570097392158,0.538331886736608,2.01678741436468,0.0437177029077512,0.383770295005272
"ITGA1",0.829152092447044,1.90034114038796,0.879845716937774,2.15985723838257,0.0307837229787471,NA
"ITPKA",0.682841449969219,2.4040166012746,0.850445478355023,2.82677333522259,0.00470195967511116,NA
"ITPR2",2.62418655480907,2.07546545049499,0.817084193325435,2.5400876279935,0.0110824698121302,0.23626922484027
"JAK2",1.67912097775717,1.34257639993012,0.441532102621795,3.04072204933225,0.00236011593205646,0.121246121730974
"JOSD2",2.5483963336302,1.7387178100266,0.478252105139498,3.63556749952923,0.000277369352695889,0.0348292696180228
"JPH3",0.568822825030875,1.83963106609747,0.883035042893975,2.08330471242504,0.0372234574760949,NA
"KAZALD1",1.42122425522475,2.0183379857149,0.724129801095409,2.78725993967063,0.00531558217742349,0.172502785386478
"KCND1",1.40834536053254,1.76869335966798,0.638975690956816,2.76801353275193,0.00563991137387042,0.178312097165202
"KCNK6",1.34796954362399,2.09298317045909,1.02091097598641,2.05011330046367,0.0403533757786793,0.371493650771903
"KCTD11",1.69919189011695,1.27724946429198,0.603719771739825,2.11563298748879,0.0343760340026325,0.353700253872104
"KIF1C",3.65610241220454,1.31572346016758,0.584279354380426,2.25187395430527,0.0243302384986266,0.31444890471225
"KLF5",7.99902914737069,1.82037770269419,0.472445262445261,3.85309759118413,0.000116632876225895,0.020635685868496
"KLHDC1",2.24415721974337,1.36601588194755,0.417822905381768,3.26936571536069,0.00107788886418767,0.0862105125325131
"KLK10",1.0539322862602,3.08348581431191,1.03037575968658,2.99258380772645,0.00276626703763212,0.13338681444743
"KREMEN1",1.52951464636762,1.69148216787279,0.680570629563788,2.48538813518436,0.0129410252234972,0.251192462094702
"KRT6A",4.9009781570238,3.54290136817026,1.70539929239666,2.07746149770667,0.0377589852959826,0.363603971136237
"LAG3",1.90565888078391,1.74143511373439,0.578687342123368,3.00928495747733,0.00261863381910763,0.1284460346349
"LAP3",3.02409542423739,1.04335694984458,0.501360820864303,2.08105002709611,0.0374293272395833,0.362432948970154
"LAT2",2.61796163065735,1.19067077053904,0.406774461219552,2.92710306091805,0.00342135485005517,0.147904739752556
"LBH",0.892877582905925,1.98484908793104,0.861552876504647,2.30380414488736,0.0212336403554053,NA
"LCN12",1.83385786616823,2.06502431621781,0.630062435829317,3.27749156081608,0.00104733861294148,0.0853989023552346
"LGALS1",3.62141333077032,1.61863663797141,0.596743380246577,2.712450094214,0.00667878373902375,0.193367860430113
"LHPP",1.2007518229371,1.11722333903432,0.502320878656009,2.22412283961503,0.0261401806164891,0.320539964806782
"LINC00854",1.71909867766527,1.51508727729675,0.591169749414857,2.56286333797761,0.010381290212215,0.231541494129279
"LPAR5",0.643852885481963,1.97701952495534,0.789423841025747,2.50438284507151,0.0122665221898458,NA
"LRRC8E",0.861474469160934,1.38933351182496,0.595318313865368,2.33376578456673,0.0196079893199332,NA
"LRRK1",1.80263725583341,2.53275318715477,0.918731512404225,2.75679363661622,0.0058371177090117,0.179791952042139
"LTK",0.817233119103925,1.71603903509449,0.640577477781817,2.678893802256,0.00738658168586973,NA
"LY6G6E",2.88683199172624,4.0312754421729,1.7280973695665,2.33278258110199,0.0196595593505836,0.291747193558771
"LYN",1.10240477805041,2.34663802339874,0.785246655755206,2.98840880913002,0.00280434172287342,0.13338681444743
"MACF1",10.354764137939,1.37054373168734,0.321941345039783,4.25712246284484,2.07074938596567e-05,0.00634204879013926
"MAGEA10",0.967498577938189,3.01581960669534,1.01066924423998,2.98398276575955,0.00284522797157503,0.133862262527647
"MAML2",2.85883938030033,1.20805435851633,0.46326370052617,2.60770346812029,0.00911518797890198,0.220799647239656
"MB21D1",3.90582236615723,1.12527819540502,0.404788817567654,2.77991423322101,0.00543732569913039,0.174620201544707
"MDFIC",1.32169137802514,2.12885248118228,0.70640189664664,3.01365623632688,0.00258120097956479,0.128111228064803
"MED18",6.93392587360242,1.27057503626998,0.489626981782094,2.59498574127895,0.00945948432194577,0.221196917375555
"MESP1",1.22374719954282,1.44257560400107,0.694766526686695,2.07634586381218,0.0378619743187221,0.36392259629799
"MFSD2A",6.86804422775167,1.86005993583234,0.566928024094989,3.28094547592992,0.00103459742192772,0.0853989023552346
"MFSD5",2.59038436613485,2.080430316011,0.495428054853734,4.19925818820496,2.67790837201351e-05,0.0076082755436084
"MGAT1",3.32270658832484,1.48005830549512,0.360357472817674,4.10719470841657,4.00493607168731e-05,0.00967115043311106
"MICB",2.20114076068648,1.66210088768753,0.713961316444638,2.32799851953382,0.0199121822799655,0.29238364482508
"MIIP",3.19071751747631,1.11573820308013,0.393358134048793,2.83644370486498,0.00456190198628793,0.164136972039592
"MIOX",1.16648065514078,1.60091980247843,0.597452701380042,2.67957580370882,0.00737155104277254,0.201723290307796
"MLXIPL",1.44193743964722,1.66258384264766,0.665117517299673,2.49968434059236,0.0124304009647561,0.248945047710433
"MMP19",1.74209145969916,1.74269402205522,0.630202377226348,2.76529268220976,0.00568717428183771,0.178312097165202
"MMP25",3.05456872782643,2.61002517258411,0.506739711494817,5.15062292016719,2.59622708597369e-07,0.000667711854647275
"MOB3A",8.11084738817463,1.71770192641744,0.483775286374244,3.55061941938193,0.000384325732875165,0.0446849835899393
"MPST",4.96659022173649,1.40457809891238,0.581811151117728,2.41414778010703,0.0157720638987136,0.269563134252399
"MREG",4.36731549326192,1.44625018732791,0.394820519176066,3.66305730600332,0.000249222755163862,0.0325988555895065
"MRPL2",4.44667410127024,1.04474529603327,0.262896332084789,3.97398201697359,7.06809019980331e-05,0.0145498374817918
"MRPS26",14.0142458050443,1.04381441305434,0.359846109547367,2.90072446348609,0.00372301087049934,0.152426211379642
"MS4A1",0.863864632652789,3.49951023245641,1.66352587754968,2.10367045062808,0.0354072037883366,NA
"MT-ND4L",7285.42417548579,1.54583039020523,0.689901942103872,2.24065232443206,0.0250486045516314,0.315437043359797
"MT-ND5",11894.2531608058,1.85972059729708,0.882768981155739,2.10669001403096,0.035144458368713,0.355383857423146
"MT4",2.88330118157672,3.97020171613226,0.875362722580072,4.53549324608016,5.74690173984781e-06,0.00300682688113621
"MUC1",7.92772313719279,1.06119822571676,0.497668299348473,2.13234041048231,0.0329788722654662,0.350008884968221
"MUC6",8.17356492946207,2.05321058118065,0.756743910541345,2.71321718295938,0.00666334193888394,0.193367860430113
"MVB12A",2.65829497226365,1.6519124748909,0.371019472699882,4.45236058061872,8.49313853487296e-06,0.00344026905104515
"MXRA7",1.82103110374022,1.29354951642258,0.504208398426966,2.56550569260291,0.0103025530805314,0.231429622597913
"MYCBP",9.92614778576915,1.7540325079371,0.341698058920303,5.13328203701096,2.84732733889031e-07,0.000667711854647275
"NAV2",3.48052014997609,1.14911429975951,0.355910557949332,3.22866033078767,0.00124371520350919,0.0929603083956247
"NDUFS5",12.7038650637971,1.55812831060864,0.693622135986013,2.24636474208496,0.0246806547641764,0.31504857324708
"NEDD9",1.57311731109641,2.29581132738568,0.542783793617634,4.22969763353505,2.34005621441268e-05,0.00699621092485238
"NFAT5",6.32736379094028,1.26309900495022,0.264718617259679,4.7714777979184,1.82879142196388e-06,0.00153094225904003
"NFKBID",2.56406440885914,1.19417932070262,0.476647349460073,2.50537283393128,0.0122322375972553,0.247343329321633
"NIPAL2",1.09397171951669,1.32038319410205,0.663903483016581,1.9888179952041,0.0467212957795382,0.389797533879706
"NLRC5",2.35093041864671,2.75224638396898,0.927707975147134,2.96671631343093,0.00300998543530092,0.138448304436167
"NMBR",0.566779060854854,2.12021940108322,0.926561348083045,2.2882666166355,0.0221219993506989,NA
"NOTUM",2.37036770276567,4.0249139652921,1.00964948836405,3.98644679334581,6.70701595009852e-05,0.0144171401839081
"NPW",0.753651544720784,1.82689826367654,0.774083249636637,2.36007982931307,0.0182710028369536,NA
"NRROS",1.09261997706175,1.69268990882337,0.651690015456636,2.59738505835065,0.00939365534427704,0.221196917375555
"NUDT22",8.49439209524152,1.11955451890689,0.343229973272362,3.26182037143504,0.00110699265874957,0.0863385516516668
"NUDT4",6.94589785976791,1.28141706835188,0.321956516959778,3.9800935867124,6.88881429509028e-05,0.0144171401839081
"OAS2",1.37126654407783,2.9046269793085,1.12002602703267,2.59335668029417,0.00950441434293974,0.221578157876098
"OAS3",2.83330994867719,1.34869114602659,0.373872655570807,3.6073543382505,0.000309335091587246,0.038081575931971
"OPA3",2.58237672070696,1.08394255861729,0.366978595864217,2.95369422313217,0.00313994954437118,0.141320238095588
"ORAI2",3.53579963361549,1.25271191858054,0.315537807565527,3.97008500580519,7.18469940846991e-05,0.014551333947122
"PACSIN1",1.50242450298279,1.32016224671119,0.612681922553848,2.15472694413497,0.031183208037915,0.346156948841093
"PALD1",1.50012757169122,1.26283850392428,0.574464657201878,2.19828755014339,0.0279286210411168,0.329915046484764
"PAM16",8.94588726210166,1.11764390642166,0.53131895113677,2.10352727684649,0.0354197034766466,0.356411149988684
"PAOX",1.45314586221555,1.9367482714298,0.567821809772325,3.41083811522908,0.000647635307611475,0.0628858341044366
"PARP10",3.69213472982596,1.16894554459788,0.448709195048733,2.60512946357367,0.00918395504944239,0.221196917375555
"PAX5",1.46462036667965,1.74204039909781,0.691970916709643,2.51750522605965,0.0118189216165938,0.244777085878328
"PBX2",23.2296056526236,1.06142734609099,0.427883436929743,2.48064602291505,0.0131144535693118,0.252573916364797
"PCOLCE",1.57466275302337,1.8616507427099,0.631621559261879,2.94741481732424,0.00320443024458495,0.142416413956324
"PCYT2",2.01786657705073,1.03489214996613,0.487881854119844,2.12119418098284,0.033905464764837,0.353613721804035
"PDSS1",4.22710748665419,1.018022746795,0.355250307315439,2.86564916576149,0.00416155162460365,0.157874935801051
"PDZD7",0.787574821256574,1.34991349453117,0.63896412445042,2.11265929161868,0.0346299399303073,NA
"PECR",3.68194432792222,1.05571691167301,0.401754749373739,2.62776460843007,0.00859479672497856,0.215849724951111
"PELO",1.56805155320049,1.57938543011438,0.449513514335107,3.5135438195902,0.000442171474496711,0.0489971688763207
"PFKFB4",2.88132234223192,1.1832783435066,0.409263958971524,2.8912351492669,0.00383730880133172,0.153151496625655
"PFN1",66.1841804435084,1.38737419513302,0.619275087974199,2.24031972555438,0.0250701735504561,0.315437043359797
"PHGR1",1.04854582072547,2.58951648071037,1.25055198024425,2.07069879670623,0.0383869527599856,0.364617977161225
"PIEZO1",0.965817145942547,1.79890460939773,0.826204312605759,2.17731205459844,0.0294572923746822,0.339353413164114
"PIGBOS1",4.78980262548245,1.54812598479655,0.53811545412941,2.87694020477665,0.00401551678417238,0.154909030380909
"PIK3AP1",1.42686747918624,2.38008716032343,0.777656999569273,3.06058733045765,0.00220903328403038,0.119563926498144
"PITX1",2.86691101029177,1.05238971879885,0.532738500736788,1.97543394619194,0.0482189236717725,0.391907421785754
"PLEKHA2",3.78030371689451,1.87199060237397,0.408461026128149,4.58303358858686,4.58278392094537e-06,0.00287730088476555
"PLEKHA4",1.44740061867365,2.00637513574783,0.580355099522116,3.4571508674602,0.000545919125792528,0.0567496842267473
"POLR2J2",2.62390474320764,1.09199578686931,0.429863437939725,2.54033186005093,0.0110747329614382,0.23626922484027
"PON1",1.27540129113314,1.3806752360665,0.66110830243544,2.088425195963,0.0367594966328741,0.35984793503623
"PORCN",1.248314443919,1.1326696229391,0.560158440857631,2.02205222723223,0.0431709566160077,0.382946343929649
"POU4F1",7.10610786305347,1.67434317036611,0.48374099293997,3.46123895804275,0.000537695305547044,0.0567381508550776
"PPARD",3.01402891783831,1.30355766955359,0.442347374672878,2.94690947474842,0.0032096715098861,0.142416413956324
"PPP1R13L",3.44532949829717,1.13107756860225,0.40880690360919,2.76677707400836,0.00566134535165495,0.178312097165202
"PPP1R18",11.4026808984505,1.51128767564473,0.483619622401041,3.12495110959642,0.00177834613962309,0.108958285825819
"PPP3CC",2.48351520454943,1.18070284112541,0.423646166312861,2.78700230289224,0.00531981009460525,0.172502785386478
"PPT2",4.04962988164693,1.06492308708302,0.366798535691654,2.90329154415775,0.00369262705551292,0.152426211379642
"PRADC1",2.16463007872017,1.51520928022281,0.371721623952858,4.07619353458697,4.57789214963639e-05,0.0106452947635156
"PRKAR2B",2.66360178433241,2.45045773006506,0.47692416389087,5.13804482052994,2.77611677865399e-07,0.000667711854647275
"PRKCZ",1.50937513425942,1.01619896914498,0.483889980300141,2.10006201929344,0.0357233858178043,0.356668719803448
"PRKD2",3.7655294094666,1.15835114487711,0.317946019822449,3.64323209809001,0.000269235858761176,0.034149441196607
"PRSS3",0.835118573071913,1.56634851270154,0.665751672912588,2.35275189899101,0.0186350630844826,NA
"PSG5",0.81243755630989,3.43785265146269,1.66418263084718,2.06579048942038,0.0388482665107059,NA
"PSG8",0.990135706561964,3.25104806605405,1.43996703066855,2.25772395951638,0.0239628745163031,0.314256999308186
"PSKH1",3.94146438985658,1.05737496017616,0.375377695490475,2.81682948368729,0.00485002675871336,0.170426581094613
"PSMB8",4.65898845193962,1.93981573646526,0.35728853210701,5.42926951790401,5.65851767354382e-08,0.000355270032133449
"PSMB9",8.06041837731292,2.1606404912874,1.07739416047784,2.00543178211502,0.044916906845722,0.384797562049326
"PTAFR",0.783708023572136,2.34662838160247,1.04752691660563,2.24016046213534,0.0250805074568056,NA
"PTCH1",4.34565557636263,1.09829241044231,0.448098565008472,2.45100631023344,0.0142457455882161,0.259251923697435
"PTGER1",0.599786154548175,2.12205187484224,1.01865058850801,2.08319898774158,0.0372330893510176,NA
"PTPN23",3.5399247007676,1.06295024945271,0.312466520067612,3.40180525332028,0.000669423223851639,0.0628881281419067
"RAB11FIP1",6.5713361197073,1.18796299841399,0.319855240217974,3.7140645174499,0.000203956759739241,0.0284565003560628
"RAB27A",2.70259469851988,1.49624320492119,0.390746425034688,3.82919230748781,0.000128564515674673,0.0220077633098344
"RABEP2",3.46835009787929,1.25854772447351,0.355057890156409,3.54462683231485,0.00039316929328458,0.0452938239979309
"RAPGEF4",1.72518518777413,1.34957714184844,0.622600922689468,2.16764397974007,0.0301857848169284,0.341788007165166
"RASAL3",1.4822304925612,2.94279836721824,1.50120787121781,1.96028706193165,0.0499622473933631,0.397324851499975
"RASGRP3",0.676831571432761,2.71763061113536,1.35564787934678,2.0046729335385,0.044998023921783,NA
"RBM47",2.1734104658715,1.25058490473977,0.576030476784568,2.17103947645375,0.0299281884223884,0.341030821787317
"RELB",2.41850272078842,2.14799436365832,0.741617698020726,2.89636340852034,0.00377514945759883,0.152426211379642
"RHBDF2",2.08010297447354,1.94446389502161,0.452801464360053,4.29429683441889,1.75247876776347e-05,0.00550146897170146
"RHBDL2",3.042143911255,2.04308147479009,0.455445751396008,4.48589424432602,7.26087518822608e-06,0.00337684480513166
"RHOH",1.02901289105373,3.39831633502707,1.20812997736847,2.81287311687211,0.00491010217155181,0.171267091578267
"RIN3",1.129400389555,2.89416775355983,0.777308762723295,3.72331805886265,0.000196621567779375,0.027741314905681
"RNF39",3.96484887984909,1.37385095552959,0.433005835921797,3.17282318517691,0.00150964433351728,0.0994798360134204
"RNF43",2.9468843663946,2.33479599115657,0.741526588662723,3.14863421872325,0.00164035375722341,0.102989610647272
"RUNX3",0.909031782061241,1.98439277804993,0.752600624980916,2.63671423087145,0.00837133215520159,NA
"S100A14",4.18034068477404,1.72025463356802,0.784334061215038,2.1932677906441,0.0282880908431297,0.331707446839803
"S100A4",2.51740688833027,1.45075856597143,0.673151336764949,2.15517445593071,0.0311481850264964,0.346156948841093
"S100P",0.614008613377407,1.74867134802563,0.785400578932433,2.22647066341934,0.0259826718879144,NA
"SCD",8.67564014953329,1.27901988472271,0.384616467843004,3.32544233453048,0.000882783592152096,0.0780641800468583
"SCIMP",4.60485593843126,1.60749732834859,0.352623623906284,4.55867735275677,5.14767836382407e-06,0.00293815441884267
"SCMH1",11.9209818760049,1.48565605722722,0.390832810994011,3.80125725229857,0.00014396373697404,0.0228829448757344
"SCN5A",0.621138318404848,1.75816828993657,0.879410270336213,1.99925830893969,0.0455804125542601,NA
"SDF2L1",3.19959810469676,2.17380364961969,0.583211146596875,3.72730127382538,0.000193541056270753,0.0276169891317256
"SEL1L3",5.95637959554634,1.22707522524316,0.364881370564136,3.36294292949514,0.000771163045210188,0.0696654270410383
"SEMA3B",1.94818285899197,1.21294323892073,0.5252957064005,2.30906749120837,0.0209398363701378,0.295146706313952
"SEMA3F",2.53731250113703,2.2475481299122,0.595976362777962,3.77120347430549,0.000162462131101161,0.0248784997589913
"SEMA4D",4.91292645126238,1.28040466869426,0.294433131975618,4.34871123403425,1.36939880879269e-05,0.00464744347081348
"SEMA7A",0.970629221301573,2.79086245135689,1.18477819882989,2.35559909366428,0.0184928639385667,0.284228754561299
"SERPINB9",3.14651091840507,2.55559914217029,0.897353888200746,2.84792786410547,0.00440048977154544,0.162043841821983
"SFXN3",1.89833954576903,1.08961466409215,0.448350429518036,2.43027460743923,0.0150873868175807,0.265278635288147
"SFXN4",2.37028043761145,1.05401437484169,0.360157600872938,2.92653652813936,0.00342759251955035,0.147904739752556
"SGPP2",2.07072055612269,1.28892344119779,0.517272848739189,2.49176705164292,0.0127109372428372,0.250567094126069
"SH2B2",2.17030216218055,1.1757682380211,0.502492563034233,2.33987191953922,0.0192903540795767,0.29054505795262
"SH3BGRL3",17.1853608674644,1.02633502731014,0.41516695864729,2.47210190005046,0.0134321223283248,0.253061928928936
"SH3D21",2.90335905772823,1.0046107303958,0.399291969977842,2.51598029995831,0.0118701817501461,0.244777085878328
"SH3GL1",9.67876421276146,1.55208074210435,0.450256940298882,3.44710009594539,0.000566638601335668,0.0578478123331055
"SH3KBP1",0.944538386346512,2.02228313287016,0.950612016120993,2.12734859077645,0.0333911302433216,0.352283892335944
"SIDT1",1.10784231579475,1.54388910040258,0.769970629269898,2.00512726292759,0.0449494435812651,0.384797562049326
"SIX5",1.43926648589513,1.90170943747149,0.721754460907309,2.63484265144808,0.00841762944782483,0.213535702982498
"SKAP1",3.34959889417401,1.03629283286574,0.413973910515818,2.50328053662729,0.0123047967018431,0.247475196007729
"SLC16A13",2.86869442959423,1.17868217352185,0.436485080167924,2.70039510415429,0.00692571728777712,0.198100756224641
"SLC1A5",9.21631001149713,2.05185993157902,0.583322394464473,3.51754013055295,0.000435566484179009,0.0488340030521055
"SLC35C1",1.59469122433068,1.58917510875656,0.493840888116849,3.21799014013708,0.00129092255423105,0.0937000838929441
"SLC38A5",1.39915849190196,3.37707729606074,0.97903435925371,3.44939609538831,0.000561841906573016,0.0578282690232571
"SLC43A1",1.04327139117783,1.84895395031642,0.579016720904465,3.19326520903961,0.00140673683515186,0.0985178162421056
"SLC7A5",3.65841698315056,1.13130578657594,0.519946705075416,2.17581105050343,0.0295693920531711,0.339731400099181
"SLFN12L",1.28579998235825,3.28202564061514,1.28201444292766,2.56005356158091,0.0104656032039918,0.232184769315416
"SMAP2",4.16654175909092,1.99276852865637,0.421104159134607,4.73224613300334,2.22048928468924e-06,0.00174266774674017
"SMTNL1",2.49122462556745,1.49357141579761,0.464386515147804,3.2162247762992,0.00129889054013477,0.0937366006463925
"SOCS1",2.40943812280569,3.1814822267568,0.65150797957801,4.8832590336307,1.04346646981393e-06,0.00119116440558668
"SOCS3",2.02378182149613,1.69912168598624,0.495753419994245,3.42735242452985,0.00060949748907414,0.0607417457960633
"SORBS1",1.50669112478466,1.08051186692877,0.483191498980095,2.23619800681402,0.0253388037296149,0.31613364616543
"SP110",0.991219505069311,1.78376457352984,0.60883753948694,2.92978743563183,0.00339193945335875,0.147623319782926
"SPATA20",2.12634529371866,1.21954067211085,0.524832565914771,2.32367568499721,0.0201428826055251,0.293767917395561
"SPNS2",1.08150405751724,2.33705457004683,0.804768654345256,2.90400794989737,0.00368418804924021,0.152426211379642
"SPON2",2.15477077399188,1.46677878897056,0.593293050855006,2.47226692922958,0.0134259227389215,0.253061928928936
"SPRY4",1.15248365177057,1.79898214475974,0.754622251156562,2.38395056864882,0.0171279028658091,0.278253029680257
"SPTBN5",1.56519891083155,1.64251526503295,0.643728104151349,2.55156680971439,0.0107239761374152,0.232575074883458
"ST6GALNAC4",2.02263074969557,1.46862366127365,0.57434955928259,2.55702061146887,0.0105572961838392,0.232413414065449
"STAT5A",1.6896048541108,1.24365962663014,0.445649234010682,2.79066927914955,0.00525991871369671,0.172502785386478
"STK10",1.39748046693517,2.34480618132088,0.68414211527163,3.42736710542941,0.000609464535037993,0.0607417457960633
"SULT1C2",1.04140654019488,2.35332992388172,0.920252950109538,2.55726419958947,0.0105499056587341,0.232413414065449
"SYN2",5.70424900107004,1.93189454396005,0.829899779750364,2.32786487127538,0.0199192800955544,0.29238364482508
"TAOK3",1.61486906910528,1.10521235302322,0.461145784258091,2.39666585004421,0.0165450040922133,0.275537952766475
"TAP1",11.5626707876383,2.28123018446167,0.939212902204936,2.42887441080308,0.0151457777645581,0.265278635288147
"TAP2",5.48733768199901,2.01220500789758,0.635566651164493,3.16600155815412,0.00154549965821893,0.100106242155303
"TAPBP",16.9060600512147,1.81493348484295,0.268418468573933,6.76158199726501,1.36493030044175e-11,1.71394297826471e-07
"TCF25",10.3564677456925,1.04194552796901,0.461667155015089,2.25691933387583,0.024013115714733,0.314256999308186
"TEX12",1.66129605630854,1.72424617383392,0.727710215732706,2.36941317650438,0.017816337653112,0.280026825743739
"TFAP2A",3.5032933471518,1.64609841364271,0.467674828757996,3.51974986127488,0.00043195396413834,0.0488340030521055
"TFEB",3.48997651035517,1.07066709311787,0.441293948266403,2.42619935606171,0.015257886311292,0.266101775570685
"THEMIS2",3.36244581624516,3.23657982915044,0.659891870353937,4.90471238479492,9.35643351469062e-07,0.0011748873564397
"TIAF1",5.29909665462517,1.04303116528,0.290360993757095,3.59218761371425,0.000327913626010556,0.0395924173251399
"TICAM1",3.07741232350492,1.46289526438598,0.451495340541442,3.24011154274957,0.00119482949970074,0.0909301456226796
"TIMP4",2.76242658997737,2.10015238041213,0.729325426687773,2.87958201313501,0.00398202714187578,0.154328132162143
"TMC6",5.80366565370165,2.64753458026043,0.64551559353637,4.10142621924325,4.10611435015907e-05,0.00972839205565047
"TMEM134",3.54892667654102,1.10953588785259,0.319487506229685,3.47286158681563,0.000514940846853652,0.0547975611350959
"TMEM45B",2.77604542298236,1.31908517836474,0.463135012613591,2.84816552935785,0.00439720470518852,0.162043841821983
"TMPRSS4",1.72090783904988,2.06378670080783,0.954685795824891,2.16174442924923,0.0306378809911963,0.342887586102007
"TMPRSS9",1.60603705839646,1.41344250702925,0.486518161627513,2.90522043884439,0.00366994530215399,0.152426211379642
"TNFRSF10A",1.30260559062323,2.65122517836405,0.635170382970847,4.17403778489107,2.9924809242016e-05,0.00782845478441657
"TNFRSF12A",1.34157438123025,1.38574965962739,0.656251053098557,2.11161514040157,0.0347194728698261,0.353873718203251
"TNFRSF14",6.41927233722351,1.38788061307748,0.598561419503837,2.31869373443401,0.0204116485025765,0.295124833804997
"TNFSF10",1.51923947562329,1.92935705414636,0.91725706904408,2.10339840297665,0.0354309579407955,0.356411149988684
"TNFSF9",5.38776411438287,5.00429175715667,2.53153407423412,1.97678230290882,0.0480662429293165,0.391811496055695
"TOR3A",6.00134643478946,1.02629043994065,0.40857091570609,2.51190283127965,0.0120082147640788,0.245342210470608
"TOR4A",1.71600516200911,1.39504184135205,0.537520886985678,2.59532582849979,0.00945012854490653,0.221196917375555
"TRAF1",1.24955239482036,1.84705941581909,0.643804966051767,2.86897354511952,0.00411806240663426,0.157653992805203
"TRAF3",2.97545877735475,1.21978201909192,0.459005854783442,2.65744326870823,0.00787358410381523,0.204696885282832
"TRIT1",34.4441445496808,2.47650627094573,0.496866475347915,4.98424907659877,6.22029094487662e-07,0.00103091048060355
"TRPV3",3.07651876974957,2.71338922078779,1.25002256365737,2.17067219398732,0.0299559605344757,0.341030821787317
"TSC22D4",3.91955091659398,1.0842493543582,0.376939376848272,2.8764555282709,0.0040216886122622,0.154909030380909
"TSPAN32",2.03612947676793,2.19980796914268,1.12046000892249,1.96330788392722,0.0496104099271041,0.396031733919038
"TSPAN33",0.926773610193276,1.73859321944577,0.69041909151282,2.51817083394411,0.0117966089325417,NA
"TTPA",1.14605013698295,2.39654824568384,0.991558911832465,2.41694993316621,0.0156511697401533,0.268485981457794
"TWF2",1.69108247318234,2.06533307964878,0.471032695124128,4.38469155332098,1.16150237541691e-05,0.00416713866517432
"TYK2",13.2825924286696,1.1476439201685,0.529240644548621,2.16847275807265,0.0301227351401595,0.341788007165166
"UBE2L6",3.3742988789946,1.26530392524493,0.547132608330128,2.31260923947979,0.0207441330799752,0.295146706313952
"VASP",4.74819494958752,1.04103394111285,0.414784835955631,2.50981677937766,0.0120793817937311,0.246055344267981
"VAV1",3.22515535785701,3.05588209701302,0.943846963025194,3.23768811759311,0.00120502464939674,0.0910680006820991
"VSIG8",2.9364022482922,1.23462372450177,0.502021452455827,2.45930471389648,0.0139206409075332,0.255945508260559
"WARS",5.2747327881378,1.36027820460435,0.43717340173997,3.11153011411577,0.00186120489752841,0.111043701969961
"WBP1L",3.16157785446255,1.07828268073372,0.334862825189972,3.22007281674817,0.00128158039237579,0.0937000838929441
"WDR81",1.2938249751857,1.12410815138769,0.501939956948006,2.23952713034187,0.0251216380845197,0.315768177604919
"XBP1",13.3561603573003,1.03141246356562,0.377118219057297,2.73498444637307,0.00623832236756435,0.18651098564168
"XKR8",2.00429128399085,1.17594049474215,0.476763857241422,2.46650511963342,0.0136438778001912,0.25329002326015
"ZC3H12A",1.96913787838381,1.07401416731334,0.536847790939311,2.00059343717176,0.0454362214198859,0.385875249980125
"ZC3HC1",4.63368497051815,1.1771699674849,0.314177632820598,3.7468293236428,0.000179083845715344,0.0267709029838997
"ZFP36L1",12.99864675949,1.60958415905555,0.570071763295019,2.82347638085447,0.00475059261029586,0.169469293771264
"ZFYVE1",2.66591382231051,1.05715304296886,0.34779719732762,3.03956745796613,0.00236918138499322,0.121246121730974
"ZKSCAN3",7.35577187356029,1.27428715380915,0.368643210527526,3.4566950303673,0.000546843337695024,0.0567496842267473
"ZNF296",1.07845090569364,1.66532354578297,0.790394217648495,2.10695309833805,0.0351216452748688,0.355383857423146
"ZNF341",2.38459701137454,1.03660053552378,0.450823314811469,2.29934988157673,0.0214850794495392,0.297123505118793
"ZNF420",2.50527403590017,1.19240713682236,0.387558836742905,3.07671254987632,0.00209297026006037,0.117614223779572
"ZNF429",2.41168863347918,1.36488660395531,0.447344043858742,3.05108925153433,0.00228012785650712,0.120214110135085
"ZNF653",2.407363625925,1.09009747656397,0.396759212415787,2.74750388258558,0.00600507978980402,0.182580597870627
"ZNF703",11.4447086280069,3.05426370043615,0.657490839954942,4.64533270249887,3.39528826141167e-06,0.00250791968814979
"ZNF781",1.59160729759461,1.15175032739326,0.585364023627447,1.9675796272138,0.0491164257271775,0.393840969256812
"ZPR1",4.84103150819117,1.19803780199124,0.373578106479,3.20692722944295,0.00134160928653823,0.0957192489264805
"ABCB6",4.05501312767404,-1.13920299998691,0.54474317044557,-2.09126623662873,0.0365042046511346,0.359031873117572
"ABCF3",6.93909549505053,-1.75409151353219,0.607373394293679,-2.88799530900105,0.00387705654524371,0.153151496625655
"ABHD10",5.75592330866834,-1.55337292105485,0.578031318607729,-2.68735079060486,0.00720212717230772,0.200337080729675
"ABHD13",4.00550214477361,-1.20274129638952,0.578404985630546,-2.0794103202246,0.0375796527481994,0.362432948970154
"ABHD15",3.25702851569782,-2.02076100843429,1.0192489290221,-1.98259811798191,0.0474123377735331,0.391239368343915
"ABRACL",3.71395574707234,-1.80346494620847,0.80425730045644,-2.24239798032912,0.024935662226627,0.315334392330826
"AC010522.1",10.224321864399,-1.22493775553403,0.574737292497428,-2.13130028540738,0.0330644115773551,0.350371152891855
"AC020915.1",15.0655153890465,-1.28931475343545,0.632819249727706,-2.03741392821129,0.0416085792690554,0.376840222629133
"AC131160.1",20.4087665157096,-2.18299896581003,0.898494975184286,-2.42961733354412,0.0151147716923438,0.265278635288147
"ACAT2",4.31645477367979,-1.22452369387675,0.545036158205465,-2.2466834088742,0.0246602673152531,0.31504857324708
"ACTL6A",7.63496112075696,-1.85087140286865,0.564689284403037,-3.27768111418176,0.00104663561888379,0.0853989023552346
"ACVR1B",3.02426701027227,-1.65282560716724,0.777244767940479,-2.12651879477664,0.0334600860053485,0.352283892335944
"ADAM20",2.55487337374595,-2.04007520462265,0.926015039074056,-2.20306919276664,0.0275898721588397,0.32866268293729
"ADAM28",2.42083343066495,-2.66823140334246,1.09570257308821,-2.43517855016268,0.0148844430223622,0.264577229721624
"ADCYAP1",4.97517666925911,-3.37888119976758,1.7126965792767,-1.9728428494874,0.0485134695439951,0.391907421785754
"ADM2",1.96519040358391,-2.39787402633014,1.12311568642884,-2.13501962024468,0.0327594075058556,0.349201935527189
"AFF3",2.42367415738679,-2.50186469634307,1.19181036884904,-2.09921373545289,0.0357980637357732,0.356668719803448
"AL512428.1",6.24381855906727,-2.93413957836542,1.23621889500812,-2.37347899325398,0.0176213953780153,0.280026825743739
"ALCAM",18.9582038255167,-1.21434024109919,0.597031781869166,-2.03396247566147,0.0419553789866214,0.377117891148894
"ALG10",7.92780099129435,-1.30100859846504,0.545866638683001,-2.38338177545335,0.017154393557545,0.278253029680257
"ALG1L",1.33247879697133,-2.06547538723231,1.00510378599596,-2.05498717247954,0.0398802437092159,0.369368680270988
"ALYREF",13.1618005716737,-1.19991112914603,0.389397551598689,-3.08145524854932,0.00205991438347554,0.117042284675576
"ANAPC11",4.19783239058312,-1.42174720652537,0.621728964891015,-2.28676366521638,0.0222096213721147,0.301824908625157
"ANAPC13",5.52592847546457,-1.08936139841404,0.483659062089948,-2.25233327316721,0.0243012189992348,0.31444890471225
"ANKRD35",1.8270435465383,-2.37673421518708,1.00533427208096,-2.36412333806888,0.0180727946516504,0.280947996714512
"ANKRD49",4.91026016745615,-2.12433770266532,0.810295613326582,-2.62168234373636,0.00874969420055166,0.217737612958809
"ANKRD50",4.58367273055582,-1.64397656869813,0.702115500938181,-2.34146172033151,0.0192083956192494,0.29054505795262
"ANKRD6",3.84847180539398,-1.34231208008866,0.65146751046177,-2.06044362693883,0.0393561498348859,0.368314752390404
"ANXA2R",4.4050446861913,-1.99810724947995,0.847690960487208,-2.35711756125315,0.0184174151792642,0.284112386248183
"APOBEC4",1.9770787649576,-2.53557884270809,0.900303350867019,-2.81636055254738,0.00485711233279275,0.170426581094613
"APOLD1",8.67526140263106,-1.51536706567614,0.494690700696771,-3.06326167753254,0.00218938517984466,0.119013461919088
"ARHGEF19",7.235115176027,-1.80847315782404,0.718791224202808,-2.5159922616331,0.0118697788945341,0.244777085878328
"ARHGEF26",1.73113785992851,-2.33214733800378,0.972721750713476,-2.39754825703567,0.0165052067122757,0.275537952766475
"ARHGEF7",6.90555412715059,-1.15298015032698,0.54742855051399,-2.10617467657547,0.035189181999379,0.355383857423146
"ARL13B",4.28513749974872,-1.22438196484094,0.588649632506914,-2.07998425077852,0.0375269774460315,0.362432948970154
"ARL6IP1",31.3084823149953,-1.05338482805847,0.45188561193298,-2.33108733768381,0.0197487548399264,0.291747193558771
"ASNSD1",6.83675762582783,-1.18662034817338,0.464723873679799,-2.55338796945683,0.0106680591739193,0.232567394178653
"ASPM",13.2871639571365,-1.18361833596162,0.413675213892771,-2.86122614121238,0.00422005918282017,0.158182934802009
"ASTE1",5.60448029516023,-2.25934065438926,0.818845489753854,-2.75917823650518,0.00579469203800491,0.179791952042139
"ATF4",47.6405817886177,-1.2689201861972,0.509698331825287,-2.4895513816046,0.0127904429002961,0.250648243745651
"ATG3",4.93916425491243,-1.14082927717298,0.572605988299207,-1.9923460468193,0.0463331027014656,0.38890693223416
"ATP2C1",13.4058013255693,-1.44753876832012,0.490679101165508,-2.95007218542992,0.00317699692628382,0.141969930261017
"ATP4B",2.67626451214354,-2.09891552541748,1.00400305279646,-2.09054695558081,0.0365686950070417,0.359031873117572
"ATP5E",8.14052332876471,-1.92758398764026,0.56656145443309,-3.40225049296555,0.000668333499718011,0.0628881281419067
"ATP5I",9.00225402308924,-1.16392301678476,0.456108350829239,-2.55185640576119,0.0107150669805244,0.232575074883458
"ATP5J",2.94835761598419,-1.60390297466408,0.748234973916235,-2.14358193692726,0.0320663993727548,0.34715573535965
"ATP5L2",8.25434224899807,-3.17432198637129,1.06382878181489,-2.98386548722238,0.00284631871425354,0.133862262527647
"AURKA",6.91348063519247,-1.22316590660554,0.45240418507344,-2.70370157253735,0.00685718432408406,0.196690848428711
"B3GALNT1",2.6063544284165,-2.09628726133989,0.859003742647271,-2.44037034679217,0.014672211629454,0.263575052118818
"B3GALT2",5.81250897289541,-1.15414264302356,0.497725987922709,-2.31883138720653,0.0204041806079374,0.295124833804997
"B3GNT5",7.58372797492646,-1.45205630650009,0.686307091347994,-2.11575302777081,0.0343658179776102,0.353700253872104
"BAG5",14.7934068803925,-1.10327789325092,0.50773631597664,-2.17293476659975,0.0297852273470368,0.340443806561525
"BBS10",8.52230768279956,-1.56371015066093,0.697130458702998,-2.24306674760732,0.0248925105777836,0.315334392330826
"BCL2L12",3.05164107555029,-1.5871714255217,0.766231851144843,-2.07139839351532,0.0383215809088621,0.364272590062515
"BCLAF1",17.628373041286,-1.20261478544581,0.394891579230646,-3.04543031226146,0.00232347616177776,0.121246121730974
"BCS1L",5.81741535781894,-1.15600663511367,0.530139724195624,-2.18056972973996,0.029215256085076,0.338740508458263
"BOC",5.32799962830695,-3.4609449210644,1.14511449843751,-3.02235708812245,0.00250814482948528,0.125979098495387
"BORA",5.53873569616543,-1.05907724018479,0.500318698403567,-2.11680523547118,0.0342763808463901,0.353700253872104
"BRIX1",8.37107170559107,-1.72798850218745,0.649617572615982,-2.66000886526039,0.00781385947569387,0.203988842902885
"BTBD6",8.65585609125249,-1.16802045243258,0.465439180865983,-2.5095017790711,0.0120901606604559,0.246055344267981
"BTF3",15.9748892726948,-1.2726430107846,0.60379138494749,-2.10775284727734,0.0350523734458708,0.355248307796448
"C10orf35",3.1240845749801,-1.66507862676815,0.766174059532675,-2.17323806000918,0.029762404614811,0.340443806561525
"C11orf57",6.02749807997975,-1.13796979569289,0.518897058996201,-2.19305501151669,0.0283034158335403,0.331707446839803
"C12orf56",1.93621124128815,-2.50195753974393,0.927468187394781,-2.69762087125794,0.00698369265156847,0.198338562787919
"C12orf57",8.01919478038231,-1.19607758466005,0.481948424987176,-2.48175431778177,0.0130737380338746,0.252564505371328
"C16orf59",5.18653664944666,-1.56649177643703,0.649275619812291,-2.41267610955408,0.0158358850040382,0.26981167977708
"C18orf54",3.40605794061277,-1.73019214162894,0.748170291821535,-2.31256461335363,0.0207465889939357,0.295146706313952
"C19orf48",14.7042128005056,-1.68282770663516,0.536362442929868,-3.13748236629461,0.00170405524002737,0.105929810143682
"C1QL3",2.68326864224266,-2.11864996436648,0.981845229100887,-2.15782477886724,0.0309414575907176,0.345084088974478
"C1orf115",3.52422971937352,-2.41054413798878,0.946144293902038,-2.54775529855741,0.010841849075709,0.234322028990839
"C1orf123",4.76752976319615,-1.14771347815015,0.512004400724414,-2.24160862001635,0.0249866783761386,0.315334392330826
"C2CD4C",3.80574898411791,-1.86640245542313,0.930971506506763,-2.00479009548459,0.044985491844263,0.384797562049326
"C5orf51",7.33263057084127,-1.40223980734755,0.506949177636734,-2.76603626005358,0.00567422251419079,0.178312097165202
"C6orf120",10.6488219607336,-1.30603432589457,0.411205370828754,-3.17611203195706,0.00149263295067414,0.0994798360134204
"C8orf33",10.7253066753566,-1.17071959540932,0.434213755210109,-2.69618265511378,0.00701391943692862,0.198338562787919
"C8orf82",13.426675272883,-1.70265473681656,0.712553504936892,-2.38951141917034,0.0168707993916702,0.277649577930803
"C9orf40",4.39069472934201,-1.97996704418597,0.759394192125103,-2.60729811304614,0.00912598685333928,0.220799647239656
"C9orf72",4.00720312269639,-1.17814233023628,0.558468196551593,-2.10959610146295,0.0348931604370964,0.354493054699531
"CACNA1A",28.1149886365653,-3.13362605242975,1.10357734655479,-2.83951647087762,0.00451819625041277,0.163501413015658
"CADM3",2.83614441161604,-2.74427478888416,1.3346985897117,-2.05610076315203,0.039772804711248,0.369330233889954
"CALM2",33.6082021117517,-1.1037739718311,0.424079250975813,-2.60275401187701,0.00924782804109299,0.221196917375555
"CAMK2N2",9.84279346666372,-1.85509639319855,0.69291947823936,-2.67721784631046,0.00742363496546522,0.201723290307796
"CASP6",4.93165627424359,-1.72283903587771,0.634193498888779,-2.71658261854849,0.00659597303134813,0.193367860430113
"CBR1",4.52111383755629,-1.31960494715519,0.578275545621052,-2.28196567734499,0.0224913667177766,0.303685378587733
"CCDC115",4.78621176485043,-1.69796878502342,0.835411993536355,-2.03249270798208,0.0421038012489874,0.377910959459281
"CCDC137",3.7868642189599,-1.13495398723904,0.552350707447781,-2.05477058675867,0.0399011684338611,0.369368680270988
"CCDC14",16.7028614475775,-1.45543966901439,0.532867749859879,-2.73133374912839,0.00630785570881766,0.188141910060863
"CCDC43",3.62659599639075,-1.08799237099794,0.545432621039655,-1.99473285797264,0.0460720236899113,0.387913056352055
"CCNA2",8.09788698625799,-1.20491045670587,0.482440496299549,-2.497531749403,0.012506126557022,0.24931094398336
"CCNE2",13.245187229955,-1.16896199273435,0.393095083136958,-2.97373852505572,0.00294195652598304,0.135816720944004
"CCT5",20.1270753624893,-1.42496035068092,0.668350749789276,-2.13205469004142,0.0330023508642489,0.350008884968221
"CD2BP2",10.826158317526,-1.2735320582254,0.521186311934534,-2.44352552832464,0.014544540564339,0.262785317793388
"CDC16",7.42995381051168,-1.09816547151722,0.490072307916445,-2.24082335152969,0.0250375197202377,0.315437043359797
"CDC20",10.4869459871286,-1.93084580059809,0.566329008484621,-3.40940649634853,0.000651043914436311,0.0628858341044366
"CDH2",6.78650127381615,-1.51307285456414,0.727433906498223,-2.0800141992939,0.0375242304993068,0.362432948970154
"CDHR3",2.27129613949276,-2.38643410785659,0.945779058736246,-2.52324693152474,0.0116276719413407,0.242137108735348
"CDK1",12.5100597569035,-1.20383868637552,0.436042738026912,-2.76082727996543,0.00576551586269567,0.179791952042139
"CDK2AP1",11.1329119134819,-1.16644467905,0.507116389271349,-2.30015180681896,0.021439621069682,0.297123505118793
"CDK9",7.57510523088738,-1.22065450452341,0.483507532467284,-2.52458218860532,0.0115835915159575,0.242137108735348
"CDKAL1",17.3601701328714,-1.23854567214243,0.587573522759624,-2.10789905291414,0.0350397221755031,0.355248307796448
"CDKN1B",15.9009276907818,-1.98755043983329,0.511168750017153,-3.88824715862736,0.000100970779777424,0.0189237325621659
"CDKN2C",8.29802811479956,-1.85084245858632,0.657915531285037,-2.81319161894728,0.00490524108435681,0.171267091578267
"CDKN2D",5.54390772718652,-1.75103092471152,0.747908292293235,-2.34123747891939,0.01921993739223,0.29054505795262
"CDV3",12.074252786232,-1.04955957787157,0.405811521206639,-2.58632277060743,0.00970060432470008,0.223505483495888
"CEBPB",8.18324701913678,-1.34020294598655,0.666392086483808,-2.01113274477505,0.0443114373050081,0.383770295005272
"CECR2",4.97497833880416,-1.63470640575629,0.77346943067795,-2.11347254451086,0.0345603425395538,0.353700253872104
"CEMP1",5.035301476964,-1.43838758681716,0.578857817427724,-2.48487200744552,0.0129598021210363,0.251192462094702
"CENPF",17.2708853276788,-1.11829666267326,0.422949658708051,-2.64404200275094,0.00819224895851636,0.209779305736477
"CENPJ",5.57803943577229,-1.25604522720439,0.624463307105035,-2.01139956969982,0.0442832687690286,0.383770295005272
"CEP19",3.09094815697073,-1.97870399501211,0.99634563181106,-1.98596142928375,0.0470376068631972,0.390126307385183
"CEP57",8.09524787349512,-1.16831200433354,0.444931960401231,-2.62582171728004,0.00864400790536638,0.216160258120388
"CEP70",6.46594937463206,-1.19913060996082,0.497728918309136,-2.40920421910476,0.0159873492124879,0.271655134047647
"CERS6",8.92333596388113,-1.0058207172238,0.508208110185922,-1.97915125135612,0.0477989795837817,0.391343101387312
"CFAP44",3.82689150796406,-1.15018949155799,0.546883849087452,-2.10316960992216,0.0354509457940485,0.356411149988684
"CHAD",3.00279886324672,-2.91244286447129,1.16362142414544,-2.50291272061287,0.012317591582769,0.247475196007729
"CHAMP1",7.51998765911054,-1.26522305446353,0.563427175151975,-2.24558400847857,0.0247306657301846,0.31504857324708
"CHCHD1",5.75839979683197,-1.16189202296259,0.545684331869845,-2.12923838033107,0.0332345429957133,0.35158058668675
"CHCHD2",17.1893552242927,-1.20815133658371,0.393632119831293,-3.06923971829715,0.00214604315787184,0.118192385672793
"CHD6",10.2907949858477,-1.1001314218469,0.360654459393548,-3.05037520871587,0.00228555638544952,0.120214110135085
"CHMP2B",2.10118913318639,-1.87773615703924,0.872664341857465,-2.15172783735208,0.0314187963158264,0.346705939873114
"CHN2",11.7688016199239,-1.56154593417433,0.585302516238845,-2.66792964467131,0.00763202380343502,0.202237204145299
"CHRM4",2.92856045144622,-2.83607749491374,0.948407110604534,-2.9903587427829,0.00278649976528302,0.13338681444743
"CIART",4.37460145178234,-1.9712823014787,0.789588274586692,-2.49659520654681,0.0125392003466675,0.24931094398336
"CKAP2",13.384530576001,-1.165245702189,0.441743405897629,-2.63783383437541,0.00834374551281385,0.212434112154376
"CKS2",14.4222380850765,-1.47288649553818,0.533571295436658,-2.76043053315455,0.00577252329281818,0.179791952042139
"CLDN18",1.70410045042704,-2.30715328925757,0.975253676975587,-2.36569555565523,0.017996236304989,0.280746117816133
"CMC4",3.28511962358846,-1.30460095585525,0.652073847178056,-2.00069510761872,0.045425256988024,0.385875249980125
"CNKSR3",14.5047037650286,-1.59333071850675,0.764245427326932,-2.0848416772079,0.0370836741900977,0.361256552990734
"CNTF",5.13943404726275,-1.44901377910603,0.701161489873513,-2.06659064999053,0.0387727425912846,0.366342610021641
"CNTN4",2.21269745943054,-2.55500755126919,0.931824131264352,-2.74194181664131,0.00610771593874197,0.184361992891305
"COASY",7.3563680792805,-1.19562692221968,0.469904205715358,-2.54440566327667,0.0109463875365758,0.235769791246625
"COLCA2",6.53368986506526,-3.65897647850709,1.31003305067035,-2.79304134856351,0.0052215017080433,0.172502785386478
"COMMD2",6.05998870419811,-1.03968520127584,0.459900876443813,-2.26067236339102,0.0237795530586599,0.313920065996248
"COMMD6",1.93164734692799,-1.81174207505417,0.880187553266231,-2.05835911713486,0.0395556731763226,0.368472246346501
"COPB2",9.4235399516541,-1.0926327425024,0.428150194164471,-2.55198469461086,0.0107111223954801,0.232575074883458
"CORO2B",1.4347584021687,-2.15800168507905,1.04471229801073,-2.06564208077973,0.0388622879329385,0.366555658554928
"COX7C",16.2538676748658,-1.29672202279139,0.646493526695494,-2.00577727269675,0.0448800165220624,0.384797562049326
"CPSF4L",1.36253173668622,-1.9811545292396,0.936006814375898,-2.11660267725784,0.034293582717311,0.353700253872104
"CPVL",1.06037725707479,-1.82760714112674,0.929708227005499,-1.965785703557,0.0493233699217977,0.394744140285541
"CREB3",6.56045587599126,-1.25839823310915,0.511394491534988,-2.46071917851906,0.0138658849563271,0.255673887513362
"CREBZF",9.81117825344352,-1.15367306355579,0.483585271673665,-2.3856662539845,0.0170482146645582,0.278253029680257
"CRYGS",3.81023588573995,-1.87725148959845,0.777651078945674,-2.41400229540425,0.0157783629589483,0.269563134252399
"CSTF2T",11.6976439703703,-1.70048755079613,0.554541450337608,-3.06647510255702,0.00216598846157541,0.118769943720534
"CTTN",6.359039230085,-1.05807887757918,0.473911262855295,-2.23265189184217,0.0255719092483868,0.317298877897226
"CYB5R1",7.27631486009695,-1.39135829316893,0.501236244786513,-2.77585331795298,0.00550570415414584,0.175045558419343
"CYCS",20.9429713625252,-1.46393975254687,0.418941333994763,-3.49437888734362,0.000475166146411414,0.0510603066451002
"DBI",3.9716615521337,-1.92628535569968,0.778105469082583,-2.47560958281253,0.0133008936976721,0.253061928928936
"DBNDD2",6.54722165938858,-1.07067070418497,0.461062961560459,-2.32217895048717,0.0202233019231762,0.294257244784847
"DBP",2.99881730183285,-2.14230275061533,0.892994252448291,-2.39901068203055,0.0164394351108406,0.274873484270073
"DBR1",5.41074903416056,-1.06120100841428,0.494142261233266,-2.14756172800474,0.0317485885257297,0.346705939873114
"DCAF13",4.89962692349782,-1.1351465697175,0.494204477776663,-2.29691680420282,0.0216235161821067,0.2977264174328
"DCTN3",4.78114997592602,-1.01768366332777,0.490684121525172,-2.07400977265077,0.0380784032601178,0.36392259629799
"DCXR",3.77967635561762,-1.84829794113962,0.836075223994114,-2.21068378549708,0.0270577421378392,0.325329406215838
"DDX20",3.53959017227279,-1.34104108148368,0.659657204665246,-2.03293630691749,0.04205895834344,0.377778497795834
"DEPDC1",5.99593473917229,-1.1550398171817,0.452169434812719,-2.55444027891911,0.0106358673423951,0.232413414065449
"DGAT1",4.3481963962218,-1.53074832674156,0.659667766937518,-2.3204837396376,0.0203147235413478,0.295124833804997
"DGKB",5.78854151055708,-3.52756024833507,1.10728001075689,-3.18578879241556,0.00144359944162996,0.0985178162421056
"DHX36",9.28997490565308,-1.31612704690164,0.424103510897596,-3.10331561301184,0.00191365440040096,0.111893095034308
"DLX2",9.77110629106936,-4.06324326737438,1.88984797299134,-2.15003710639374,0.0315522797804273,0.346705939873114
"DLX5",17.2362764986889,-1.85234724451757,0.802367451745381,-2.30860217533523,0.0209656671297497,0.295146706313952
"DMRTA1",3.40784686649245,-2.95388515232978,1.28506459931194,-2.29862775296383,0.0215260862208399,0.297313651523546
"DMRTA2",1.48542583260572,-2.18781011241474,1.10951603237128,-1.97185984571931,0.0486256082776304,0.391907421785754
"DNAJC13",4.54581611550768,-1.32561166881913,0.552028972878899,-2.40134437492638,0.0163349556119493,0.274476151933242
"DNAJC19",9.08003572664414,-1.19382334063977,0.54804350225452,-2.17833682130828,0.0293809697486008,0.338784974410634
"DNTTIP2",6.23443714027509,-1.42111211657521,0.584882435843334,-2.42973977244868,0.0151096670423781,0.265278635288147
"DPYSL5",7.15760326941856,-2.36094898907617,0.778835383285911,-3.03138383250555,0.0024343557302533,0.123258890745124
"DSEL",2.65075472589308,-2.76221290811056,1.02680769288522,-2.69009759787544,0.00714311249192619,0.20021442759178
"DUSP23",5.09335232166934,-2.16728434154471,0.847570708758671,-2.55705431906543,0.0105562732123903,0.232413414065449
"DZIP1L",2.09388783255798,-2.44427052764147,0.901137005656603,-2.71242942227245,0.00667920031818442,0.193367860430113
"E2F1",14.2206727416239,-1.08855989144326,0.411444372003628,-2.64570368563375,0.00815211915416945,0.209779305736477
"E2F7",8.32913452757018,-1.1110113019517,0.412035159331923,-2.69639926785157,0.00700935941548592,0.198338562787919
"ECHDC2",8.43465505588253,-1.51717527550939,0.608869152058963,-2.49179198909796,0.0127100448983725,0.250567094126069
"EFS",12.0539354595936,-2.29952137042043,0.863714719596311,-2.66236214139687,0.00775943469127305,0.202990044621491
"EID3",10.1286306802507,-1.44548753407225,0.651208195360783,-2.21970107927069,0.0264390655437268,0.322325578672406
"EIF4A2",120.91602157499,-1.1303437568234,0.526185902479252,-2.14818327799645,0.031699198578513,0.346705939873114
"EIF5",25.1010863433061,-1.33359921728052,0.524332845350296,-2.54342109045176,0.010977284845821,0.236030420905778
"EMD",14.8204977751322,-1.36603583749065,0.464878423691895,-2.9384797570128,0.00329826196232494,0.144812151961239
"ENC1",17.1269383874114,-1.96341646721645,0.700878352803237,-2.8013655427701,0.0050886841675658,0.172502785386478
"EPHA7",4.0632667679143,-2.52471046202902,1.02122772991587,-2.47223061817662,0.0134272866056284,0.253061928928936
"EPHB1",2.37596331477182,-2.59860667612004,1.01218426976257,-2.56732568737667,0.0102486302705053,0.230630914528199
"EPS8",3.20645700362792,-1.25866354769091,0.627049940106391,-2.00727799683284,0.0447200706617717,0.384797562049326
"ERBB4",1.66965276743752,-2.32588684161884,1.07761598946266,-2.15836333569867,0.0308995939896791,0.345084088974478
"EXOSC4",5.02502695798012,-1.34955854251871,0.617433848802882,-2.18575406116026,0.0288336033588202,0.335866008698242
"EYA1",2.50967992341553,-2.70192226305447,1.09002774837523,-2.47876466180049,0.0131838260949692,0.252652217107517
"EYA2",4.56045596245452,-3.28839217685222,1.00495264453825,-3.27218620173206,0.00106719266141354,0.0859021682651913
"FABP5",9.75845064369601,-1.66015774299668,0.717933664079431,-2.31241105698172,0.0207550416135013,0.295146706313952
"FADD",2.28829019112156,-1.95635796982352,0.875825855314788,-2.23372940859386,0.0255008827539294,0.316730548705332
"FAHD2A",3.7917880247001,-1.13717549142063,0.553135312807489,-2.055872162001,0.0397948400456405,0.369330233889954
"FAM105A",5.71373184706976,-1.54108142425167,0.666548016406496,-2.31203362146357,0.0207758305790071,0.295146706313952
"FAM118A",3.95811715233675,-1.38767397788788,0.681260986002019,-2.03691978023202,0.0416580815777581,0.376840222629133
"FAM155A",9.8311006205308,-2.12683686648204,0.944621416726313,-2.25152302162788,0.0243524304579504,0.31444890471225
"FAM184A",2.31137435384887,-1.89687154443693,0.861740574397422,-2.20120950642638,0.0277211956218104,0.328742076178368
"FAM209A",2.10632612003752,-2.52778574710964,0.86862478384748,-2.91010087913113,0.00361312114660517,0.152426211379642
"FAM218A",3.4933425265137,-3.0476573390013,0.939126577540639,-3.24520401390666,0.00117366505410584,0.0898640980756523
"FAM32A",5.42330905685876,-1.06668674553467,0.459930475179473,-2.31923476068513,0.020382310640261,0.295124833804997
"FAM76B",5.13979534196882,-1.02302510730201,0.488989594858316,-2.09212040104541,0.0364277466197785,0.359031873117572
"FAM95C",63.2803805626332,-3.35079015569141,1.24985660352906,-2.68093967438362,0.00734157494349196,0.201723290307796
"FANCB",3.86505999176156,-1.47168094438435,0.624490910687771,-2.35660907020014,0.0184426507357677,0.284152595446668
"FBLN7",4.17390663027003,-1.88123492777104,0.886436207980845,-2.12224513262627,0.0338171583266827,0.35298591613313
"FBXL6",4.438669763928,-1.28503807314231,0.589804882905479,-2.17875116057364,0.029350158900664,0.338784974410634
"FBXO45",5.10197200178308,-1.00367082989149,0.469070393750667,-2.13970193656049,0.032378862456962,0.347908613130974
"FBXO5",9.94683249898169,-1.24503822322386,0.399051973177113,-3.11999014391859,0.00180857091323473,0.109711231678688
"FCHSD1",3.16636767028516,-1.66457034359472,0.834106518671148,-1.99563281947086,0.0459739044521792,0.387913056352055
"FGFBP2",4.1534107696227,-3.21519206035818,1.21343885451174,-2.64965313118467,0.00805744485630215,0.20861306198059
"FIBP",6.61464050687691,-1.07399876814595,0.499500634082334,-2.15014495450855,0.0315437506550411,0.346705939873114
"FKBP10",2.17306074714707,-2.50209108062383,1.12091818973505,-2.23217992493747,0.0256030736714034,0.317325127409083
"FKBP4",10.2677178510668,-1.31567952233271,0.53098465386657,-2.47781082325466,0.0132191213378704,0.252652217107517
"FLRT2",1.61279010455423,-2.16195156314346,0.966885834076308,-2.23599466136437,0.0253521208639474,0.31613364616543
"FLRT3",2.36505686312192,-1.9994701024396,0.885489341195227,-2.25803971817519,0.0239431833199718,0.314256999308186
"FMR1",10.4080521605379,-1.31863731813451,0.526514934568578,-2.50446327645956,0.0122637335730139,0.247475196007729
"FOXA1",16.9195938007634,-3.95134421013402,1.02552364342573,-3.85300157189421,0.000116678641129507,0.020635685868496
"FOXG1",19.3044549040136,-3.51435270103979,1.17724874833795,-2.98522526016815,0.00283369563625435,0.133862262527647
"FOXI3",2.5990137404008,-2.75042910701231,1.13452467538696,-2.42430082543088,0.0153378942523494,0.266103507903896
"FRAS1",6.58576153670037,-1.97372167771065,0.833859595011464,-2.36697123774599,0.01793432651194,0.280746117816133
"FRY",2.7433515234967,-2.09667853468412,0.879845393228663,-2.38300791345874,0.017171825191034,0.278253029680257
"FUT9",1.88637071750126,-2.36721056653394,1.02790045032256,-2.30295702836893,0.0212812609803186,0.296287401430854
"FXR1",7.70138164269362,-1.59692291055845,0.506339952904069,-3.15385523381956,0.00161128993283194,0.101673204455129
"FZD1",3.62810716158911,-1.80493538276754,0.807868026995439,-2.23419583701105,0.0254701902410267,0.316662553323339
"FZD2",2.14763235928219,-1.88904203067177,0.944702434201815,-1.99961592378857,0.0455417531200622,0.386136255184754
"FZD8",2.75831902245222,-2.11503212027456,1.07350079132289,-1.97021943287828,0.0488132273248548,0.392663482074441
"GABARAPL1",2.48116199562272,-2.71789140745167,0.951256009364595,-2.85716082810045,0.00427449192995406,0.159272389211968
"GABPA",5.16124032069424,-1.0258870568411,0.446383748748468,-2.29821775482955,0.0215493986744779,0.297313651523546
"GEMIN4",3.60529719800851,-1.29295676350378,0.625128387994032,-2.0683059485632,0.0386112627597096,0.365810998711807
"GGT7",4.7039042206475,-1.04317779275775,0.484014262005295,-2.15526250907528,0.0311412978180513,0.346156948841093
"GID8",9.896921655609,-1.28328793661134,0.470849054801008,-2.72547629336049,0.00642087872701084,0.190607503959989
"GLB1L3",5.6966362241774,-3.46584109823759,1.74710069739244,-1.98376722269665,0.0472817956975375,0.390990839521593
"GLIPR1L1",3.56003804810097,-1.35438044619837,0.664689861365789,-2.03761261442355,0.0415886895047169,0.376840222629133
"GLUL",28.6195167242627,-1.5416591557437,0.488597506160795,-3.1552743030914,0.00160347273268816,0.101673204455129
"GLYATL1",2.92793524044093,-2.86088392863354,1.03472075568204,-2.76488503098382,0.00569428613229642,0.178312097165202
"GLYATL2",8.47511907530544,-2.25084464718419,0.935817334652918,-2.40521794567847,0.0161628232889239,0.273158239621826
"GLYCTK",3.00526261446029,-2.17609569106481,0.967876426714769,-2.24831975549923,0.0245558078831397,0.314826104959787
"GMFB",8.3585907484546,-1.23405786518003,0.508565704296355,-2.42654558644975,0.015243335141303,0.266101775570685
"GNAQ",4.39083023496236,-1.00540695781524,0.505995724190602,-1.98698706283241,0.0469238305212885,0.390126307385183
"GNB3",4.15114216863481,-1.51106925046112,0.659229719895922,-2.29217404018084,0.0218956023117069,0.299502263865037
"GOLGB1",7.58071044412467,-1.09285599922299,0.434372156320289,-2.5159439511062,0.0118714060125748,0.244777085878328
"GOLT1B",5.90816464469784,-1.00953625811878,0.48045912869993,-2.10119071074886,0.0356242285153883,0.356668719803448
"GPC6",4.76720253789311,-2.65490183055242,1.09636940512449,-2.42153950862115,0.0154549209480037,0.266454596393504
"GPR161",2.53929561410768,-2.03831066753528,1.00112834112532,-2.03601334994084,0.041749014748395,0.376974934642804
"GPR171",4.79456057597988,-2.67290983287451,0.940518804363775,-2.84195256965928,0.00448381617247252,0.162990228493826
"GPR18",8.12482142582544,-1.05615676939973,0.499295659659784,-2.11529331162099,0.0344049561697219,0.353700253872104
"GPR182",1.11620217429214,-1.94633034370894,0.936451941867533,-2.07840921321327,0.0376716848597754,0.363041708967153
"GPR87",3.67149135346751,-3.01300740673425,1.04447824365035,-2.88470097395621,0.00391785600274205,0.153260180144648
"GPRC5B",5.55314406776805,-2.80336734854837,0.981670372879701,-2.85571147504918,0.00429405156672169,0.159527826992084
"GRAMD1A",4.24646266023311,-1.13252555733266,0.546306902425905,-2.07305738277078,0.0381669395490025,0.36392259629799
"GRIP1",4.22729855229123,-2.5452017798919,0.954792818684935,-2.66571106326237,0.00768256899235736,0.202237204145299
"GRM2",2.90196053454955,-2.7948049981955,1.24620333618406,-2.24265568631307,0.0249190262985689,0.315334392330826
"H2AFZ",51.892171388137,-1.56711775560727,0.657429487822683,-2.38370469325516,0.0171393497371788,0.278253029680257
"HAT1",5.32637542950186,-1.16596072974746,0.506889503752693,-2.30022661963883,0.0214353844627416,0.297123505118793
"HAUS1",8.72984097773493,-1.06887044396854,0.366295508544686,-2.91805501032549,0.00352222205726885,0.151062170275897
"HEPACAM2",9.05731541063957,-4.01240900862756,0.974554055582516,-4.11717439955574,3.83545836861127e-05,0.00944350014404935
"HES1",4.38700124254641,-2.59039390944993,0.925801688558081,-2.79800084776732,0.00514199776851903,0.172502785386478
"HES6",21.8086777966126,-2.37878839911015,0.738617858609649,-3.22059421036462,0.00127925138992648,0.0937000838929441
"HIST1H1B",133.391874482432,-2.34512132580102,0.566006764392198,-4.14327437997902,3.42381899013862e-05,0.00877406021615728
"HIST1H1C",194.567412655505,-2.33029034691089,0.506790364111785,-4.59813467644559,4.26290409685177e-06,0.00281733088127198
"HIST1H1E",149.676914367645,-1.12731208439881,0.527474342893788,-2.13718847103395,0.0325826653692781,0.347908613130974
"HIST1H2AB",29.3212288298564,-3.51996195958763,0.869853838046611,-4.04661312697342,5.1964017258619e-05,0.0114475818371312
"HIST1H2AD",94.8870884549744,-1.75280803052198,0.665737937670651,-2.63287989363334,0.0084664281057274,0.213962641362526
"HIST1H2AG",33.0959373826842,-2.4287760533197,0.718602450035323,-3.37986052399392,0.000725226227893584,0.0664720127274434
"HIST1H2AH",83.5390323591701,-1.40284996366554,0.607196109816773,-2.31037376719831,0.0208674701313755,0.295146706313952
"HIST1H2AI",94.5832246392062,-1.88311353759667,0.675725193057556,-2.78680380270544,0.00532306962908248,0.172502785386478
"HIST1H2AJ",54.1756357730432,-4.5576891040364,1.03761733523276,-4.39245659192268,1.12077012312768e-05,0.00413926777532775
"HIST1H2AK",41.168237367205,-1.58466965161102,0.564360154284276,-2.80790491600298,0.00498649475265477,0.171549081120784
"HIST1H2AM",77.1284899462473,-1.2927835896496,0.616578117308403,-2.09670689464799,0.0360195298051601,0.356883271634179
"HIST1H2BB",4.80188041591928,-1.63620131391256,0.712054950012118,-2.29785821148314,0.0215698603597954,0.297313651523546
"HIST1H2BC",11.5287571129537,-1.51736905586297,0.666147303226329,-2.27782811476373,0.0227368205463112,0.305028050854733
"HIST1H2BE",40.7128773583887,-3.01438365798747,0.720859299649431,-4.18165328442517,2.89397045774451e-05,0.00773182702933997
"HIST1H2BF",71.3100721326062,-1.86546872654779,0.652683024320204,-2.85815419895554,0.004261132670007,0.159247151599041
"HIST1H2BG",68.3544974685087,-1.68102451417607,0.851342079602775,-1.97455823511086,0.0483183026079382,0.391907421785754
"HIST1H2BH",66.8891854022651,-4.76939769680865,0.967440502191541,-4.92991319466628,8.22661625648923e-07,0.00114779578147484
"HIST1H2BI",30.1770621858512,-3.26134754110406,0.747570246612296,-4.36259676717104,1.28527706203328e-05,0.00448311779665332
"HIST1H2BJ",12.5066292606037,-3.06155918693862,0.962107441527597,-3.18213855832733,0.00146191860985351,0.0986952257200564
"HIST1H2BK",104.483441967346,-1.83708786258174,0.667903395511051,-2.75052930547849,0.00594990692840934,0.181783409489139
"HIST1H2BL",47.269493408992,-2.94908820363876,0.932426495980969,-3.16281038382135,0.00156254069144218,0.100106242155303
"HIST1H2BM",22.1932328037007,-4.21693371111942,1.05906564268495,-3.98174913920219,6.8409962470284e-05,0.0144171401839081
"HIST1H3A",27.2108153524142,-2.94365104688324,0.797415491860867,-3.69148966495982,0.000222944457369804,0.030429495121659
"HIST1H3B",179.669487177441,-1.47701715336895,0.701331126174604,-2.10601967921388,0.0352026429653035,0.355383857423146
"HIST1H3C",100.375287295197,-1.77454632093339,0.827858051954809,-2.14353936250686,0.032069813890037,0.34715573535965
"HIST1H3F",113.245614589061,-3.85401670911531,0.863701237556595,-4.46221047455982,8.11184899791653e-06,0.00344026905104515
"HIST1H3J",15.4292752419398,-1.22855874569117,0.466651757072547,-2.63270999641855,0.00847066401359869,0.213962641362526
"HIST1H4B",84.6743291737509,-2.30491447354959,0.516090067534894,-4.466108957607,7.96550533345379e-06,0.00344026905104515
"HIST1H4C",107.882145146896,-2.42152275308325,0.707724760757034,-3.42156002920261,0.000622629785921997,0.061561907258445
"HIST1H4D",71.3579826268515,-2.49159538143487,0.878055533229432,-2.83762847239394,0.00454500519005829,0.163998937274603
"HIST1H4E",260.600427595592,-2.41751741536223,0.843295510266008,-2.86675001340829,0.00414710450993011,0.157874935801051
"HIST1H4F",5.071128586642,-3.3993765658958,1.71744360146864,-1.97932354983238,0.0477795897944007,0.391343101387312
"HIST1H4H",77.0697731446882,-1.24209678790173,0.629236499865177,-1.97397447250417,0.0483846456756964,0.391907421785754
"HIST1H4L",33.9120325215683,-3.17112586845167,0.834014258064018,-3.80224419161939,0.000143391290775005,0.0228829448757344
"HIST2H3D",30.7941315070436,-2.6939478460153,0.609094706532577,-4.42287187381953,9.73975064613003e-06,0.00382193902698296
"HMGB2",70.6543631451393,-1.77073782831691,0.592370931434427,-2.9892382194195,0.0027967398790313,0.13338681444743
"HMGN2",111.524079273729,-1.06359682806252,0.526933161509186,-2.01846629848894,0.0435427206504247,0.383695398742023
"HMX3",4.75711013759472,-3.33695113242082,1.51101263071314,-2.20842040932901,0.0272149803763013,0.325775508660834
"HNRNPH2",7.85126455097082,-1.05426724889814,0.409402275692805,-2.57513773491872,0.0100200176317991,0.227624244651711
"HOXA10",2.13184953283104,-2.43778637698503,1.06777177458353,-2.28305939060418,0.0224268702171281,0.303685378587733
"HOXA4",3.90181097160404,-3.04255363065454,1.25606702008059,-2.42228605799977,0.0154232043621532,0.266395016747672
"HOXA5",1.66374660526797,-2.29694155532855,1.11534034622336,-2.05940864876465,0.0394551079383414,0.368314752390404
"HOXA9",6.13962275681069,-3.49903023782544,1.27167848255768,-2.75150542044871,0.00593220380621337,0.181684593157613
"HOXD13",2.21362763526639,-1.89790580233305,0.963079163010993,-1.97066438069264,0.0487622773115233,0.392663482074441
"HRASLS",1.26994247388662,-2.08241678741534,0.901610020148314,-2.30966464533389,0.0209067276021936,0.295146706313952
"HRH3",2.26107025012692,-2.46047236344491,1.22500477559541,-2.00854103793107,0.0445858297283792,0.384797562049326
"HSPA1B",37.8894163288084,-2.48364943780257,0.760693627590556,-3.26497994425082,0.00109471827487778,0.0863385516516668
"HTATSF1",14.5584126638577,-1.9546799482529,0.719712140088293,-2.7159191006742,0.0066092065802802,0.193367860430113
"HYLS1",7.18702339174857,-1.01625560940824,0.458865325536677,-2.21471432433831,0.0267796790328738,0.324587287273934
"ICE1",6.69723455328795,-1.0017473296211,0.431844119725174,-2.31969658463478,0.0203572967335151,0.295124833804997
"IFT80",3.85294890694924,-1.1070685408889,0.542154382608091,-2.0419802484363,0.0411534906149488,0.375282775346341
"IGSF9",14.5198296756801,-1.57292114776017,0.644723997354211,-2.4396814050897,0.0147002199677835,0.263700945907796
"IL1B",3.11626946782252,-2.25939289370981,0.932021326745718,-2.42418583016635,0.0153427522276356,0.266103507903896
"INCENP",6.31012879675142,-1.03716923249661,0.44304212654779,-2.34101718628495,0.0192312818223109,0.29054505795262
"INPPL1",31.9192461712919,-1.14945645206587,0.465602393838374,-2.46875116467912,0.0135585464782814,0.25329002326015
"IRAK1BP1",6.88496726059349,-1.29642875484734,0.445824796131833,-2.90793326458221,0.00363825969603415,0.152426211379642
"IRF3",8.04840462307508,-1.02976389331118,0.438392028120364,-2.348956703721,0.018826095768492,0.287215693303303
"IRF6",4.40999735862318,-1.57934033396896,0.690574059532792,-2.28699632163632,0.0221960377966366,0.301824908625157
"ISL1",14.6930549060199,-3.24091767505046,1.21883185744635,-2.65903590823489,0.0078364610403917,0.204154442498337
"JUN",23.6313457623924,-1.19373884114665,0.392792363473803,-3.03910908702345,0.00237278918773038,0.121246121730974
"KALRN",4.45478629042564,-2.57856013414742,0.935593020334561,-2.75607029777258,0.00585004225085049,0.179791952042139
"KAZN",7.82557682390736,-3.84127258219449,1.43149256061653,-2.68340380374739,0.00728769375441347,0.200861543368088
"KCNA1",8.48217049901393,-3.92078983870676,1.44020587364063,-2.7223815084128,0.00648132715548954,0.19163448582266
"KCNJ14",3.05285379619813,-1.61923023812404,0.753892052229316,-2.14782770734332,0.0317274450583023,0.346705939873114
"KCNK1",1.56626374595382,-2.26636171335119,1.06217125954775,-2.13370649316586,0.0328668142235619,0.349456889250861
"KCNMB2",9.07238476053747,-1.81100321741456,0.832373823428899,-2.17570899809688,0.0295770269488751,0.339731400099181
"KCNMB4",1.92985558171797,-2.3625801183408,1.09104586174304,-2.16542695516609,0.03035500364735,0.342468805750021
"KCNRG",23.1478373521746,-1.01228786179479,0.446716927485368,-2.26606112173339,0.0234476412144247,0.311898337637215
"KCNV2",3.70408962101404,-3.11919419810238,0.943566960189216,-3.3057475830617,0.000947233779574328,0.0812884294764908
"KCTD16",6.7506429448461,-3.0059922469686,1.53259591410938,-1.96137300073348,0.0498355271652435,0.397071519425103
"KIAA1211",3.33900841644017,-1.25528157418369,0.630923610100565,-1.98959359594041,0.0466357221862772,0.389797533879706
"KIAA1456",8.3426182684483,-1.69148556433269,0.80597797711667,-2.09867466898273,0.0358455891303641,0.356668719803448
"KIAA1524",5.39697155760306,-1.05697248423891,0.468267396507135,-2.25719854109639,0.0239956715469353,0.314256999308186
"KIF1A",20.8942287889563,-1.66984684850382,0.796034328786317,-2.09770708136391,0.0359310289520874,0.356668719803448
"KIF20A",5.56050975990032,-1.52892055918796,0.592907558247008,-2.57868286197662,0.00991777921169467,0.226844359856557
"KIRREL3",2.87806338311286,-2.84793031951827,1.00549297583753,-2.83237216763854,0.00462040365245481,0.165294611577992
"KIT",8.40242224666467,-1.55444182539548,0.731565918673035,-2.1248144367018,0.0336020997172617,0.352283892335944
"KITLG",6.81588523297263,-3.73271545498735,0.961298204664719,-3.88299430590245,0.000103177985203536,0.0190530288264825
"KLF7",5.26615256754717,-1.18207660414272,0.537583957740594,-2.19886882248283,0.0278872510787723,0.329736545947404
"KLHL9",13.4167731458953,-1.23225350915803,0.557092798161576,-2.21193580894334,0.0269711005724465,0.325329406215838
"KLK11",2.73710119120045,-2.81539561634608,1.21773251111015,-2.31199839920461,0.020777771529642,0.295146706313952
"KLK12",2.01754565077028,-2.5164157893502,1.20860241525893,-2.08208734119655,0.0373344925980882,0.362432948970154
"KPNA2",18.0676691049882,-1.10382253095693,0.394359738484654,-2.79902440142196,0.00512572637907054,0.172502785386478
"KRI1",6.71197011940936,-1.11708049939675,0.495711982880381,-2.25348698029417,0.0242284607363173,0.31444890471225
"KTI12",3.38387027950915,-1.33655311509905,0.64814518066714,-2.06211996164707,0.0391963163302033,0.368125796718604
"L3MBTL4",5.74366254673581,-1.04849203011517,0.52794055871701,-1.9860039407906,0.0470328863391342,0.390126307385183
"LAGE3",3.93747969274018,-1.49632642381471,0.661075521266999,-2.26347274354811,0.0236065629649005,0.312687353534025
"LAMTOR5",6.16044799493387,-1.13688110659407,0.441243493245494,-2.57653908555552,0.00997949222354442,0.227427375410249
"LBR",13.5912164939651,-1.09952894707645,0.520332305219408,-2.11312835287599,0.0345897835275101,0.353700253872104
"LBX2",2.41554122349296,-2.02645045016873,0.879868094177305,-2.30312982545811,0.0212715396531342,0.296287401430854
"LCA5",3.48236279946397,-2.30839909161682,0.900437448605273,-2.56364181120233,0.0103580377389192,0.231541494129279
"LENEP",2.2253383815377,-1.94720522212697,0.928211788863128,-2.09780272723309,0.0359225755131153,0.356668719803448
"LGR4",5.2697188872414,-1.7593777377788,0.707382484603932,-2.48716610330532,0.0128765262790052,0.251072267834578
"LIFR",5.61119834709864,-1.84268428269647,0.845757382079457,-2.17873863325423,0.029351090041999,0.338784974410634
"LINC00094",7.72699419249845,-1.03107047775504,0.487542895997819,-2.11483027692326,0.0344444153794792,0.353700253872104
"LINGO2",2.79108911819197,-2.69261666853714,1.1058500303939,-2.43488411134559,0.0148965598003654,0.264577229721624
"LMO3",25.1954197063171,-4.35059839654344,1.1725778251276,-3.71028540990018,0.000207025717261928,0.0285672739742641
"LRIG3",6.39079982191491,-2.37121626511768,0.865879615804454,-2.73850570199031,0.00617190901599667,0.185408281133661
"LRRC58",11.7893071874742,-1.46101339833148,0.461884911358482,-3.16315463528435,0.00156069408074847,0.100106242155303
"LRRC59",4.43525739880736,-1.04065250920334,0.503844404343325,-2.06542436560281,0.0388828651107083,0.366555658554928
"LRRTM2",6.22661732811219,-1.0748430087841,0.516845788037095,-2.07962033098151,0.0375603706827698,0.362432948970154
"LSM14B",10.686613252247,-1.00851681610687,0.34919208095622,-2.88814343482583,0.00387523114662285,0.153151496625655
"LXN",4.94648228143627,-1.40828102028573,0.655352569008335,-2.14889066875363,0.0316430676837035,0.346705939873114
"LYRM2",4.63766395806103,-1.91350397787124,0.756304087430895,-2.53007224167102,0.011403904383184,0.239462921972644
"LZTS1",2.82113369756767,-2.16398492420427,0.915385144266656,-2.36401577823061,0.0180780426332186,0.280947996714512
"MAGEH1",5.39756760645902,-3.49168882847479,1.02486771590631,-3.40696538127073,0.000656894582182711,0.0628881281419067
"MAK16",5.32226855113262,-1.02773417114747,0.503859896671364,-2.03972210913582,0.0413780115573871,0.376237285391824
"MAN1C1",5.47027632264656,-2.02392912928944,1.0164964992651,-1.99108322630987,0.04647173820962,0.389549810879973
"MAP1LC3A",4.70204102490201,-1.3388214705632,0.548459940787002,-2.44105607538461,0.0146443806389346,0.263575052118818
"MAPK4",3.50352137393166,-2.38001641760976,0.901674212875774,-2.63955249426398,0.00830155654734495,0.211875295863843
"MAPRE1",8.03314555827714,-1.45845830665416,0.506185061486028,-2.8812748886198,0.00396070045228612,0.153976828419061
"MARCKS",51.6894580817158,-1.04202582092826,0.401843181313655,-2.59311559679027,0.00951107964443871,0.221578157876098
"MARVELD3",2.16769527956769,-1.90087902981522,0.880937430015111,-2.15779119498034,0.0309440697766395,0.345084088974478
"MBD1",10.518373280329,-1.23755719954921,0.42852996490483,-2.88791286701282,0.00387807284070494,0.153151496625655
"MBIP",11.2993120093163,-1.70309247188644,0.801100317672329,-2.12594157600003,0.0335081244995713,0.352283892335944
"MED12L",2.00239667040553,-2.39040818820617,0.893105957261075,-2.67651130167907,0.00743930567248231,0.201723290307796
"MED19",4.47227731732187,-1.55244180434785,0.731410557970362,-2.12253130260496,0.0337931469258677,0.35298591613313
"MED22",4.9242105789819,-1.15994233331833,0.497289606491453,-2.33252880851888,0.019672889200671,0.291747193558771
"METTL18",3.14637095675235,-1.65128737600679,0.78738435255357,-2.09718083760681,0.035977570137432,0.35684861628415
"METTL7A",5.55914868363966,-1.31198493839384,0.559154943689217,-2.34637098929604,0.018957227743401,0.287830607797088
"MEX3C",5.16194108133797,-1.02433693520444,0.477829357458179,-2.14372959554729,0.0320545593965873,0.34715573535965
"MGST1",10.211487635303,-3.4351247382285,1.07572324686121,-3.19331644849328,0.00140648721993895,0.0985178162421056
"MIA",2.14393058098604,-1.84791078053338,0.882490711288032,-2.09397193295811,0.0362624805634269,0.358548276596989
"MID1",3.48384062003313,-1.74994644104475,0.890105031799665,-1.96599994217155,0.0492986172911434,0.394744140285541
"MIEN1",8.92121425673013,-1.43278139582744,0.537268427395723,-2.66678874612547,0.00765797915642826,0.202237204145299
"MKI67",26.8123632140949,-1.0354250063434,0.51638115998841,-2.00515643592931,0.0449463256946281,0.384797562049326
"MMGT1",4.90246643669341,-1.65810277573826,0.633419156664888,-2.61770228811612,0.0088524001119401,0.217959976873788
"MOCS3",2.91256272609768,-2.1654720273824,0.87369580004231,-2.47851944266819,0.0131928920634605,0.252652217107517
"MPDZ",5.0674054071583,-1.3967610125818,0.585942365292314,-2.38378566787023,0.0171355791761023,0.278253029680257
"MPHOSPH6",5.21126427557715,-1.02428302632937,0.454218964375794,-2.2550424061157,0.0241306671463497,0.31444890471225
"MRPL16",4.97701605665095,-1.40732805797175,0.705835894028899,-1.99384597734006,0.0461688892465606,0.388047350916373
"MRPL18",5.30355968573101,-1.18480275039277,0.506862818927466,-2.33752152683016,0.019412082950004,0.291575987563637
"MRPL36",3.167971199141,-1.65759933527339,0.811368722062542,-2.04296676738991,0.0410557279945994,0.375282775346341
"MRPL38",5.86682627575291,-1.02356085287972,0.449635822108009,-2.27642194538905,0.0228207674350224,0.305501467677587
"MRPS12",2.68990446262096,-1.51254619732545,0.768620365225134,-1.96787161225218,0.0490828118442895,0.3938229190599
"MRPS17",4.29038618742942,-1.21965583936612,0.543634620393433,-2.24352127994248,0.0248632191846991,0.315334392330826
"MTCL1",8.58807564604843,-1.90962330193903,0.610992122885564,-3.12544667993484,0.00177535251779147,0.108958285825819
"MTMR11",2.06071535695571,-2.4885265545062,0.977350955248909,-2.5461954491797,0.0108904193628833,0.234967346975473
"MTRNR2L4",3.00961092446393,-2.07998345146975,0.967777584386528,-2.1492370613112,0.0316156128125199,0.346705939873114
"MTURN",11.9930716338162,-2.08521972534406,0.613097730334782,-3.4011212603991,0.000671100515331328,0.0628881281419067
"MYBL1",4.94296843820912,-1.32361209643215,0.633810492073229,-2.08834046293955,0.0367671339214369,0.35984793503623
"MYO3A",4.19142878261105,-3.19307815192199,0.954912799145707,-3.34384265744329,0.000826265850070437,0.0741101448523891
"NAA10",6.02683366713034,-1.57511209346274,0.586374666463828,-2.68618714884386,0.00722725950231287,0.200337080729675
"NAA50",17.2572109821706,-1.20351185155611,0.399225940674103,-3.01461335283963,0.00257307041951543,0.128111228064803
"NADK2",4.22835086631235,-1.5048814875794,0.758238607739752,-1.98470701995159,0.0471770773392424,0.390766860256508
"NARS2",3.54983904217498,-1.37688326356159,0.682496834296736,-2.01742073277214,0.0436516254546452,0.383770295005272
"NCAM1",10.8588443015439,-2.20360841649594,0.739652382419024,-2.97924872396011,0.00288956119718463,0.134885576033634
"NCAPG",12.0503543564277,-1.08766075575789,0.38248933889269,-2.84363678973819,0.00446018594864533,0.162990228493826
"NCAPH",3.38114786523498,-1.25647644214065,0.624174974246097,-2.01301957621462,0.0441125699437967,0.383770295005272
"NCAPH2",7.00183607845964,-1.1077004244959,0.428571330083279,-2.58463491778755,0.00974821568405077,0.224191106858288
"NDC1",3.88267453047633,-1.15649308344648,0.550146081194159,-2.10215635988203,0.0355395811903643,0.356668719803448
"NDUFB11",6.64939071473753,-1.14894064781877,0.465987466801658,-2.46560418395932,0.0136782390650212,0.253329864217508
"NDUFB7",5.34386922280372,-1.21280716736713,0.482799861167238,-2.51202882377595,0.0120039283742644,0.245342210470608
"NDUFS8",5.7240777549174,-1.10306753034744,0.462518254604437,-2.38491674515816,0.0170829868946358,0.278253029680257
"NELL1",2.72968252891238,-2.78104307249292,1.10686373617662,-2.5125433073626,0.0119864392062003,0.245342210470608
"NFIB",20.1767514006108,-3.52913848707164,0.932094720231178,-3.78624447759595,0.00015294120929199,0.0237096637664139
"NHS",4.7573643298018,-2.64864263871333,1.01663927211353,-2.60529246839636,0.00917958652038415,0.221196917375555
"NLGN1",3.61308146551497,-3.03592149454145,1.26173076866058,-2.4061563448788,0.0161213637101261,0.27282474947177
"NNAT",5.65868521452751,-2.21675063655044,0.825171108562902,-2.68641329482691,0.00722236904923517,0.200337080729675
"NOP10",4.66448238919076,-1.26959133160092,0.56817448033105,-2.23450960145409,0.0254495615030766,0.316662553323339
"NPNT",2.17350671498282,-2.55341417652563,0.938015993431507,-2.72214353956224,0.0064859963745027,0.19163448582266
"NR2F1",11.5625484413899,-3.52068885736402,1.54015032835047,-2.28593845195277,0.0222578595143128,0.30215345072565
"NRAS",8.76787577204122,-1.56912702813891,0.477786449342103,-3.28415975442492,0.00102286923348459,0.0850607216216291
"NRIP1",4.66468772996242,-1.64173415373603,0.720119233409498,-2.27980878383573,0.0226190318214867,0.304676372510662
"NRTN",2.07970902245134,-1.87239257618087,0.933783603388138,-2.00516754565736,0.044945138381988,0.384797562049326
"NRXN3",4.13196521912578,-2.5125481915291,1.17022035668502,-2.14707270914908,0.0317874935777084,0.346705939873114
"NT5C",8.5563295398768,-1.03593806943287,0.483055440415106,-2.14455315634713,0.0319885910515117,0.34715573535965
"NT5DC4",1.92133413037111,-1.77792527392877,0.873719016793273,-2.03489364401627,0.0418615756817493,0.377047512596406
"NTAN1",2.69053651102968,-2.06312784854189,0.86508047090252,-2.38489703320834,0.0170839022373379,0.278253029680257
"NTF3",2.90947062919863,-2.86458288672978,0.903041632818427,-3.17214930366976,0.00151315192152292,0.0994798360134204
"NUDT17",6.73619042277613,-1.70738610042445,0.563104434317545,-3.03209493012378,0.00242862812965483,0.123258890745124
"NUF2",5.35802909047577,-1.06199060513012,0.467382631516659,-2.2722081085554,0.0230739437610956,0.307905963664269
"NXT2",1.49793157873921,-2.19589209915753,0.92589123531922,-2.37165232307276,0.0177087455849046,0.280026825743739
"OPA1",7.43127839849393,-1.36843473687888,0.460027389499244,-2.97468100403428,0.00293293367199085,0.135816720944004
"OPN1SW",2.69738834178548,-1.51523657726027,0.76519065661577,-1.98020789218958,0.0476801734175628,0.391343101387312
"OR2A7",4.96048951833559,-3.34903562085903,1.50461623653282,-2.22584041002803,0.0260248729936492,0.320072801352843
"OR2B2",7.54770556912045,-2.14704436337298,0.962238287871958,-2.2313021529431,0.0256611211699067,0.317325127409083
"OST4",14.4727159938179,-1.1593378819956,0.505557108362392,-2.29318876704343,0.0218371395748135,0.299354761616739
"OXCT1",4.83592592942071,-1.68490825914945,0.659507924366847,-2.5547960788599,0.0106250024113695,0.232413414065449
"P2RY12",1.46406623490195,-2.17517947736517,0.939918063195689,-2.31422244399648,0.0206555234489801,0.295146706313952
"P2RY13",1.54477367082444,-2.25037167651008,1.00381729888248,-2.24181400242391,0.0249733958745735,0.315334392330826
"P2RY14",3.66891706568564,-2.39243883460903,0.904989551784494,-2.64360934321455,0.00820272669559688,0.209779305736477
"PAIP1",8.79618641658616,-1.00862464480816,0.495775472107226,-2.03443837292138,0.04190741622145,0.377047512596406
"PAK3",2.13377124995209,-2.50670064622495,1.01410445135913,-2.47183674508617,0.0134420886036155,0.253061928928936
"PAPD7",12.7952233689032,-1.00563967293489,0.399181327341846,-2.51925529591141,0.0117603353247839,0.244090133344317
"PAQR4",14.7187032229135,-1.09201161917756,0.402750275975288,-2.71138639578377,0.00670024964402799,0.193413873057608
"PARP2",5.35714145980894,-1.06733040954064,0.539532966749637,-1.97824873607014,0.0479006531694291,0.391343101387312
"PATE2",3.21214000166642,-2.19039242214991,1.10995396279437,-1.97340835347394,0.0484490566576641,0.391907421785754
"PATE4",5.92939071464561,-2.30234795846726,0.976047123371931,-2.35884918190567,0.0183317043252294,0.283138021170856
"PBX1",11.5170792434774,-1.43818522081254,0.628836146932258,-2.28705876376325,0.0221923933617472,0.301824908625157
"PCID2",6.10190792093268,-1.64451072781963,0.555445798280601,-2.96070423596733,0.00306936539016203,0.138952842925816
"PCP2",3.31218870846109,-2.16933371862198,0.892831960151206,-2.42972229427651,0.0151103956390213,0.265278635288147
"PDCD5",11.6329566855198,-1.1038426329018,0.44423941285127,-2.48479221106697,0.0129627072897481,0.251192462094702
"PDRG1",3.41905152606671,-1.74692975380788,0.743463403757759,-2.34971855370178,0.018787610914138,0.287215693303303
"PDZRN3",7.91702162152282,-3.88004332926286,0.9860895197814,-3.93477798052554,8.3273638254769e-05,0.0163385480557052
"PEX2",5.84954966842631,-1.17507188898853,0.462431376332137,-2.54107300916482,0.0110512840006002,0.23626922484027
"PFDN4",2.23796964229563,-1.9029172272777,0.920987656332633,-2.06617017523894,0.0388124139347687,0.366441715623226
"PGRMC1",11.3211184459514,-1.43319156182864,0.559357049099368,-2.56221239034396,0.010400769228381,0.231564643973015
"PHB",3.40278976871113,-1.73652786649353,0.774362121010676,-2.24252687389597,0.0249273404415672,0.315334392330826
"PHF10",14.1718642694837,-1.06199807758898,0.409811492918801,-2.59143068444741,0.00955777936241278,0.222103776996164
"PHGDH",1.28455381532792,-2.04743656785475,0.965558936170134,-2.12046773237464,0.033966619940203,0.353649670174239
"PIANP",5.7150093911028,-2.72405216326793,1.29774819262347,-2.09906064886217,0.0358115547505076,0.356668719803448
"PIAS2",7.8321180915121,-1.00704831255825,0.429051689857305,-2.34714915793287,0.0189176799224331,0.287830607797088
"PIGY",20.9027467693597,-1.70862898200544,0.734100297772092,-2.32751435626838,0.0199379058025397,0.29238364482508
"PIK3R4",4.36009313147102,-1.24305994165275,0.561547000761071,-2.21363472686706,0.0268539164250415,0.325173219430325
"PLEKHA5",6.96876766910692,-1.04092267196443,0.474877219403883,-2.19198274718486,0.0283807524240699,0.331707446839803
"PLEKHH2",2.51395420343386,-2.7258608873062,0.972310865592736,-2.80348701610413,0.00505532677206526,0.172502785386478
"PLEKHH3",5.14094600893169,-1.09595210325104,0.544625400107624,-2.0123044261881,0.044187856147089,0.383770295005272
"PLK1",5.09705118321196,-1.18237038942416,0.501894498211581,-2.35581460573355,0.0184821392525435,0.284228754561299
"PLOD2",3.72762519272057,-2.45373739453762,0.91786996974027,-2.6732952111201,0.00751101202722229,0.202036892587867
"PLS3",2.43507901669847,-2.65643817255484,1.11609113885972,-2.38012656857831,0.017306692505352,0.279331796644865
"PLSCR4",2.04487972025588,-2.51707791609211,0.927270288033998,-2.714502932504,0.00663753126791697,0.193367860430113
"PLXNA1",5.68385945012906,-1.53506638362769,0.66261169513896,-2.31669074797384,0.0205205839293269,0.295146706313952
"PMAIP1",8.98434413144611,-2.31225522830207,0.786606529643315,-2.93953220722761,0.00328708105991431,0.144812151961239
"PMCH",8.95094920233294,-2.31665253837875,0.745050924158246,-3.10938818174891,0.0018747523148548,0.111043701969961
"PNRC2",31.8253424176322,-1.12055805622061,0.441851476097343,-2.53605140378379,0.0112110276418545,0.23671782980772
"PODXL2",5.02973438078271,-1.26058216281876,0.54721334726966,-2.30363928275595,0.0212429007933546,0.296287401430854
"POLD3",3.78275954944721,-1.10733217241633,0.545623501811462,-2.02948034448663,0.0424093889949076,0.379028254526017
"POLR2I",8.30353806744377,-1.53032243859863,0.589144868060431,-2.59753164554708,0.00938964677593227,0.221196917375555
"POU3F2",11.1458242975731,-2.34946643683978,0.941297645151798,-2.49598673590742,0.0125607298250156,0.24931094398336
"PPM1H",3.44370230780938,-3.03032527307258,1.01663010042418,-2.98075501778691,0.00287538716869189,0.134724763721135
"PRELID2",1.51088413066683,-2.15778746951649,1.00492173851455,-2.1472194170126,0.0317758175966705,0.346705939873114
"PRR34",4.6514905189359,-2.57406659565179,0.884946107196006,-2.90872695491914,0.00362903660521912,0.152426211379642
"PRSS37",1.3346470556563,-2.11495841708658,1.06335774236613,-1.9889434503768,0.046707445105621,0.389797533879706
"PSIP1",25.4756691382445,-1.14975807460568,0.428517435182852,-2.68310687082095,0.00729416769736787,0.200861543368088
"PSMD2",15.7923911468655,-1.25508392208953,0.526687905029422,-2.38297464229678,0.0171733772399617,0.278253029680257
"PTAR1",11.0961038716507,-1.28157401587748,0.449757416111715,-2.84947834091779,0.00437909872475139,0.162043841821983
"PTOV1",19.6255873250158,-1.15894870226602,0.379332096254851,-3.0552350136156,0.00224884228524441,0.119676865825314
"PTPRG",3.51391060528265,-2.33678406518975,1.03826209941819,-2.25066875358275,0.0244065252241533,0.314653734332333
"PTPRT",2.96379595544387,-2.88568259542412,1.27525178979312,-2.2628335976633,0.0236459489604712,0.312879010639238
"PTTG1",9.75228322121697,-1.39364581923968,0.494363251874303,-2.81907244107624,0.00481626472777364,0.170364853787057
"PUS3",6.62781158546174,-1.48533031970229,0.59268836766688,-2.50608987915403,0.0122074584402703,0.247240412313668
"PXYLP1",3.41908790689396,-1.72849435610089,0.808324965856827,-2.13836566864996,0.0324870765897183,0.347908613130974
"PYGO1",2.00597208107557,-1.80199414939526,0.893519546505701,-2.01673724591963,0.0437229408553601,0.383770295005272
"PYURF",7.43814972577413,-1.38551294484458,0.60018079426654,-2.30849263768556,0.0209717518539946,0.295146706313952
"RAB34",4.06241103082036,-3.24337347250784,0.888915602084102,-3.64868550501713,0.000263585540316396,0.0337739145893162
"RAB3B",6.11468716546515,-1.62399815236542,0.720773617773323,-2.25313206854382,0.0242508230234615,0.31444890471225
"RAB42",1.45313835851323,-2.12820318470481,0.945315612286456,-2.25131496512289,0.0243655956267436,0.31444890471225
"RABL2A",6.10541134483308,-1.59851495295465,0.727372281827896,-2.19765722847942,0.0279735416940624,0.330135115650697
"RAC3",4.11317885043277,-1.13839170754658,0.563021403867322,-2.02193326883688,0.0431832462375076,0.382946343929649
"RAD1",9.374025970594,-1.85366928711539,0.515270715704427,-3.59746678904747,0.000321331509404982,0.0391743666368773
"RAD51AP1",8.24649228111552,-1.07161668457712,0.389850303752918,-2.74879017474435,0.00598156635111995,0.182307108424789
"RAI14",2.08405054221532,-1.8742241785454,0.931191276172557,-2.01271664211563,0.0441444475872953,0.383770295005272
"RALYL",11.4438539564241,-2.97829259291846,1.2019321649839,-2.47792070108912,0.0132150512343461,0.252652217107517
"RANBP6",14.2534011587168,-1.10660476078319,0.42361553139556,-2.61228561931519,0.00899390798969603,0.219720822230765
"RASD1",4.40114563919645,-2.57193017951838,1.10051984877459,-2.33701389609844,0.0194384615426064,0.291623371075877
"RASEF",4.63414622013412,-2.63617890430855,0.889452176674434,-2.96382309632986,0.0030384290444178,0.138740194584561
"RBM12B",27.1900298181779,-1.10756273539099,0.520251369807655,-2.12889922000681,0.0332625993352495,0.351581195162229
"RCBTB2",2.45633020729199,-2.70299578672338,1.0891338914651,-2.48178466201922,0.0130726248487625,0.252564505371328
"REEP4",2.48765972136657,-1.96794903456647,0.865071567975685,-2.27489736967264,0.0229120871814733,0.306397314949692
"RELL2",3.16444755593101,-2.25175332299157,0.941044971422721,-2.39282222568732,0.016719339853407,0.276912981732898
"RFXAP",6.39035266599962,-1.28052266596961,0.586969993452807,-2.1815811374565,0.0291404602500364,0.338185544694738
"RGS16",6.65399517810998,-2.00777094179803,0.831572359679481,-2.41442722142893,0.0157599711145339,0.269563134252399
"RIPPLY3",12.5321733643292,-1.65113046428921,0.699886484447209,-2.35914037630449,0.0183173252856582,0.283138021170856
"RNF113A",3.53411891725953,-2.37658424430633,1.00216127142974,-2.37145887798654,0.0177180181898791,0.280026825743739
"RNF113B",4.38395406721441,-1.99785694411626,0.769861775786416,-2.59508525679878,0.00945674580191625,0.221196917375555
"RNF139",8.17753145828133,-1.50115020833646,0.749276113283095,-2.00346732229176,0.0451271516773154,0.384960355714708
"RNF181",4.38616769525963,-1.29329268277355,0.597401958244909,-2.16486180690314,0.0303982698465008,0.342649079409794
"RNF6",1.07664289213981,-1.92652031896122,0.951672889515507,-2.02435137134358,0.0429340114433169,0.38208531657954
"ROMO1",6.13534052436649,-2.34296772519027,0.811887869483087,-2.88582674191449,0.00390387001461271,0.153260180144648
"RPL22L1",6.39596968717897,-1.51164303393897,0.728967950662221,-2.07367557457875,0.0381094511482959,0.36392259629799
"RPL37",36.4396993778118,-1.14108924286774,0.56742929678929,-2.01098048571763,0.0443275179711672,0.383770295005272
"RPL39",16.608133729018,-1.3894011612009,0.654596846827029,-2.12252956600023,0.0337932925935827,0.35298591613313
"RPP25L",1.92629695614729,-1.80271593545892,0.901274385975291,-2.00018547460234,0.0454802397045939,0.385875249980125
"RPS19BP1",5.77912755303587,-1.84200768915664,0.701653206653422,-2.62523946543651,0.00865880463761688,0.216160258120388
"RRAGD",4.14116170786756,-1.3414519377394,0.628465807113316,-2.13448674940804,0.0328029571778435,0.3493424474307
"RRS1",5.48198291467924,-1.29352829424544,0.650761930309197,-1.98771353086196,0.0468433815901805,0.389802745280249
"RSPH4A",1.1494086145139,-1.93657763049032,0.927483808222019,-2.08799076956689,0.0367986673288431,0.359876063589005
"SAFB2",8.92389374656596,-1.05696553309207,0.449526129626936,-2.35128830880031,0.0187085316399744,0.286841308672965
"SALL1",1.8076332769909,-2.35770712565862,0.94610725819981,-2.49200828471045,0.0127023074531406,0.250567094126069
"SAP18",7.68479558534737,-1.28885721955456,0.521056177908456,-2.47354752558178,0.0133779009392431,0.253061928928936
"SCN8A",3.82529213260541,-1.10833071105761,0.55828207802365,-1.98525217750345,0.0471164217662476,0.390522051563545
"SCNN1A",19.1116330006616,-1.2570545549491,0.62765750467138,-2.00277148857998,0.0452018214786027,0.385271559951846
"SCPEP1",6.17534435128502,-1.31990038020328,0.640963384640174,-2.05924458687176,0.0394708138839817,0.368314752390404
"SDCBP",4.58177257956305,-1.08530742508229,0.516397643871524,-2.10168934340125,0.035580497689727,0.356668719803448
"SDHA",8.82578706801031,-1.13294394935686,0.563093133297609,-2.01200100367423,0.0442198311888762,0.383770295005272
"SDK2",3.16392319511141,-2.21117949979365,1.04855817699784,-2.10878094158261,0.0349634944072703,0.35492045211972
"SEC62",8.32781959089443,-1.15235527443133,0.550448351359494,-2.09348483211049,0.0363058966743579,0.358688548025108
"SEMA6D",3.24953157136487,-2.94162648457593,1.01390783240837,-2.9012760238656,0.00371646353057008,0.152426211379642
"SERINC1",7.41028535270851,-1.22786222778957,0.437980220817365,-2.80346501834743,0.00505567164136939,0.172502785386478
"SETBP1",9.13461651410296,-1.52065505094784,0.584836720098976,-2.60013606992818,0.00931868023394713,0.221196917375555
"SEZ6",7.01284043365834,-1.47616562648389,0.70272430643309,-2.10063265632102,0.0356732250826219,0.356668719803448
"SEZ6L",13.8457900555666,-2.3905406443047,0.933456225239521,-2.56095634660457,0.0104384471370341,0.231992178229622
"SH3BP4",7.20816877966419,-1.16204976225211,0.580283359288395,-2.00255572325414,0.0452249963660923,0.385271559951846
"SH3GL2",5.84372141309909,-1.47999722549331,0.686952137441949,-2.15444009098579,0.0312056754071926,0.346156948841093
"SHISA2",2.89535426643223,-2.14182428958388,1.08268931000623,-1.97824460793056,0.0479011186455601,0.391343101387312
"SIX4",4.68576369793952,-2.06409061014185,0.895259329727501,-2.30557844146691,0.021134199050998,0.295855225733982
"SKP2",11.6841958103402,-1.88217002008304,0.586589888112774,-3.2086642784425,0.00133353103067316,0.0956865665837877
"SLC10A5",3.59951039504098,-1.38819927995754,0.702123590842022,-1.97714376509233,0.048025381986212,0.391811496055695
"SLC19A2",6.25127751483575,-1.00089270503046,0.473224019913591,-2.11505051077759,0.0344256425201206,0.353700253872104
"SLC24A3",2.13241065028416,-2.49834124152032,1.24699797636167,-2.00348459971816,0.0451252989634808,0.384960355714708
"SLC25A36",12.8635338631564,-1.1910565347464,0.443766502263496,-2.68397125215906,0.00727533617988269,0.200861543368088
"SLC35F3",4.05388939948904,-3.15605616970912,1.41720541054831,-2.22695746588213,0.0259501166151956,0.319466288565697
"SLC36A4",12.3533683904736,-1.93094031963312,0.620826601599408,-3.11027316590256,0.0018691439721393,0.111043701969961
"SLC39A6",7.55358747458468,-1.13618456508276,0.460253314153944,-2.468607026049,0.0135640083741568,0.25329002326015
"SLC45A2",2.536061183575,-2.71774160232016,1.13422919807897,-2.39611324318151,0.0165699700724966,0.275588230728926
"SLFN13",19.6739738873162,-1.902920337285,0.824880011289585,-2.30690562414047,0.0210600819349607,0.295146706313952
"SLIT2",3.04261490353536,-2.21645454952223,1.04259407859449,-2.12590364268153,0.0335112835295734,0.352283892335944
"SMAD9",8.86769418001142,-3.29730304525685,1.04838055671686,-3.14513944781919,0.00166007680540146,0.103709375350379
"SMC4",26.504155186064,-1.57831260306479,0.496922784446693,-3.17617274245573,0.00149232059568123,0.0994798360134204
"SMC5",9.24966742551502,-1.07777962392452,0.386741013944595,-2.78682525272306,0.00532271731544752,0.172502785386478
"SMDT1",4.99555835255171,-1.18246589991934,0.516820750145026,-2.28796134750303,0.022139772158816,0.301824908625157
"SNX19",6.03381817652349,-1.01774976389586,0.42967925806953,-2.36862670185296,0.0178542638287011,0.280026825743739
"SORL1",2.90498639536302,-2.14065656450182,0.88217732705715,-2.42656039647133,0.0152427129868978,0.266101775570685
"SORT1",6.19074822672848,-1.05269718800356,0.442886791284071,-2.37689903767836,0.017458866077006,0.280026825743739
"SOX2",44.788099989775,-2.72498483808357,0.566780312931583,-4.80783255153836,1.52575478166193e-06,0.00147376175333299
"SOX4",108.586733135129,-1.26744230099605,0.563254158125713,-2.25021383812522,0.0244353742799213,0.314702558803048
"SOX6",3.42671254439131,-2.32320424817801,1.09660625449738,-2.11854003079968,0.0341293584233431,0.353700253872104
"SPICE1",4.67415000695932,-1.32012036372394,0.543256644340306,-2.43001236612026,0.0150983076819604,0.265278635288147
"SPSB4",2.29779295510985,-2.54236369021019,1.04322462934802,-2.43702422152271,0.0148086873944294,0.264577229721624
"SRCIN1",5.70271832015091,-1.26135246881043,0.637529455677655,-1.97850069134404,0.0478722506745731,0.391343101387312
"SRRD",3.90419955057328,-1.16286053552151,0.575737922139135,-2.0197740860997,0.0434068262885625,0.383574607815256
"SRSF10",38.7341052308671,-1.29660542824549,0.460402224158639,-2.81624492717203,0.00485886087695083,0.170426581094613
"SSNA1",5.87081024243649,-2.28763153420663,0.789113136393678,-2.89899056130446,0.00374366163877103,0.152426211379642
"ST8SIA5",4.8463585476007,-3.34453975208221,1.07784762364553,-3.10298012326661,0.00191582507226059,0.111893095034308
"STAC3",8.25256871788868,-2.19808029582764,0.673168852151025,-3.2652733245217,0.00109358495379556,0.0863385516516668
"STK39",7.59973004515861,-1.57156616842011,0.547297515243699,-2.87150247287406,0.0040852558582443,0.156876323584017
"STXBP5",7.68013930859789,-1.85280085995474,0.810206338684797,-2.28682592506297,0.0222059856413321,0.301824908625157
"SUMO4",6.96098297733554,-2.04252186249256,0.76558936286584,-2.66790783880116,0.00763251914518429,0.202237204145299
"SURF1",5.20503668854357,-1.20921781891292,0.598367301592818,-2.02086212881963,0.0432940392007249,0.383117160143413
"SYNCRIP",23.2088859880326,-1.04000273659982,0.366013111232323,-2.8414357428297,0.00449109015360865,0.162990228493826
"SYNM",1.97404413801333,-1.7714135022081,0.895855892959449,-1.97734202133365,0.0480029828081427,0.391811496055695
"TACC3",7.45181123523674,-1.20041749926766,0.442507971908296,-2.71275903593537,0.00667256075483664,0.193367860430113
"TAGLN",3.31677297100404,-1.66106329386148,0.773017555046393,-2.14880410285352,0.0316499320387015,0.346705939873114
"TAGLN3",8.21188776277875,-1.69944311820813,0.790807973128059,-2.14899593321745,0.0316347223221649,0.346705939873114
"TARBP2",3.63033196721456,-1.37731866712318,0.622421924441965,-2.21283764764235,0.0269088407109931,0.325329406215838
"TARS",8.4069981776315,-1.03727977884582,0.492543326222531,-2.10596656907533,0.0352072564015603,0.355383857423146
"TAS2R3",6.46873344018766,-1.47357193712581,0.620213649860433,-2.3759102003921,0.0175057225505261,0.280026825743739
"TAS2R4",6.07622289911372,-1.40572675453235,0.571599629919739,-2.45928562747624,0.013921381073661,0.255945508260559
"TAS2R42",1.25996375686871,-2.01376429001606,1.00015339975752,-2.01345542644188,0.0440667396769051,0.383770295005272
"TAS2R5",4.04304948157779,-2.54665170357975,0.91065747012355,-2.79649790083448,0.00516597465589418,0.172502785386478
"TAS2R50",7.77053258733018,-1.16764849180617,0.579632522765333,-2.01446338144642,0.0439609057280455,0.383770295005272
"TBC1D4",2.10564948780074,-1.8555577065991,0.908524725160715,-2.04238547968065,0.0411133089369006,0.375282775346341
"TBCB",5.48627301301054,-1.06256290981725,0.459591506711746,-2.31197246750622,0.0207792006175611,0.295146706313952
"TCEA3",3.35647657867212,-2.15892914195817,0.94163040085055,-2.29275641483969,0.0218620325980181,0.299369185750614
"TCP1",21.3858543451815,-1.23627391765108,0.417464400501444,-2.96138764447007,0.00306256210879407,0.138952842925816
"TEX30",4.53671781712942,-2.06272109209365,0.814697840655639,-2.53188481564361,0.0113451252784857,0.238627702046809
"THYN1",5.03093026559924,-1.38353638192554,0.570550547221783,-2.42491465245715,0.0153119860256265,0.266103507903896
"TIAM1",6.62925955177023,-1.22170215183325,0.514445102672353,-2.37479596070981,0.0175586533458048,0.280026825743739
"TICRR",3.59311782545408,-1.29251038239712,0.623728817664221,-2.07223130596626,0.0382438751872052,0.364057080796016
"TIMM8B",7.17439967193137,-1.78265750925102,0.583362177943055,-3.05583319703157,0.00224436076710316,0.119676865825314
"TIPARP",4.86730794023881,-1.34465111197976,0.610548128647443,-2.20236710078629,0.0276393878459646,0.32866268293729
"TMEM106C",20.9337852513661,-1.59805214065102,0.421538189605318,-3.79100204929773,0.000150040716080652,0.0235507658978094
"TMEM108",5.68855382970706,-2.23586521642425,0.879742229968485,-2.54150038529393,0.0110377824553745,0.23626922484027
"TMEM129",5.17770952461837,-1.16795937271559,0.528859235441555,-2.20845036721432,0.027212894043701,0.325775508660834
"TMEM136",4.97035529877201,-1.68207359739885,0.722239414375723,-2.32896954101123,0.0198606793618572,0.29238364482508
"TMEM171",1.82550502029338,-2.38462623842947,1.17077871291996,-2.03678646708747,0.0416714450382989,0.376840222629133
"TMEM185B",8.57726840212409,-1.03984021755159,0.516647259245571,-2.01266957085963,0.0441494026232104,0.383770295005272
"TMEM200C",1.46166611419805,-1.96888779354605,0.997583114130677,-1.97365789943407,0.0484206553479316,0.391907421785754
"TMEM203",6.79677023566535,-1.17029574436325,0.529617159240526,-2.20970133603953,0.0271258969744352,0.325329406215838
"TMEM81",4.47577666960376,-1.31693630646252,0.555795977860921,-2.36945994379265,0.0178140846189339,0.280026825743739
"TMEM98",2.78821434044998,-2.07643080458583,0.899518938462153,-2.30837919670236,0.020978055027185,0.295146706313952
"TMSB15A",5.76140568340219,-1.57252459508442,0.693224291182948,-2.26842107970711,0.0233035541697472,0.310310423870112
"TMSB4X",85.8836188771345,-1.3202222089371,0.628858416587137,-2.09939498957817,0.0357820960138874,0.356668719803448
"TMTC3",5.22659154337165,-1.23523534898766,0.491550720008283,-2.51293569250971,0.0119731157959153,0.245342210470608
"TMX1",7.77873540782371,-1.16589416206545,0.510868375677669,-2.28218112056532,0.022478649248874,0.303685378587733
"TOMM22",9.12693276287865,-2.32236583758372,0.675341129667613,-3.4388040881306,0.000584289909723011,0.0591687773902568
"TOP2A",31.8041834437391,-1.30532421494458,0.433512832592558,-3.01103938985678,0.00260355076033515,0.128207007441288
"TOPBP1",10.2496369304144,-1.02407522530268,0.354611519743453,-2.88787918126166,0.00387848816811007,0.153151496625655
"TPGS2",8.90894757616451,-1.28015942505163,0.552652995563316,-2.31638919055668,0.0205370284179949,0.295146706313952
"TRA2B",40.0834410951122,-1.54080299959331,0.46442268287233,-3.31767386998381,0.000907704012767044,0.0791530506133039
"TRIL",2.29157488140801,-2.56612510566995,1.03124947774563,-2.48836499901038,0.0128331949283919,0.250648243745651
"TRIM32",6.71629658160908,-1.5072935056849,0.590118060266793,-2.55422364976162,0.0106424873049003,0.232413414065449
"TRIM36",5.00517144734208,-1.71969558557038,0.734781905731484,-2.34041634960839,0.0192622529177904,0.29054505795262
"TRIM59",2.74607322648173,-1.52110166762575,0.753246936535911,-2.019393101844,0.0434463779526994,0.383654126548556
"TRMT10C",4.93570389944429,-2.11541744423314,0.771077921557177,-2.74345482485233,0.00607964127928141,0.183956760346835
"TRMT11",4.53551468783468,-1.04848574304224,0.488584095184207,-2.14596781470534,0.0318755466121258,0.346846827390349
"TRMT112",15.5576239400673,-1.04066725177602,0.43768978744673,-2.37763658559815,0.0174239886897094,0.280026825743739
"TRPC1",4.57667862766674,-1.99782537949733,0.802166860399358,-2.49053591979942,0.0127550602052656,0.250648243745651
"TRPT1",5.34023344758843,-1.05734014268339,0.488842777614318,-2.16294520672574,0.030545394200104,0.342887586102007
"TSEN15",5.85317057825541,-1.36544849602275,0.577868008361429,-2.36290723186865,0.0181322078308171,0.281441450842484
"TSEN34",4.34551078563684,-1.52163839412787,0.653973449257569,-2.32675867170958,0.0199781131846714,0.29238364482508
"TSEN54",6.20940831173832,-1.05484358814204,0.467017361804168,-2.25868174165303,0.0239031890178332,0.314256999308186
"TSPYL4",11.9259393406127,-1.46661087139164,0.410211798078768,-3.57525277980918,0.000349889668739503,0.0414487223619051
"TTC14",16.4406881648391,-1.09109707527342,0.485229138908663,-2.24862232661342,0.0245365347128244,0.314826104959787
"TTC6",2.88755714054445,-2.13853505629602,0.994058641907327,-2.15131679977426,0.0314512031447486,0.346705939873114
"TTK",5.41307275578816,-1.05641520263497,0.470547833064509,-2.24507505592984,0.0247633146288817,0.31504857324708
"TTLL7",5.77360229828941,-1.14813154110362,0.572045245555391,-2.00706421393104,0.0447428260452205,0.384797562049326
"TUBA1A",77.7014861798973,-1.28626177754656,0.349111740282438,-3.68438419316964,0.000229256227718265,0.0309545209834221
"TUBA1B",174.29617170624,-1.40086644581303,0.600331109425341,-2.33348967564581,0.019622459571111,0.291747193558771
"TUFM",12.1121050782098,-1.22052786211199,0.399494371448398,-3.05518162292717,0.00224924268016039,0.119676865825314
"TUSC1",6.95313502546294,-3.66095238557515,0.93847586590289,-3.9009552814158,9.58138504692799e-05,0.0185097618514269
"U2AF1L4",4.85096540078509,-1.66746803600851,0.663885472709678,-2.51168025894988,0.0120157902113978,0.245342210470608
"UBA5",8.83742846366793,-1.39116605932818,0.474918534215942,-2.92927304179632,0.00339755828758983,0.147623319782926
"UBE2C",15.5281116788977,-2.55836936590431,0.580021245051819,-4.41082009965988,1.02979849984524e-05,0.00391853932198687
"UBL4A",7.23084751265346,-1.78147783561421,0.582430077444196,-3.05869821049017,0.00222300967187458,0.119676865825314
"UBL5",13.9648347614024,-1.44678488673791,0.581284819371952,-2.48894317987022,0.0128123440545705,0.250648243745651
"UMPS",6.81125955433256,-2.00302916194537,0.704926511657211,-2.84147230785299,0.0044905751748918,0.162990228493826
"UQCR10",6.40635682326745,-1.16023198220339,0.482785343792244,-2.4032046480323,0.0162520894741613,0.274297698289037
"USP51",2.6136691335396,-2.04766072680189,0.945366802323097,-2.1659960152716,0.0303114914350736,0.342454546466889
"UTP3",10.2921777025674,-1.75846700877427,0.688119741699277,-2.55546658846297,0.0106045541326312,0.232413414065449
"VAPB",8.65057616150172,-1.01330429480434,0.387754233721741,-2.6132642965067,0.0089681919671035,0.219720822230765
"VCAN",3.39487398166352,-2.32049293030794,1.08289693264315,-2.14285668410201,0.0321246080558781,0.34744935689721
"VLDLR",3.94747240530193,-2.48090431564087,0.930639019398771,-2.66580732585619,0.00768036966312935,0.202237204145299
"VMA21",12.3902761059014,-1.05255894627521,0.457053018971934,-2.30292526815111,0.0212830481875153,0.296287401430854
"VWA1",2.20612291118774,-1.86348317156473,0.945705374901559,-1.97046904989697,0.0487846387185334,0.392663482074441
"WDR5B",7.02099139393802,-2.44982500380432,0.812772598234788,-3.01415796881556,0.00257693591291801,0.128111228064803
"ZBTB10",5.75511635486224,-1.33921792605258,0.545133555026739,-2.4566785766598,0.0140228088491994,0.257057533896931
"ZBTB33",13.1663500765869,-1.46165941999057,0.576283939252139,-2.53635286433179,0.0112013802539935,0.23671782980772
"ZBTB39",5.62440020259389,-1.3243764481028,0.508731725894014,-2.60329045878831,0.00923336908615959,0.221196917375555
"ZBTB6",6.9174706470255,-1.52939267672099,0.511586033813536,-2.98951217514751,0.00279423311383929,0.13338681444743
"ZDHHC21",11.182164250839,-1.09888115759553,0.447195384924258,-2.45727302794425,0.01399962438416,0.257007724257159
"ZDHHC22",1.94712077866606,-2.28398834830128,1.11806235538069,-2.04280945271931,0.0410713044546942,0.375282775346341
"ZFAND1",5.63802734237808,-1.10893901247034,0.458774067132969,-2.4171789382091,0.0156413258355718,0.268485981457794
"ZFAND5",19.531509141614,-1.0301867080062,0.406339030996267,-2.53528858766134,0.0112354723712193,0.23671782980772
"ZFHX4",2.68349044046546,-2.76000787719766,1.03145052404472,-2.67585096217178,0.00745397839474533,0.201723290307796
"ZFPL1",4.58186398969215,-1.07751583421902,0.5244380150905,-2.05461046532464,0.0399166440334261,0.369368680270988
"ZIC2",35.8983016686705,-2.89794969645573,0.999590024420195,-2.89913827234987,0.00374189835230669,0.152426211379642
"ZIC5",15.547392343794,-3.29787821630069,1.18682684536796,-2.77873577697698,0.00545708937869255,0.174800670253788
"ZMAT4",5.05571584098794,-3.40034259555097,1.36208185564862,-2.49643043217232,0.0125450273195561,0.24931094398336
"ZNF184",4.3022756582536,-1.01715941979618,0.513889731487524,-1.97933400391533,0.0477784135459916,0.391343101387312
"ZNF211",4.13986342603389,-1.43354179791341,0.676334613482526,-2.11957479232349,0.0340419201660195,0.353700253872104
"ZNF22",6.39240777045245,-1.10833186997989,0.532133661114531,-2.08280729254853,0.0372687925965647,0.362432948970154
"ZNF24",22.8316649404826,-1.39370622480363,0.439210543866568,-3.17320757496897,0.00150764692115637,0.0994798360134204
"ZNF300",4.01933240513005,-1.89889482682504,0.952745302519916,-1.99307708135916,0.0462530071966011,0.388494321985097
"ZNF436",5.61175359485527,-1.49646738625983,0.599597347543135,-2.49578720184745,0.0125677970487749,0.24931094398336
"ZNF514",5.33234842880518,-1.50226832168223,0.574847479472285,-2.61333375430528,0.00896636937065615,0.219720822230765
"ZNF521",1.68746805596871,-2.31644869718566,1.1558983320244,-2.00402460407459,0.0450674248821671,0.384960355714708
"ZNF558",2.24153464321394,-1.88743660748463,0.864426747873781,-2.18345465607945,0.0290023447114111,0.337518482429276
"ZNF574",13.7812232340561,-1.96647380751404,0.983117188260257,-2.00024354267872,0.0454739720910923,0.385875249980125
"ZNF711",8.49102485524364,-1.73265076846825,0.571989197874411,-3.02916694040204,0.00245229132738621,0.123668362240918
"ZNF749",5.96541215278559,-1.01782294055738,0.463454762937176,-2.19616459243371,0.0280801646912942,0.331082279839043
"ZRANB2",25.7234076765483,-1.37843495529897,0.604876303886905,-2.27887081448094,0.0226747458023749,0.304676372510662
"ZSCAN23",6.0848172099447,-1.9139568162949,0.780703251786849,-2.45158043330074,0.0142230395044655,0.25921437889343
"ZXDA",3.39571735199197,-1.29321159574868,0.658965428687102,-1.96248777166538,0.0497057229088999,0.396519984912033
"ZXDB",4.85427444856977,-1.30229266001044,0.542709609877189,-2.39961230888308,0.0164124442505805,0.27478808327272
"ZXDC",12.7107124917146,-1.32029586674939,0.469790468938433,-2.81039304550561,0.00494810318165325,0.171549081120784
