"","baseMean","log2FoldChange","lfcSE","stat","pvalue","padj"
"AASS",1.26390087057073,1.86197925770821,0.658307353449925,2.82843454193596,0.00467762658911239,0.068435837700135
"ABCA1",1.20600386543711,1.36135993152181,0.603146202214673,2.25709774267511,0.0240019679118892,0.172910264849775
"ACADSB",9.6341986663066,1.54583782238531,0.746438161278671,2.07095229394119,0.0383632544828201,0.223559910136334
"ACSS2",2.8006147168405,1.38850752254959,0.364679461099911,3.80747387955908,0.000140393562522171,0.00882937448644003
"ADA",0.826035455271181,1.68804127067912,0.749878751272452,2.25108561592753,0.0243801152780576,NA
"AGA",1.57599513861941,1.20771258799105,0.489529673435522,2.4670876016878,0.0136217028129289,0.128736076826382
"AGAP5",1.54796476646966,1.02050808433133,0.471160705623773,2.16594480853464,0.0303154046757173,0.196605549194649
"AGRN",2.39242320009371,1.39841699765201,0.493992794594094,2.83084492922831,0.00464252232728131,0.0681775929240723
"AHCY",4.02332181266001,1.01841722773799,0.250822255376844,4.06031444940115,4.90066701076371e-05,0.00452837168106576
"AHNAK",10.9994127507141,2.29916605489909,0.566520528611881,4.05839848475153,4.94104037416256e-05,0.00452837168106576
"AK1",1.03236781648484,1.01792291325032,0.472856614855317,2.15270947105557,0.0313415186910991,NA
"AKR1B1",4.05212165568592,1.52048936749518,0.415194053970184,3.66211739536223,0.000250139176415526,0.0117726144916207
"AL512428.1",6.24381855906727,1.41470128153094,0.703371319553811,2.01131499423144,0.0442921957105643,0.239198267987144
"ALDH18A1",2.19353362627603,1.09537347264166,0.322889048580667,3.392414445323,0.000692795635329154,0.0219665840962848
"ANXA6",2.35254244455417,1.09160938564092,0.534240365217698,2.04329260144186,0.0410234815621178,0.231465662217842
"APEX1",36.0707741599692,1.33073204564061,0.427586837191837,3.11219132557998,0.00185704103165193,0.040451048048195
"AQP4",1.27388855394661,2.20041394583649,0.90419830692535,2.43355238445293,0.0149514717818485,0.135513437016214
"ARHGAP29",0.547567930323186,1.49618186921036,0.676306304799985,2.21228437261553,0.0269470221993123,NA
"ARHGEF5",1.78631972067161,1.20171872292418,0.446296982219212,2.69264362252379,0.00708879963833958,0.0885646513450975
"ARHGEF6",1.08318524888551,1.60761762083588,0.684888825593993,2.34726799556354,0.0189116467516217,NA
"ASCL3",1.15909716917222,1.51358395990659,0.569901421106378,2.65586977651011,0.00791041547982686,NA
"ATF4",47.6405817886177,1.04561022257643,0.337660859245466,3.09662844818006,0.00195735040481221,0.0413407181142169
"ATP1A1",15.6141472357363,2.03173163595897,0.331434045747464,6.13012351032594,8.78108769630634e-10,5.1452783356507e-06
"ATP5E",11.9974437939168,1.36388521643778,0.403210093213362,3.3825671514529,0.000718117189537143,0.022472490662797
"ATP6V1C2",2.72355424341159,1.15220687055512,0.434238828715645,2.65339438659372,0.0079686703473527,0.0943281290915417
"AVIL",8.33649380713446,1.47261449285304,0.438339809526607,3.35952715415792,0.000780759780199939,0.023460830420931
"BANF1",15.2132069001853,1.01461302667744,0.351857594012407,2.8835899635057,0.0039317032530242,0.0620827716003176
"BARX1",5.06085631893503,1.23691627010391,0.610265558370298,2.02684921857146,0.042677835187303,0.236250141974494
"BBS10",8.52230768279956,1.02931541584726,0.412388713654075,2.49598347812857,0.0125608451828302,0.121452594634973
"BCL11A",10.0665757793078,1.39716379712669,0.393474134041453,3.55084026178832,0.00038400340408778,0.0152546979406939
"BEST1",32.5858080436414,1.92264450712275,0.391083880022839,4.91619472275479,8.82426284986567e-07,0.000449615375380764
"BHLHE41",5.0521296840675,3.29084523957255,1.22666772949624,2.68275194695471,0.00730191277020734,0.0898258378910565
"BIRC3",2.24888766620144,2.59045479901195,0.892822846203507,2.90142082500148,0.00371474639310786,0.0598804855307167
"BTF3",15.9748892726948,1.20594122644171,0.357065549246163,3.37736650591941,0.000731834664314235,0.0225932841594635
"BTN2A2",2.77039508876396,1.45523946486291,0.391078873106098,3.72108943984839,0.000198365161479565,0.0105187390379142
"BTN3A2",3.46900401360022,1.11588650404307,0.532726260151848,2.09467148048042,0.0362002061438913,0.216554474630047
"C10orf10",1.58954593854018,1.05954843618631,0.428847932966397,2.47068565506956,0.0134854299726036,0.127818952536043
"C18orf32",26.4100660312655,1.41975924929491,0.354099127948087,4.00949659922082,6.08483293501456e-05,0.00536151557634854
"C1QL2",0.967171755125804,2.6614611727047,1.27759996695827,2.08317254346925,0.0372354988450203,NA
"C1R",1.86426719202232,1.18737143065296,0.549653661226865,2.16021745038988,0.0307558398787648,0.198692220253167
"C9orf131",6.70170818281836,1.15291651045991,0.350301998082892,3.29120734900031,0.000997583533412227,0.0275132406854854
"CALML5",0.893072719564179,2.07256590362244,0.98868418186659,2.09628710728387,0.0360567297449199,NA
"CAND2",4.27268059352919,1.63836768425419,0.38602661605271,4.2441832146374,2.19391052686571e-05,0.00279461276786296
"CAPG",0.924490791284017,1.4161442755749,0.530516930381804,2.66936679015262,0.00759944109796398,NA
"CASP4",1.25645220704692,1.33535547880576,0.638728369453386,2.09064688945715,0.0365597291864722,0.217483993064095
"CCT2",13.7801892906558,1.29750272071018,0.25514522608894,5.08534978529401,3.66949160020212e-07,0.000225332520525855
"CCT5",20.1270753624893,1.46018341399782,0.396700666206184,3.68081916262498,0.000232485851457837,0.0114041204346792
"CD44",4.54996861011764,2.32240905473595,0.626438051006402,3.70732437310424,0.00020946058198648,0.0109280779367836
"CD55",1.93423877478301,1.0996632618468,0.371017091240768,2.96391537696893,0.00303751804900519,0.0533683268610073
"CD81",4.42929882221029,1.21604387240224,0.330024560098735,3.68470719887765,0.000228965701018167,0.0113696993653894
"CDH11",1.21307254985386,2.30914559992539,1.01430183358349,2.27658624234886,0.0228109451996771,0.16958987367046
"CEBPA",2.00317466069482,2.83615766374218,0.728672626917505,3.89222479200289,9.93291454525031e-05,0.00709779424120661
"CEBPB",8.18324701913678,1.13380628956004,0.383913258129777,2.95328766472757,0.00314408824515406,0.0539242590698859
"CFAP126",11.1661992408595,1.39324339059797,0.432048193670025,3.2247406909935,0.00126086817833835,0.0319829311297557
"CHST2",1.38753628537795,1.98045503376673,0.574036809009867,3.45004885171516,0.000560485118536258,0.0196069406093326
"CHST9",1.12088402632602,1.50598034996961,0.669176461764154,2.25049809133959,0.0244173445308857,NA
"CKAP4",1.04744241985431,1.03818155147247,0.460645984620827,2.25375144065792,0.0242118092368099,NA
"CLP1",1.17142731938012,1.20094059406771,0.538580182128084,2.22982692998925,0.0257589348390458,0.180141175036317
"COL1A1",18.0437666292951,1.64749148559888,0.538981668553952,3.05667443202471,0.00223807218109217,0.0443039998145593
"COL1A2",14.5491168809113,1.29865054315206,0.584079369711906,2.2234145057933,0.0261878624586141,0.18153155855404
"COL3A1",7.16550791281451,2.29976586414708,0.494198574449419,4.65352589636509,3.26306600607654e-06,0.000884584982927321
"COL5A2",0.517423574932584,1.47717513128534,0.728769792689809,2.02694341354799,0.042668200005575,NA
"COL7A1",3.43860186812883,1.06678321086722,0.540590270439019,1.97336738968844,0.048453720162133,0.25091875677421
"COLCA2",6.53368986506526,1.80606132882105,0.748176126518196,2.41395209604717,0.0157805369570524,0.138983896740939
"COX5B",12.1809055710626,1.15939667218326,0.376475973265395,3.07960335988282,0.00207276434428562,0.0427460199980627
"COX6A1",21.444146013097,1.2815769591409,0.433093391384329,2.95912379324122,0.00308515140263377,0.0534045632015734
"COX7C",16.2538676748658,1.10829509544086,0.405386176246853,2.73392424404226,0.00625844416575882,0.0822227658952103
"CREG1",1.662970809114,1.12650681402929,0.519396023600262,2.168878394988,0.0300919174075946,0.195915100055334
"CTAGE6",1.10406320696641,1.97629579595153,0.799637431406881,2.471489850687,0.0134551370536104,NA
"CTAGE8",1.11664004560214,1.75690696246523,0.684844045175781,2.56541175299886,0.0103053431639258,NA
"CTGF",2.83250546041234,1.30126704900301,0.42355388601042,3.07225855312066,0.00212445623007499,0.0431481846798074
"CTNNB1",11.095545462715,1.00515005371973,0.345708648827749,2.90750624008992,0.00364323075552946,0.0593811143589009
"CTNND1",23.8585201393829,1.12800462362743,0.297919632049973,3.7862715386216,0.000152924563064734,0.00919037412592624
"CTR9",4.1763068462625,1.43912958376449,0.343627118475936,4.18805590823959,2.81354215016405e-05,0.0031354273932538
"CTSC",2.44678314250962,1.7126862804456,0.71058066174748,2.4102630041095,0.0159410243807399,0.139358844474835
"CTSZ",3.36788833359654,1.6909282076595,0.401002504697315,4.21675223434289,2.47846031823577e-05,0.00299311603045164
"CXCR4",20.2137553383916,1.35913132233816,0.434170245316001,3.13041102424913,0.00174561870959449,0.0390414804378498
"CYB5R2",0.65620311592505,1.91840477574511,0.604427732208696,3.17391918589652,0.00150395558724643,NA
"CYR61",2.70476652375912,1.09886263633975,0.530050481384185,2.07312826783999,0.0381603438911017,0.222598840248791
"DDX21",6.60481966877865,1.19000526856267,0.280973466323939,4.23529411560411,2.28252752787613e-05,0.00284563192544472
"DDX5",101.360048667364,1.01934483483806,0.394623747063406,2.58308031998459,0.00979225229104499,0.104799456254572
"DGKZ",5.40148550990027,1.03666883953487,0.320501020464022,3.23452586214538,0.00121844885103646,0.031197906760269
"DMRT2",0.988834126348128,1.43932054587838,0.639092636541262,2.25213132429112,0.024313974314487,NA
"DNAJA1",22.0392370708405,1.39608507256939,0.342143758505659,4.08040491127738,4.49573178631517e-05,0.00431848203310061
"DOCK10",1.9828666747563,1.74121184815728,0.813755478903969,2.13972365568891,0.0323771061442015,0.204212759367006
"DPM1",10.0872264931692,1.06739315104311,0.263023908247898,4.05816018077375,4.94608392504836e-05,0.00452837168106576
"DRAP1",7.77242195083636,1.28407644712875,0.295235493607459,4.34932951806952,1.36554393619111e-05,0.00213370791842982
"DSG2",4.88965548788574,1.09453252046496,0.369839572363647,2.95947919653322,0.00308159507233641,0.0534045632015734
"DTX4",1.43359431695179,2.1301827706178,0.68575184508713,3.10634639320167,0.00189414689021829,0.0408479132960412
"DUSP23",5.09335232166934,1.13513387227115,0.330821370131666,3.4312592074066,0.000600786234479288,0.0201736787445925
"EDF1",12.3849363886546,1.12984535176227,0.336613499060638,3.35650636387206,0.000789339043418353,0.023612430516634
"EEF1A1",185.988596315216,1.49601824799437,0.404211916013419,3.70107408695173,0.00021468877603503,0.010953204533732
"EEF1B2",31.4987456373747,1.73211939959872,0.382142268004557,4.53265588400721,5.82466619546599e-06,0.00126406042860492
"EEF1G",32.9275021382635,1.59781828956612,0.30118865099808,5.30504148901781,1.12647372282172e-07,0.000165014319471847
"EFNA4",2.06435285288309,1.41671623849848,0.585071507359982,2.42144117544047,0.0154591028343605,0.137853418388373
"EHF",5.64797821555394,1.21416283503322,0.578574763060324,2.0985409536548,0.0358573861201814,0.215960927801233
"EIF2S3",18.6522389099363,1.06686544582282,0.247710489627638,4.30690459425659,1.65554972293083e-05,0.0024251734003783
"EIF3A",17.4631755758186,1.6083212940923,0.349855218288253,4.59710534535225,4.28401045606063e-06,0.00100408637069149
"EIF4G1",25.3190739424137,1.24770255309509,0.259633456824892,4.80563086265342,1.54264295473468e-06,0.000598793725696526
"ELFN1",3.05464385704146,2.06562815375764,1.01837671346673,2.02835367938245,0.0425241640309909,0.235832419701067
"EN1",3.0164989016465,3.61670825399616,1.37307119201666,2.63402820991694,0.00843784771341176,0.0967545375278595
"ENO1",21.9235353331524,1.13934000831479,0.348381882700281,3.2703767471599,0.00107404335202098,0.0287116864814139
"EPHA1",0.59207042559198,1.6932241795354,0.676279926470924,2.50373271963174,0.0122890831588951,NA
"EPHA4",3.14610444175854,1.44140899565284,0.4936451966506,2.91992914229259,0.00350110981113687,0.0577880364460746
"EPHB3",2.6708118835409,1.35811271874053,0.551201342170525,2.46391402711856,0.0137429071068811,0.129422318189666
"ERBB3",5.97988464525579,1.66814415726206,0.453797684383028,3.67596445435817,0.000236952516674812,0.0114745724913724
"FABP5",9.75845064369601,1.07716053237223,0.440003923093934,2.44807029173299,0.0143623633030098,0.132217231380968
"FABP7",33.6211563699388,4.59226737416116,2.044633341276,2.24601021682218,0.0247033534987819,0.175370010390192
"FAM103A1",2.5132400839259,1.02599642086595,0.370010193679832,2.77288690525574,0.00555614266565278,0.0757051459012431
"FAM117A",2.33419720281083,1.18539684444613,0.394273663449504,3.00653316296878,0.00264245228733233,0.0487207685183708
"FAM49A",1.03179791044375,2.00948699687265,0.722709196794273,2.78049180193935,0.00542766301220161,NA
"FAM50A",8.09049131178486,1.03470308380955,0.405070511418174,2.5543777062097,0.0106377791233193,0.110438364816302
"FAM72A",1.18886522105487,1.11976511881943,0.50910808757266,2.1994644087433,0.027844917185077,0.187896397859782
"FAU",25.9464331496285,1.34065355216356,0.36565609488966,3.66643294314051,0.000245957377253336,0.0116224778388381
"FBL",8.2029518871704,1.13878330032218,0.292469075358475,3.89368790162306,9.87316599879678e-05,0.00709779424120661
"FBXL14",5.19167554501509,1.59584767958044,0.470575796153694,3.39126596102964,0.000695705532048697,0.0219756688142282
"FCER1G",0.855262999143,2.08854195805889,0.74926635625019,2.78744927039204,0.00531247712330425,NA
"FGF2",1.01617803804824,1.37724212868675,0.636477929515501,2.16384899588763,0.0304759404288926,NA
"FKBP4",10.2677178510668,1.11039276145638,0.2652477427261,4.18624773219272,2.8360380892986e-05,0.0031354273932538
"FLNA",18.1635154159363,1.0912725722331,0.382591949628873,2.85231451757328,0.00434021335864538,0.0658846636657581
"FMOD",1.49244833514195,1.68170503808586,0.764612563408972,2.19942114289634,0.0278479906266136,0.187896397859782
"FN1",7.61115852176247,1.66444844806402,0.482975084664614,3.44624081223535,0.000568443563300441,0.019694549257969
"FRG1",2.80107227824137,1.19386715432025,0.379212063540719,3.14828368900784,0.00164232222858673,0.037737988621192
"FTH1",71.514068491616,1.84180881077481,0.353166101323506,5.21513475917579,1.8368364928703e-07,0.000195689880544974
"FTL",169.01755664419,1.40859110823369,0.410482840733968,3.43154687225183,0.000600149408377136,0.0201736787445925
"FUOM",0.675020840489074,1.8254836386166,0.822680888252723,2.21894499396201,0.0264904669526174,NA
"FYCO1",1.64518396525484,1.23207284277078,0.466208577028752,2.64275026989647,0.00822356646929296,0.0954177974788557
"FZD4",1.2760803961756,1.15150093616281,0.514321096491679,2.23887556629021,0.0251640136997828,0.177115361289943
"FZD7",3.45237811968421,1.88633767244705,0.937966545968833,2.0110926989391,0.0443156662229484,0.239214782343037
"GABARAPL1",2.48116199562272,1.21871426260847,0.396382431220761,3.07459202683412,0.00210790678853422,0.0431481846798074
"GALNT6",0.926800849836,1.30919399436857,0.561614850437056,2.3311242452897,0.0197468091839296,NA
"GAPDH",157.145909778403,1.26411264924975,0.287251883934117,4.40071143115524,1.07896536048074e-05,0.00188722314320505
"GCNT2",5.86600088907245,1.78388263040807,0.469355445853456,3.80070721703108,0.000144283702583833,0.00889926689778915
"GFOD1",2.73718875342616,1.27273316875341,0.425930592380529,2.98812339738289,0.00280696198506725,0.0505296275007729
"GNAS",15.9513843355209,1.01875661393044,0.218957138033666,4.65276730906943,3.27509759558952e-06,0.000884584982927321
"GPATCH4",8.79443733815369,1.06727576544648,0.36043734141713,2.96105770076506,0.00306584495526717,0.0534045632015734
"GPR143",1.59290830853905,1.14870114065538,0.435900749049368,2.63523552818049,0.00840789190228604,0.0965054703260432
"GPR52",7.18439577635757,1.05264915498561,0.421292868063188,2.49861612854963,0.0124679284832731,0.121053565779186
"GRASP",7.80409862773513,1.75295680253111,0.52092179795033,3.36510549074442,0.000765143993183274,0.0232298509225772
"GSN",3.22304326507214,2.05256668935144,0.420305610393267,4.88351009026722,1.04213814294956e-06,0.000488512675889037
"GSPT2",3.18027828492147,1.44376875456017,0.662025058876703,2.18083701697016,0.029195473561387,0.192755918121631
"GSTP1",23.7782517230105,1.33097871416373,0.426120924920994,3.12347654462287,0.00178728110000341,0.0394151908536336
"GZMB",1.1330801254365,2.18062511446174,0.770498888505344,2.83014699565867,0.00465266223623055,NA
"HAX1",17.6123059059684,1.11676323956186,0.314643123131693,3.54930127964194,0.000386254878029268,0.015292300390625
"HBS1L",4.68552986367173,1.14139150001052,0.320878149272033,3.55708702072724,0.000374989963927975,0.0149473040383399
"HCCS",2.1250881205081,1.05121948157376,0.355140999921824,2.96000597454295,0.00307633076342202,0.0534045632015734
"HERC5",0.680562433553581,1.61675350112139,0.764972718721747,2.11347863989575,0.0345598213539119,NA
"HIST1H1A",5.11070231203553,3.8036259247004,1.0091098491844,3.7692882769647,0.00016371371470423,0.0095748454604953
"HIST1H2AD",94.8870884549744,1.16287794635877,0.477908040039276,2.43326717471253,0.0149632551838024,0.135513437016214
"HIST1H2AE",120.874134275612,1.26563684539795,0.547659949834577,2.31099032489092,0.0208333893081884,0.16211586275077
"HIST1H2AH",83.5390323591701,1.01354955204244,0.434584589990536,2.33222616583003,0.0196887963580556,0.156804646131415
"HIST1H2BG",68.3544974685087,1.22214929501596,0.615016233240764,1.98718217334846,0.0469022126108238,0.246368009675591
"HIST1H3D",88.0594547391968,1.2104426988143,0.47374459108397,2.55505333801215,0.0106171527336113,0.110401431131491
"HIST1H4F",15.6776598658103,4.82883750284052,0.733798505594519,6.58060416589187,4.68540439767293e-11,5.4908254136329e-07
"HLA-DOB",2.31192231992515,2.37747924958603,1.21276755844791,1.96037503891405,0.0499519711480512,0.255404515656201
"HLA-DPB1",3.13016582035964,2.71535215732694,1.21596414659841,2.23308570809673,0.0255432928991096,0.179246616457884
"HMGB2",70.6543631451393,1.31148591669415,0.394556398642137,3.32395044461987,0.000887519651979022,0.0254922617684857
"HNRNPH2",10.2618398416909,1.08847359261606,0.351193147784693,3.09935885561007,0.00193939959725413,0.0411735939859078
"HOMER3",1.20100249413121,1.49107618567686,0.496799483054979,3.00136420534852,0.00268772887442079,0.0492148354364644
"HOXC5",2.73536359557338,1.3526076079712,0.652349161135198,2.07344117008971,0.038131240789917,0.222539846024421
"HPS6",2.64234991204573,1.35057482450046,0.37051139728738,3.64516404728278,0.000267221289357038,0.0120444857306736
"HSD17B10",6.16435408988195,1.03755287507005,0.307260730345659,3.37678320917494,0.000733388284094917,0.0225932841594635
"HSP90AA1",20.5246998873992,1.28120907457176,0.326482204744341,3.92428455809723,8.69878660993988e-05,0.00649306243833665
"HSP90AB1",114.553111404526,2.19785831790256,0.411977099164934,5.33490410597471,9.55950640774746e-08,0.000160039793703418
"HSPA5",22.6422691878098,1.09503411506676,0.31820628408482,3.44127118110236,0.000578987943522025,0.0197864334291983
"HSPA6",3.78190475392394,2.06000107179702,0.855366447636663,2.40832578538556,0.0160258729588896,0.139633609818013
"HSPA8",126.540718852651,1.87420388462352,0.406690968501658,4.60842268400626,4.0573519324667e-06,0.000982088300064597
"HSPA9",18.3364322404829,1.37840676615008,0.302976624315731,4.54954823416888,5.37612102284757e-06,0.0012115915820529
"HSPD1",14.6773370834493,1.29925894581484,0.230170601305962,5.64476496321855,1.65407059631375e-08,5.15754737756538e-05
"HSPE1",15.4033295389717,1.22436541495221,0.2800164320841,4.37247702157881,1.22844750098215e-05,0.00199946892555692
"HUS1B",1.51796929480523,1.03442159880376,0.45390173983765,2.27895491031549,0.0226697457731,0.16958987367046
"IER5L",1.63950410349625,1.13368817702709,0.520323833333361,2.17881270162914,0.0293455849934156,0.193371947207137
"IFI16",2.45601043484444,1.56099662936891,0.764363822107169,2.04221678763604,0.0411300319620668,0.231843600078625
"IFI27",1.42630680023464,1.64596635994513,0.570374510756971,2.88576422842019,0.00390464546079185,0.0617524158637243
"IFI30",5.55750300963751,1.45050829283692,0.577056537027943,2.51363289342077,0.0119494747743086,0.118373537514896
"IFI44",4.22251934801137,1.84364966029826,0.644871357426224,2.85894177042773,0.004250568007911,0.0651994849276296
"IFIT1",1.56399585851668,1.25751159622465,0.52615028551075,2.39002359374174,0.0168472904732106,0.144060284800682
"IFIT2",1.44859256129507,1.15492925245942,0.48383281540199,2.38704200230787,0.0169845506741921,0.144442633781464
"IFIT5",2.19135508490484,1.51634281452857,0.431882498423945,3.51100778582626,0.000446411323504964,0.0165553617093502
"IGFBP3",1.55068203000078,2.27227965158874,0.658519263248574,3.45058949434408,0.000559363675739309,0.0196069406093326
"IMP4",13.3347692430291,1.63336865839587,0.49240524393574,3.31712279369841,0.000909496342277917,0.0259960674028169
"ING2",2.63806051486318,1.02131188159864,0.380214708338129,2.68614511538143,0.00722816881198337,0.0897318965123233
"IQCJ-SCHIP1",0.772662796505224,1.47547603398779,0.618995982370947,2.38366011413557,0.017141425862491,NA
"IRAK3",2.0298002139887,1.79267778146548,0.655123229394922,2.73639782720148,0.0062115881031758,0.0817905629001317
"ITGA7",1.11443551451649,1.47878002905735,0.705983231494367,2.0946390269457,0.0362030931721727,NA
"KBTBD8",1.01929797999802,1.70736330672653,0.5337574898413,3.19876224544253,0.00138018940987172,NA
"KCNMB4",1.92985558171797,1.70128337283748,0.519676900523037,3.27373291197895,0.00106136880289314,0.0285935195427695
"KCNV2",3.70408962101404,1.16207060632399,0.379433140363371,3.0626492066853,0.0021938707342591,0.0439165378366891
"KCTD1",7.30074921784877,1.77381638673637,0.511911621235933,3.46508325490592,0.000530067356660529,0.0189385955875144
"KDM4A",7.89989306160801,1.06164996964396,0.2482818715464,4.27598665593896,1.90292621798881e-05,0.00262357557042481
"KIAA1217",1.92403890330313,1.86901997916954,0.634396835256409,2.94613698445409,0.00321769865319045,0.0546495804590419
"KLF6",14.741626386234,1.54333037559799,0.422547484598119,3.65244246351586,0.000259757809336022,0.0119276087360486
"KLHL5",1.78596785828336,1.18375005968172,0.404525964714875,2.92626472200882,0.00343058884718856,0.0569448593487291
"KLRC4",3.13760050990851,3.05405801843701,1.35215972828387,2.25865181054693,0.0239050522619594,0.172714739493158
"KLRC4-KLRK1",1.47147366340572,2.31645224814448,0.932502957153823,2.48412321952815,0.012987086118628,0.124049151631588
"KRT7",10.2542316013693,2.1169207777524,0.504796999780436,4.19360808141326,2.74552170011148e-05,0.0031354273932538
"KRTAP5-1",4.96000102615773,1.47678155376841,0.505705379620649,2.92024094122986,0.00349760856515296,0.0577880364460746
"LAMB2",2.36110609665105,1.20594721264659,0.477301524774295,2.52659409210322,0.0115174531901785,0.115956214721393
"LAMP3",1.27500098915425,1.37102595494389,0.517470065938115,2.64947877218438,0.00806160365052734,0.0945685016822121
"LDHA",29.5946337498477,1.44312741055858,0.394884911319385,3.65455191928408,0.000257631526439026,0.0118865506233817
"LDHB",1.56772336679955,1.71756564605939,0.410911880865074,4.1798880150252,2.91652683773693e-05,0.00317172233409224
"LDLRAP1",1.43593064284833,1.44921597015065,0.49695141866273,2.91621256268956,0.00354309022971693,0.058248618736991
"LIG4",5.23109904088665,1.54523838401748,0.44924493126451,3.43963454338378,0.000582500173485231,0.0197864334291983
"LINC00675",1.31115469277899,2.5972868392651,1.11903159249209,2.32101296933085,0.0202861438956239,0.15923196270115
"LIPA",0.71461944444245,1.27904763936451,0.606447229689778,2.1090831596655,0.0349374041920324,NA
"LYAR",1.71500589402401,1.27719068810983,0.428798428415007,2.97853397651383,0.00289630916391936,0.0518196138808717
"MAGI2",0.84773473071276,1.66295679590214,0.828036083932113,2.00831440582302,0.0446098920146615,NA
"MAP7D3",1.33782549274169,1.30887699478554,0.484563612849242,2.70114585593689,0.00691010273603382,0.0871038198690079
"MGP",2.38506782057849,2.56002060586798,0.701057871251768,3.65165375191773,0.000260557030158584,0.0119276087360486
"MKI67",26.8123632140949,1.00618726549934,0.333110227649123,3.02058352455991,0.00252288113807482,0.0475492126216601
"MORF4L1",4.93675779561493,1.08043502725715,0.306747459186638,3.52222975252019,0.000427933099582208,0.0162296051585887
"MPEG1",2.54743984085629,3.84372536478083,1.31131021285975,2.9312098137315,0.00337644652538175,0.0562053648166885
"MRPL16",4.97701605665095,1.33228453399729,0.3187753304675,4.17938405724001,2.92299694583123e-05,0.00317172233409224
"MT1E",2.03511562124073,1.77159437302512,0.579491771179466,3.05715190643572,0.00223451004556032,0.0443039998145593
"MT1G",0.695734515134863,1.7813869494132,0.85523446293949,2.08292231733796,0.0372583049985595,NA
"MT2A",6.86064547779853,1.77151872783889,0.530068954591539,3.34205335455647,0.000831610738623708,0.0245134286416554
"MUC4",2.08560028407447,1.07119999165373,0.472343353811287,2.26784177867718,0.0233388519779429,0.171370931284156
"MUC5B",2.34345209198082,2.51242889951492,1.22684991787145,2.04786980291274,0.0405727584280326,0.230141411431807
"MYB",17.8564556461099,1.72221314891666,0.642393905043281,2.68093008883798,0.00734178523912317,0.0900925457772612
"MYBPC1",3.57703615724296,3.72707594052799,1.31241721602027,2.8398560267518,0.0045133898992763,0.0673788741778586
"MYL12A",9.45280454642561,1.43159437816886,0.390413901487077,3.66686322570983,0.00024554404487244,0.0116224778388381
"MYO10",3.47618023705167,1.45886728543227,0.394209444645175,3.70074158610123,0.000214970308282137,0.010953204533732
"NAB2",3.21757053982725,1.09991541277466,0.377182092689216,2.91613900578508,0.00354392568986045,0.058248618736991
"NABP1",2.56267269401805,1.45744376272845,0.52413469830895,2.78066643446941,0.00542474447516004,0.0745282303685821
"NACA",20.6132284213639,1.25560358186495,0.2941546979588,4.26851446051291,1.96779073145031e-05,0.0026379893476953
"NBPF10",0.534710575394862,2.13459580255625,0.906285334050281,2.35532422555766,0.0185065503054183,NA
"NBPF14",0.698671179010313,2.14063215899396,0.81449807534844,2.62816110164312,0.00858478483658649,NA
"NBPF19",0.847927214986617,1.76215696988788,0.569852575330604,3.09230324854731,0.00198609844118109,NA
"NBPF26",1.19072302800379,1.75734383865863,0.53148602792007,3.30647231788173,0.000944786852003495,0.0266794147436842
"NCKAP5",1.3479238334623,2.03221943887857,0.749591592519201,2.71110223108127,0.00670599470091692,0.0854212520652668
"NDUFS6",8.34173052289421,1.18373347542789,0.392804538260236,3.01354327694569,0.00258216210072633,0.0483392294862809
"NFKB2",3.2869730817233,2.04451684165501,0.419638932763289,4.87208569565276,1.10426248906953e-06,0.000497725081130991
"NFKBIA",17.2872969876872,1.32267941730058,0.503132805709296,2.62888724863791,0.00856647585797529,0.0979419810532804
"NHLRC1",1.20873566837447,1.08127190911999,0.471049371045185,2.29545346111134,0.0217071505749101,0.16583187587182
"NME1",5.02075500683914,1.33099531523331,0.309883806707262,4.29514316793799,1.74580634569809e-05,0.00246495235725733
"NME1-NME2",8.57617114818492,1.52330217642256,0.296975625696895,5.12938451715666,2.90691032985785e-07,0.000225332520525855
"NOC2L",4.56660873785805,1.09988169425091,0.325751077026683,3.37644837367896,0.000734281507057536,0.0225932841594635
"NOLC1",10.469749719321,1.03583333870841,0.247394131345207,4.18697619493261,2.82695462355115e-05,0.0031354273932538
"NOP2",5.50188856442388,1.00629322222906,0.229763190309424,4.37969729125836,1.18844282123624e-05,0.00199941892845797
"NOP56",30.7951937244884,1.1286427326583,0.371578905991049,3.03742412300845,0.00238609468297197,0.045991190114718
"NOTCH2",1.43692086860573,1.78756173766952,0.545238479318842,3.27849520067383,0.00104362138845978,0.0282452633980605
"NOTCH3",3.08602818273343,1.09146291305428,0.546795490598092,1.99610810956108,0.045922156515845,0.243367082062127
"NPC2",1.55469291560589,1.03844774413318,0.509889768401992,2.03661224148055,0.0416889150810685,0.233503533675705
"NPIPB5",9.78472300852187,1.86294451331895,0.447290835429681,4.16495122581564,3.11419133735345e-05,0.00329190049249104
"NPL",1.45864350661427,1.40921968392942,0.478175323760871,2.94707738752775,0.00320792910166965,0.0546420365442828
"OAS1",1.06253623578176,1.43915612444374,0.591690789757099,2.43227738095188,0.0150042118656997,NA
"ODC1",16.0476591310441,1.09361865363975,0.249762924941004,4.3786268674507,1.19429409499154e-05,0.00199941892845797
"OR10AD1",1.75000792818715,1.80375433400966,0.774796315661287,2.32803679825215,0.0199101497737469,0.157334487659164
"OR52I1",0.598917103827696,1.92693513153716,0.872396450165326,2.20878378307476,0.0271896835494688,NA
"ORM2",0.651543555569211,1.80180294928141,0.853636601329389,2.11073769151349,0.0347948643697123,NA
"OVOL1",1.21735327926079,1.8073908396133,0.597690184596743,3.0239593792773,0.00249489934738424,0.0473102353592167
"PABPC1",29.59682589699,1.10785003521433,0.295582864743967,3.74801846573194,0.000178237134942234,0.00992170204549435
"PABPC4L",1.17515092763754,1.12291721781991,0.570363205990945,1.96877569595143,0.0489788543938159,0.2525270541099
"PAPSS2",1.51592816291474,2.37453178901641,0.782616678997017,3.03409300202949,0.00241260042997768,0.0462737552191628
"PARD6B",6.2620350565286,1.21399878212877,0.315280754544366,3.85053246869827,0.00011786130316252,0.00793802650437682
"PARM1",1.44261818620519,1.56870355684151,0.671610661364092,2.33573355380535,0.0195051325774384,0.1559675561937
"PBXIP1",8.05317500792976,1.47793838803735,0.42612685371698,3.4683061514329,0.000523750238542984,0.0188068269588176
"PCK1",0.747867927224033,2.31737531959855,1.11716224641097,2.07434088203699,0.038047663534539,NA
"PES1",1.95340137299579,1.08433129840055,0.399025202148548,2.71745065866009,0.00657869636084468,0.0845348055402838
"PFDN4",2.23796964229563,1.11440282216405,0.353029913623843,3.15668100395441,0.00159575813498555,0.0371045428251898
"PFDN5",22.5334197757794,1.21297020960609,0.329748165516217,3.67847447371601,0.000234633168503636,0.0114094029115938
"PIRT",2.10294292425459,2.71891069149951,1.37516437728352,1.9771532308526,0.0480243123360311,0.249466718202991
"PKP1",2.12167991049642,2.71241168899016,1.32402618494775,2.04860879628087,0.0405003838176432,0.230064952961203
"PLEC",6.45091813716572,1.11569954707469,0.406238896048898,2.74641241379407,0.00602509713227973,0.0798734313271337
"PLEKHG7",0.863668833987389,2.29080072081783,0.975696574472096,2.34786180535406,0.0188815253094457,NA
"PLIN2",1.0460538704931,1.19108768058198,0.603530630874588,1.97353310610922,0.0484348565698672,NA
"PLP1",1.56664178703432,1.18576151425109,0.48120097630795,2.46417104834021,0.013733055697755,0.129422318189666
"PLXDC2",1.49197958221982,2.20771990366304,0.775844011659518,2.84557188105475,0.00443317526069373,0.0667768391774677
"PNP",5.03450107830563,1.11249205368898,0.417018726857995,2.66772684783484,0.00763663164506566,0.092417694136125
"PPFIBP2",1.21157616543417,1.2414377808036,0.445589928016388,2.78605440282291,0.00533539164978706,0.0738198993433938
"PPM1H",3.44370230780938,1.40754563972294,0.460582590442046,3.05601138412992,0.00224302739353525,0.0443133550081854
"PPP1R1B",5.12809615476222,1.67206502007275,0.830704841349136,2.01282686321796,0.044132846811738,0.238998535945822
"PPP1R2P3",2.15377880614474,1.92031629126438,0.515142652056526,3.72773693577534,0.000193206892471908,0.0103790553955331
"PRELID1",9.84663206706233,1.31038855257635,0.358947538156663,3.65064086887379,0.000261586791302047,0.011928154113886
"PSAP",12.7056978727602,1.57941210729695,0.33968718131081,4.64960762193675,3.3256711289309e-06,0.000884584982927321
"PSMB4",25.878901592282,1.20834166699719,0.287468849052443,4.20338297864321,2.6295512356143e-05,0.00305803407555042
"PSMC3",10.8125083235725,1.16586410023299,0.338277437138584,3.4464731378326,0.000567955026122308,0.019694549257969
"PSMD2",15.7923911468655,1.080171872543,0.301717377167912,3.58007842532006,0.000343491100172386,0.0142239300456544
"PTPN14",1.15765176050109,2.02498861474879,0.962732342085257,2.10337653180188,0.0354328682378911,NA
"PTPRG",3.51391060528265,1.27332526614924,0.481567487639625,2.64412631423764,0.0081902085781469,0.0952521374758116
"PTPRJ",5.73668875724428,1.06429569130446,0.367445096081555,2.89647542627222,0.00377380196802258,0.0604623487917087
"PTPRM",0.757689362128538,1.54854637379457,0.693480350124045,2.23300685234639,0.0255484924956903,NA
"PTTG2",0.896100107089808,1.52655614511063,0.559861612948464,2.72666692947772,0.00639775824694838,NA
"PYCARD",1.22380994759068,1.1578822265205,0.450924080161253,2.56779861059191,0.0102346596855492,0.108249076583891
"RASD2",7.46965415434218,2.50768538308417,0.601451371438271,4.16939008233942,3.05415867892378e-05,0.00328364087690897
"RASSF2",1.14444594953281,2.18853311557294,0.727294939688618,3.00914112850824,0.00261987386943363,NA
"RBM38",11.0586800947019,1.10692846275985,0.320055452616558,3.45855211561105,0.00054308719219109,0.0192861781978405
"RCC1",38.6571871253096,1.79507177187426,0.35147810642343,5.10720792865463,3.26953908889091e-07,0.000225332520525855
"REST",4.01291708938459,1.35496456218362,0.576935609392915,2.34855422359766,0.0188464548743971,0.153163387429306
"REXO4",4.60176074136671,1.10331767051893,0.290226050505916,3.80158041842093,0.000143776057063985,0.00889926689778915
"RFX5",13.1189000119992,1.61505168956635,0.295994266442209,5.45636139841133,4.8599029674931e-08,9.49220047934195e-05
"RGPD8",1.30462652979465,1.04033110737671,0.438886881398929,2.37038551724468,0.0177695460544542,0.148320021518624
"RGS2",2.86149457351426,1.10075359111483,0.375013687391588,2.93523577438235,0.00333294331944115,0.0559581128374367
"RHBG",0.70349187215816,1.81599315308558,0.867873787907251,2.09246226627559,0.0363971838147722,NA
"RHOBTB1",1.02825653782787,1.44693963725106,0.545018188043516,2.65484651520571,0.00793445010804368,NA
"RNASEL",1.21714123810554,1.78106353207716,0.577864617530563,3.08214671403197,0.00205513518234166,0.0425514650209575
"RNF113A",3.53411891725953,1.25768750443604,0.431749464156828,2.91300304655203,0.00357971108906685,0.058672215738146
"RPL10",19.7463528277736,1.21586585489248,0.33576763643978,3.62115261549498,0.000293293428710704,0.012693094470428
"RPL10A",58.4447316508032,1.17378834974974,0.382235737697942,3.07084930576876,0.00213450850151028,0.0432212474476956
"RPL10L",1.6064233674778,1.25818032150185,0.523561048379752,2.40312056329534,0.0162558270545898,0.140956740558791
"RPL11",85.9927737615645,1.90054147588382,0.400789053099399,4.74199946626904,2.11619181769654e-06,0.00068242354335368
"RPL12",61.4668898856048,1.67114115579013,0.353480576305289,4.72767463846959,2.27105710306285e-06,0.00068242354335368
"RPL13A",91.2460179673345,1.83657891478709,0.425334254823336,4.31796615005747,1.57473573565327e-05,0.00233599089697729
"RPL14",16.2410781007846,1.40897557197009,0.354710234435109,3.9721875355921,7.12156180839953e-05,0.00594042886600272
"RPL17",76.0160678647829,1.80858074415598,0.483503057780051,3.7405776758887,0.000183597794099583,0.0100541240609954
"RPL19",62.2784945119949,1.80606163227956,0.402729612341072,4.4845513638317,7.30675043887559e-06,0.00140373456382267
"RPL23",49.5855792731506,1.50647943105424,0.344861647606275,4.36835885205238,1.25183681393304e-05,0.00200962679760019
"RPL23A",42.5625018985982,1.80633970911894,0.345516444264804,5.2279413588042,1.71407853956298e-07,0.000195689880544974
"RPL26",38.2048663805338,2.07979188717081,0.409694447673341,5.07644635894377,3.84559297765773e-07,0.000225332520525855
"RPL27",24.8710280935241,1.20325717188156,0.292673072707907,4.11126708975524,3.93493687805792e-05,0.0038750861574757
"RPL27A",13.1708972064991,1.99965297056738,0.3848056202675,5.19652745502341,2.03045625414182e-07,0.000198290973685733
"RPL3",41.0174875936859,1.52609477617783,0.349749411653409,4.36339483449981,1.28059515225624e-05,0.0020280127823366
"RPL32",33.7551523740373,2.18866341319,0.429242480423362,5.09889750667575,3.41637463458671e-07,0.000225332520525855
"RPL34",15.1029719277489,1.36880862203895,0.294057569965858,4.65490013468411,3.24137774690655e-06,0.000884584982927321
"RPL35",26.9352414414424,1.35868853608842,0.391020128069148,3.47472786835195,0.000511371835606902,0.0185128383549095
"RPL35A",32.6698979417874,1.40463758710926,0.29690677127217,4.73090452296101,2.23521637511685e-06,0.00068242354335368
"RPL36A",31.874669903976,1.78367109236238,0.396835049629548,4.49474181785976,6.96544075106278e-06,0.00139628896939075
"RPL37",36.4396993778118,1.01950824492198,0.379367664161489,2.68738836024779,0.0072013170520811,0.089588359377217
"RPL38",16.1435299715073,1.17068322879645,0.296878256286784,3.9433107814591,8.03644028019295e-05,0.0062806110137915
"RPL39",16.608133729018,1.3985027912968,0.361182216791591,3.87201452972908,0.000107939516039789,0.00750263890200666
"RPL4",15.1512845366715,1.4847998393697,0.330748729358681,4.48920799257102,7.14884701454435e-06,0.00139628896939075
"RPL5",44.3701968260871,1.47257402769573,0.376156728350277,3.91478848232769,9.0483494853777e-05,0.00671124098855324
"RPL6",14.264122241604,1.10789494398577,0.294043345124283,3.76779465461971,0.000164696088925439,0.0095748454604953
"RPL7A",76.7285619496066,1.44822619720164,0.404771105247997,3.57788927723568,0.000346380116422047,0.0142480694653322
"RPL8",77.1617525591597,1.21101610001328,0.399124473069359,3.03418151911431,0.00241189262751082,0.0462737552191628
"RPLP0",70.7350413282723,1.23274959800269,0.393462358633415,3.13308140144412,0.0017298146142343,0.0388346694716701
"RPLP2",40.8738988593062,1.54758438459936,0.386856359815741,4.00041086396118,6.32326019535705e-05,0.00553002136040218
"RPS10",25.4441779120555,1.34004869578026,0.312245923147676,4.29164513109268,1.77354226361075e-05,0.00247430259372076
"RPS11",120.062525540135,1.81391493296987,0.460771919157694,3.93668723624861,8.2614166385832e-05,0.00635775090772637
"RPS12",67.3475519959923,1.73999274453348,0.354981236554848,4.90164708822473,9.50364524307681e-07,0.000464055077515071
"RPS13",34.8098507910598,1.03154982677735,0.31517206424899,3.27297353981986,0.00106422439780098,0.0286046920133708
"RPS14",19.353211665722,1.31059058551971,0.276602450533207,4.73817416654581,2.15652431805158e-06,0.00068242354335368
"RPS15",32.9931838815852,1.20257977090214,0.367926251883805,3.2685348347525,0.00108105869142665,0.0287930154655203
"RPS15A",26.8156031410361,1.32742976107605,0.358988735251927,3.69769196279793,0.000217568678853538,0.0109900316701923
"RPS18",67.6082362267721,1.51143409928747,0.29680228288086,5.09239378018593,3.53570804637175e-07,0.000225332520525855
"RPS24",17.171134033606,1.8679741820858,0.371653941282002,5.02611159091254,5.00524706168206e-07,0.000279316620551676
"RPS25",50.5395361395331,1.6914431285693,0.38936535595956,4.34410278850019,1.39846028909495e-05,0.00215638896419785
"RPS26",22.1664623847403,1.6852941191265,0.372875493625491,4.51972346785325,6.19204575743738e-06,0.0013193560769347
"RPS27",148.848333388794,1.16994141045109,0.461949509943047,2.53261749448621,0.0113214420230422,0.114870977548079
"RPS27A",50.5729409172542,1.62783721264404,0.44360589678895,3.66955720026981,0.000242970968424923,0.0116219460366191
"RPS3A",53.2298553000045,1.46490545037363,0.344906123263665,4.24725846126476,2.16402264209769e-05,0.00278683311458712
"RPS4X",21.5906068813761,1.45198197635084,0.385546252086904,3.76603836372803,0.000165858317986223,0.0095748454604953
"RPS6",80.4571544492399,1.42640450408227,0.433464087493387,3.29070976174936,0.000999349636655624,0.0275132406854854
"RPS7",36.2766543079528,1.62174720829564,0.374032751624693,4.33584278716563,1.45202699217522e-05,0.00220990965211706
"RPS8",65.0197932554112,1.02277226055054,0.35684200047589,2.86617679305283,0.00415462155210236,0.0644553273545518
"RPSA",47.2525309356026,2.25464462185694,0.440051699109967,5.12359031090461,2.99771961645991e-07,0.000225332520525855
"RRAS2",2.94789758487259,1.39537224612723,0.376657943449101,3.70461388215962,0.000211712976809228,0.0109280779367836
"RRS1",5.48198291467924,1.31046504639061,0.274719011759694,4.77020151607459,1.84041709920546e-06,0.000616224228159679
"SAMD5",2.57161406363978,2.29745704255321,1.10741928981544,2.07460450046531,0.0380232046654538,0.222130576009199
"SATB2",3.44064629964435,1.5440943711723,0.715726870405438,2.15737935100524,0.0309761187818586,0.199350751866283
"SBDS",4.83537805521578,1.01451806157168,0.381512543012948,2.65919975673578,0.00783265078180835,0.093473354900216
"SERPINE2",1.21432230747602,1.16323250222572,0.514848640907327,2.25936791864835,0.0238605082788264,0.172644246373293
"SERPING1",2.88111705278662,3.2318810502963,1.18860709761851,2.71904909264946,0.00654698903331462,0.0844084739618376
"SERPINH1",1.96709283562273,1.01257898387763,0.411327543036127,2.46173396608332,0.0138267183181491,0.129621125156024
"SETSIP",9.87549751044702,1.0609618646812,0.380026174900882,2.79181260332375,0.00524137017032046,0.0731233536023636
"SF3B1",14.2197700602411,1.00209717695159,0.236862840096012,4.23070658337708,2.32958384903101e-05,0.00285283857259904
"SLC12A2",3.37214164748623,1.11805667164177,0.463224426559678,2.41363928052212,0.0157940900867493,0.138983896740939
"SLC25A5",22.3485471612879,1.04283873837403,0.358446851772258,2.90932598017795,0.00362208970860159,0.059201212406
"SLC40A1",1.54724907749471,1.65927720985308,0.501473098559094,3.30880602493087,0.000936947268178229,0.0265219445308712
"SLC43A3",6.03402505981715,1.63522095358248,0.44013416577183,3.71527838725021,0.000202980096962943,0.0106669226740302
"SLC5A8",0.942531716182513,2.60399543848544,1.27789819396556,2.03771744164123,0.0415781988722346,NA
"SLU7",4.10373709947883,1.00388459127981,0.288398961489119,3.48088837108274,0.000499753724314352,0.0183251873317893
"SMAD1",4.51486416595039,1.68951732020274,0.401648074466733,4.20646189439824,2.5939979753927e-05,0.00305803407555042
"SMC1B",1.12851970962741,1.44125356173861,0.596220745917377,2.41731535108028,0.0156354646442717,NA
"SMC3",12.5484663796585,1.16703549459203,0.404956522365703,2.88187849839869,0.00395312135147855,0.062266974620937
"SOD1",13.2540058071722,1.63981999505316,0.32211159110789,5.0908444164119,3.56472437270359e-07,0.000225332520525855
"SOX21",1.6295297195261,2.12447382296573,0.90399671123825,2.35009021222625,0.0187688615684234,0.152968789524036
"SOX9",19.3407316904923,1.57525877837881,0.647640749812075,2.43230337009507,0.0150031351996307,0.135664923923204
"SPARC",2.93301725186064,1.61872211843377,0.571453239033712,2.8326414269187,0.00461651393674595,0.0680514802826739
"SPIB",1.71789062567407,2.97164999883684,0.914926362244834,3.24796630796133,0.00116233033083938,0.0302696647713481
"SPIC",5.07793650873333,4.07412562947042,1.28822083398722,3.16259877342648,0.00156367679600661,0.0368562388028534
"SPSB4",2.29779295510985,1.08429891243468,0.525595838107608,2.06298991319769,0.039113586533472,0.226299430345841
"SRP14",20.1249081695063,1.16105474516818,0.319335455478226,3.63584664731146,0.00027706913065682,0.0123052379339519
"SSRP1",26.1994637000068,1.76462931274138,0.337714101225664,5.22521655547404,1.73951401563137e-07,0.000195689880544974
"STAT6",3.06484326572421,1.01730550277813,0.331392129283003,3.06979379679042,0.00214206607519809,0.0432808143711145
"STOM",1.78394356869275,2.02312728671079,0.546090093426609,3.70475002396776,0.000211599303707681,0.0109280779367836
"SYNM",4.22391440935206,1.89084154740448,0.499210898824898,3.78766078996946,0.000152072271298531,0.00919037412592624
"TACO1",1.94668248445193,1.04567808047326,0.383306321321422,2.72804809706336,0.00637103178514229,0.0832107250548879
"TACSTD2",2.04589656438113,1.97116953868529,0.802627885878189,2.4558946597383,0.0140534345590722,0.130397624384613
"TAF10",14.4835722656833,1.4525041321199,0.344642026907287,4.21452991428303,2.50298976861729e-05,0.00299311603045164
"TAF4B",2.03904676077549,1.25683081203111,0.573268366517813,2.19239519470687,0.0283509833101468,0.189409364332802
"TAGLN",5.27737420745636,1.38665062357277,0.42559734137287,3.25812802095939,0.00112149799727579,0.0294682399777466
"TALDO1",5.86956893363562,1.22070796237739,0.351693307788511,3.47094452849657,0.000518631125923278,0.0187010405067535
"TAP2",3.86968196211697,1.07278767951277,0.497381425531735,2.15687121481443,0.0310157003455844,0.199381784064675
"TAS2R31",22.3991448030778,1.06050785811536,0.531914655057569,1.99375566743988,0.046178762553823,0.243989593493351
"TAS2R42",1.25996375686871,1.07102331069166,0.511663112949459,2.09321970567272,0.0363295464500941,0.216895657083096
"TAS2R46",12.4226229982301,1.02646722715358,0.495787358393855,2.07037797510389,0.0384169627182999,0.223758025856896
"TCOF1",2.89536362785983,1.22402678545441,0.276424526385904,4.42806867197307,9.50806320046826e-06,0.00171423065609673
"TFAP2B",7.28236171712887,3.62454685183896,1.03214000007297,3.51168141103213,0.000445281442525849,0.0165553617093502
"THBS2",1.02855586145271,1.00359390173667,0.507700282856623,1.97674481505083,0.0480704823585994,NA
"TIMM10",6.41690676503673,1.92548709781009,0.385831772725228,4.9904835058292,6.02283436085434e-07,0.000320825435794782
"TINF2",13.9809840497537,1.32634216144511,0.459098422436387,2.88901485308172,0.00386450819765802,0.0613907969109765
"TLE1",3.63900176569063,1.52333488758646,0.38329066084311,3.97435952192426,7.05688983945432e-05,0.00594042886600272
"TLR2",0.914185161797187,1.953421051932,0.791163200553168,2.46904943324741,0.0135472502528235,NA
"TMED9",5.61307708885764,1.01481943189657,0.275288542260627,3.68638456058877,0.000227462550374119,0.0113431218205715
"TMEM125",1.52766991449956,1.06421604435224,0.45538134826966,2.33697767463689,0.0194403449560668,0.155828592708719
"TMEM51",3.09881543857387,1.05750691349829,0.366166308972643,2.88805083259939,0.00387637221991983,0.0614711854468749
"TMPRSS3",2.86052948274092,1.52276783975549,0.621214422600369,2.45127573403926,0.0142350861242437,0.131497495741492
"TMSB10",166.67117870273,1.06132033027305,0.438956325005036,2.41782671718165,0.0156135101993243,0.138302891931883
"TMX2",10.6948222739647,1.00167846779245,0.290295821865174,3.45054386713727,0.00055945823841953,0.0196069406093326
"TNC",1.04518523200122,1.91024154560553,0.668517420461582,2.85742972006113,0.0042708720162276,NA
"TNFAIP2",5.39478579531176,1.10801239050428,0.427869539145225,2.58960334665985,0.00960865761953211,0.104157015063908
"TNFAIP3",2.19691979783675,1.55425603384028,0.589664820501517,2.63582967781318,0.00839318489776075,0.0964758380594779
"TNKS1BP1",8.89686460526514,2.11928288904289,0.37615716200039,5.63403572531391,1.76040528289628e-08,5.15754737756538e-05
"TOB1",14.8798183879602,1.12831962301747,0.315367361511278,3.57779453653804,0.00034650565727619,0.0142480694653322
"TPI1",59.5131575672614,1.56205559853521,0.346268237788629,4.51111429829936,6.44879582191409e-06,0.00134952568280377
"TPM1",7.78582262660441,1.04735180788388,0.34336610542946,3.05024809182585,0.00228652403540636,0.0446596252848786
"TPM2",10.8045596680607,2.53142292048256,0.578631261646213,4.37484644932704,1.21517985638068e-05,0.00199946892555692
"TPT1",67.5382481340614,1.42520829855154,0.422380050037163,3.37423204156101,0.00074021942718557,0.0227084593381877
"TRIB1",3.25048694430388,1.07356402439024,0.392641594126859,2.73420860257453,0.00625304154076632,0.0822227658952103
"TRIL",2.29157488140801,1.14291642667374,0.501029798575477,2.28113463495239,0.0225404812036063,0.169498481324193
"TRIM21",1.43183644999876,1.77283415975886,0.481313959662654,3.68332171583267,0.000230214312998531,0.0113834663883113
"TRIM38",3.62050021669706,1.35049272468591,0.340855374005118,3.96206962741221,7.43028631859543e-05,0.00611040945440311
"TRPS1",2.57206559426427,1.78814812170446,0.593978177391946,3.0104609727514,0.00260851467996547,0.0485003439879522
"TSSK4",7.71167335360908,1.14138327585192,0.414737186164568,2.75206399119229,0.00592209476213183,0.0790444516143768
"TUBA1B",174.29617170624,1.22691348650558,0.407969140295065,3.00736836521069,0.00263520225206244,0.048709676958864
"UBA52",18.7791559412523,1.25588034186671,0.336048004405371,3.73720517724531,0.000186077077171098,0.0100955429044819
"UBA7",2.43384376599915,1.22157019965517,0.434180943242087,2.81350487318386,0.00490046433809162,0.0703293824194759
"UBC",27.0728978170424,1.47030262407157,0.327448225529419,4.49018351433845,7.11618368001491e-06,0.00139628896939075
"UBXN1",15.3171907886524,1.51834939271255,0.329651302953489,4.60592565267905,4.10635094318331e-06,0.000982088300064597
"UFC1",6.55232035284976,1.25726817790204,0.311884341716392,4.0312000627634,5.54927814649593e-05,0.00496427409151036
"UMPS",6.81125955433256,1.02168832076729,0.306760620954308,3.3305719540823,0.000866677611184398,0.025016243658793
"UQCRQ",12.5491020976721,1.2164127084475,0.352414450015742,3.45165389328718,0.000557161921914721,0.0196069406093326
"UROD",5.74704442641737,1.25072487368678,0.353579362563185,3.53732430710877,0.00040420301041661,0.0156849505929545
"UTP14C",8.71790717261016,1.21632984265476,0.425374665953367,2.85943179039276,0.00424400676317202,0.0651841615433983
"UTP3",10.2921777025674,1.25135606207201,0.367461041880292,3.40541151156825,0.000660644198534618,0.0212694762709538
"UTRN",1.52230627661478,1.00348870857257,0.458060122863512,2.19073579751796,0.028470917011094,0.189897937651116
"VAMP8",1.4428159342206,1.18589249615147,0.492291775265078,2.40892201685255,0.0159997163175536,0.139509431194502
"VCP",16.8786698478927,1.05765514851455,0.266273823534423,3.97205829125677,7.12542774240131e-05,0.00594042886600272
"VIM",26.3169128851168,2.97376537833527,0.615087250113825,4.83470495898746,1.33343255862498e-06,0.000558089148375932
"WNT5B",3.69106457678908,1.85759915338642,0.543142379528615,3.42009613574731,0.000625990092231848,0.020606679468722
"YBX1",30.6026995645998,1.320060446947,0.284174569071203,4.64524482701422,3.396733870785e-06,0.000884584982927321
"ZC3H11B",6.47992558188076,1.07299618871902,0.418534004475551,2.56370134145622,0.0103562615192496,0.108652666735977
"ZFP91",14.4915985314559,1.0110803268833,0.28576632106285,3.53813676546204,0.000402961281189957,0.0156849505929545
"ZHX2",2.81178684189709,1.5189430727904,0.447005239762762,3.39804310481137,0.000678697255032374,0.0217052210303295
"ZNF217",3.21084713482137,1.22440863587788,0.518170117311871,2.36294721553953,0.0181302517023296,0.149942427452082
"ZNF234",3.33109909947564,1.04565939454151,0.319775579694172,3.26997888813636,0.00107555511266667,0.0287116864814139
"ZNF256",4.76942316150017,1.47067401028263,0.431473213113791,3.40849435279954,0.000653224372323741,0.0211467856885688
"ZNF330",4.07650735735295,1.15632908648926,0.403594172746032,2.86507874635965,0.00416905554293074,0.0644553273545518
"ZNF419",4.65093398856887,1.00232371892558,0.31308247594473,3.20146860951273,0.00136728971788097,0.0339476021267946
"ZNF503",4.10411680432418,1.20747827752891,0.419863119728527,2.87588554648389,0.0040289577281525,0.0631221331767636
"ZNF513",5.14432005376268,1.02717087865837,0.373095635344969,2.75310344413071,0.00590332400447559,0.0789738059457185
"ZNF677",1.69853576833725,1.04941011158163,0.473187695911384,2.2177459825121,0.0265721570864926,0.183175946409769
"ZNF697",1.32439155382473,1.07899618693017,0.426383284536805,2.53057806452783,0.0113874741596469,0.115341235675801
"ZNF813",1.78098843847458,1.03517085518573,0.357322077904784,2.89702461503533,0.00376720196166452,0.0604623487917087
"AATK",1.81102034664808,-1.7179022801731,0.69425777194008,-2.47444443491425,0.013344357692891,0.127036984405353
"ABAT",1.75391259870935,-1.19020105887908,0.527876328630569,-2.2546967809046,0.0241523678613404,0.173220072807251
"ABCA12",1.34614502802885,-1.3801222274,0.642689976440083,-2.14741520483113,0.0317602412371337,0.202440755587729
"ABCG1",2.09626505156044,-1.25666613430701,0.567039334429715,-2.21618864513318,0.0266785852079395,0.183723146677462
"ABHD6",0.921712651259499,-1.69178286187323,0.791276841982119,-2.13804167152849,0.0325133612583381,NA
"ABLIM2",2.64014936761361,-2.13698085345596,0.688956895069934,-3.1017627789893,0.0019237204841135,0.0410151092807944
"ACER2",2.75576953528193,-1.14952341265152,0.476829585427594,-2.41076360985591,0.0159191625909612,0.139358844474835
"ACSBG2",1.16979610711208,-1.2530016912059,0.633940922093742,-1.97652753992843,0.0480950597693681,0.249723529214544
"ACSM6",2.33338298125279,-1.15254214951502,0.517307821833898,-2.22796196165982,0.0258830516750066,0.180564532652876
"ACTL6B",4.17294763826133,-2.21114149920789,0.584784617082335,-3.78112117627159,0.000156123653892319,0.00933476071410248
"ADAMTSL2",2.48789178403626,-2.73922116448812,0.691729908967922,-3.95995767853251,7.49630471414844e-05,0.00611040945440311
"ADAP1",40.3319969854849,-6.35629858700441,2.02392624252068,-3.14057817595567,0.00168614699155567,0.0382944895233351
"ADARB2",3.65343213158403,-3.48855135105626,0.726730253687743,-4.80033868598954,1.58397521090471e-06,0.000598793725696526
"ADCY1",3.79599005958984,-1.39065163856069,0.497480560574921,-2.79538890314339,0.00518373150219277,0.0726652505672214
"ADCY2",2.0128244516532,-2.2794602740239,0.854295841855838,-2.66823290286898,0.00762513798216348,0.0924084715749471
"ADCYAP1",4.97517666925911,-3.85394329077397,1.1716913813336,-3.2892136548683,0.00100467727015405,0.0275132406854854
"AES",31.2204742779643,-1.00094029031031,0.282487624132387,-3.54330669665451,0.000395142873094619,0.0155915128949355
"AGFG2",4.13641721897903,-1.13864853097253,0.443584765684829,-2.56692433793262,0.0102604998139978,0.108302401189421
"AKAP2",1.93786634281424,-1.12391029942423,0.518574071373322,-2.16730909134701,0.0302112937503189,0.19625618151884
"AKAP6",1.51122484498894,-1.97922098498106,0.790268633960484,-2.50449138422977,0.0122627591878845,0.119943285717834
"AMER3",0.939625134769798,-1.76220624349797,0.828582559860229,-2.12677206698055,0.033439026267105,NA
"AMPH",8.05905173346075,-3.97228247502713,1.04880464379042,-3.7874379166278,0.000152208700053622,0.00919037412592624
"ANK1",1.4524356726619,-2.00609682231051,0.699943598817553,-2.86608353258677,0.0041558457108649,0.0644553273545518
"ANKDD1A",14.9332089388789,-1.8544560714026,0.652873977223156,-2.84045027999138,0.00450498949912485,0.0673392499237807
"ANKRD24",1.30600962702598,-2.13601998664747,0.671717820109391,-3.17993645947879,0.00147307348773006,0.0354378435504908
"ANKRD34A",6.73011842857793,-2.54167448835534,0.866898499456926,-2.9319170467449,0.0033687671598941,0.0561573006355604
"ANO4",1.44105237085002,-2.6338290883916,0.769437815333947,-3.42305646525636,0.000619212131845474,0.0204409773890059
"APC2",3.74473688004487,-1.43567528138816,0.491426765180255,-2.9214429964179,0.00348414027257609,0.0577519658476934
"APCDD1",5.92876327624105,-3.29268720035736,1.24220661969602,-2.65067594082143,0.0080330875577145,0.0944837920209545
"APOC3",3.73151111639684,-3.52558790346435,1.70568271764101,-2.06696583543995,0.0387373733359364,0.225032015369007
"APOL4",3.10442487168538,-1.47213720170379,0.615630610097625,-2.39126706430394,0.0167903345326585,0.143834744435837
"AQP8",0.757533767179906,-1.70021018593935,0.846771122164431,-2.00787455008319,0.0446566242300904,NA
"ARHGAP19",10.4598588132618,-1.81092618809807,0.631744002668969,-2.86655066046901,0.00414971736468712,0.0644553273545518
"ARHGAP19-SLIT1",1.683450475419,-2.08389192808075,0.858047892237552,-2.42864290785277,0.0151554510398967,0.136725735747921
"ARHGDIG",1.22495413595473,-2.07625444955481,0.956671212631124,-2.17029050539161,0.0299848454385101,0.195541850416659
"ARHGEF1",13.1224325720755,-1.26001431029649,0.584078072363777,-2.15727035462431,0.0309846054634922,0.199350751866283
"ARMC2",3.42248569567869,-1.03073379536584,0.451927270719802,-2.28075148845111,0.0225631564865382,0.169498481324193
"ARVCF",4.38312348163856,-1.12406310393193,0.427790039230195,-2.62760466782882,0.00859883835418294,0.0982161663476315
"ASS1",7.87717123275082,-2.45858728325788,1.02605147078595,-2.39616369476535,0.0165676893711424,0.14248996140699
"ASXL3",6.47841054292118,-1.8495268182526,0.625225062048576,-2.95817767156126,0.00309463698542451,0.0534897504899556
"ATCAY",2.71472523741283,-1.97610828010472,0.786337616870501,-2.51305322002694,0.0119691277132629,0.118468080803825
"ATF5",39.7031808719906,-1.44655757647355,0.590019825877381,-2.45171011723626,0.0142179150370645,0.131497495741492
"ATP1A3",3.13879279776113,-1.65910019635833,0.832147442544999,-1.99375748999987,0.0461785632812942,0.243989593493351
"ATP2B3",1.35468359254734,-2.12892237357693,0.70024391812641,-3.04025828496037,0.00236375342647108,0.0457864899253134
"ATP4B",2.67626451214354,-1.31758086458937,0.569854633853956,-2.31213503640131,0.0207702429107504,0.161839412680242
"ATP8A1",2.59296512052615,-1.14125185701442,0.545270891014656,-2.09299978381524,0.0363491738538861,0.216895657083096
"ATP8A2",2.25655604931953,-3.06756891267313,0.910136664434523,-3.37044867275953,0.00075045884947019,0.0229026751482843
"AVP",3.5538094438653,-3.50770267153562,1.41006205129753,-2.4876229158198,0.0128600005909303,0.123732632943441
"B3GALT5",1.351561138429,-1.28135783109078,0.634465171964022,-2.01958734334348,0.0434262090791984,0.237223713503343
"BAHCC1",3.0227074609334,-1.37115504757125,0.464956495622322,-2.94899643403416,0.00318807654607304,0.0543829243718048
"BARHL1",7.35218568274492,-3.52581369935843,1.10691354984275,-3.18526564234335,0.00144621188330893,0.0353086605427029
"BCL7B",18.1668750936047,-2.04071815972491,0.580923971130104,-3.51288337397232,0.000443272001051014,0.0165553617093502
"BRINP1",1.05724237827216,-2.29100754903025,0.898217278962644,-2.55061620688943,0.0107532668722511,NA
"BRSK2",2.43283362672656,-1.57460677587683,0.624651450476782,-2.52077662618885,0.0117096158804265,0.116986349959692
"BSN",2.59515086120307,-1.15453337509348,0.442862708533598,-2.60697808338019,0.0091345206797026,0.101659494630043
"BSX",0.772962636465517,-2.01347303403642,0.784079699467444,-2.56794434979505,0.0102303578344106,NA
"BTBD17",1.1311283617259,-2.05315455743955,0.821879633090395,-2.49812074028331,0.0124853660714348,NA
"C12orf49",10.263424415845,-1.10892381516045,0.473590042144505,-2.34152688291129,0.0192050428178323,0.154401721339584
"C14orf180",1.6301163632668,-2.11789961183979,0.920727303925652,-2.30024634091965,0.0214342677793753,0.164929864810571
"C16orf92",2.6686447228415,-2.15872241595832,0.745616057348801,-2.89521985837339,0.00378893054706719,0.0605138822675631
"C16orf95",0.896922928020761,-1.79795059129872,0.83159496071051,-2.16205084956571,0.0306142569307577,NA
"C19orf35",1.74584261483393,-1.38656251256009,0.638166962378266,-2.17272687917401,0.0298008794999272,0.194843511276911
"C19orf71",25.117849679194,-1.61297142275019,0.381317836100984,-4.22999206972062,2.33699550276907e-05,0.00285283857259904
"C1orf116",1.0388295322119,-1.9450039815455,0.697851856714636,-2.78713019508501,0.00531771095577683,NA
"C21orf62",2.06544508811166,-1.11873339328165,0.476897225703914,-2.3458584638029,0.0189833146100475,0.153530340866216
"C3orf67",1.35544366823065,-1.16753870631209,0.589764700242713,-1.97966868113944,0.0477407699654691,0.248544683796238
"C8orf46",0.776676616119854,-1.52212719705592,0.737742317129087,-2.06322337991841,0.0390914098003771,NA
"CA8",5.21947824152319,-1.24576124525877,0.503150294333372,-2.47592271988887,0.013289233971591,0.126615067409004
"CABP7",5.59232754832486,-2.08697634455089,0.83537814036604,-2.49824150729684,0.0124811131022599,0.121081261958099
"CACNA1A",28.1149886365653,-1.66210833779269,0.769602913980117,-2.15969600374412,0.0307962107742875,0.198733917436054
"CACNA1E",1.2290297222331,-1.57523420153359,0.745282483252683,-2.11360690332973,0.0345488557511374,0.212089073099832
"CACNA1H",1.03703492304835,-2.28992752309522,1.15910054284354,-1.97560732520882,0.0481992683563429,NA
"CACNA2D2",2.2527101475898,-1.81640963297974,0.775719516003685,-2.34158042373026,0.0192022883721264,0.154401721339584
"CACNG4",4.98866216100816,-2.45308312827979,1.05223375871248,-2.33131004205891,0.0197370170891408,0.156965715830386
"CADM2",1.88103364334475,-2.53997976647758,1.00259662577163,-2.53340147092829,0.0112961492365083,0.114713668026551
"CADPS",1.78646287782923,-1.39724030140929,0.629499490540144,-2.21960513456554,0.0264455834338894,0.182733368078862
"CALB2",1.71138484310173,-2.61763908018587,1.17968117309598,-2.21893774342103,0.0264909602881875,0.182831309550807
"CALML3",1.94715633139709,-2.23922829983929,0.93776552230826,-2.3878338951165,0.0169479998099754,0.14430120077926
"CAMK2B",2.60423751983106,-1.53243251806859,0.628860458535922,-2.43684031531623,0.0148162205580878,0.134936164612985
"CAMK2N1",68.0364420537644,-3.97654369726647,0.907116625674116,-4.38371823943954,1.16670654364818e-05,0.00199941892845797
"CANT1",15.908354102245,-1.23377275708753,0.491396903318855,-2.51074589350223,0.0120476384130235,0.118841759761044
"CAPN9",1.07408209575848,-2.27321825635171,0.976862418059122,-2.32706081667903,0.0199620286035496,NA
"CBLN1",2.10447461951419,-1.86840001648962,0.942381715912107,-1.98263610694233,0.0474080911723454,0.247525531918302
"CCDC154",4.39133297083772,-1.61538064882579,0.66125711671805,-2.44289340407139,0.0145700400545514,0.133374205003916
"CCNI",78.7907695908451,-1.63131318295369,0.543864231448965,-2.99948606402656,0.00270435494927522,0.0493650088014896
"CD5",2.84608598897113,-1.01298787881943,0.49828693022328,-2.03294089685537,0.042058494563238,0.234148930064886
"CDH20",1.64961232250095,-2.34832085077134,0.857522784401754,-2.73849382603826,0.00617213193064758,0.0815459008965715
"CDH4",1.52943620253866,-2.55666453569739,0.936975934536322,-2.72863415319477,0.00635972162256785,0.083185977362323
"CDHR2",10.5649149274752,-2.81679888377778,0.932292342129183,-3.0213686807131,0.00251634763558197,0.0475492126216601
"CDK5R2",15.7229793014376,-3.64484625180796,0.810013408212849,-4.49973570172088,6.80380022623798e-06,0.00139628896939075
"CDYL2",1.17872865691914,-1.52894041308276,0.768995854878076,-1.98822971981452,0.0467862894775736,0.245979599097212
"CELF3",2.98242848081264,-1.948409675894,0.612125712669847,-3.18302210733122,0.00145746485773907,0.0353578708194906
"CELF5",3.09721794035072,-2.10614833910987,0.840516358276605,-2.50577911824146,0.012218192036525,0.119920429209411
"CELSR3",8.7726438263842,-1.27131225417625,0.363480773450902,-3.49760522986225,0.000469455468700302,0.017355043021132
"CERS4",11.3747500073409,-1.70792025400789,0.471250001324312,-3.62423395057458,0.000289819179567898,0.0126259887187963
"CFAP58",1.83483643188346,-2.65894742038591,0.977229924913148,-2.72090257635349,0.00651039454913294,0.0843042140566728
"CHD5",1.4402636760074,-1.84404876362332,0.856066066560052,-2.15409631996429,0.0312326190859468,0.200227058571231
"CHGA",7.13550517561492,-2.53900118068039,0.670147223717362,-3.7887214791346,0.000151424561568923,0.00919037412592624
"CIB4",0.812269170125817,-1.56150451740025,0.736668545224912,-2.11968398477433,0.0340327044876326,NA
"CLDN11",0.709302996567859,-1.95749458657458,0.837865669166846,-2.3362868996901,0.0194762938239407,NA
"CLDN9",1.48372932607783,-1.93928718850604,0.761644538623059,-2.5461840664045,0.0108907745071352,0.111857130980822
"CLIC6",2.28583973458402,-1.85444835966002,0.885901430842086,-2.09328972174397,0.0363232996096637,0.216895657083096
"CLVS1",0.930664235321648,-2.05821140042867,0.79221301819336,-2.59805298974058,0.00937540247754603,NA
"CLVS2",0.684321285377371,-1.80397648363573,0.824065683914362,-2.18911734689246,0.0285883120246324,NA
"CLYBL",2.36401011362717,-1.15755397229369,0.478243131303201,-2.42042989543705,0.0155021680908754,0.137853418388373
"CNFN",2.25609015910701,-1.3811085458348,0.672084428411177,-2.05496286991766,0.0398825911583194,0.228070978141234
"CNR1",2.50045555901953,-2.68794117396979,0.819426430430717,-3.28027150961792,0.00103707230442281,0.0281329868878029
"CNRIP1",1.09940068584261,-1.80807446692392,0.82660025257506,-2.18736258704414,0.0287160651054597,NA
"CNTN1",1.7782415048585,-2.00979267321207,0.772308779053479,-2.60231752858645,0.00925960756273273,0.102154340454573
"CNTNAP2",2.43684478729823,-2.01950787219343,0.826454923442031,-2.44357897195718,0.0145423864872875,0.133246463834654
"CNTNAP5",1.35101008450252,-2.31365312841743,0.866612593915995,-2.66976633464631,0.0075904048774251,0.0920827689011851
"COL22A1",1.35754583890633,-2.51347016198703,1.14187873574631,-2.20117082777996,0.0277239326623654,0.187896397859782
"COPG2",9.95759773867248,-1.30340431576511,0.352404399090158,-3.69860398772052,0.000216788531778759,0.0109900316701923
"COTL1",5.93596886706333,-1.82851422027052,0.574042894541738,-3.18532680685862,0.00144590622277677,0.0353086605427029
"COX19",31.0054583217599,-3.83809212651679,0.929744938780325,-4.12811295488389,3.65752446575198e-05,0.00366346403539722
"CPA5",1.15213253354342,-2.37205438122188,0.84405178788942,-2.81031853170205,0.00494924902763245,NA
"CPE",7.05740298155258,-2.00396091291045,0.521120187280916,-3.84548701397782,0.000120313236594788,0.00801494944865713
"CPLX1",2.16694341885851,-2.2257553698361,0.77696979201295,-2.86466139702766,0.00417455358495646,0.0644553273545518
"CPLX2",2.44202263874425,-2.04638370230403,0.652797078429429,-3.13479298532929,0.00171975425344752,0.0386829176509625
"CREB3L2",3.34120210467596,-1.10953375371324,0.540720772667754,-2.05195326275174,0.0401742047721822,0.228926293321816
"CRIP2",9.16849926783366,-1.63263470395761,0.509005320943518,-3.20750026921384,0.00133893935219926,0.0334563545168938
"CRMP1",10.3306296157374,-1.36162276144528,0.442608114176399,-3.0763619505236,0.00209543309251288,0.0430813691423831
"CRYBA2",2.6803264982927,-2.71556728431459,0.809087615883475,-3.35633277657989,0.000789834692594976,0.023612430516634
"CTDNEP1",23.6976360404256,-1.36127740086141,0.550469791552469,-2.4729375194636,0.0134007569337823,0.127363447592887
"CTXN1",11.4509455216897,-1.57101684975528,0.528760862504747,-2.97112922146573,0.00296706908161974,0.0525571304737297
"CXCL17",1.62785463742999,-1.25304363337857,0.596248393337817,-2.10154634776287,0.0355930339340528,0.215563185877605
"CXXC4",9.59028708912179,-2.04653712137506,0.651233659607736,-3.14255427553879,0.00167480659589448,0.0381968961046296
"CYP46A1",1.52461348807557,-1.6997237963911,0.748365042402606,-2.27124959088706,0.0231318729172843,0.1707190929306
"DAND5",2.56675827688949,-1.51349997418971,0.565737880287584,-2.67526716333782,0.0074669719962815,0.0910566543438324
"DBH",1.89235196909343,-2.89844949791787,0.717960775765127,-4.0370582847357,5.41256252702969e-05,0.00487921694263545
"DCC",1.42701404490867,-2.59330657796967,1.06231820593286,-2.44117681828901,0.0146394849871273,0.133717945880082
"DCX",3.95151123710113,-1.65613420265463,0.731267901461654,-2.26474346726331,0.0235284264068525,0.172115873322038
"DGKB",5.78854151055708,-1.55907696521045,0.650509618101869,-2.39670086625268,0.0165434232240899,0.142448476681197
"DICER1",30.9274396988436,-1.20361744473824,0.489146746386496,-2.46064694006409,0.0138686767955846,0.129711229554426
"DIRAS2",1.06809731712534,-1.58250214941549,0.67908529998932,-2.33034369826645,0.0197879929158473,NA
"DISC1",1.7788110044493,-1.12371802329724,0.556354272126694,-2.01978861239219,0.0434053188519807,0.237223713503343
"DLG4",5.83361352703817,-1.70493073816662,0.619088312732845,-2.75393785200134,0.00588829483123533,0.0788627738597107
"DLGAP3",1.73726530825996,-1.08161607877993,0.538583451605916,-2.00826088427862,0.0446155761742517,0.240014115780533
"DLK1",6.69618300425557,-2.6233200548383,0.84594898579214,-3.1010381227443,0.0019284346116322,0.0410151092807944
"DMC1",1.57309865112383,-1.3632529904926,0.64773890654766,-2.10463348227531,0.0353232247431822,0.214866604275935
"DNAH2",1.24961972530861,-1.52273331519328,0.725404000032284,-2.09915207956603,0.0358034967436737,0.215960536109783
"DNAJB8",2.65538599876101,-3.14018163805477,1.37671507155115,-2.28092341178245,0.022552979310751,0.169498481324193
"DNAJC12",1.30317126174878,-1.64794830036819,0.725530600425354,-2.27136980769944,0.0231246005514913,0.1707190929306
"DNAJC6",3.77168422746991,-1.17987380023963,0.42704777223595,-2.76286138682332,0.00572970934841162,0.0770912328978596
"DOK7",1.7063472045085,-2.38710884585156,0.809221539182654,-2.94988298045383,0.00317894308150712,0.0543061719711107
"DPYSL4",2.16030294500811,-2.3216515059486,0.760340505565683,-3.05343657079182,0.00226236543042992,0.0444098165480876
"DSCAML1",2.40500760335747,-1.24201988435761,0.514340294908382,-2.41478238561661,0.0157446132041276,0.138834553904569
"DTX1",2.71985248696897,-1.26587175290212,0.576264946154784,-2.19668359380323,0.028043051375786,0.188161862294047
"DUS3L",17.1739234458797,-1.77377948736848,0.548422009701992,-3.23433315218757,0.00121927137948658,0.031197906760269
"DUSP26",2.79744762905392,-2.78606149749041,0.75870241040297,-3.6721400371071,0.000240527811688757,0.0115522353491006
"DUSP7",5.92737786620774,-1.45532262140155,0.56641815413186,-2.56934318009652,0.0101891497122977,0.108158193368131
"DVL3",47.7091805328465,-1.39987898298753,0.554027377781411,-2.52673250299166,0.011512915483916,0.115956214721393
"EEF1A2",12.7058427575786,-2.07985185457638,0.702249429602566,-2.96169959974685,0.00305946119078404,0.0534045632015734
"EFR3B",2.92982846060653,-1.251196226246,0.444614672914938,-2.81411366395768,0.00489119305200871,0.0703293824194759
"ELAVL1",2.9509301156117,-1.29906984471428,0.436229935542401,-2.97794749711306,0.0029018568857477,0.0518397268964592
"ELAVL3",8.72074360079136,-1.07170285331685,0.536567824275712,-1.99732970340421,0.0457893786764334,0.243282582689581
"ELAVL4",2.73946775646598,-1.10714680997691,0.512323081122916,-2.16103246324615,0.030692831826336,0.198394537326438
"ELN",4.94945239269612,-2.16732156141456,0.897973664197892,-2.41356918117471,0.0157971286337512,0.138983896740939
"ELP5",13.4929014452616,-1.05306931683644,0.514544798225396,-2.04660375630723,0.0406970057436202,0.230530369983852
"ENTPD2",7.14454219910158,-2.53509144898693,0.708928532968592,-3.5759478298488,0.00034896124407935,0.0142988699977829
"EPHA8",1.2125848525306,-1.86454522213128,0.845019472297271,-2.20651154589648,0.0273482027209439,0.186767824992274
"ERC2",1.04371670397365,-1.94311565049913,0.869959190874039,-2.23357103515039,0.0255113115184245,NA
"ERICH5",1.10889733162632,-1.66023025342119,0.703252328988051,-2.36078884489467,0.0182361107134423,NA
"EXD3",3.18076047178456,-1.37384990532376,0.539258769631275,-2.54766353871842,0.010844700936603,0.111814772455055
"EXTL3",4.91618353435439,-1.42591310753118,0.422757422190298,-3.37288722252007,0.000743844128449965,0.0227600766091518
"FAM110B",2.19359939018347,-2.32415667562009,0.789532362807457,-2.94371299405098,0.00324300586274267,0.0549996898776864
"FAM122B",22.9144876747583,-1.31439887225085,0.43440192816945,-3.02576666220077,0.00248003610131978,0.0471046078952455
"FAM13C",1.83619692822734,-2.38215342180797,0.636209267816233,-3.74429223576801,0.000180902999720787,0.010000010630792
"FAM149A",3.13314870641836,-1.83044246571519,0.658390965684827,-2.7801755508769,0.00543295194982771,0.0745535877049543
"FAM155A",9.8311006205308,-2.76949215266226,0.624416871593327,-4.43532562724535,9.19332202036846e-06,0.00168338344932341
"FAM163B",1.63903352882863,-2.7575852325405,0.766473030885364,-3.59775898358116,0.000320970835398696,0.013628468188541
"FAM167A",1.42909627800857,-2.07369985335418,0.800412258166131,-2.59078972391721,0.00957559810004739,0.103904105680051
"FAM19A2",1.29570598310594,-1.78837405733347,0.869965117940755,-2.05568478603675,0.0398129093243527,0.228044337020904
"FAM19A5",3.48413491711368,-2.97359554389917,0.77106710935619,-3.856467884335,0.000115037203790353,0.00783791273964621
"FAM53A",1.39110247019363,-1.56857449698223,0.763723752092078,-2.05385061376632,0.0399901524761207,0.228338770832504
"FAM57B",4.79353436711379,-1.86103094813959,0.609672250358625,-3.05251050387299,0.00226935788558955,0.0444725837144213
"FAM95C",63.2803805626332,-3.33137054906471,0.884510133601436,-3.76634525994684,0.00016565467401353,0.0095748454604953
"FBLN7",4.17390663027003,-1.06468575303339,0.477106165085321,-2.23154893176238,0.0256447900718101,0.179528849971053
"FBN3",3.7424477321419,-2.73422077689736,0.843582560512983,-3.24120116380154,0.00119027157425714,0.0307242127284569
"FBXL16",5.86989807550793,-1.35736679232421,0.406753373071989,-3.3370756880828,0.000846648884228436,0.0247428385892096
"FBXO43",2.39482144223473,-1.22109129979338,0.508791493087474,-2.39998371903488,0.0163958010725725,0.141802503888913
"FEV",2.0645459945088,-2.88383629376428,1.3866951880365,-2.0796468601349,0.0375579355166938,0.220291014174241
"FGF22",0.572589192114228,-1.60481295575768,0.792902834878295,-2.02397177203183,0.0429730562503702,NA
"FGF9",3.54039562702682,-1.05518805558028,0.454480604379201,-2.32174496648018,0.0202466721463167,0.159028653406625
"FIGN",4.08240026785205,-1.51655168254248,0.742567634817727,-2.04230781336805,0.0411210075511261,0.231843600078625
"FLRT1",35.5372405850457,-2.66817612237217,0.711246239333081,-3.75140981395425,0.000175843005517403,0.00990723164258869
"FMN2",3.79458698437483,-2.84085000358479,0.771819557010574,-3.68071782812556,0.000232578273221976,0.0114041204346792
"FOXA2",11.9293879730719,-2.79369586035187,0.763136579600325,-3.66080716746012,0.000251421934980435,0.0117856546241429
"FOXJ2",6.84384500306057,-1.16904409939879,0.455178408316444,-2.56832063656687,0.010219258246607,0.108183818782284
"FRAS1",6.58576153670037,-1.0025430271601,0.502628757767478,-1.99459941689984,0.0460865872442229,0.243832377388283
"FRMPD2",1.18942962478115,-2.03287493652114,1.02438922693505,-1.98447512241363,0.0472028987344893,0.246979300784965
"FSCN2",53.9457739695567,-3.36984049233279,0.726447573698034,-4.63879378821293,3.50448501864368e-06,0.000892805650727942
"FUT9",1.88637071750126,-1.51853128810455,0.675746584177834,-2.24719047592688,0.0246278565986382,0.175342558614484
"GABRB3",3.84827926536503,-2.79437285643709,0.710032923892857,-3.93555391926975,8.30050250774071e-05,0.00635775090772637
"GAD2",1.66275981757024,-2.4145202984985,0.796000832714528,-3.03331378469101,0.00241883943500662,0.0463085425812838
"GALNT13",1.25973140639037,-1.72098305340795,0.703769882441739,-2.44537752516061,0.0144700585683306,0.132798796195712
"GALR1",2.72255560399625,-3.18137850909005,1.41160474860579,-2.25373179867255,0.0242130456349029,0.173315723145685
"GAS6",19.1646723921144,-1.40353673076784,0.61056378258195,-2.29875529929497,0.0215188384281627,0.165038787656832
"GATA1",4.23770910360499,-2.93513309118934,1.29925331772503,-2.25909224255721,0.0238776475943081,0.172644246373293
"GBE1",2.5250034846836,-1.18060191448979,0.54903078130817,-2.15033829556292,0.0315284653046265,0.201649489520243
"GCH1",4.2606875684727,-1.55071350906168,0.504544453337497,-3.07349233314114,0.0021156912402151,0.0431481846798074
"GCK",0.785408638947592,-2.03409933936855,1.00338126645503,-2.02724468491929,0.042637395377488,NA
"GLB1L3",5.6966362241774,-3.93781740811168,1.21409864545453,-3.24340812244088,0.00118108896365174,0.030622083108484
"GLT1D1",1.74342243536106,-1.67090044905943,0.785120417929845,-2.12820913951665,0.0333197473991706,0.206903166811833
"GLT8D2",1.5557767565954,-1.68428640694566,0.706644069430836,-2.38350037848937,0.0171488668345591,0.145255498037083
"GNAO1",3.21258232920517,-1.64183027951693,0.507452543985976,-3.23543609934547,0.00121457068168287,0.031197906760269
"GOLGA7B",2.11648302784273,-1.28453680053082,0.637165620044809,-2.01601712352352,0.0437981852514448,0.238176767035583
"GPR139",0.877740903184772,-1.75742320964645,0.839400238800903,-2.0936653677356,0.0362898000685598,NA
"GPR158",1.8598755371549,-2.14398781735847,0.740266045530975,-2.89623957535515,0.00377663958661411,0.0604623487917087
"GPR173",10.1155004405929,-1.0655574647216,0.422520117553627,-2.52190942029254,0.0116719759249733,0.116909304157917
"GPR39",1.26393857575042,-1.77386609563946,0.801575783221416,-2.2129736610936,0.0268994615836975,0.184563694554655
"GPR6",0.567348947736745,-1.74907105344467,0.856060266799895,-2.04316345621671,0.0410362599565295,NA
"GPR61",0.910837248826722,-1.62934007787419,0.728934706277274,-2.23523460173183,0.02540195096535,NA
"GPR68",2.32856483414109,-2.47628143005585,0.791043361015731,-3.13039910590515,0.00174568954257474,0.0390414804378498
"GPR84",1.29527075822761,-2.12192588075199,1.04676374413122,-2.02712970586607,0.0426491496248434,0.236202922709612
"GPRC5C",0.799766609969961,-1.68293384046872,0.845436816614375,-1.99060865034028,0.0465239285073223,NA
"GRAMD1B",1.74158943956807,-1.36764005590322,0.665095842248796,-2.05630522554315,0.0397531049340075,0.228039285836094
"GRAMD4",6.10222165242789,-1.36613784430553,0.613105949883694,-2.22822473760805,0.025865532247075,0.180564532652876
"GREB1",2.77997431487614,-1.26635391911812,0.530283338171502,-2.38807035401998,0.0169370991274215,0.14430120077926
"GRIA2",0.919924979577108,-2.18052280647343,0.880856034978046,-2.47545878087533,0.0133065120655646,NA
"GRID1",1.01615004044484,-1.74809815385312,0.7590968586699,-2.30286574616599,0.021286397953646,NA
"GRM2",2.90196053454955,-2.9215282419281,0.857816418338862,-3.40577328606691,0.000659769433536646,0.0212694762709538
"GRM8",3.05720151535012,-2.66410462772951,0.780592654181619,-3.41292556810259,0.000642694930782347,0.0209130408595725
"GTPBP3",22.2587196140627,-2.34629098021327,0.610294302861787,-3.84452381287366,0.000120786756223104,0.00801494944865713
"GZMM",2.13593315880053,-2.8706169536464,1.01678004753582,-2.82324280517048,0.00475405526351131,0.0689567432576942
"HBA1",4078.31041700159,-6.97318680970364,1.71432253710492,-4.0676049335965,4.74988212107153e-05,0.00452551777047457
"HBA2",28917.6195389373,-8.97185153912207,1.9456453698097,-4.61124708455971,4.00260434765314e-06,0.000982088300064597
"HBG1",17.2198074967932,-5.1097811858493,2.19471725220947,-2.32821844394998,0.0199005073006799,0.157334487659164
"HCN2",1.207989281753,-1.6897297616099,0.67023790303626,-2.52108953247081,0.0116992080275965,0.116982098016555
"HDAC9",1.62467463205291,-1.68400771616649,0.774754812843329,-2.17360084539034,0.0297351248821798,0.194673703069422
"HEY2",1.73357765031144,-2.04054665167954,0.896480653630441,-2.27617477679637,0.0228355509426342,0.16958987367046
"HFE2",2.64209032938028,-1.93087860287424,0.852983663758967,-2.26367594704588,0.023594052916729,0.172412321317239
"HFM1",3.70261422187229,-1.79336548078712,0.598780317520874,-2.99503077892103,0.00274417149558506,0.0497047075065862
"HIC1",4.38701666739519,-1.27800272491976,0.581760772232705,-2.19678394611412,0.0280358801534147,0.188161862294047
"HOXA7",0.787615536878933,-2.04933480163637,1.03258517777584,-1.98466416693155,0.0471818480548532,NA
"HOXA9",6.13962275681069,-1.91406657818504,0.822596897463079,-2.32685849422493,0.019972797917272,0.157723193256408
"HOXB2",8.19036599546306,-2.36367593865062,0.664143390820978,-3.55898435687024,0.000372291702726099,0.0148903974888981
"HOXB5",9.94716690847825,-1.73924630306996,0.650351897038381,-2.67431572198107,0.00748819174520484,0.0912204979855046
"HOXB8",5.15681267215365,-2.38233363067037,1.05578363347023,-2.25646008817161,0.024041832156068,0.172910264849775
"HOXD1",1.43637513670391,-1.54738654163826,0.770437653512587,-2.00845134526253,0.0445953513883966,0.240014115780533
"HOXD11",5.56467309325882,-1.22030919161176,0.530200650819672,-2.30159881872118,0.0213578068247746,0.164449499460929
"HOXD3",2.11087691624533,-1.09733440917078,0.508552644206285,-2.1577597160731,0.030946518407166,0.199350751866283
"HOXD8",3.90999199852881,-1.09365488833026,0.515664599046845,-2.12086478372139,0.033933182989714,0.209561604829513
"HOXD9",5.5076329210907,-1.31652711124166,0.483673723945971,-2.72193225735108,0.00649014450700053,0.0841349595990478
"HPCAL1",9.58348887550021,-1.32040616536585,0.640575048382766,-2.0612825440195,0.039276092562411,0.22682518513769
"HPN",1.14443962694005,-1.97937437999591,0.825913617599103,-2.3965876549534,0.0165485348256487,NA
"HRH3",2.26107025012692,-2.58386576541311,0.853507306723523,-3.02735049256011,0.00246707720457786,0.0469345418189091
"HSD11B1L",14.2202648863338,-2.51875697215868,0.640477356583166,-3.93262454366194,8.4023421605668e-05,0.00639396414153781
"HSD17B14",7.54561451035709,-1.7251416710656,0.623565973830673,-2.76657441788839,0.00566486538995224,0.0767474653235264
"ICA1",5.51172458049665,-1.09084411302466,0.344327000400299,-3.16804697789164,0.00153466719843151,0.0364499890982088
"ICAM2",1.43618414360431,-2.12325421589463,0.95223198020236,-2.22976570839745,0.0257630010547715,0.180141175036317
"ID4",51.4392069311386,-2.09463480591609,0.607909029693087,-3.44563858012374,0.000569711767083496,0.019694549257969
"IFFO2",2.04334576639825,-2.50959781501964,1.11253380668482,-2.25574971289893,0.0240863102793081,0.172941118800526
"IFITM10",5.12170265607009,-2.36458255988093,1.16184920402559,-2.03518886245141,0.0418318732847963,0.23380302806595
"IGF2",2.24472623806325,-3.02802217034182,1.05937644630285,-2.85830611102353,0.00425909303535797,0.0652448513481831
"IGSF9B",2.43646567156084,-1.31285114415928,0.493929036792303,-2.65797522795027,0.00786116710546946,0.09364653261138
"ILDR2",3.88356272728459,-1.18395788702796,0.441910876121087,-2.67917797683609,0.00738031541896497,0.0902817498902406
"INA",6.09646738149721,-1.45997157105665,0.37309492760333,-3.91313701431201,9.1104806768362e-05,0.00671482534917254
"INSM1",51.1240050478705,-1.20222531132353,0.553929573106021,-2.17035769471985,0.0299797590414796,0.195541850416659
"INSR",9.94449999841307,-1.31508450194612,0.337795593392786,-3.89313693745244,9.89562561046095e-05,0.00709779424120661
"INSRR",1.10765258970519,-1.65044734623726,0.788206811519718,-2.09392677418643,0.036266503778046,NA
"IRX2",6.83493255204379,-2.33937642372226,0.990267515711375,-2.36236813447499,0.018158600242688,0.149966687288911
"ISLR2",3.3182092234955,-3.35370944441501,1.17953144076167,-2.84325565942471,0.0044655234456693,0.0670916272561519
"ISX",0.707414978192515,-1.90350212123002,0.956754663829865,-1.98954046757437,0.0466415797346335,NA
"ITPRIP",2.7300827285147,-1.42885570590338,0.616130555110188,-2.31907944517999,0.0203907290621182,0.15983876513643
"KCNAB3",4.77177958394664,-1.14862813158397,0.550490976092129,-2.08655215338488,0.036928636178756,0.218238369833001
"KCNB1",0.927342062726479,-1.72168618882051,0.705631957208656,-2.43992094069998,0.0146904765118898,NA
"KCNB2",19.7924479071581,-1.23393129012216,0.542613172601151,-2.27405332643695,0.022962780465516,0.170209250016054
"KCNC1",2.63589352662256,-2.00287826725707,0.70094356889626,-2.8574030152112,0.00427123140149162,0.0653453796267367
"KCNC2",1.69173052111471,-2.403452250933,1.07295621430188,-2.24002826853173,0.0250890877218977,0.176849582631989
"KCNC3",8.09703997531819,-1.60388039074652,0.480508742380567,-3.33787972888999,0.000844202820193809,0.0247330321246281
"KCND3",3.14680025798808,-1.49674979234575,0.548538933982023,-2.7286117714204,0.0063601532312178,0.083185977362323
"KCNH2",3.06904691285047,-1.1347684924957,0.44383360853176,-2.55674304667827,0.0105657231827437,0.10996421845344
"KCNH5",2.25341682046515,-3.07261642434653,0.910040149469806,-3.37635259953823,0.000734537184465877,0.0225932841594635
"KCNH6",2.28634902942566,-1.52619387211152,0.620960870218631,-2.45779395338417,0.0139793353571724,0.129921256084715
"KCNH7",6.46522774265956,-1.56030653847418,0.640458549650857,-2.43623344449813,0.0148411031561886,0.134936164612985
"KCNH8",5.41937035845643,-1.10580163472773,0.336147987466195,-3.28962741399407,0.00100320125060024,0.0275132406854854
"KCNK12",1.68409554503069,-1.05004413753005,0.519386388780907,-2.02170130024912,0.0432072194737885,0.237223713503343
"KCNK16",4.67044509252606,-3.44243589072369,0.807180749355766,-4.26476460628081,2.00113062571601e-05,0.0026379893476953
"KCNK17",7.82422049945942,-3.17080730987081,1.02112203563349,-3.10521876839499,0.00190138337198429,0.0408479132960412
"KCNQ2",2.34751019895505,-2.95278816021105,1.05281745961493,-2.80465348788103,0.00503706987474715,0.0713777773423965
"KCNT2",2.0956611140484,-2.99769811598142,0.824355397154657,-3.63641473850752,0.000276459091683995,0.0123052379339519
"KIAA0319",3.31614469121983,-1.60013154600734,0.464957313950294,-3.44145902859891,0.00057858608604342,0.0197864334291983
"KIAA0408",8.83368930084377,-1.05612942199449,0.433690472160058,-2.43521472061465,0.0148829551310918,0.135099419969996
"KIAA1456",8.3426182684483,-1.51417596223022,0.530071805498642,-2.85654876664459,0.00428274208330397,0.0654360553771047
"KIAA1614",2.10246040834311,-1.00135448170363,0.497126615534011,-2.01428459151797,0.0439796627634821,0.238831171420411
"KIF19",3.08407773008345,-2.15317836150032,0.763133473374699,-2.82149641789217,0.00478001713397997,0.0691568157939646
"KIF1A",20.8942287889563,-1.25333465539017,0.572060384067018,-2.19091321527928,0.0284580732287695,0.189897937651116
"KIFC3",1.24222361689508,-1.75705497410643,0.694634835932612,-2.52946567493612,0.0114236347318957,0.11545123078105
"KLC3",2.12100366198649,-1.02695072546552,0.507961544952978,-2.02170958740703,0.0432063628279704,0.237223713503343
"KLF1",0.59392102506631,-1.77671535885326,0.753023134808358,-2.35944325841387,0.0183023795894859,NA
"KLF15",2.92702822951761,-2.8953374026998,1.25752724575568,-2.30240530570764,0.0213123260466337,0.164449499460929
"KLHDC1",2.24415721974337,-1.06415782453893,0.508199983655875,-2.09397453514977,0.0362622487446316,0.216814945427723
"KLHL26",4.34337494194253,-1.32439917957462,0.544406071838788,-2.43274138200062,0.0149849996836723,0.135605568565989
"KLK1",1.22786317457264,-2.07191390609377,1.01901898244647,-2.03324368023008,0.0420279100386895,0.234148930064886
"LCN12",1.83385786616823,-1.76306922189195,0.789767779492984,-2.23238940315318,0.0255892375731048,0.179354231530631
"LETM2",5.41524715052711,-2.09361542552662,0.752041167669246,-2.78391066278357,0.00537078250118195,0.0740472942721779
"LFNG",12.4402169396421,-1.48679990182492,0.567712579274888,-2.61893069856571,0.00882058648617884,0.0997752701765534
"LHFPL4",3.85182879075898,-3.45122513501461,0.71566512345186,-4.82240229671715,1.41839510632413e-06,0.000573178353483188
"LHX2",5.00209062211814,-1.33431898853172,0.503930212344036,-2.64782494846881,0.0081011461600438,0.0948999974688795
"LINC00854",1.71909867766527,-1.9120026364123,0.715966097730865,-2.67052119153697,0.00757335908972338,0.092000650285892
"LINGO2",2.79108911819197,-2.07244645445558,0.754925416060744,-2.74523338380863,0.00604678785540732,0.0800704032514332
"LMO2",3.8780252221521,-2.53911644627683,0.805690890058868,-3.15147717022257,0.00162446861430191,0.0375391865540489
"LNX2",16.4218007989562,-1.8488772857077,0.57421811806569,-3.21981704780724,0.00128272431179401,0.0323970823489525
"LONRF3",2.34741401776059,-1.77917182262125,0.786439842011475,-2.26231140333717,0.0236781703764837,0.172426967317172
"LRFN2",1.09367660837198,-1.96133592589803,0.973548673282936,-2.0146254416681,0.0439439096593768,NA
"LRFN5",2.90777748925252,-3.30463928391574,0.959567769660517,-3.44388316114961,0.000573423445411045,0.0197645569316825
"LRGUK",1.20911103641737,-1.30146776407732,0.641137216765258,-2.02993638498112,0.0423630060297901,0.2352939756972
"LRRC36",2.27758205990979,-2.67241415429312,0.889491337287501,-3.00442965801402,0.0026607927763862,0.0488900237630895
"LRRN2",12.6349152518887,-2.14399171954093,0.887081266540084,-2.41690564372216,0.0156530741745234,0.138444057548106
"LRRTM1",1.22731301841877,-2.30719364855145,0.792441226972122,-2.91150128239431,0.00359696430948222,0.0588726602553382
"LSAMP",3.08451525704587,-2.30332438430337,0.705572080049718,-3.2644777896272,0.00109666060733604,0.0290763928899797
"MACROD1",12.4251024542529,-1.99144387278112,0.631948557407851,-3.1512752888458,0.00162559195035144,0.0375391865540489
"MAMDC2",2.34254080453766,-1.03204800172649,0.421554501053658,-2.44819590147164,0.0143573569354739,0.132217231380968
"MAML3",7.1318253141953,-1.25786984431195,0.404437545561705,-3.11017079921438,0.00186979190357952,0.0405779468852749
"MAN1C1",5.47027632264656,-1.57887652757969,0.630867048468564,-2.50270882179126,0.0123246895020109,0.120160595901885
"MAN2B2",5.19125007972998,-1.34658765117135,0.54771282146912,-2.45856514287801,0.0139493466900722,0.129921256084715
"MAP3K5",3.15897550385606,-1.02563467439642,0.456657476578105,-2.24596054373588,0.0247065352977393,0.175370010390192
"MAP6",1.9423348100095,-1.81450147808757,0.696143386215898,-2.60650537520848,0.00914713882277516,0.101676633258121
"MAPT",2.92080142791734,-2.40430483920271,0.703819336515043,-3.41608238714727,0.000635290233736604,0.0207380675464046
"MAST1",4.70219874629556,-1.40954217318684,0.359126161529631,-3.92492200285036,8.67578437841252e-05,0.00649306243833665
"MDGA1",3.70348212676109,-1.66085046150337,0.700289161156387,-2.37166381207559,0.0177081950043727,0.148140230820161
"MECOM",3.85612253699849,-1.32678937095021,0.58192372292654,-2.280005641079,0.0226073539115454,0.16958987367046
"MEIS3",3.28054785150014,-2.66700531885157,1.14488045562862,-2.32950550054346,0.0198323019450821,0.157249490185668
"MESP2",3.80725120301322,-2.4026391329948,1.20744602305117,-1.98985220633169,0.0466072185207983,0.245258192117304
"MET",3.75961245236099,-1.13023600796494,0.469898214642522,-2.40527836187838,0.0161601512105497,0.140386072673412
"METRN",3.28823917313343,-1.23414912819888,0.500032414905852,-2.46813824745992,0.0135817854103434,0.128462423909455
"MFAP2",3.28491620258742,-1.19522360887749,0.508709193993236,-2.34952232629274,0.0187975167571414,0.15297784644232
"MFSD12",6.99162607466844,-1.49091346880884,0.409566282294671,-3.64022511925473,0.000272399775650472,0.0122308542944363
"MGAT5B",1.54107661359665,-1.63336922939488,0.628799591032951,-2.59759906445182,0.00938780365328142,0.102754126920808
"MON1A",3.18694924678231,-1.32476364680929,0.616240622569306,-2.14975059788484,0.0315749478001234,0.201649489520243
"MPPED1",4.80474780820881,-3.08504891589269,0.805071331013033,-3.83201934667172,0.000127095741853148,0.00830129119706156
"MRAP2",3.3561262417135,-2.12295558690662,0.664842860904374,-3.19316896028453,0.00140720582554933,0.0345724215295862
"MS4A8",12.0084351204878,-1.81557121459359,0.864116239611282,-2.10107290126883,0.0356345672756006,0.215583019250218
"MT-ATP6",15133.1716745093,-2.14409416665257,0.657818707988789,-3.25939980212467,0.00111648210227987,0.0294023679923996
"MT-ATP8",18504.8247291653,-2.47532408776219,0.693243007081519,-3.57064414999734,0.000356104412932263,0.0144888972688861
"MT-CO1",16554.6089146048,-2.14080079486002,0.621153697510173,-3.4464912684915,0.00056791691719735,0.019694549257969
"MT-CO2",16313.9730056424,-2.44222303924882,0.6820804412662,-3.5805498757817,0.000342871884669718,0.0142239300456544
"MT-CO3",12703.7822815383,-1.68934747953156,0.598043962895042,-2.8247881165018,0.00473118909735027,0.0689136802044624
"MT-CYB",14790.6717972921,-2.92333363941731,0.734822736606973,-3.97828414090144,6.94143895059047e-05,0.00594042886600272
"MT-ND1",4660.96148937635,-1.8122800509529,0.644757216341026,-2.81079452082371,0.00494193356907975,0.0708001460831852
"MT-ND2",6122.75810499214,-2.66196347997678,0.695054092332918,-3.82986519947249,0.000128213474414894,0.00830129119706156
"MT-ND3",4381.46924214963,-2.41441661987006,0.629643955959705,-3.83457444007384,0.0001257818759077,0.00828111125709179
"MT-ND4",37818.705103078,-2.99371698952177,0.745364160780208,-4.01644880052739,5.9081692343911e-05,0.00524529054983555
"MT-ND4L",21753.2560028373,-2.60660940639993,0.693061701101879,-3.76100627441359,0.000169231184434396,0.00965217313114457
"MT-ND5",45397.6757348122,-3.87776326251173,0.801893437561844,-4.835758818905,1.32638665736121e-06,0.000558089148375932
"MT-ND6",70624.1432094721,-4.91188501783679,0.889253173413126,-5.52360695996622,3.3210995440058e-08,7.78399311124079e-05
"MVB12A",2.65829497226365,-1.06214165387089,0.492765148716569,-2.15547235155995,0.0311248899422642,0.199645640521836
"MYADM",11.8017231616301,-2.18737558758852,0.717031035531536,-3.05060099102547,0.00228383859104589,0.0446596252848786
"MYT1",4.49793000063373,-2.08916770209798,0.528849160053111,-3.9504037444026,7.80194705396301e-05,0.00623866170996409
"MYT1L",2.17005424516727,-2.92795807567627,0.978957420009196,-2.99089420625544,0.00278161843362738,0.0502277140580575
"NAT16",0.7423816297336,-1.96635489984436,0.862020078111297,-2.28110104367022,0.0225424684022365,NA
"NATD1",1.97817236603583,-1.14496063075331,0.562271048817337,-2.03631439527534,0.0417187952346096,0.233503533675705
"NAV1",11.6684907639228,-1.23012736520224,0.458074768661727,-2.68542921234471,0.00724367171301087,0.0897342376371822
"NBEA",2.90049144418151,-1.17046773100705,0.531184613941519,-2.20350458256292,0.0275592043406796,0.18733544992368
"NCALD",4.78365635680906,-3.4708409385683,0.764742487316068,-4.5385747439632,5.66357212366084e-06,0.00125229059843739
"NGB",30.6657370854507,-3.99677680853684,0.928926712783632,-4.30257495401339,1.68824530609877e-05,0.00244253663483598
"NKAIN2",7.71694287782278,-2.15941112760188,0.808642931176556,-2.670413657682,0.00757578526545659,0.092000650285892
"NKX2-1",17.278954710637,-1.89210687766948,0.667028590096028,-2.83662035745287,0.0045593790164919,0.0677341407649899
"NLGN1",3.61308146551497,-3.16605651670082,0.870819941090983,-3.63571889813905,0.000277206486437691,0.0123052379339519
"NOL4",6.1774954394161,-1.77594375986919,0.470035626548755,-3.77831734353646,0.000157891596941539,0.00936415276717605
"NPAS3",1.24615081860646,-2.45763939258293,1.14492343435024,-2.14655348894809,0.0318288461041814,0.202440755587729
"NPDC1",12.211743076086,-1.383181665977,0.414000260525501,-3.34101641438895,0.000834722879641933,0.0245165850288817
"NPM2",1.42949900422813,-1.20316308095026,0.600501851822063,-2.00359595444973,0.0451133595771146,0.241517524346564
"NPTX2",2.49664653263628,-1.6549137509334,0.766191027719294,-2.15992316675849,0.0307786180078856,0.19872982062502
"NPTXR",3.84088861099848,-1.84916279696338,0.554613901970583,-3.33414433066529,0.000855622476595617,0.0248194054535248
"NR0B1",1.09063864563842,-1.96412644175099,0.8786496514199,-2.23539204571123,0.0253916218614451,NA
"NR2F1",11.5625484413899,-2.3615892783048,1.02856285091259,-2.29600872344308,0.021675382598538,0.165805358141167
"NRCAM",6.96648959366331,-1.26400257047943,0.464171940854382,-2.72313438023167,0.00646657486477828,0.0840152891799741
"NRG1",14.1722600915018,-2.45517367960948,0.709483000662087,-3.46051093164787,0.000539151342751719,0.0192046036039738
"NRSN1",3.42453604965468,-2.466931971975,0.636115581007912,-3.87811908028757,0.000105267191242607,0.00747652251013404
"NRXN1",9.51658600335184,-2.32807021142325,0.685323948150072,-3.39703612825369,0.000681199726881225,0.0217052210303295
"NRXN3",4.13196521912578,-1.48071466874147,0.71319984921608,-2.07615673274329,0.0378794574971571,0.221511657888814
"NSUN6",8.80903923191003,-1.3709784887576,0.500464968845697,-2.73940949737144,0.00615496580048871,0.0814108851195567
"NTN3",7.70124706769384,-1.35326491751237,0.558223196860637,-2.42423626449587,0.0153406214625054,0.137576070482727
"NTN5",5.51757605404557,-3.20683488535698,1.08235045405264,-2.96284338713919,0.00304811612201812,0.0533944287502695
"NWD1",2.11077426975701,-2.26954945177028,0.76788229032648,-2.95559551295985,0.00312066055459867,0.0537809132931497
"NXPH1",0.809785218200682,-1.68572864312526,0.801598223982388,-2.10295955341625,0.0354693052528295,NA
"ONECUT2",8.98954674837425,-1.20612685564622,0.291469087368675,-4.13809528322503,3.50200943006862e-05,0.00356295471613135
"OPRD1",2.42218597313081,-2.02797471268428,0.768728382907885,-2.6380900689695,0.00833744342837215,0.096167814505013
"OPRL1",4.10092866380413,-2.43034767315703,1.03216448897558,-2.35461275708985,0.0185420172649017,0.151650992846896
"OR51F1",1.37412589921518,-1.84916218974876,0.937912684099266,-1.97157179031502,0.0486585101596864,0.251867968445832
"OR51F2",1.8163106058559,-2.49115614777793,0.887367966988163,-2.80735415346716,0.00499502928599708,0.0710397429643201
"OR51H1",1.28158550017566,-2.13908565552009,0.999536449395882,-2.14007768982607,0.0323484887545583,0.204171088614775
"PAH",0.86909012830681,-1.70922247408873,0.792422165353768,-2.15695944512818,0.0310088244811228,NA
"PAM16",8.94588726210166,-1.09889965764707,0.444420462924524,-2.47265765040548,0.0134112547426933,0.127363447592887
"PATE2",3.21214000166642,-1.31485334168408,0.670501342553921,-1.96100031161137,0.0498789865462981,0.255142664048916
"PAX5",1.46462036667965,-2.18867998323208,0.775622115920394,-2.82183802950858,0.00477492864875627,0.0691568157939646
"PCBD2",69.2092848100382,-3.11033634095736,0.751928695312423,-4.13647778086861,3.52677487047731e-05,0.00356295471613135
"PCBP3",2.48578024986996,-2.39455419094764,0.638981887433225,-3.7474523739108,0.000178639741581987,0.00992170204549435
"PCCA",5.11725061424815,-1.01261089128653,0.328677845747785,-3.08086141000074,0.00206402695260603,0.0426601972797004
"PCDH17",1.21341365288734,-2.29427797675559,0.875349899757129,-2.62098388015142,0.00876764075545146,0.0994529122675908
"PCDHA10",3.70434112545089,-2.19123538316785,0.706570906519452,-3.10122503339659,0.00192721768219049,0.0410151092807944
"PCDHA13",2.25939037128616,-2.72911340712081,0.668003439034412,-4.08547807937291,4.39861533542714e-05,0.00426011348065046
"PCDHA2",3.70288730319348,-2.46116563942987,1.05503804512053,-2.33277430213307,0.0196599940934444,0.156804646131415
"PCDHA3",3.6543511314785,-2.19454065963258,1.05081571047246,-2.08841630150913,0.0367602982581293,0.217792687202739
"PCDHA4",4.0210777226546,-3.28462336263673,0.833023890157744,-3.94301220102432,8.04645601136512e-05,0.0062806110137915
"PCDHA5",3.39836905463122,-2.78077800995592,0.788678427145519,-3.52587051229542,0.000422093291378717,0.016165069547932
"PCDHA9",3.03892493562758,-1.97368084117785,0.735824121310439,-2.68227254858525,0.00731238581347111,0.0898258378910565
"PCDHAC1",1.93355994528087,-2.56669064043355,0.663474163088624,-3.86856155556234,0.000109479299877601,0.00754698773685653
"PCDHAC2",1.37322076334738,-1.48482213508665,0.656115889991262,-2.2630485829362,0.0236326945946536,0.172426967317172
"PCDHB5",2.8198132105655,-1.11382040493658,0.5199748785556,-2.14206580139136,0.0321881873802837,0.20366809135722
"PCED1B",1.65036907080058,-1.42798975471604,0.679949323469902,-2.10014144499587,0.0357164004543171,0.215641677961948
"PCLO",3.61826585443669,-1.16534353611735,0.381379619010523,-3.05559992728714,0.00224610742169657,0.0443133550081854
"PCSK1",3.46389498811821,-2.15557705385218,0.72158752352949,-2.98727040527064,0.00281480632936835,0.0505931217390609
"PCSK2",4.94421826161119,-1.68113566358247,0.581931703825277,-2.8888882536072,0.00386606435022619,0.0613907969109765
"PCSK4",1.25167832324755,-1.90135166484745,0.709774040758754,-2.67881263002362,0.00738837247180806,0.0902860656904262
"PDE1A",1.21056615409918,-2.3374914882001,1.03025519121239,-2.26884708578791,0.0232776264670741,0.17121871966838
"PDZD4",2.83406080304151,-1.39261571691033,0.52326747489051,-2.66138406022987,0.00778201362525646,0.0930585894636535
"PEG10",87.9202027732894,-3.0416306193785,0.688853233486164,-4.41549879062823,1.00777343352288e-05,0.001789408616281
"PGBD5",5.30638225455462,-1.28436826993318,0.409384623369807,-3.13731438997644,0.00170503191376321,0.0384947027933015
"PHACTR1",3.26017847449902,-1.92214702199275,0.539436163354186,-3.56325206311891,0.000366288651707122,0.0147004681827252
"PHYHIPL",5.14159166266444,-2.31657989099851,0.50573319894125,-4.58063638267816,4.6356320298398e-06,0.00106519552466064
"PIANP",5.7150093911028,-1.89033874499376,0.838837969564684,-2.25352071982954,0.0242263358056972,0.173315723145685
"PIAS4",11.2370230583297,-1.20414257992355,0.420825779270064,-2.86138026527788,0.00421800795501708,0.0649024724679421
"PIP5K1C",10.0487803754807,-1.78511341797147,0.520653234488836,-3.42860333850427,0.000606695518593134,0.0202560250210625
"PLBD2",18.1407798944388,-2.24183859404097,0.636191482873004,-3.52384251344729,0.000425336972014365,0.0161835193994687
"PLOD1",6.33326622472113,-1.18140531671726,0.546587928968392,-2.16141860093214,0.0306630185211919,0.198311210844287
"PMFBP1",1.16564876381627,-1.29490721871705,0.651920846321687,-1.9862951553448,0.0470005602719195,NA
"PNMA2",2.55999581683113,-1.80424539905334,0.730312031988008,-2.470513041038,0.0134919399511123,0.127818952536043
"PNMA6A",6.82587655174611,-3.79332830181036,1.01464531525733,-3.73857568232924,0.000185065782001698,0.0100873762757112
"PON1",1.27540129113314,-2.13761400214568,0.731886985995349,-2.92068863506102,0.00349258690288973,0.0577880364460746
"PON3",4.45809566120101,-2.18038471122822,0.65960994655255,-3.30556675596539,0.00094784522186933,0.0267014378728045
"POU2F2",4.31434584467704,-2.29669166848519,0.653881290406212,-3.51239850746978,0.000444081580123286,0.0165553617093502
"POU3F3",3.51186270888014,-3.4299685685121,0.88583212202448,-3.87203001926963,0.000107932655057156,0.00750263890200666
"PPFIA3",1.66208533783066,-1.18532023146992,0.582943850716289,-2.03333516600864,0.0420186726499294,0.234148930064886
"PPP5C",18.6020901979356,-1.04333864303199,0.393585959245296,-2.65085331050072,0.00802887037103121,0.0944837920209545
"PRIMPOL",26.6011256436187,-2.33428894955435,0.612118210376811,-3.81346104393366,0.000137034133964666,0.00868055684287525
"PRKAR1B",4.62765886045701,-1.36798474377652,0.562140825813421,-2.43352676226112,0.0149525300249309,0.135513437016214
"PRKCB",4.65766512974875,-3.0593835349366,1.25452685056845,-2.43867521332871,0.0147412105112882,0.134437545511118
"PRKD1",2.81281689455193,-1.91946709168652,0.613453031430366,-3.12895526363439,0.00175429015018885,0.0391552374173602
"PRMT8",0.588370822796445,-1.74647299475667,0.826225721564649,-2.11379644711293,0.0345326565600128,NA
"PROP1",2.25808657524576,-1.79311565719861,0.900791679697278,-1.99059971091341,0.0465249120715118,0.245155325794086
"PROX1",19.1073020906087,-1.10467977615581,0.409857468628028,-2.69527789710324,0.00703299476005131,0.0882437533116074
"PRR36",42.6684911423116,-1.7865964725099,0.665290610044304,-2.68543768022057,0.00724348816666126,0.0897342376371822
"PRRG3",7.94618624383526,-1.7312385663678,0.760775375379017,-2.27562382063864,0.0228685343665177,0.16968783592927
"PRRT2",14.908222520578,-1.90416581447288,0.61503699475172,-3.09601833828152,0.00196138230834581,0.0413407181142169
"PRSS45",1.8741149425524,-1.13733418143858,0.574813998657785,-1.97861253221791,0.0478596475771882,0.248831947629578
"PRSS50",1.50550800027379,-1.47939632943738,0.685274195834323,-2.15883851811495,0.0308626970554067,0.199053355416792
"PSD",3.31763487162398,-2.42870971478068,0.630237694557796,-3.85364083385202,0.000116374273482497,0.00788317983203108
"PTP4A3",2.95711511662865,-1.2619077938847,0.445063492694321,-2.8353433040427,0.00457764651300214,0.0677341407649899
"PTPRH",2.32025938899509,-1.63399877944277,0.691679369239228,-2.36236448867919,0.0181587788431577,0.149966687288911
"PTPRN",2.13119510087115,-2.43131269400016,0.743358010287385,-3.27071567179346,0.00107275707733218,0.0287116864814139
"PTPRN2",5.1265026977442,-2.04262342118115,0.543198838644674,-3.76036043500694,0.000169668714482104,0.00965217313114457
"PTPRS",5.00298310315935,-1.47364056055749,0.516470441279908,-2.85329119108064,0.00432689532159457,0.0657700624166045
"PTPRU",1.82447804092958,-1.68277752907428,0.830900060892805,-2.02524660699402,0.0428420480813909,0.236648872713262
"PURG",0.82881025767554,-1.63062350418674,0.828824399588543,-1.96739321983792,0.0491378954072305,NA
"PWWP2B",6.28456653036501,-1.26108975358496,0.571750304955103,-2.20566520499537,0.0274074498922653,0.186954543240662
"PXDN",4.67251106612747,-1.88478642087625,0.691138122782221,-2.72707633792349,0.0063898254352179,0.0832107250548879
"RAB17",1.90118047370772,-1.2180003765357,0.590940246734192,-2.06112273324915,0.0392913325223577,0.22682518513769
"RAP1GAP",3.49809551197605,-1.38658643311995,0.703459917345051,-1.97109515258965,0.0487129930963324,0.251935144343873
"RAP1GAP2",2.12098799606446,-1.11819777634581,0.494041786793131,-2.26336679657024,0.0236130877817364,0.172412321317239
"RASA4B",3.90089391546611,-1.78924596401044,0.750822565664086,-2.38304766776408,0.0171699708747131,0.145255498037083
"RBFOX1",2.16648226566408,-2.98952645586393,0.878954310092475,-3.40123078246172,0.000670831682220486,0.0215382917368271
"RBFOX3",1.27318013304162,-2.19850605271258,1.02774170830349,-2.13916204329363,0.0324225470525869,0.204389364663403
"RFX2",6.80626801082589,-2.29928338799683,0.616966353123815,-3.72675653438009,0.000193959649425869,0.0103790553955331
"RGL3",4.05006758325092,-1.56661272678791,0.488051240623432,-3.20993493385394,0.00132765021536415,0.0332451557133601
"RGS11",1.88808669300231,-2.51845486717854,0.971693352352347,-2.59182062024164,0.00954695359658047,0.103878491572542
"RGS17",7.49545008845116,-1.87052689675574,0.495135217199111,-3.77781024613229,0.000158213349936075,0.00936415276717605
"RGS7",5.47679035032599,-2.84974298049407,0.820191111709109,-3.47448654321039,0.000511832035753108,0.0185128383549095
"RGS8",0.533961641391777,-1.66311134304823,0.848343551530934,-1.96042197768458,0.0499464891398738,NA
"RHOBTB2",22.0699351483019,-3.14960776610677,0.756544764791117,-4.16314792288118,3.1388987138942e-05,0.00329190049249104
"RHOJ",1.83710478217513,-2.51086787623298,0.970937119179522,-2.58602521897068,0.00970898265361839,0.104400285623667
"RIIAD1",0.95563443680813,-1.73735345805429,0.704824745515099,-2.46494390145823,0.0137034704451275,NA
"RIMS2",8.15465293208296,-1.62804525123841,0.340889800253371,-4.77586965062709,1.78932274100453e-06,0.000616224228159679
"RIN2",1.65562785577824,-1.34287390034374,0.573007921036229,-2.34355207152335,0.0191010957371515,0.154163733432285
"RIPPLY3",12.5321733643292,-1.16312680872589,0.475385342854781,-2.44670313506321,0.0144169530789907,0.132615599005253
"RLF",27.6668870001912,-1.46314650255523,0.477163642508658,-3.06634112956057,0.00216695931240033,0.0436333267732293
"RNF224",3.61431196800835,-2.32327117400185,0.774973032120658,-2.9978735745738,0.0027187042855942,0.0495497597556429
"ROR2",0.884577463169802,-1.67458522252853,0.82724381425424,-2.02429464406231,0.0429398443886409,NA
"RORA",3.18337658243624,-1.22850058208129,0.487673056636403,-2.51910694134827,0.0117652917115646,0.117328966142646
"RORC",1.72114244583127,-1.74925063956735,0.729432188956978,-2.39809905026076,0.0164804080667186,0.142219368287095
"RPH3AL",1.64305672315889,-2.25728449865332,1.04069601523353,-2.16901426123631,0.0300816012073739,0.195915100055334
"RTBDN",1.58896587489995,-1.15200558602331,0.570963413365904,-2.01765219811912,0.0436274965102348,0.237670641985309
"RTN4RL2",30.6195667966572,-2.86778832369731,1.18938376191784,-2.41115476393684,0.0159020989809091,0.139358844474835
"RUNDC3A",5.31664695125059,-1.50129399098464,0.418478486804981,-3.58750578183071,0.000333856332024639,0.0140736055935135
"RUNX1T1",5.20169013548529,-1.86618185519447,0.80732330895863,-2.31156692057073,0.0208015613349655,0.16197574570396
"S100A5",2.5419402706017,-1.22469464287185,0.53490618893957,-2.28955033274107,0.022047396979374,0.167340314249536
"SAMD4A",3.86482350613635,-2.41084519563378,1.16139895538978,-2.07581140351954,0.0379113972681229,0.221587862635976
"SAPCD2",4.98503023027977,-1.0310221044865,0.371014257478099,-2.77892852823145,0.00545385235235196,0.0745784080714266
"SAR1A",37.2279496667176,-1.38517908791816,0.525386494256374,-2.63649542396161,0.008376733002249,0.0964758380594779
"SARDH",1.07869448820182,-2.29812366308004,0.727014882769726,-3.16104074008062,0.00157206508947781,NA
"SBNO2",8.64189317334948,-1.65455155678736,0.562900330486063,-2.93933307048987,0.00328919397437178,0.055565710811144
"SCAMP5",3.09131783862219,-1.17460368285325,0.465319225422287,-2.52429648009337,0.0115930110327498,0.116416877714477
"SCG2",5.42572955244634,-1.79333195724911,0.695533237096907,-2.57835551430197,0.00992718053918857,0.106049798303328
"SCG3",2.33625727589769,-1.0709221909732,0.422438749355809,-2.53509459680555,0.0112416964252886,0.114358889243019
"SCGB2B2",5.82715079160166,-1.44141420794845,0.324413937868539,-4.44313279946853,8.86584052976822e-06,0.00165381273886167
"SCGN",3.42791296927404,-1.54555677799921,0.751364736936779,-2.05699935333704,0.0396862880717981,0.228039285836094
"SCIN",2.34004383916425,-3.11651821442287,0.884162062987109,-3.52482688964716,0.000423759616522983,0.0161760226255141
"SCN3A",11.6862425158313,-1.41569463174317,0.547699199571903,-2.58480317818561,0.00974346002568768,0.10456374362732
"SCNN1D",1.68963512507344,-1.37936538081437,0.676481022987476,-2.03903041466384,0.0414469921559743,0.232818910149296
"SCRT1",1.45608949676648,-2.42984966829401,1.04493250225033,-2.32536519159006,0.0200524410953417,0.158139002150948
"SEMA6D",3.24953157136487,-1.45156144359949,0.583158964295092,-2.48913509432903,0.0128054296940196,0.123308817242577
"SERGEF",8.84626988664965,-1.21714040217309,0.355205356559634,-3.42658234087961,0.00061122841301774,0.0203420427442223
"SEZ6L",13.8457900555666,-2.93401377998814,0.613596632436102,-4.78166538877424,1.73848885856845e-06,0.000616224228159679
"SEZ6L2",1.71700235547704,-2.06890825846881,0.649885572381307,-3.18349621286087,0.00145508016752642,0.0353578708194906
"SGCE",7.78768065976574,-1.24387535715693,0.411842306685879,-3.02027095556665,0.00252548642691294,0.0475492126216601
"SGIP1",1.87414726828964,-1.43681483970271,0.582944303189061,-2.46475492056866,0.0137106995356928,0.129368508742982
"SGSM1",1.92775167869705,-2.40802189197143,0.658779670601459,-3.65527656579465,0.000256904873409007,0.0118865506233817
"SH3GL1",9.67876421276146,-1.25755535067999,0.431053547493347,-2.91739937646471,0.00352963513193868,0.0581769256134872
"SH3TC1",3.004671475099,-2.1061557869052,0.967998791350978,-2.17578348828904,0.0295714539112573,0.194362236896256
"SHC2",21.5746656197681,-2.63549140714321,0.734013120434879,-3.59052356663838,0.000330014388658144,0.0139618722768404
"SHD",1.78711125833671,-1.59040596629984,0.714188846087381,-2.22687035090611,0.02595593990104,0.180950422189344
"SHISA7",4.68943750379055,-3.39715659428791,1.55465091722487,-2.18515716721282,0.0288773248616964,0.191487534107275
"SIAH3",1.1757617953457,-2.36305076527651,1.09913287326329,-2.14992274615596,0.0315613260751799,0.201649489520243
"SIRT6",4.60846973350428,-1.26103284273475,0.452192004305485,-2.78871105797536,0.00529182540953589,0.0735645337774034
"SIX1",3.47275989007397,-2.20795866371249,0.997431694907356,-2.21364397681143,0.0268532796083317,0.184462827508816
"SIX2",7.77462431128402,-2.04005707589735,0.669158764252845,-3.04868916747313,0.00229842157201562,0.0448173084899351
"SIX3",4.58615061001204,-1.35219961865352,0.646094128098687,-2.09288331196066,0.0363595722974752,0.216895657083096
"SLC17A7",0.851382218490993,-1.83073519917495,0.800666986207561,-2.28651265846043,0.0222242844330805,NA
"SLC18A1",3.35240802730362,-2.45414116897817,0.680291362580805,-3.60748541576062,0.000309178910885889,0.0132720426984312
"SLC1A5",9.21631001149713,-1.28480850952851,0.58146182202174,-2.20961800219528,0.0271316848509964,0.185824411052502
"SLC22A17",4.6120720580396,-1.34266761863033,0.582558856690918,-2.30477590926524,0.0211791269894782,0.164043746985919
"SLC26A10",6.3511036528382,-1.24422987346647,0.623510913665392,-1.99552220530047,0.0459859547822178,0.243519839174338
"SLC35D3",10.0189895264416,-2.84665020496245,1.13631838373131,-2.50515194132031,0.0122398800263951,0.119943285717834
"SLC35F1",1.42447278774914,-1.91692731549599,0.841187907370869,-2.27883365737786,0.0226769553324202,0.16958987367046
"SLC35F3",4.05388939948904,-3.63218928913519,0.89457810271542,-4.06022601951688,4.90252350821151e-05,0.00452837168106576
"SLC38A10",47.1037619886113,-3.05282470499443,0.706917074956446,-4.31850469191526,1.57089883202322e-05,0.00233599089697729
"SLC38A3",1.65632129385016,-1.72037347385383,0.818425111622696,-2.10205362643729,0.0355485784825733,0.215516705244323
"SLC45A1",4.18758790302697,-2.57217711581201,0.99074414090854,-2.59620724423689,0.00942591925876672,0.103043234881984
"SLC6A3",2.1076871729304,-2.40173074950228,0.917799984266687,-2.61683459432748,0.00887493355713232,0.100005140726955
"SLC7A14",1.51663627868745,-2.35328604906067,0.737437953651727,-3.19116481245291,0.00141700423133893,0.0347403192197926
"SLIT1",1.02272932425926,-2.28105198549816,0.79107485402085,-2.88348438065513,0.00393302151119495,NA
"SMARCA1",3.38882217328189,-1.3399271544125,0.443942752072778,-3.01824311390681,0.00254244851602721,0.0477483239732738
"SMIM17",5.18837822711975,-1.18394405935153,0.564740744190433,-2.09643818253052,0.0360433382671676,0.216434692203139
"SMOC2",3.45256350927113,-1.61080964669658,0.621527356875744,-2.59169548834294,0.00955042643454065,0.103878491572542
"SMPD3",3.88000782304591,-1.64295884007467,0.505988645379049,-3.2470270925623,0.00116617288170491,0.030302394680044
"SNAP25",4.06866690831171,-1.21610457537586,0.343559639528477,-3.53971897585211,0.000400553314385181,0.0156508938520047
"SNCAIP",5.2020260215857,-1.79164018001639,0.553526935467468,-3.23677144727077,0.0012089019086931,0.0311365306988449
"SOBP",3.04153995871258,-1.46035437617191,0.515492066889439,-2.83293278397846,0.00461230833744505,0.0680514802826739
"SOGA3",6.49208783818896,-1.18526754817154,0.388172092328055,-3.05345894668244,0.00226219672125285,0.0444098165480876
"SORBS2",1.08367992805436,-1.53633542410461,0.692668655397952,-2.21799472537408,0.0265551920612856,NA
"SORCS2",2.1160293866227,-2.41847287515477,0.891294336736567,-2.71343906886013,0.00665888127686336,0.0850059146879757
"SPANXN2",14.0044403238502,-4.89894362923728,2.15451424764092,-2.27380423898397,0.022977759277308,0.170212617554217
"SPOCK3",1.33338353599587,-2.53777751436492,1.12977571328948,-2.24626665674718,0.0246869329397947,0.175370010390192
"SPPL2B",14.4040156768709,-1.38536757504889,0.358579156393427,-3.86349164570203,0.00011177771788319,0.00766036886475498
"SPTBN4",1.29414742281267,-1.96425987868352,0.681708766588577,-2.88137687962136,0.00395941889775982,0.0622824564601977
"SRPK3",5.10394981748108,-1.06013350505101,0.37790568258253,-2.80528595867168,0.0050271957741653,0.071324100820149
"SRRM3",6.12425199687471,-2.6824423209284,0.644725726499638,-4.16059451434021,3.17420219857912e-05,0.00329190049249104
"SRRM4",2.80962573455943,-1.67421276983385,0.542418586765001,-3.08656969116582,0.0020248047634216,0.0422218630294265
"ST8SIA3",3.56734199354725,-3.20354222715216,0.668877809649275,-4.78942817497852,1.67257250868436e-06,0.000612527413414752
"ST8SIA4",2.30207905270131,-2.38204341094326,0.877005769241134,-2.71610916881929,0.00660541332359779,0.0846923837409655
"ST8SIA5",4.8463585476007,-1.34850915947713,0.62637903713672,-2.15286444712675,0.0313293333518179,0.200537715530216
"STAP2",15.4592334095946,-2.85958478430789,0.787346213661396,-3.63192803202795,0.000281311582996431,0.0123471552102441
"STH",1.91406955823392,-2.56854276154901,0.691087506332618,-3.71666791544163,0.000201867495442858,0.0106562395454723
"STK32A",3.13609207653196,-1.45517686776164,0.539509598433487,-2.69722146183658,0.0069920752272153,0.087824361830371
"STK32C",1.69754157621943,-1.97157828003601,0.689068868568422,-2.86122094607477,0.00422012834035087,0.0649024724679421
"STKLD1",2.87728216686825,-1.32818040060483,0.59614995265318,-2.22793006137757,0.0258851791839604,0.180564532652876
"STMN2",2.28181003605117,-2.32314659329156,1.03962609452295,-2.23459819403395,0.0254437395185182,0.178869336183272
"STRA6",1.85596324964408,-1.46388013173261,0.726246936512733,-2.01567821925944,0.0438336346187588,0.238258981492224
"STXBP5",7.68013930859789,-1.35763109619549,0.516333956602434,-2.62936628287811,0.00855441666820039,0.0978996181002347
"SV2B",1.93148636027164,-2.20131935275762,0.706463460197506,-3.11597057283358,0.00183340567217235,0.0401601515367995
"SYN3",1.84150246790147,-2.15584263101738,0.742859262918514,-2.90208756709527,0.0037068490737285,0.0598804855307167
"SYP",6.84474590373333,-1.01615451109596,0.314557290559141,-3.23042746613725,0.00123605262883831,0.0315583894495778
"SYT14",4.70247530463275,-1.51617223320053,0.383422271621703,-3.95431446062797,7.67544067583383e-05,0.00620334408828252
"SYT17",1.92295077477837,-1.83330448781584,0.645941449209088,-2.83818988557028,0.00453701829867969,0.0676454420384571
"SYT4",6.87128252302357,-2.11797413888423,0.672233108301144,-3.15065430834959,0.00162905177837685,0.0375391865540489
"SYT5",2.75458257611852,-2.09482159455697,0.754841114794889,-2.77518215886556,0.00551707969616761,0.0752673538526056
"SYT7",8.302522907452,-2.36139398829265,0.666672041553824,-3.54206242516022,0.000397011507567863,0.0156126773731134
"SYTL3",1.2642468241209,-1.37158297169333,0.699221711807058,-1.96158521472199,0.0498107950242382,0.255142664048916
"TAS1R1",2.05670525433085,-2.88765346734306,1.37259939237712,-2.10378460268886,0.035397240518425,0.215044199914683
"TENM3",11.6235978238418,-1.89150161898328,0.682638771055391,-2.77086754984475,0.00559071631238083,0.07591842927554
"TEX12",1.66129605630854,-1.65166328001379,0.783424829648654,-2.10826006211026,0.0350085005060437,0.214125583209982
"TEX15",4.17788018237538,-2.62541479266917,0.781161122880524,-3.36091328122933,0.000776852121591803,0.0234464075180046
"TFEB",3.48997651035517,-1.36734178619664,0.450839363666801,-3.03288021497429,0.00242231731396254,0.0463085425812838
"THAP8",9.24786088934528,-1.63853084991479,0.528068855181393,-3.10287348673869,0.00191651550093247,0.0410151092807944
"THEG",0.87389173279254,-1.77251966833666,0.90164142380525,-1.96588091622498,0.0493123679848083,NA
"THSD4",0.758005730091502,-1.5557118975637,0.75488656458444,-2.06085519407821,0.0393168569742874,NA
"TIGD4",5.84351296455871,-1.68923209041414,0.625959952592248,-2.69862645911872,0.00696262790548913,0.0875483223438059
"TIMP3",4.47377287482775,-1.51393985140456,0.568961199481633,-2.66088417414733,0.00779357617671596,0.0931018544494744
"TLDC1",2.91206273552845,-1.71241020564481,0.584321930606426,-2.93059376338592,0.00338314878556518,0.0562370505220403
"TLE2",3.06117243636064,-1.78768704743386,0.567447532483044,-3.15040060111157,0.00163046727161114,0.0375391865540489
"TMEM130",1.58656951704442,-2.44442207669937,0.977334340778676,-2.5011114157227,0.0123804222812965,0.120499811355204
"TMEM132E",0.652240389816903,-1.86198968545402,0.94529892694168,-1.96973637902891,0.0488685913677161,NA
"TMEM143",3.72168009901477,-1.54460313507175,0.556295949138754,-2.7765852644857,0.00549332245522181,0.0750305895719631
"TMEM145",3.78101597677464,-1.37621029441965,0.400070227042052,-3.43992179721736,0.000581882294083498,0.0197864334291983
"TMEM150C",6.85282902259843,-1.17586182953107,0.551746916374724,-2.13116157903902,0.033075833051128,0.206203638373455
"TMEM178B",6.01892829978081,-1.66351469755788,0.525149208216099,-3.16769914441791,0.00153650436167891,0.0364499890982088
"TMEM179",0.928798139765387,-2.01459285361909,0.760786731925635,-2.64803889063619,0.00809602109782005,NA
"TMEM190",9.14850112252869,-2.14775938341813,0.740243944153738,-2.90142107933554,0.00371474337769885,0.0598804855307167
"TMEM221",1.79073184200762,-1.89076292991155,0.949605381841576,-1.99110384804768,0.0464694715036485,0.245083589807046
"TMEM255B",1.81350943489839,-1.26390812275172,0.619103970530971,-2.04151189931433,0.0411999723372329,0.231942002534978
"TMEM45B",2.77604542298236,-1.20642595131277,0.500269470034325,-2.41155222050626,0.0158847769090967,0.1393442324154
"TMEM61",1.13814933104943,-2.03241263501297,0.732224009453756,-2.77567057180925,0.00550879943753789,NA
"TMEM63C",2.73522486735017,-1.75297518749132,0.592145421441905,-2.96037953518704,0.00307260258976358,0.0534045632015734
"TMEM88B",8.36148694369162,-3.31752397613389,1.07353606165987,-3.09027716405207,0.00199969793986264,0.04192211119365
"TMPRSS6",9.07720084626668,-4.4523353660927,1.1958479204329,-3.72316185864246,0.000196743302552964,0.0104801580119008
"TNFRSF13C",8.27644036819766,-1.46262843594826,0.436286545657882,-3.35244909682637,0.000800999695945552,0.0237643428779391
"TNFRSF19",1.41138884116303,-1.54755874074196,0.771287020417771,-2.00646283390548,0.0448068902531456,0.24054784150837
"TOM1",5.61809771331932,-1.45880367827356,0.552887488467966,-2.63851815912105,0.00832692405961291,0.0961411064577376
"TOX2",2.42111378930776,-1.21017594578232,0.586698637477527,-2.06268749998363,0.0391423282968701,0.226299430345841
"TP73",7.45142225496078,-1.3260305494751,0.463124843843851,-2.86322482393579,0.00419352891953378,0.0646631123789689
"TPGS1",3.27042260432913,-1.01574854014455,0.384138266334458,-2.64422638712115,0.00818778735433762,0.0952521374758116
"TPH1",2.39952714563523,-1.39142962825783,0.620272198458027,-2.24325647952121,0.0248802800667096,0.175751658891965
"TRIM61",1.39222240190146,-1.47981648725834,0.664684393640142,-2.2263445650561,0.0259911105643902,0.180980288000053
"TRIM69",1.28172245944782,-1.36831579628932,0.647024726485041,-2.11478130630755,0.0344485908511146,0.211584400515834
"TRIM9",5.02682658067569,-2.50467161919215,0.725781440963834,-3.45099981595831,0.000558513950198661,0.0196069406093326
"TRPM3",2.56093546024051,-2.8255890429962,0.952425458409473,-2.96672985591425,0.00300985287035904,0.0531211834152675
"TRPM4",5.6614435839192,-2.87389475152849,1.10067901131192,-2.61101985410172,0.00902726527363432,0.101234949035139
"TRPV3",3.07651876974957,-2.9953700434323,1.20533897130897,-2.48508520402305,0.012952043039558,0.124049151631588
"TSHZ2",3.84968751791192,-2.88108048142268,0.685503701200924,-4.20286641250129,2.63556140993765e-05,0.00305803407555042
"TSPAN11",2.18125889432191,-1.64553541604971,0.553822232728643,-2.97123394259972,0.00296605746506095,0.0525571304737297
"TYK2",13.2825924286696,-1.11186900455443,0.432694269644662,-2.56964115902788,0.0101803906710948,0.108158193368131
"UCKL1",57.4457051466019,-2.11657935527488,0.616751990326933,-3.43181601108884,0.000599554163684294,0.0201736787445925
"UCP2",80.0194365077025,-1.72412263329435,0.624488682654897,-2.76085489005913,0.00576502849269106,0.077477487277347
"UNC13A",4.17270095207172,-2.33116689986108,0.55621957161505,-4.19109110650719,2.77616146511022e-05,0.0031354273932538
"UNC5A",1.69171689310369,-1.31308576530952,0.591828397634708,-2.21869340936897,0.0265075897134259,0.182838401325273
"UNC79",1.76922491889814,-1.75526773275919,0.646536713880841,-2.71487712155305,0.0066300365472504,0.0848224872240475
"UNC80",1.84369707222755,-2.15009139444973,0.64923404787913,-3.311735423417,0.000927191892737814,0.0263093505835217
"USB1",13.6218500143986,-2.41112497118591,0.682595785660264,-3.53228810056843,0.00041198025223214,0.0158815676839094
"UST",1.88410711988028,-1.42102876034888,0.61527413578211,-2.30958637411685,0.0209110646920702,0.162612320588169
"VAMP2",70.8084093108987,-2.16733806995181,0.622859749390224,-3.47965665155537,0.000502056758431854,0.0183251873317893
"VAV2",14.1636869211711,-1.63704658814504,0.5353725480466,-3.05777088145084,0.00222989999602812,0.0442918611075483
"VGF",7.40617923440597,-3.88621260233133,0.830439790797948,-4.67970423069103,2.87289057706394e-06,0.000841685116815308
"VSTM2A",2.37158126804221,-3.04465821561412,1.48479477687125,-2.05055827447736,0.0403099832994099,0.229539695960051
"VTN",3.35577623964578,-1.36672515854304,0.593811903464566,-2.30161293596331,0.0213570099751255,0.164449499460929
"VWCE",1.8152983886331,-1.81586284635953,0.808276218410077,-2.24658700206649,0.0246664336251934,0.175370010390192
"WFIKKN1",4.64674627286521,-1.29391842640576,0.510110289604102,-2.53654641510952,0.0111951900987653,0.114183144271045
"WLS",1.53318311943446,-1.32945620533266,0.621707168138559,-2.13839613481241,0.0324846059210078,0.204440265914588
"WNK2",7.63396241736683,-1.36950331448903,0.477926581929293,-2.86550982153079,0.0041633835784768,0.0644553273545518
"WNT11",3.65675884277012,-1.88157131117391,0.721281881381733,-2.60864907291093,0.00909004089736901,0.101453513596445
"WNT9A",2.95063689434968,-1.47126206213414,0.663034356228648,-2.21898314666937,0.0264878711270697,0.182831309550807
"XKR5",1.33827717375215,-1.85560810429908,0.713239090401081,-2.60166349443299,0.00927728326621061,0.102180904696167
"XKR6",6.29260011137892,-1.49275040695768,0.38539330516739,-3.87331691272978,0.000107364069710637,0.00750263890200666
"XKR7",4.5160298475506,-1.72875861679064,0.438422861985232,-3.94313063183478,8.04248189805582e-05,0.0062806110137915
"XKR9",3.0156239641279,-1.20669696730122,0.54846225248017,-2.20014588395916,0.0277965463396929,0.187896397859782
"XYLT1",5.08175892535512,-1.92181534013698,0.645753804728181,-2.9760805527827,0.00291958163387439,0.0520769819899147
"YJEFN3",12.9310202898393,-1.11393603277724,0.471768010928267,-2.36119450020662,0.0182161738260542,0.150166032687116
"ZBTB4",10.181654608119,-1.06434160447556,0.46894581765416,-2.269647290597,0.0232289918742714,0.171207896713576
"ZBTB46",2.45314173550257,-1.12048738486844,0.54608225565632,-2.0518655811692,0.040182727652784,0.228926293321816
"ZDHHC15",1.3659108798694,-1.38619240425845,0.684920863150975,-2.0238723607882,0.0429832864450027,0.236933741227181
"ZDHHC2",3.94699146487062,-1.07494014987877,0.339942055995972,-3.16212757709363,0.00156620931170074,0.0368562388028534
"ZDHHC22",1.94712077866606,-2.03904458512365,0.782532181139602,-2.60570061432386,0.00916865634498089,0.101676633258121
"ZEB1",3.90210562027392,-1.01042835770997,0.41039301527743,-2.46209930504521,0.0138126416666805,0.129621125156024
"ZFP92",1.39452172598006,-2.54344119101038,0.87612878970796,-2.90304487295548,0.0036955368199473,0.0598804855307167
"ZFPM1",4.23224623342724,-2.33534848376444,0.738903878026987,-3.16055789286187,0.00157467308743688,0.0369315983925703
"ZFYVE28",0.92155946260791,-1.75696595928577,0.751484046914891,-2.33799501998578,0.0193875064850878,NA
"ZNF334",18.5689937246507,-1.42790757234605,0.475977775716268,-2.99994589074518,0.00270027571021901,0.0493650088014896
"ZNF488",1.57458533310451,-2.38538889688617,0.897944024256608,-2.65650066423794,0.00789562954019047,0.0939379518593828
"ZNF536",4.90399154337198,-2.31429822906192,1.03130599788892,-2.24404612578543,0.024829433721468,0.175751658891965
"ZNF574",13.7812232340561,-2.00090710182074,0.692546654528959,-2.88920188803984,0.00386221021734856,0.0613907969109765
"ZNF579",13.1504639227903,-1.88835052430165,0.589775033260531,-3.2018149596161,0.00136564691516197,0.0339476021267946
"ZNF653",2.407363625925,-1.08647111804319,0.45929581120612,-2.36551497212678,0.0180050152650237,0.149433975843352
"ZSCAN31",5.75529998740585,-1.07183880704386,0.350117218040335,-3.06137131170846,0.00220325679095071,0.0439165378366891
