"","baseMean","log2FoldChange","lfcSE","stat","pvalue","padj"
"ACTL6B",4.17294763826133,1.28294540484232,0.433911751477168,2.95669661048538,0.00310953914569212,0.0719015783464786
"ADARB2",3.65343213158403,1.68590922029034,0.571374102778345,2.95062238924111,0.00317134371946907,0.0726188491074468
"ADCY1",3.79599005958984,1.47432359641973,0.409994709788015,3.59595760926287,0.000323200431886257,0.0228021577427935
"ADCY2",2.0128244516532,2.33751663273972,0.701484185792625,3.3322442331305,0.000861486163707755,0.0375383149278457
"ADCYAP1",4.97517666925911,3.92295160334814,0.928770040631286,4.22381368016749,2.40202653853569e-05,0.00551986850409985
"AFF3",2.42367415738679,1.65437503555577,0.693944867211573,2.38401509071379,0.0171249001148949,0.178239635143881
"AGMO",1.11700717546134,1.92289178562885,0.882203197281884,2.17964726443226,0.0292836184203628,0.23726287900567
"AKAP2",1.93786634281424,1.09657383575833,0.436558533217874,2.51185981333473,0.0120096785879643,0.147479420910491
"ANKLE1",0.867530959614741,1.15135244757759,0.583326065484649,1.97377164454498,0.0484077144364686,NA
"ANKRD35",1.8270435465383,1.04111723488523,0.526378129606518,1.97788847280471,0.0479412896426382,0.302655012766093
"ANKRD6",3.84847180539398,1.01506783920299,0.291594738631543,3.48109106483442,0.000499375678471878,0.0295805268797785
"ANKRD65",11.4004638152907,1.02129448401538,0.466381001745337,2.18982865981546,0.0285366653835671,0.234042122898119
"ANKS1B",1.21044191441093,1.27279864060223,0.64472554202662,1.97417126767049,0.0483622718847509,0.303202690301525
"ANO4",1.44105237085002,2.44491206461959,0.635250011860143,3.84873989606138,0.000118726990241517,0.0134356567278837
"ANXA2R",4.4050446861913,1.11035672568451,0.359999349725644,3.08432980929191,0.00204011296531789,0.0588292512720535
"APCDD1",5.92876327624105,3.10357267043159,1.03823703879808,2.98927176979205,0.00279643277419274,0.0680064643832541
"ARHGAP20",1.09339894863755,1.92476423777529,0.793484791598207,2.42571030743828,0.0152784606003469,0.166853689775292
"ASS1",6.9874605868157,2.05831399354673,0.886638613531243,2.32148020866024,0.0202609410368164,0.193523157580115
"ASTN2",2.71165644546458,1.02054200559677,0.42263401463588,2.41471810184521,0.0157473919688625,0.169148240551354
"ASXL3",4.18974536011586,1.51195188216501,0.427065394908042,3.54032871825303,0.00039962894083917,0.0258592837315362
"ATF5",39.7031808719906,1.13918120751879,0.526534205404676,2.16354644356534,0.0304991756430377,0.242108918228226
"ATOH7",1.56114568310284,2.26426370217326,1.06028346431796,2.13552675145205,0.0327180074322744,0.250622762669063
"ATP1A3",3.13879279776113,1.80623610664058,0.713041349699616,2.53314356509829,0.011304464296732,0.14480425740813
"ATP2B3",1.35468359254734,2.04252428412466,0.582370776783029,3.5072575162638,0.000452750775293264,0.0278350923676172
"ATP4B",2.67626451214354,1.68549780538169,0.490459012008997,3.43657219892368,0.000589125313759453,0.0314995632060982
"ATP5L2",7.41867614821511,1.6809134261583,0.485793327978861,3.46014102983202,0.000539892545090842,0.0303341435854886
"ATP8A2",2.25655604931953,2.39029558572249,0.775509021050863,3.08222795717255,0.00205457432255656,0.0589486583307492
"AVP",3.5538094438653,3.57616456716039,1.1366752655247,3.14616203556571,0.00165428327735503,0.0525351290407096
"BAALC",1.18743155588225,1.59170767499456,0.587946144309943,2.70723380091676,0.00678464575190859,0.10813315897409
"BAHCC1",3.0227074609334,1.21452183854885,0.376632900228766,3.22468333969538,0.00126112077035762,0.0456621433630754
"BCL11B",3.2965833475853,1.18159948704309,0.536229621573494,2.2035326649353,0.0275572272952029,0.229975764718186
"BHLHE22",1.44301379440398,2.23374465480054,0.863575794244869,2.58662258679191,0.00969216875057503,0.132395664879967
"BRINP1",1.05724237827216,2.35320464277094,0.742988078808395,3.16721722715257,0.00153905306698226,0.0504232768673318
"BSX",0.772962636465517,1.51383180385514,0.679751567861426,2.22703686968729,0.0259448097741753,NA
"BTBD17",1.1311283617259,2.2326359630276,0.668592735140543,3.3393063455263,0.000839878872923672,0.0371497114504171
"C11orf63",1.6673428268803,1.39664740693461,0.53587087467502,2.60631333580428,0.00915226943181419,0.127689583747008
"C14orf180",1.6301163632668,1.80123128937389,0.792175120823466,2.27377917082463,0.022979267214739,0.207157419176415
"C16orf92",2.6686447228415,1.90089894541323,0.592043754854297,3.21074064176397,0.00132393366533864,0.0470313669070236
"C19orf35",1.74584261483393,1.19901629217913,0.523342488289308,2.29107385509336,0.0219591424883625,0.202665852157148
"C8orf46",0.776676616119854,1.40539278519339,0.633012659118569,2.22016537102166,0.0264075440375434,NA
"CA8",5.21947824152319,1.01136097666147,0.433030935863202,2.33553977995921,0.019515240313446,0.19145295211452
"CACNA1A",28.1149886365653,2.13817551427191,0.637282260158294,3.35514676611398,0.000793228881915857,0.0363451034197387
"CACNA2D2",2.2527101475898,1.33053956461343,0.6263237477749,2.12436390818703,0.0336397255355784,0.254232788785926
"CACNG4",4.98866216100816,2.05809970279054,0.883842651695857,2.32858156238738,0.0198812437558826,0.192502969090687
"CADM2",1.88103364334475,2.72198148489452,0.821343922600897,3.31405810646896,0.000919523962813476,0.0384555035277869
"CADM3",2.83614441161604,2.05116027758111,0.786492984865789,2.60798292807548,0.00910774966198359,0.127495851176274
"CALB2",1.71138484310173,2.69172954495078,0.984838849606872,2.73316750859825,0.00627284211792311,0.103582135464946
"CALCA",1.63607194887041,1.75688129334149,0.72850712064133,2.41161856015196,0.0158818872911541,0.17015133260937
"CALML3",1.94715633139709,2.5318856061084,0.761321196172767,3.32564707095563,0.000882135480113917,0.0378048754538908
"CAMK2N1",34.4863150306472,3.52331000649536,0.723713239595108,4.86837854239965,1.12517643138684e-06,0.000997951124895024
"CAMSAP3",4.43567775529126,1.06907603581771,0.399441060067386,2.67642999855186,0.00744111082585543,0.114493523078868
"CBLN1",2.10447461951419,2.04129269450261,0.789291728879425,2.58623347973085,0.00970311786112478,0.132399576353392
"CCDC154",4.39133297083772,1.76326182843445,0.561521666018115,3.14014923224275,0.00168861791593507,0.0530824523092805
"CCL28",1.17670933028665,1.13682686699736,0.523448781556277,2.17180153446425,0.0298706359028881,0.239636989304411
"CDH20",1.64961232250095,2.2761449833066,0.715941980813596,3.17923106104211,0.00147666328307379,0.0495560215835871
"CDH8",1.07602842768824,1.43629703940783,0.675686054697774,2.12568696574664,0.0335293329447031,0.253552818011193
"CDHR1",1.00723470981883,1.51485308593519,0.726249399378669,2.08585795352285,0.0369914919563051,NA
"CDHR3",2.27129613949276,1.10259121220552,0.473489215361793,2.32865116339139,0.0198775532610198,0.192502969090687
"CDK5R2",15.7229793014376,2.74097711272475,0.623349950958206,4.39717226015876,1.09670304644773e-05,0.0038283660586179
"CDKN2D",5.54390772718652,1.12028421461511,0.360094131008973,3.11108712456964,0.00186399934451181,0.0561402067767721
"CELF3",2.39053231284575,1.72341573712523,0.466234881165254,3.69645388354025,0.000218631951791953,0.0180799401743453
"CELSR3",8.7726438263842,1.0703079416027,0.311432651735609,3.4367235922049,0.000588796145015113,0.0314995632060982
"CERS4",11.3747500073409,1.20669266901144,0.420158796520651,2.87199192068358,0.0040789339533195,0.0828168496960258
"CHGA",7.13550517561492,1.41625905989981,0.546930983579872,2.58946576884318,0.00961249793200102,0.131742148809776
"CHRD",3.42127925005879,1.42304029772651,0.694820093635481,2.04807015623396,0.0405531256494088,0.279541510954144
"CLDN11",0.709302996567859,1.7336385892582,0.715313353878169,2.42360719237107,0.0153672173439505,NA
"CLIC6",2.28583973458402,1.85691351524285,0.738623373269769,2.51401943459031,0.0119363855925343,0.147183813210028
"CLYBL",2.36401011362717,1.08092228159811,0.398655573130343,2.7114189652748,0.00669959145795916,0.107202096821493
"CNR1",2.50045555901953,1.47845808168985,0.677689171993504,2.18161679836316,0.0291378260576069,0.236841760756991
"CNTD2",1.13698436905229,1.27004118625419,0.557735045557535,2.27714072545791,0.02277782340936,0.206382876881895
"CNTN1",1.7782415048585,1.54709985682715,0.639859755541816,2.41787335963505,0.0156115090525823,0.168178726167091
"CNTN4",2.21269745943054,1.3238458358429,0.445022509494129,2.97478398867454,0.00293194927715671,0.0696099697408314
"CNTNAP5",1.35101008450252,2.39093596929804,0.720643296055462,3.31778007564234,0.000907358964197916,0.0382495737852822
"COL22A1",1.35754583890633,2.06314238491136,0.990766084597564,2.08237082090813,0.0373086115687576,0.268246108772011
"COTL1",5.93596886706333,1.82379946762975,0.467885867174302,3.89795801836075,9.70072282039395e-05,0.0119143205418685
"CPE",7.05740298155258,1.11031339925978,0.452855734675195,2.45180377379154,0.0142142152065438,0.159479943813921
"CPED1",0.836481053609469,1.88650695963238,0.918674840380234,2.0535088985909,0.0400232476001825,NA
"CPLX1",2.16694341885851,1.74286954678129,0.635559771299183,2.74225906907008,0.00610181949733496,0.102409369103884
"CRABP1",1.85593399097379,1.92315500596274,0.788417197668474,2.43926059914717,0.014717350649053,0.16340975797006
"CRMP1",10.3306296157374,1.14727905734704,0.383045168274633,2.99515345021783,0.00274306805990322,0.0678499523900764
"CRYBA2",2.6803264982927,1.36033155922667,0.664319055117208,2.04770817387839,0.0405886024549437,0.279541510954144
"CRYBA4",1.06008783592479,1.52492235527185,0.753903893894191,2.02270125890326,0.0431039570346218,0.288996670895734
"CRYBG3",2.5249690160926,1.15272075814634,0.531863383053462,2.16732490875475,0.0302100884988323,0.240995648274839
"CSMD1",0.491869383599043,1.64429486391772,0.765461212143459,2.14810997321907,0.0317050201338622,NA
"CSMD2",0.852899852850848,1.65604579728301,0.758754573670488,2.18258426999901,0.0290664392181561,NA
"CTNNA2",0.484501573598766,1.61009578671076,0.797847329389842,2.01804997948929,0.0435860563819969,NA
"CXXC4",9.59028708912179,1.70595109612114,0.552163860610903,3.08957397942291,0.0020044378031442,0.0584251272339003
"DAND5",2.56675827688949,1.61835793867477,0.478759664263621,3.38031388079437,0.000724030932384027,0.0345391544715944
"DBH",1.89235196909343,1.6890694588892,0.6056305312214,2.78894370711923,0.00528802556149685,0.095485140345031
"DCC",1.42701404490867,2.1377933368636,0.911049332437898,2.34651764810916,0.0189497687753704,0.187938721153174
"DCLK1",0.962656533300926,1.25615191607949,0.612309110761143,2.05149963311505,0.0402183153252846,NA
"DCX",3.95151123710113,1.89482763729836,0.615993663819621,3.07605053199575,0.00209762292273871,0.059330714878466
"DEFB108B",1.61975152462608,1.17267331111935,0.568709972167237,2.06198830425029,0.0392088494922559,0.274594632907694
"DGKB",5.78854151055708,2.09342654266847,0.531793275492199,3.93654195933731,8.26641721532746e-05,0.0108594525359563
"DLGAP3",1.73726530825996,1.00518310702653,0.452647990473499,2.22067285878159,0.0263731270330513,0.224453819075069
"DLK1",6.69618300425557,2.56354557426422,0.65069381478071,3.93971099161002,8.15798270713102e-05,0.0108594525359563
"DLX2",9.77110629106936,2.28675845320545,1.15847031303703,1.97394652885882,0.0483878233145884,0.303202690301525
"DLX6",22.8399405341194,1.11761128510619,0.524967646152308,2.12891459749491,0.0332613268257148,0.252056292470803
"DMRTA2",1.48542583260572,1.77137919836867,0.645029360322979,2.74619933189042,0.00602901202255418,0.102409369103884
"DNAJC12",1.30317126174878,1.1839369857447,0.603625133199325,1.96137788277571,0.0498349580797157,0.306758380673214
"DNAJC22",1.34090303017091,1.32555257979343,0.606508293389612,2.18554732761407,0.028848739796415,0.235342506637816
"DNER",1.78030198514336,1.35761725479868,0.492150674184528,2.75853986596318,0.00580602228674503,0.10054864537589
"DOCK4",3.9150483543332,1.13212331207874,0.361431999340048,3.13232728188407,0.00173426433583779,0.0537570327424905
"DOK7",1.05928491655568,1.47493185684955,0.633451438196705,2.32840556972821,0.0198905781866273,0.192502969090687
"DRAXIN",1.50980015612754,1.6149251819517,0.760638831561215,2.12311693137866,0.0337440545532702,0.254401897624746
"DRD2",2.06204067828654,1.48880281030929,0.552084839980353,2.69669207066484,0.00700319971110205,0.109935184339765
"DSCAML1",2.40500760335747,1.13511749444841,0.426858774869041,2.65923429779945,0.00783184774930142,0.116884679691197
"DSEL",2.65075472589308,1.06003025974814,0.51431661511617,2.0610461116616,0.0392986411316522,0.274913367285479
"DTX1",2.71985248696897,1.0194268465007,0.483147590276433,2.10996984568925,0.0348609532945485,0.259357973072743
"DUSP15",2.39333347992292,2.60285470223159,1.19313875011962,2.18151887361854,0.0291450600335574,0.236841760756991
"DUSP26",2.79744762905392,1.44227121187841,0.607628971118082,2.37360507881071,0.0176153800044672,0.181184050407372
"EBF2",0.583287008853243,1.82405986439807,0.876910168125014,2.08009888663764,0.0375164637073517,NA
"EEF1A2",12.7058427575786,2.03160069897778,0.594685113498551,3.41626291437802,0.000634869193762215,0.032685766693294
"ELAVL1",2.9509301156117,1.02750730880432,0.344758926232393,2.98036462763462,0.00287905458312118,0.0691474289334926
"ELAVL3",8.72074360079136,1.28390043003579,0.450413586676052,2.85049223206314,0.00436516166150028,0.0860352576997604
"ELAVL4",2.73946775646598,1.13024901947402,0.434276735682104,2.60260089156923,0.00925195882679689,0.128424411491211
"ELN",4.94945239269612,2.17322179931103,0.756764644070322,2.87172744701996,0.00408234889809769,0.0828168496960258
"ELP4",4.99311847372255,1.13500213470314,0.446585809813331,2.54150962650955,0.0110374906714581,0.142318298720141
"ENTPD2",5.03244918150384,2.12842062886207,0.500733353754424,4.25060686072435,2.13192090452944e-05,0.00551986850409985
"EPHB1",2.37596331477182,1.32329919299514,0.516447887638667,2.56230923713446,0.010397869118399,0.136832508120556
"ERC2",1.04371670397365,2.11853658812015,0.719963097861156,2.94256274302646,0.0032550781714446,0.0733544567238251
"ERICH5",1.10889733162632,1.68298421132502,0.585789397720994,2.8730192418515,0.00406569352772718,0.0828168496960258
"EXTL3",4.91618353435439,1.27967474902446,0.34540672408644,3.70483450317608,0.000211528795683553,0.0179900894246759
"EYA4",1.10447447516063,1.91784615456565,0.916763608986379,2.09197456767085,0.0364407907991843,0.265231711227123
"FAM105A",5.71373184706976,1.15145214213379,0.32270048040909,3.56817610148608,0.000359474876679089,0.0241412365169148
"FAM110B",2.19359939018347,2.37070745687805,0.64122273985191,3.69716684942515,0.000218019056368305,0.0180799401743453
"FAM110C",0.892049432675667,1.66759262443044,0.787901040807053,2.11650009082653,0.0343022974886743,NA
"FAM135B",1.03639469382854,2.00236673141465,0.984508841403037,2.03387379290678,0.0419643219106435,0.284742182806495
"FAM13C",1.83619692822734,1.33847771062414,0.478072917034275,2.79973548580703,0.00511444971047879,0.0938052024446309
"FAM155A",9.8311006205308,2.74304403096883,0.455906734016464,6.01667803149793,1.78032681805715e-09,7.36877269993854e-06
"FAM19A2",1.29570598310594,1.82375989791079,0.729751485706059,2.49915201768482,0.0124490895582933,0.150078004898376
"FAM218A",3.4933425265137,1.23761441821079,0.391986965631514,3.15728462097439,0.00159245828018287,0.0513598817273523
"FAM57B",4.79353436711379,1.46734559979768,0.494304196382034,2.96850726847485,0.00299250024733761,0.0703733446172915
"FAM84A",6.55237733505424,1.03179738427192,0.395763588720704,2.60710538735304,0.00913112517279476,0.12753788669358
"FAM95C",63.2803805626332,3.54986264891945,0.739820763043076,4.79827388774268,1.60038839995701e-06,0.00109171143031972
"FBLN7",4.17390663027003,1.40671578823951,0.394412058867283,3.56661455098374,0.000361622774595003,0.0241412365169148
"FBN3",3.7424477321419,1.87675771658762,0.675208757896947,2.77952217686438,0.00544389362205484,0.0968435918410529
"FBXL7",3.56525306056894,1.94490628180399,0.671248813396807,2.8974446479271,0.00376216119861813,0.0793119789528715
"FBXO43",2.39482144223473,1.28754460749139,0.424826055720739,3.03075715378851,0.00243941361625813,0.063634871582095
"FEV",2.0645459945088,2.92731561240981,0.990494068225942,2.95540953380254,0.0031225425746316,0.0720680504631982
"FGF14",1.44600161456376,1.3857116928698,0.665291694640235,2.08286335758203,0.0372636804495188,0.268246108772011
"FGF22",0.572589192114228,1.66161392506567,0.681390760525347,2.43856245392083,0.0147458104094166,NA
"FIGN",4.08240026785205,1.39326629487577,0.635568492241496,2.19215759101282,0.0283681294814264,0.233170707884491
"FLRT1",11.2511680012339,1.45162391694072,0.473909409893205,3.06308312651535,0.00219069196553061,0.0599643809317004
"FLRT3",2.36505686312192,1.12285482890515,0.362622455460769,3.09648454472678,0.00195830070267693,0.0576213739932213
"FMN2",3.79458698437483,2.02993574182025,0.594656195337728,3.41362918226618,0.000641037600921216,0.032685766693294
"FOXA2",11.9293879730719,1.90557505887187,0.647346243836439,2.94367207196361,0.00324343465433978,0.0732249601871583
"FOXG1",19.3044549040136,1.73432351961856,0.632477949176242,2.74210906779816,0.00610460677589813,0.102409369103884
"FOXN4",2.24432861277204,1.45038051653824,0.639078349453837,2.26948779876168,0.0232386783723337,0.207553720290505
"FRAS1",6.58576153670037,1.38249041376463,0.421629036260901,3.27892601046848,0.00104202952743726,0.0414707712890657
"FRMPD3",0.927897119068915,1.24281760796485,0.602506823084123,2.06274445425049,0.0391369139153569,NA
"FSCN2",22.0441923799873,1.54277320799342,0.576812391504334,2.67465337207797,0.00748065504066035,0.114675671160345
"FUT9",1.88637071750126,1.97878609933278,0.571031805964409,3.46528175605005,0.000529676236859232,0.0303341435854886
"GABRB3",3.84827926536503,1.68865130154541,0.517919634728544,3.26045044117795,0.00111235404431092,0.042431652832406
"GAD2",1.66275981757024,2.5987580842655,0.627158926714411,4.14369942540719,3.41747610869431e-05,0.00614997113647206
"GATA1",3.46932263666103,2.75797256256272,1.16212082182973,2.37322360184577,0.0176335852784011,0.181184050407372
"GCH1",4.2606875684727,1.3112625919131,0.412864188965261,3.17601435764978,0.00149313561055998,0.0498394217105463
"GLB1L3",5.6966362241774,4.00492729086895,0.98318575734823,4.07341874201953,4.63280199031726e-05,0.0072817091536417
"GLDN",3.25703984658611,2.22245317868,0.785601683691268,2.82898219901652,0.00466962962056794,0.0896236540508861
"GLIPR1L1",3.56003804810097,1.01093661311381,0.29760932261953,3.39685801578941,0.00068164325198672,0.0331920167055651
"GNAO1",3.21258232920517,1.22585777701782,0.397482331333318,3.08405602056774,0.00204199140680157,0.0588292512720535
"GPC3",2.30762430359455,1.17536234985668,0.51161609138017,2.29735219368481,0.021598686588822,0.200458171567737
"GPR158",1.8598755371549,1.94416728969747,0.606618859932925,3.20492391204659,0.00135098188710767,0.0472613282309659
"GPR173",10.1155004405929,1.17521354338799,0.356032352626473,3.30086166248197,0.00096388395559171,0.0395001553682583
"GPR39",1.26393857575042,1.51989264954643,0.675287912345983,2.25073279375941,0.0244024664040823,0.214441206892774
"GPR6",0.567348947736745,1.80389664013729,0.723970702241994,2.49167077417771,0.0127143828886967,NA
"GPR61",0.910837248826722,1.2358579601548,0.629893485963018,1.96201101883971,0.0497612014057308,NA
"GPR87",3.67149135346751,1.42478767549778,0.517476733190442,2.75333668958103,0.00589911936047886,0.10120049345955
"GRAMD1B",1.74158943956807,1.18131619893157,0.549133960935347,2.15123500451405,0.0314576554272415,0.245666482666703
"GREB1",2.77997431487614,1.12550711276662,0.442395818526812,2.54411788184298,0.0109554105283721,0.141849147581644
"GRIA1",1.33266386946062,2.58533482568931,1.14904362222239,2.24998840399893,0.0244496814257655,0.214704168503345
"GRID1",1.01615004044484,1.92399808827104,0.63462575264069,3.03170503287212,0.00243176706348419,NA
"GRIP1",4.22729855229123,1.18912932410642,0.387514990654124,3.06860212581498,0.00215062806712595,0.0596672432089182
"GRM2",2.90196053454955,3.10166401246088,0.682964599212135,4.54147113340713,5.58630358569992e-06,0.00263437447246575
"GRM8",3.05720151535012,1.28432671119297,0.607238549594269,2.1150282900371,0.0344275362321204,0.257212224665607
"GRP",31.681222852273,1.72132752756254,0.828745415583954,2.07702811405557,0.0377989644851324,0.270362754615144
"HDAC9",1.62467463205291,1.33630773570689,0.634544847567994,2.1059311108246,0.0352103367858486,0.260635456646489
"HEY2",1.73357765031144,2.07059935465012,0.749339977240021,2.76323086655082,0.00572322693675602,0.0999512079798869
"HFM1",3.70261422187229,1.6638151322076,0.48796512531949,3.40970091073258,0.000650341569967101,0.032685766693294
"HGFAC",0.803852270336272,1.59801114215402,0.747740428183577,2.13712015817566,0.0325882197802215,NA
"HOXA10",2.13184953283104,1.31394885364215,0.588087305577777,2.23427515129108,0.0254649742833251,0.219323136957279
"HOXA4",2.93758085531601,2.04942191433247,0.708915530792077,2.8909253998747,0.00384109286947033,0.0799991773243694
"HOXA7",0.787615536878933,2.10844259841474,0.86043232662616,2.45044558783856,0.0142679525496439,NA
"HOXA9",6.13962275681069,2.43976169992286,0.652800996979993,3.73737434717434,0.000185951966305943,0.0166644098004377
"HOXB2",8.19036599546306,1.58811649093042,0.5597746879143,2.8370637780134,0.0045530516069789,0.0880611243050733
"HOXB5",9.94716690847825,1.6786314418231,0.549143599308899,3.05681691261751,0.00223700867891652,0.0604629843485153
"HOXB6",3.72856905088261,1.19886841245437,0.599739932870868,1.99898046927701,0.0456104670928862,0.296930916888944
"HOXD13",2.21362763526639,1.1315189094435,0.45498466793467,2.48693854801712,0.0128847653472231,0.152226575943358
"HPN",1.14443962694005,1.78524702310024,0.715509480358605,2.49507109564151,0.012593189550661,0.150543707517218
"HRH3",2.26107025012692,2.76074183171711,0.692547665354174,3.98635641967726,6.70956987895633e-05,0.00957617576862078
"HS3ST1",1.80837506763843,1.15146553886842,0.446767824778612,2.57732422749782,0.00995685071391889,0.134239104576255
"HSD11B1L",14.2202648863338,1.82963563766359,0.541668172992559,3.37777947623429,0.00073073656061775,0.0345391544715944
"HSD17B14",7.54561451035709,1.28771170700121,0.537152535150204,2.3972924313596,0.0165167360254806,0.174543243598632
"ID4",51.4392069311386,1.78529923109238,0.531843158150737,3.35681526354501,0.00078845774649489,0.0363451034197387
"IFI27L2",8.04336021948527,1.7389367116552,0.707567096976393,2.4576280031761,0.0139857959741382,0.158595094621802
"IGF2",1.20204122317897,2.08832947929304,0.878452035038176,2.37728344405541,0.017440680522711,0.180317177394257
"IGFBPL1",4.10666698236785,1.10825154753544,0.395945294095462,2.79900169054223,0.00512608690756818,0.0938217793700729
"ILDR2",3.88356272728459,1.25457370821701,0.364417607721528,3.44268136784351,0.000575977502387741,0.0314995632060982
"INSM1",51.1240050478705,1.44139190891403,0.461293125690732,3.1246767589604,0.00178000542098596,0.0544392298334549
"INSM2",0.652762978286479,1.65696588261927,0.665192436428338,2.49095719054794,0.0127399469042224,NA
"INSRR",1.10765258970519,1.67271543403892,0.658118206737352,2.54166412190824,0.0110326136189303,0.142318298720141
"ISLR2",3.3182092234955,2.1321982868309,1.04448491218229,2.04138734984309,0.041212340842711,0.28162696927275
"KCNB2",19.7924479071581,1.36843652297574,0.457829712799415,2.98896398533942,0.00279925124802583,0.0680064643832541
"KCNC1",2.63589352662256,1.70983123476377,0.555550746084072,3.07772286657143,0.00208588799545654,0.0591382821318303
"KCNC2",1.69173052111471,2.58532663917733,0.879780397300667,2.93860450529428,0.00329693486820076,0.0737920608842178
"KCND3",3.14680025798808,1.5545017697348,0.455811187142734,3.41040723348464,0.000648659463647354,0.032685766693294
"KCNH5",2.25341682046515,2.89789196620563,0.738239114982454,3.92541103199944,8.65817670177716e-05,0.0108594525359563
"KCNH6",2.28634902942566,1.46805327991467,0.508358821572609,2.88782886736035,0.00387910858701397,0.08012614721307
"KCNH7",6.46522774265956,1.78047557238817,0.530530084745184,3.3560313045081,0.000790696181693295,0.0363451034197387
"KCNIP4",2.64175039127651,1.58548248819385,0.59194276866168,2.67843881559438,0.00739662442809254,0.114091783259161
"KCNK16",4.67044509252606,1.65913823331902,0.710687583133577,2.33455356853642,0.019566754544399,0.19147280480872
"KCNK17",7.82422049945942,2.81353796936044,0.821325956910059,3.42560459180587,0.000613432699622584,0.0320395003795155
"KCNK3",3.29954662272219,1.30330634532985,0.481762102415056,2.70529030572646,0.00682447198298706,0.108362491832162
"KHDRBS2",0.791981922773836,1.5417614064949,0.773904012112056,1.99218686344226,0.0463505590376655,NA
"KIAA0319",3.31614469121983,1.08731262745461,0.347252872343379,3.13118397010531,0.00174103058486611,0.053777056647469
"KIAA0408",8.83368930084377,1.1444374217164,0.360651496697472,3.17325016586968,0.00150742575509525,0.0500473411791918
"KIAA1456",8.3426182684483,1.74262683250019,0.430158292342151,4.05112923201325,5.09710444526047e-05,0.00762539107190352
"KIF19",3.08407773008345,1.88663983684176,0.612398262361077,3.08074002295157,0.00206486853304428,0.0589486583307492
"KIF1A",20.8942287889563,1.54113540034358,0.478394363939391,3.22147482602622,0.00127532665605737,0.0459563317891118
"KIRREL3",2.87806338311286,1.02033428108787,0.490987566271534,2.07812651720714,0.0376977078955117,0.269793912932893
"KITLG",6.81588523297263,1.04656505352898,0.415436553206551,2.51919347359075,0.0117624005254011,0.146092515499661
"KLC3",2.12100366198649,1.36674015311968,0.453774338298908,3.01193795630504,0.00259585647750943,0.0661863447253277
"KLF1",0.59392102506631,1.82816957825723,0.637627208302808,2.86714486843076,0.00414193367823235,NA
"KLK1",1.22786317457264,1.72371099355278,0.875272580756193,1.96934193010316,0.048913839260079,0.304595357117553
"LETM2",5.41524715052711,1.853337577542,0.628426024283495,2.94917381827893,0.00318624716925761,0.0727272630527055
"LFNG",12.4402169396421,1.60603855057655,0.479695334466937,3.34803871369994,0.000813856416343583,0.036755806171774
"LGR4",5.2697188872414,1.03835499181553,0.315441877741612,3.29174743458153,0.00099566985996206,0.0404027210821859
"LHFPL4",3.85182879075898,1.51862670792175,0.553700147823279,2.74268792213948,0.00609385700048748,0.102409369103884
"LHX2",5.00209062211814,1.44457552933948,0.423931893034808,3.40756511381621,0.000655452678314425,0.032685766693294
"LINGO2",2.79108911819197,2.49937416795758,0.612219200745395,4.08248249142549,4.45571698530704e-05,0.00709315869314839
"LMO2",3.8780252221521,1.58609846085824,0.626178639816285,2.5329807821672,0.0113097153268368,0.14480425740813
"LNX1",1.31002645626247,1.01718914730411,0.511802372145798,1.98746469860898,0.0468709241488692,0.300300773576921
"LRFN2",1.09367660837198,1.87238344845917,0.825929796668511,2.26700072574165,0.0233901813838991,0.208048626249194
"LRFN5",2.90777748925252,3.37360576162153,0.771227912721344,4.37433047478465,1.21805736355877e-05,0.003980162706134
"LRIG3",6.39079982191491,1.15762583191375,0.361389752541282,3.20326136469935,0.00135880600615727,0.0472613282309659
"LRRC36",2.27758205990979,2.35484033152463,0.750106652349348,3.13934068462028,0.00169328460231952,0.05309473461364
"LRRTM1",1.22731301841877,2.11100002896182,0.667922699686887,3.16054541932985,0.0015747405133561,0.0511253896165863
"LSAMP",3.08451525704587,2.23625956877035,0.56234674640285,3.97665600997068,6.98911524669563e-05,0.00986180045661586
"LY6H",1.04864662074487,2.10049214573435,0.848529244788906,2.47545050289564,0.0133068205356973,0.154081960415446
"MAB21L1",3.80518334413878,1.09782582083958,0.416120920327251,2.63823751032803,0.00833381904166521,0.121599331422276
"MACROD1",12.4251024542529,1.32761968524175,0.554684242238753,2.39346926439331,0.0166898796131071,0.175774584525828
"MAMDC2",2.34254080453766,1.12634988090794,0.365965245548854,3.07775094659251,0.00208569147038314,0.0591382821318303
"MAML3",7.1318253141953,1.16862666117841,0.338820976194918,3.44909773386084,0.000562463084624597,0.0311790362579626
"MAN1C1",5.47027632264656,1.87908259183961,0.537956959187176,3.49299801731128,0.000477630055315906,0.0289304019358908
"MAPK11",2.33164231151508,1.00788428484841,0.38835200912101,2.59528536270391,0.00945124132352999,0.130250902901523
"MAPK8IP2",4.21855675809404,1.08469066787344,0.336132080760525,3.22697751853748,0.00125105289208312,0.0455552016451497
"MAPT",2.92080142791734,1.78339132570176,0.548766936097066,3.24981555628256,0.00115479879949354,0.0435640452373588
"MAST1",4.70219874629556,1.18355988061021,0.285113628808857,4.15118661831377,3.30755926727632e-05,0.0060400061919468
"MAST4",2.78706564008843,1.19648901509106,0.449820019001233,2.65992833699956,0.00781572790915519,0.116784468649795
"MBIP",11.2993120093163,1.19835680054987,0.474295829265994,2.52660202052464,0.0115171932194586,0.145630334222014
"MECOM",3.85612253699849,1.62674688255511,0.478112380157926,3.40243622643233,0.000667879404710143,0.0327788876216832
"MEGF6",1.12247881717137,1.33562562392369,0.644575436614031,2.07210133687341,0.03825599169366,0.271753231613373
"MEIS3",2.39083720556502,2.57116233281765,0.877578919355298,2.92983602512526,0.00339140913746109,0.0749308314232284
"MEST",34.9452274549515,1.01035431904294,0.496271338732191,2.03589093342375,0.0417613084540027,0.283981471562624
"MFAP2",3.28491620258742,1.14610388499328,0.429782226561984,2.66670842617542,0.00765980940661622,0.116025891634402
"MGAT5B",1.54107661359665,1.1263470840448,0.474278105639774,2.37486628762975,0.0175553083953925,0.180899804436173
"MPPED1",4.80474780820881,2.45172221888378,0.629169691096317,3.89675830476147,9.74888227636145e-05,0.0119143205418685
"MRAP2",3.3561262417135,1.84028083891655,0.515817936596816,3.56769454559505,0.000360135976672651,0.0241412365169148
"MS4A8",12.0084351204878,1.68999937831451,0.749069503126795,2.25613160228797,0.0240623905035091,0.212808192935949
"MT-CYB",2904.22020494278,1.02669939190803,0.463933363390531,2.21303202771337,0.0268954376417731,0.227085861970472
"MT-ND4",8589.1212391255,1.21474303248236,0.509144230592404,2.38585249423129,0.0170395839936089,0.177561566913028
"MT-ND5",6963.73770558034,1.45058259411128,0.534553597961952,2.71363358069574,0.00665497313522334,0.106625550219443
"MT-ND6",13912.1980078905,2.14890134251117,0.70091234260465,3.06586317844778,0.00217042609157326,0.0599643809317004
"MTSS1",12.8762882362577,1.06712692562979,0.382349786750782,2.79097036956203,0.00525502827691792,0.095485140345031
"MXRA5",1.25989594958762,1.79962977369326,0.834537426851552,2.15643986211943,0.0310493348747551,0.244012399455591
"MYBL1",4.94296843820912,1.04160330170193,0.314870010748826,3.3080422591684,0.000939506315081531,0.0388861663812246
"MYO3A",4.19142878261105,1.36920350439404,0.39906137844271,3.43105992801708,0.00060122776350538,0.0316332421162979
"MYT1",4.49793000063373,1.09386779578597,0.397406559792674,2.75251570169512,0.0059139310376371,0.101279813522142
"NAV1",11.6684907639228,1.28842638402885,0.390144813153877,3.30243115015009,0.000958506153882515,0.0395001553682583
"NBEA",2.90049144418151,1.32344545604398,0.454117812190854,2.9143218356909,0.00356462211843446,0.0767038687836521
"NCALD",4.78365635680906,2.67905186756231,0.603487820630234,4.43928075427359,9.02600099030545e-06,0.00339623800898857
"NDST4",0.690838294148872,1.68481963924817,0.801943982208264,2.10091936173495,0.0356480454863374,NA
"NELL1",2.72968252891238,1.85886416829616,0.591760215635786,3.14124559100175,0.00168230896931515,0.0530824523092805
"NEUROD1",1.48056647983174,2.14409001376786,0.869846666500855,2.46490570848874,0.0137049311702249,0.156698094236355
"NEUROD4",0.880182947904081,1.88037150931514,0.880901954275009,2.1345979540512,0.0327938647200179,NA
"NEUROG2",1.40043597130724,2.62412887841262,1.12884136223766,2.32462148021481,0.020092209182719,0.193364500725661
"NEUROG3",1.56371978479899,2.15048194559874,0.91038348315846,2.36217153032908,0.018168233694158,0.183410534780781
"NHLH1",2.49711894049964,2.12801440350319,0.916088618930226,2.32293509550223,0.0201826394201526,0.193473586508152
"NKX2-1",17.278954710637,1.82230307507537,0.564117294496622,3.23036200601058,0.00123633569483002,0.0453181376573758
"NLGN1",3.61308146551497,3.34738215751359,0.694577528199288,4.81930673195226,1.44057928421574e-06,0.00109171143031972
"NLGN4X",1.14520138936807,1.15527414038208,0.580107694741393,1.9914821865914,0.0464279016955167,0.300016569431854
"NMNAT2",0.898807626245726,1.3896430929252,0.630028496723991,2.20568291775854,0.027406208795995,NA
"NOL4",6.1774954394161,1.254034833976,0.395879070963171,3.16772197864601,0.00153638369530846,0.0504232768673318
"NOVA1",6.70581035969916,1.28054037409744,0.491079387969574,2.60760358807155,0.00911784777680043,0.127495851176274
"NPNT",2.17350671498282,1.25276085332362,0.445206966946437,2.81388420741929,0.00489468558512369,0.0925432726064642
"NPTX1",3.73993931807488,1.96581077508973,0.694376829426781,2.83104316241735,0.00463964595284812,0.0894572729759552
"NPTXR",3.84088861099848,1.76709693715205,0.437110519878783,4.04267766797764,5.28442430368953e-05,0.00781151149748963
"NR0B1",1.09063864563842,2.13988258573355,0.728232252642531,2.9384617036235,0.00329845405774923,0.0737920608842178
"NR2F1",11.5625484413899,2.82429543150231,0.864063571186972,3.26861995538424,0.0010807335584418,0.0420672996713851
"NRCAM",6.96648959366331,1.23141690531118,0.392446013334216,3.13779950227823,0.00170221270193259,0.0532402395967179
"NRG1",14.1722600915018,1.63075727047832,0.624860592725064,2.60979375154138,0.00905968259664938,0.127315958966174
"NRSN1",3.42453604965468,1.00903874171638,0.434483764237406,2.32238537954903,0.0202121938933401,0.193504095276487
"NRXN1",9.51658600335184,1.9423564848924,0.569843298584117,3.40858002492711,0.000653019286491403,0.032685766693294
"NRXN3",4.13196521912578,1.91403498275462,0.591663776188194,3.23500450726564,0.00121640810532856,0.0452219743828285
"NTN3",7.70124706769384,1.38316362700454,0.478382587278429,2.89133355558259,0.00383610732505308,0.0799991773243694
"NWD1",2.11077426975701,2.07002730066079,0.629429844949056,3.28873395068886,0.00100639105455447,0.0407047482879573
"NXPH1",0.809785218200682,1.85629438101385,0.668065614937988,2.77861087220625,0.00545918793060672,NA
"NYAP2",0.685945539723017,1.92856590634591,0.856749416357498,2.25102681078592,0.0243838393247724,NA
"ONECUT2",8.98954674837425,1.06545086669766,0.240873860235339,4.42327310093629,9.72167244998073e-06,0.00355041196504149
"OPRL1",4.10092866380413,2.1479090928387,0.862854760363232,2.48930549092005,0.0127992933542882,0.152026098850553
"PAK3",2.13377124995209,1.26413471123231,0.529377807912186,2.38796317552097,0.0169420392605246,0.176929605969667
"PAPPA",2.13137419842665,1.18658491874294,0.483514661461695,2.45408260249197,0.0141244532308086,0.159338440098376
"PATE2",3.21214000166642,1.71139685116261,0.569975521784813,3.00257955956347,0.00267701989704112,0.0671281994308796
"PATE3",2.05930261556055,1.61978608463115,0.607547450325016,2.66610629962256,0.00767354255185105,0.116025891634402
"PATE4",5.92939071464561,1.47493567509875,0.463880243916253,3.1795613079936,0.00147498164333542,0.0495560215835871
"PAX6",5.57957583008489,2.04489030695928,0.786293268560786,2.60067126188452,0.0093041564935005,0.128833729893743
"PBOV1",3.43135903485943,1.07746510643196,0.365686072509677,2.94642095346261,0.00321474573499865,0.0729753158893569
"PCDH17",1.21341365288734,2.37058187750396,0.726203686279158,3.26434844974429,0.00109716140948751,0.042431652832406
"PCDHA13",2.25939037128616,1.21641351425719,0.500998764042858,2.42797707611336,0.0151833029353748,0.16684165712261
"PCDHAC1",1.93355994528087,1.1806958825141,0.500341363820248,2.35978067753413,0.0182857422391641,0.183998428998136
"PCDHB5",2.8198132105655,1.27499097185686,0.443819752344421,2.87276752582977,0.00406893410674564,0.0828168496960258
"PCP4",3.5133701315479,2.3112003414523,0.753249890896683,3.0683049136602,0.00215276837864181,0.0596672432089182
"PCSK1",3.46389498811821,2.18439009430647,0.587895072992709,3.71561218090623,0.000202712302391521,0.0176019486629057
"PCSK2",4.94421826161119,1.76967367733886,0.471289408236291,3.75496169956699,0.000173367987281671,0.016185791714861
"PDE1A",1.21056615409918,2.41232292997491,0.859238912593931,2.80751126912121,0.00499259329994434,0.0928067927970805
"PDZD4",2.83406080304151,1.29486883225751,0.431053457936407,3.00396344911943,0.00266487337647889,0.0669832646067578
"PEG10",87.9202027732894,2.4452605310228,0.602450608066041,4.0588564411487,4.93136170407749e-05,0.00760048962686705
"PEX5L",6.67470861491725,1.06350446919576,0.434322598031076,2.44865101198272,0.0143392307020448,0.160117111175621
"PGF",1.57413922931228,1.10609777528087,0.482970436633888,2.29019768371318,0.0220098596516881,0.202710147910605
"PHACTR1",3.26017847449902,1.73276417316799,0.413384703336608,4.19165043888198,2.76932460582849e-05,0.00564554979095335
"PHYHIPL",5.14159166266444,1.57011650770485,0.339674792537448,4.62241103019663,3.79305508118566e-06,0.00224277928300392
"PIANP",5.7150093911028,2.28929443540099,0.719678580960625,3.18099564995424,0.00146769833438038,0.0495228538532639
"PKIB",1.40419308645129,1.02429017796894,0.497285363226042,2.05976337474334,0.0394211675061114,0.275074215699281
"PLCH1",1.01264999766114,1.36075800805787,0.615752370347169,2.20991111620188,0.0271113316012454,NA
"PLEKHH2",2.51395420343386,1.15004493652064,0.461119768406279,2.49402653131836,0.0126303103393687,0.150653759350567
"PMFBP1",1.16564876381627,1.41201155190556,0.554098371257532,2.54830482302444,0.0108247840102202,0.141284660537518
"PNMA6A",6.82587655174611,3.49851637469157,0.828553809064154,4.22243713856451,2.41674813552811e-05,0.00551986850409985
"POU3F3",3.51186270888014,3.01472027545053,0.732276161569143,4.11691713272558,3.83974053802282e-05,0.006442980846031
"PPP1R3C",1.62470750517496,1.0027798160872,0.504500340472427,1.9876692553828,0.0468482813251522,0.300300773576921
"PRDM8",1.57242999364052,1.93633949572245,0.770041826111613,2.51459002623292,0.0119170872662164,0.147162064497397
"PRKD1",2.81281689455193,1.78592871950446,0.484093360918318,3.68922374005828,0.00022493933627763,0.0181728170629765
"PRMT8",0.588370822796445,1.80162900833897,0.701989363259914,2.56646197596574,0.0102741889137631,NA
"PRR36",26.0401034785803,1.49941939439263,0.526321366305763,2.84886666280911,0.0043875264168622,0.0860389687364297
"PRRT2",14.908222520578,1.20601096072406,0.54827259366687,2.19965574543532,0.0278313288589857,0.231129442520442
"PRSS12",1.88359655104033,1.01713109361484,0.485416295721673,2.09537896148018,0.0361373182201758,0.264573750200426
"PRSS50",1.50550800027379,1.16105649026874,0.555531766060441,2.08999117818659,0.0366185921701049,0.266057963122406
"PTPRD",0.459302125665178,1.57782417554232,0.726180375203007,2.17277170992294,0.0297975035283308,NA
"PTPRN",2.13119510087115,1.39245199475485,0.61251674165507,2.27332887423181,0.0230063687721894,0.207157419176415
"PTPRN2",5.1265026977442,1.35807113454067,0.428350229978306,3.17046902159817,0.00152193059900992,0.050126822938743
"PTPRS",5.00298310315935,1.34910704580941,0.43074598624462,3.13202464768472,0.00173605300231446,0.0537570327424905
"PTPRT",1.95718547086298,1.84353191286263,0.715777730402958,2.57556478017943,0.0100076524865851,0.134631658641307
"PTPRZ1",0.776689298758447,1.77802506662974,0.8480032112717,2.09671973289268,0.0360183926452234,NA
"PURG",0.82881025767554,1.80628568213223,0.695276001640395,2.5979404982634,0.0093784743662022,NA
"RABL2A",6.10541134483308,1.0579507213627,0.383732320195872,2.7570018621905,0.00583340193114097,0.100741796632792
"RAI2",0.88989049194751,1.18675932693178,0.587002368011111,2.02172834660407,0.0432044237375689,NA
"RALYL",11.4438539564241,1.44634417539909,0.718144378407583,2.01400194568983,0.0440093292119937,0.292696218974465
"RAP1GAP",3.49809551197605,1.31318415984128,0.602538793701029,2.17941844337556,0.0293005972492987,0.23726287900567
"RASD1",4.40114563919645,1.65478969624244,0.538728892843796,3.07165574043612,0.00212875081508241,0.0595331055650412
"RBFOX1",2.16648226566408,2.5581849464174,0.735250794629175,3.47933652721535,0.000502656935784268,0.0295805268797785
"RCBTB2",2.45633020729199,1.32767457144077,0.581462262318145,2.2833374708578,0.0224104974260245,0.204761697232485
"RFX2",6.80626801082589,1.74796860742144,0.490597403691051,3.56293896843002,0.000366725962794394,0.0243509961498288
"RGS16",6.65399517810998,1.22917686351941,0.41846256705619,2.93736396105022,0.00331015365325838,0.0737920608842178
"RGS17",7.49545008845116,1.63600544922421,0.398471438897768,4.10570316846208,4.03086821499241e-05,0.00667350541674143
"RGS7",5.47679035032599,2.0459393266338,0.69260551162765,2.95397494285855,0.0031370947607311,0.072135751192589
"RGS8",0.533961641391777,1.71764950226878,0.722877048334494,2.3761295316074,0.0174953199435994,NA
"RHCG",2.80302956264042,1.08587520380322,0.407233547831225,2.66646795085079,0.00766529146069439,0.116025891634402
"RHOJ",1.83710478217513,2.43627724783187,0.798298287850222,3.05183824757115,0.0022744462897829,0.0608659473711946
"RIMKLA",8.18824455008181,1.03214777170069,0.31180754843586,3.31020777681078,0.000932267401720426,0.0387155997563964
"RIMS2",8.15465293208296,1.10835509151881,0.294517993065602,3.7632848165984,0.000167696026806658,0.0158855786150257
"RIPPLY3",12.5321733643292,1.46314578715217,0.382810408986261,3.82211599477349,0.000132311421936985,0.0140112220020709
"RNF165",1.91842915028319,1.14796487710495,0.432692824521528,2.65307121368229,0.00797630405789942,0.118329471310558
"RNF224",3.61431196800835,1.7545222919729,0.607550024040601,2.88786473960481,0.00387866623843644,0.08012614721307
"ROR2",0.884577463169802,1.85103163662349,0.692919674594809,2.67135095811199,0.00755466133418926,NA
"RORA",3.18337658243624,1.07834555764661,0.407892446561126,2.64370072733134,0.00820051264350334,0.120077553649034
"RUNDC3A",5.31664695125059,1.00696844792403,0.348530505918432,2.88918310111912,0.00386244098427214,0.0800666606038516
"RUNX1T1",5.20169013548529,2.15607982175707,0.626712325067634,3.44030224955986,0.000581064885113627,0.0314995632060982
"SALL1",1.8076332769909,1.17515252401912,0.47777107192065,2.45965608444014,0.0139070210600458,0.158135055405301
"SARDH",1.07869448820182,1.27591291027677,0.634648630164967,2.01042411443496,0.0443863203707202,0.293027699195121
"SCGB2B2",5.82715079160166,1.2453220007123,0.255630011392531,4.87157980367202,1.10709428231923e-06,0.000997951124895024
"SCGN",5.71803231745205,2.19782913642171,0.752111964256841,2.92221004434277,0.00347557065586198,0.0759945887921231
"SCIN",2.34004383916425,2.69741382648817,0.729906793480077,3.69555928316181,0.00021940327626377,0.0180799401743453
"SCN1B",1.20470371734412,1.59278661459278,0.704257045992139,2.2616552062307,0.0237187142910375,0.210669009550653
"SDK2",3.16392319511141,1.37755725010545,0.513667375271601,2.68180794892234,0.00732254841890767,0.113371675458325
"SEMA6D",3.24953157136487,1.98258001580985,0.492281971472589,4.02732606656152,5.64147719416831e-05,0.00824120262588094
"SEZ6L",13.8457900555666,2.9677762909175,0.454340272466901,6.53205641402547,6.48727090998206e-11,8.05524428892472e-07
"SEZ6L2",1.71700235547704,1.05032316414958,0.466623900537023,2.2508987708105,0.0243919496212987,0.214441206892774
"SGCE",7.78768065976574,1.05878331383346,0.353301953252708,2.99682270105125,0.00272809327918493,0.0676142400152481
"SGIP1",1.87414726828964,1.08762112353611,0.454679821492267,2.39205936161081,0.0167541323642602,0.176003436181911
"SGSM1",1.92775167869705,1.57807391378289,0.528353298997213,2.98677781851271,0.00281934540237786,0.0682413486575552
"SH3BP4",7.20816877966419,1.05098107126348,0.311071858028252,3.37857972085673,0.000728613035107201,0.0345391544715944
"SHC2",19.5525959699156,2.58551064168524,0.616873632224752,4.19131327166734,2.77344396591894e-05,0.00564554979095335
"SHD",1.78711125833671,1.48015800164004,0.588028039913658,2.51715547758126,0.0118306609717687,0.146461931491976
"SHISA2",2.89535426643223,1.49739264581104,0.547056724906755,2.73717985290514,0.00619684036326952,0.103283445356668
"SHISA7",4.68943750379055,2.79365708765517,1.34893749290701,2.07100558946934,0.0383582737143651,0.272168391263584
"SHISA8",1.38078300110773,1.67308969612265,0.630507379712657,2.65356084632211,0.00796474093324631,0.118299268143683
"SIAH3",1.1757617953457,1.89254602686936,0.953696741355446,1.98443168022108,0.0472077372702389,0.30049043874385
"SIX1",3.47275989007397,2.24252496056248,0.767218677053398,2.92292800948901,0.00346756678745393,0.0759945887921231
"SIX2",7.77462431128402,1.17966288763687,0.577847270221454,2.04147868897048,0.0412032700150152,0.28162696927275
"SIX3",4.58615061001204,1.12371605041129,0.558538137709589,2.01188777371468,0.044231768505311,0.292971359341462
"SLC10A4",1.53376110393256,1.5916395004648,0.690937924977886,2.30359261364289,0.0212455228735874,0.198350118437093
"SLC16A9",0.977736810735861,1.56345870717322,0.59815596393123,2.61379774080623,0.00895420268904435,NA
"SLC18A1",3.35240802730362,1.71258698817975,0.492068519843971,3.48038315623767,0.000500697166568911,0.0295805268797785
"SLC22A17",4.6120720580396,1.05387263935507,0.502935946637979,2.09544107236715,0.0361318016387288,0.264573750200426
"SLC26A10",6.3511036528382,1.50258270595227,0.53419806677194,2.81278199869216,0.00491149364964645,0.0925432726064642
"SLC29A4",2.17652654327008,1.06815787821924,0.516569464561749,2.06779136495312,0.0386596460305248,0.272748195886947
"SLC35F3",4.05388939948904,3.70033674266356,0.709858913872509,5.21277773702529,1.86033741130775e-07,0.000230998096362083
"SLC4A11",2.18028043273592,1.20677885276406,0.614081435471048,1.96517722741182,0.0493937287105662,0.306004044294759
"SLC5A4",1.05106710670675,1.28142155342895,0.617980934536633,2.07356162919455,0.0381200418968671,0.271408578115481
"SLC6A3",2.1076871729304,2.08241520866303,0.781488014010215,2.66467965129381,0.00770616930023007,0.116196789452685
"SLC7A14",1.51663627868745,2.28017777791587,0.604595715107818,3.771409093611,0.000162328295146174,0.0158711058333074
"SLC9A5",2.07353773516406,1.34920564899611,0.57079806270662,2.36371798915788,0.0180925791047382,0.183150668342369
"SLCO4C1",1.26547409134927,2.03113986423625,0.913490872032611,2.22349223886251,0.0261826261490588,0.22344307140403
"SLITRK5",0.889519796805251,1.9429126861875,0.753958713993712,2.57694837943567,0.00996768350655527,NA
"SMIM17",5.18837822711975,1.20818527721893,0.486103206649259,2.48545012806443,0.0129387715218091,0.152574288685949
"SMOC1",2.42267721995791,1.58687519028665,0.617975556277126,2.56786077405145,0.0102328245812041,0.135894099277873
"SMOC2",3.45256350927113,1.15075135558751,0.521515773715951,2.20655139035982,0.0273454161785394,0.228960237821257
"SMPD3",3.88000782304591,1.43431952167172,0.402836714987076,3.56054815340687,0.000370081434755115,0.024388075793986
"SNAP25",4.06866690831171,1.02184083982586,0.277930768943113,3.67660206788766,0.000236361309103065,0.0187704943551348
"SNCAIP",5.2020260215857,1.37835234617945,0.459459561822245,2.99994267332869,0.00270030423319065,0.0674641401680649
"SOBP",3.04153995871258,1.30477624342309,0.420288529689065,3.10447740362646,0.00190615487234284,0.0564886039376635
"SOGA3",6.49208783818896,1.17290016083247,0.32056600120317,3.65884141309517,0.000253358053249643,0.0193002880196369
"SORCS2",2.1160293866227,1.83856834634898,0.764165129543586,2.40598304642232,0.0161290131945748,0.171908975825782
"SPOCK1",1.66927777952388,1.18062705637826,0.508246779070798,2.32294055761012,0.0201823459492108,0.193473586508152
"SPOCK3",1.33338353599587,2.60454325881848,0.93483327206424,2.78610457784337,0.00533456584222853,0.0959989913955821
"SPTLC3",1.40752900486672,1.00345988485817,0.477193205738183,2.1028377453654,0.0354799552937737,0.261881090970534
"SRRM3",6.12425199687471,1.09878134415586,0.475197839004279,2.31226081847979,0.0207633145038932,0.196208581579028
"ST6GAL2",2.62944425197184,1.09657867021154,0.497290521119018,2.20510672060266,0.0274466066002443,0.229652637570912
"ST8SIA3",3.56734199354725,1.36066373291028,0.489340530601745,2.78060705749647,0.00542573665071367,0.0966590702896868
"ST8SIA5",4.8463585476007,1.90363336401306,0.513736650839309,3.70546536032232,0.000211002966942012,0.0179900894246759
"STAC",0.600519792154208,1.71543995592769,0.829123217071743,2.06898072639456,0.0385478953568531,NA
"STAP2",15.4592334095946,2.31354197536084,0.661942202059117,3.49508154664268,0.000473916936389601,0.0288462088193612
"STH",1.91406955823392,1.52523465737628,0.554517987709103,2.75055938884422,0.00594936061697324,0.101570270090469
"STK32A",3.13609207653196,1.67395105913571,0.441097907945116,3.79496485697228,0.00014766437075388,0.0149851597371921
"STMN2",2.28181003605117,2.6239616323263,0.845153042501862,3.10471772610405,0.00190460692876462,0.0564886039376635
"STON2",2.1610197506207,1.03520043202663,0.385838213906452,2.68299093950715,0.00729669671472375,0.113253853883406
"STXBP5",7.68013930859789,1.6597295986197,0.426029298957677,3.89581092821643,9.78707171837467e-05,0.0119143205418685
"SULF1",2.61377920420097,1.16188952782406,0.567945390611714,2.04577684233449,0.0407783314398951,0.280212806579512
"SYBU",0.912880485841761,1.16832186577813,0.582515257925171,2.00565023814057,0.0448935778737624,NA
"SYN3",1.84150246790147,1.68247242623582,0.603184395124868,2.78931689850419,0.00528193539057013,0.095485140345031
"SYT1",8.99886389726591,1.01638281020148,0.471880662940467,2.15389798740218,0.0312481728397656,0.244936564246288
"SYT14",4.70247530463275,1.18198003554609,0.303682668202296,3.89215506615189,9.9357704216115e-05,0.0119724059257485
"SYT2",1.22923212899078,1.71173920157882,0.740915019098874,2.31030436346221,0.0208713095311677,0.196780576032813
"SYT4",6.87128252302357,2.19769271216382,0.542346742677035,4.05219122607054,5.07401656402555e-05,0.00762539107190352
"SYT7",6.88707415255521,1.84487335154144,0.536646518765833,3.43778127133712,0.000586501244944541,0.0314995632060982
"TCEAL2",5.51878260170423,1.98273287063641,0.834824652426383,2.3750291332122,0.017547565135732,0.180899804436173
"TENM3",11.6235978238418,1.83942036625992,0.576432480547281,3.19104219199016,0.00141760576774996,0.0487601407705021
"TIMP3",4.47377287482775,1.1116447922505,0.48315424770624,2.30080724225854,0.021402528913975,0.199521451356974
"TLDC1",2.91206273552845,1.85723649569614,0.481054909618928,3.86075780240423,0.000113035906383662,0.0131174471922049
"TLE2",3.06117243636064,1.47181094988316,0.441177336622128,3.33609827094037,0.000849631248120004,0.0372786968477247
"TMEM130",1.58656951704442,2.28130633201118,0.830642493541682,2.74643586109372,0.00602466648193748,0.102409369103884
"TMEM132D",1.17507391039026,1.99337155472055,0.904745492189159,2.20324010667056,0.0275778298836578,0.229975764718186
"TMEM132E",0.652240389816903,1.63498963381666,0.814724672843425,2.00680019682044,0.0447709419137014,NA
"TMEM145",3.78101597677464,1.42533877552861,0.332257232296377,4.28986531211814,1.7878150958079e-05,0.00502663333948398
"TMEM150C",6.85282902259843,1.28542794324022,0.469270403266171,2.73920523070175,0.00615879146655023,0.102787249516336
"TMEM178B",6.01892829978081,1.17410269251925,0.452789781222414,2.5930414978657,0.00951312911498849,0.130668721483199
"TMEM179",0.928798139765387,1.7997016292314,0.650791804681482,2.76540303102346,0.00568525052367559,NA
"TMEM190",8.13746629760242,2.24119517078933,0.637263419022499,3.51690541758556,0.000436609330366452,0.0271438768110308
"TMEM196",0.638473289664192,1.38493224427922,0.691092255585407,2.00397592808515,0.045072639083835,NA
"TMEM255B",1.81350943489839,1.28540159076082,0.526511951325215,2.44135311178693,0.0146323395674492,0.162996699476543
"TMEM61",1.13814933104943,1.67524772316223,0.618134408290316,2.71016740161054,0.00672492573240073,0.107468986897323
"TMEM63C",2.73522486735017,1.05829729182646,0.447405695612967,2.36540862622801,0.0180101869619756,0.183005312198732
"TMEM88B",6.86515540280074,3.49879335041819,0.918992146901051,3.80720701718348,0.000140545091427318,0.0145429033354417
"TOX3",7.21573084979137,1.13115932150887,0.530055462788008,2.13403955042582,0.03283954343661,0.250849917921238
"TPH1",2.39952714563523,1.72118103548051,0.540600881000468,3.18382950522609,0.00145340590268539,0.0493085822230723
"TRIM61",1.39222240190146,1.62652964849976,0.557684941684292,2.91657444360502,0.00353898259096463,0.0764220526414593
"TRIM9",5.02682658067569,2.27424831246207,0.566456799958235,4.01486629276893,5.94795040509029e-05,0.0085878721139542
"TRPM3",2.56093546024051,2.76409323334087,0.788116107481119,3.50721576060046,0.000452821829609299,0.0278350923676172
"TRPM4",4.20555343602537,2.15070371094527,0.946802218559068,2.27154485782513,0.0231140146633068,0.207374797741532
"TRPM8",0.489657652587195,1.64939823549454,0.782652692662022,2.10744593477916,0.0350789434721563,NA
"TSPAN11",2.18125889432191,1.04110552033395,0.394309478023239,2.64032588197789,0.00828263408252818,0.12099466753265
"UBE2QL1",3.70398947438887,1.20755944686067,0.432602233382768,2.79138514246231,0.00524829808805967,0.095485140345031
"UNC13A",4.17270095207172,1.31833680039167,0.374895636558372,3.51654346392052,0.000437205070645579,0.0271438768110308
"UNC5A",1.69171689310369,1.14148053543568,0.482970064138574,2.36346022288487,0.0181051701414,0.183150668342369
"VGF",6.85374281097021,3.25776516752917,0.680163743898926,4.78967777502307,1.67049345059794e-06,0.00109171143031972
"VSTM2A",2.37158126804221,2.87074672519553,1.25983015881593,2.27867757023189,0.0226862390266919,0.206332596492346
"VTN",3.35577623964578,1.00460275002594,0.499037293659217,2.01308151272552,0.0441060547807073,0.292712390279018
"VWCE",1.8152983886331,1.60868810299672,0.6844918069171,2.35019336497558,0.0187636606442835,0.187269374658455
"WFIKKN1",4.64674627286521,1.0772278805081,0.433684053796278,2.48390013669749,0.0129952245283088,0.152701399204937
"WNT11",3.65675884277012,1.21653424672947,0.601216589158408,2.02345422376384,0.0430263385573906,0.288996670895734
"WNT16",1.09159071388436,2.02028967969991,0.918743882293063,2.19896939575536,0.0278800985028081,0.231214713200334
"WNT9A",2.95063689434968,1.28808475324487,0.556645600029875,2.31401227850492,0.0206670486306283,0.195596602779353
"XKR4",0.858252587020948,1.81291158918973,0.773633458673687,2.3433727805643,0.0191102783385204,NA
"XKR5",1.33827717375215,1.76848604807849,0.607157694082581,2.91272937049853,0.00358284963312541,0.0767038687836521
"XKR7",4.5160298475506,1.10734963252754,0.329786850819059,3.35777375531295,0.000785728960545824,0.0363451034197387
"XKR9",3.0156239641279,1.47975494521463,0.46777077751612,3.16341895719135,0.00155927758689507,0.0508177160012495
"XYLT1",5.08175892535512,1.33798896982258,0.530962525018737,2.51993108134206,0.0117377813921615,0.146092515499661
"ZAR1",1.85218652657898,1.45604917302714,0.579079097149672,2.51442191609758,0.01192277014451,0.147162064497397
"ZBTB20",6.22290804637177,1.01721732354916,0.336703593859898,3.02110622547267,0.00251852987444576,0.0648808826784087
"ZDHHC1",5.5119677065153,1.50314502685861,0.596776584539334,2.51877346699003,0.0117764395405773,0.146092515499661
"ZDHHC15",1.3659108798694,1.27800201155101,0.570363656636553,2.24067925205371,0.02504685900171,0.217791910521171
"ZDHHC22",1.94712077866606,2.32809626834202,0.635294573848373,3.66459334642085,0.000247731877347359,0.0189881896359393
"ZIC2",35.8983016686705,1.65129506501667,0.617194865787583,2.67548412430408,0.00746214072953308,0.114628085233452
"ZIC5",15.547392343794,1.95358819558021,0.625078419571465,3.12534897128512,0.00177594238546774,0.0544392298334549
"ZMAT4",5.05571584098794,1.85536358598079,0.76475495889223,2.42608899021503,0.0152625272729634,0.166853689775292
"ZNF334",18.5689937246507,1.15492369686704,0.42083969376879,2.74433166349931,0.00606342433269065,0.102409369103884
"ZNF488",1.57458533310451,1.69566420670789,0.788360743514008,2.15087346834357,0.0314861882070865,0.245699430606475
"ZNF521",1.68746805596871,1.58557184765373,0.67184829329305,2.36001469897628,0.018274210964818,0.183998428998136
"ZNF536",4.90399154337198,2.39140388606626,0.864806716182565,2.76524666300281,0.00568797672786539,0.0996158068122772
"ZNF574",13.7812232340561,2.18579592512215,0.587913289779113,3.71788827216916,0.000200895078172342,0.0176019486629057
"AASS",1.26390087057073,-1.46354487187627,0.676229531176512,-2.16427234304597,0.0304434540161636,0.242108918228226
"ABCA1",1.20600386543711,-1.19866557049763,0.588380912079625,-2.03722715317354,0.0416272839917996,0.283380474411281
"ACAP1",1.55127002869895,-2.70331131932344,1.07342565350459,-2.51839641664747,0.0117890553701104,0.146092515499661
"ACSL5",0.838058810171838,-2.010568594236,0.800483490828096,-2.51169276727503,0.0120153643670958,NA
"ACSS2",2.8006147168405,-1.15933099178728,0.370736321429012,-3.12710388698527,0.00176537534221447,0.0542590733274186
"ACTA1",1.42794690444838,-1.72431552617078,0.600652472814603,-2.87073741341777,0.0040951554895192,0.0828168496960258
"ADAMTS1",0.957093088077904,-2.34221487450207,0.811671782653711,-2.8856674884574,0.00390584574362717,NA
"ADPRH",0.963223791650322,-1.97733734582624,0.740620846648963,-2.66983754882537,0.00758879528758736,NA
"AGAP5",1.54796476646966,-1.05167697299588,0.451009009793313,-2.33183140504852,0.0197095622018801,0.192272891492419
"AGRN",2.39242320009371,-1.13362089390639,0.486291827714861,-2.33115349528575,0.0197452673325795,0.192272891492419
"AHNAK",10.9994127507141,-1.92325402238658,0.555325033553681,-3.46329429825833,0.0005336044171954,0.0303341435854886
"AIP",3.3983318709347,-1.24669772391295,0.332725680916811,-3.74692365337634,0.000179016541782731,0.0162251707979282
"ALDH18A1",2.19353362627603,-1.04285976672752,0.32226989709311,-3.23598256037614,0.00121224790264615,0.0452026492707426
"ANKRD33B",1.02490294433307,-1.65183440629234,0.689329372710116,-2.39629192036038,0.0165618940785181,NA
"ANXA1",23.510791480588,-3.94604901133093,0.748484519432674,-5.27205160411588,1.34907130925547e-07,0.000186126871633613
"ANXA6",2.35254244455417,-1.06735578303758,0.49640118751739,-2.15018781154747,0.0315403618722071,0.245699430606475
"APEX1",36.0707741599692,-1.09889932345019,0.404001680673491,-2.72003651474486,0.0065274707822562,0.105535943624056
"APOBEC3C",4.83312452270982,-2.17119710597827,0.523031933588581,-4.15117503644844,3.30772667353131e-05,0.0060400061919468
"APOBEC3D",2.78545796688532,-2.12104862240984,0.546617648654873,-3.88031492877949,0.000104321299361349,0.0122203544733007
"APOL1",1.08853248845753,-1.52583459236656,0.512426288598718,-2.97766649821794,0.00290451839181407,0.0692449418485795
"APOL3",0.58879162833572,-1.95926889940576,0.805692660743264,-2.43178198694066,0.0150247478346996,NA
"ARHGAP30",8.29271813326034,-2.03383461922904,0.567292193598358,-3.58516235932728,0.000336868569279562,0.0232383168041351
"ARHGAP31",1.75398796308907,-2.03483710471851,0.697633425513354,-2.9167712301359,0.00353675072501922,0.0764220526414593
"ARHGAP9",3.08467666110396,-1.5046205544047,0.525174335594151,-2.86499254138621,0.004170190644235,0.0837884421188769
"ARHGDIB",2.50337198538318,-3.5075246802337,1.60243536592154,-2.18887123613661,0.0286062002431797,0.234302894735859
"ARHGEF35",2.15443398611648,-1.00506895936964,0.495820482312765,-2.02708237199374,0.0426539893375324,0.287532348319294
"ARHGEF6",1.08318524888551,-1.43706531298012,0.663095542684036,-2.16720701690024,0.030219072591119,0.240995648274839
"ARID5A",1.86316235789189,-1.06829781536654,0.408786018720946,-2.61334235135815,0.00896614380404854,0.12703931156332
"ARPC3",9.72207653661088,-1.15305918679347,0.277662376646466,-4.15273830297004,3.28520357850413e-05,0.0060400061919468
"ATP1A1",15.6141472357363,-1.790735805026,0.351596848273718,-5.09315090228544,3.52161179235565e-07,0.000397525942051637
"ATP5EP2",10.4021609626798,-1.11803547785023,0.445378136075702,-2.51030615849583,0.0120626528246322,0.14756843361917
"ATP6V1C2",2.72355424341159,-1.41577870197526,0.389605945519763,-3.63387345151138,0.000279197841545667,0.0207592790327697
"ATXN1",2.56973516591633,-1.90610084345507,0.584667828903763,-3.26014319451946,0.00111355978238356,0.042431652832406
"B2M",39.4899188392676,-1.95258284093114,0.412920740334824,-4.72871098542508,2.25949747700914e-06,0.00140280900860112
"BAG3",1.41380471748143,-1.07201762667725,0.544062849557974,-1.97039299328784,0.0487933479831944,0.304302863840947
"BCL11A",10.0665757793078,-1.02050497315661,0.397650346814316,-2.56633744024657,0.0102778788068939,0.135936450416719
"BCL3",2.57956481703851,-1.56963976834563,0.47315928452218,-3.31736017804391,0.00090872386781495,0.0382495737852822
"BEST1",32.5858080436414,-1.56635209963846,0.408669469767337,-3.83280919059164,0.000126688217751881,0.0140112220020709
"BGN",2.33059360341877,-1.05011301918988,0.423847507201404,-2.47757271506351,0.0132279451638725,0.154081960415446
"BHLHE41",5.0521296840675,-3.67722087724918,1.08734931383254,-3.38182112267878,0.000720070165745458,0.0345391544715944
"BIRC3",2.24888766620144,-2.98334124458016,0.784646180879453,-3.80214842980099,0.000143446740657187,0.0147204808160355
"BST2",1.82023577197076,-2.11154153349932,0.991126375174584,-2.13044631480761,0.0331347835459907,0.251950157556991
"BTN2A2",2.77039508876396,-1.21166159613463,0.393690772278207,-3.07769874595485,0.00208605682320542,0.0591382821318303
"BTN3A1",4.81831421007746,-1.46517452585965,0.387106874082634,-3.78493543761479,0.000153748487638002,0.0153959271854925
"BTN3A2",3.46900401360022,-1.76026586296648,0.431145902092345,-4.08276143742508,4.45037019710184e-05,0.00709315869314839
"BTN3A3",3.19267381579356,-1.96761047718684,0.466278318633739,-4.21981979121872,2.44497678767409e-05,0.00551986850409985
"C10orf10",1.58954593854018,-1.17263233307313,0.417814659164954,-2.80658494705943,0.00500697089830425,0.0928067927970805
"C12orf42",1.48691609493559,-1.91556937085385,0.836810368722486,-2.28913197356559,0.0220716855903309,0.202710147910605
"C12orf71",1.15556103100485,-1.21751613094544,0.518496507440456,-2.34816650348462,0.018866085565189,0.187708481140186
"C15orf52",0.697602446733241,-1.59931411001589,0.73517812499049,-2.17541036063413,0.0295993787977323,NA
"C18orf32",26.4100660312655,-1.04188244769215,0.365104828925178,-2.85365288308927,0.00432197265488464,0.0857283298014418
"C19orf33",2.3831193635202,-1.20354532487772,0.44876721889248,-2.68189224660385,0.00732070355956491,0.113371675458325
"C4orf19",3.11884622312522,-1.20880681847263,0.511514354085969,-2.36319236951357,0.018118262029098,0.183150668342369
"C6orf132",2.03992815258249,-1.20861740418456,0.468657099758914,-2.57889489950392,0.00991169379083945,0.13377554543571
"C6orf15",1.30639770098038,-2.68878575348867,1.19542370095214,-2.2492324280898,0.0244977123347818,0.214895822920948
"C6orf223",1.96069935438696,-1.29855510336344,0.427215720628921,-3.03957705828753,0.00236910587532169,0.0623245501141302
"C8orf4",1.46127137208436,-2.36014312777602,0.710576503925974,-3.32144830955723,0.000895515683531622,0.0379509155031131
"C9orf131",6.70170818281836,-1.02093892180043,0.332720517225242,-3.06845796680846,0.00215166595445684,0.0596672432089182
"CALML5",0.893072719564179,-2.29066448948125,0.876549513113799,-2.61327449871489,0.00896792423693472,NA
"CAP1",8.34156808786383,-1.06085288823471,0.249762394547661,-4.24744842055183,2.16218922222888e-05,0.00551986850409985
"CCDC86",2.39679893048591,-1.24506091823736,0.419591647406442,-2.9673157841279,0.00300412242167813,0.0703733446172915
"CCND1",1.70086346837791,-2.41440331851887,0.763128329406276,-3.16382346911077,0.00155711211062868,0.0508177160012495
"CCND2",1.35614531821047,-2.84799017852991,1.01476973676201,-2.80653834594778,0.00500769518998502,0.0928067927970805
"CCT2",13.7801892906558,-1.0378222171916,0.274952333060508,-3.77455323124393,0.000160294678916958,0.0157966589532688
"CCT5",20.1270753624893,-1.02039140747717,0.404825724138157,-2.52056958497266,0.0117165069760565,0.146092515499661
"CD274",1.03741352148211,-1.0532404206435,0.502606876654165,-2.09555513377548,0.0361216727716664,0.264573750200426
"CD37",6.48660693678623,-1.98405096901605,0.931616294933464,-2.12968684618999,0.0331974756755931,0.251991127091491
"CD38",1.89700528010237,-3.21286624282279,0.857272263778396,-3.74777813137474,0.00017840795731116,0.0162251707979282
"CD40",3.15480012708081,-1.90951330848289,0.675018696469196,-2.82883025088184,0.00467184714772695,0.0896236540508861
"CD44",4.54996861011764,-2.44250121193097,0.577762865775781,-4.22751505265286,2.36286372122725e-05,0.00551986850409985
"CD53",2.17539440883573,-3.21832775852249,1.61612773995473,-1.99138204175162,0.0464389020252899,0.300016569431854
"CD55",1.93423877478301,-1.13034054247865,0.360688061835731,-3.13384517559509,0.00172531862866459,0.0536924346168628
"CD74",15.0127835398335,-4.26682830170033,0.694921439099493,-6.1400153479643,8.25135081326789e-10,5.12285115241737e-06
"CD81",4.42929882221029,-1.02322538133701,0.330359397951139,-3.09730974109701,0.00195285708248091,0.0576213739932213
"CDC42EP1",2.31829716589611,-3.16703664083729,1.25080548383655,-2.5319977260758,0.0113414726749176,0.14480425740813
"CDH11",1.21307254985386,-2.51086389870475,0.882285594442015,-2.84586296605319,0.0044291250449068,0.0863366494232461
"CDK6",1.10773235202359,-2.12497565675362,0.934254113501843,-2.27451570835329,0.0229349977284262,0.207157419176415
"CEBPA",2.00317466069482,-2.29042288980781,0.769237201704858,-2.97752485804321,0.00290586079375633,0.0692449418485795
"CELSR1",0.938434545009822,-1.58081952303648,0.751633784544316,-2.10317784477299,0.0354502262128949,NA
"CFB",4.1981521987959,-1.1521372135893,0.337845907840909,-3.41024469099635,0.000649046199453204,0.032685766693294
"CHST2",1.38753628537795,-1.91951202160945,0.57339339379275,-3.34763539724919,0.000815041630798645,0.036755806171774
"CIITA",2.00269153109808,-1.83392205553551,0.626314556165955,-2.92811661086411,0.00341022118349678,0.0750853916368164
"CITED4",1.22781472198856,-1.78994099920825,0.726819198071263,-2.4627046230454,0.0137893463824048,0.157084691770936
"CLP1",1.17142731938012,-1.14511758942653,0.521594140534295,-2.19541881404865,0.0281335687430681,0.232339770380048
"CNN2",2.14485972116917,-1.96859354266921,0.690332718309596,-2.85165904853774,0.00434917224146461,0.0859931078380033
"COL11A1",1.17776791776449,-2.72740588393432,1.16073222694278,-2.34972874934122,0.0187870963483418,0.187269374658455
"COL1A1",18.0437666292951,-1.43062528006375,0.500974862997405,-2.85568276121503,0.00429443989068342,0.0854097978371815
"COL7A1",3.43860186812883,-1.12806815245566,0.488596567743528,-2.30879262550982,0.0209550914455752,0.1971207352119
"CORO1A",5.75088299712358,-1.80256532807261,0.511495455955597,-3.52410819506693,0.000424910706901039,0.0267823159776152
"COX19",23.8593439685047,-2.39437179674617,0.758590271376408,-3.15634392779879,0.00159760360150583,0.0513923417613936
"CSTB",8.45288255906666,-1.71417781955438,0.404446506697936,-4.23833014049155,2.25188462213969e-05,0.00551986850409985
"CTNNB1",11.095545462715,-1.08769289640624,0.300378771882298,-3.62107112160527,0.000293385841593396,0.0211800697387512
"CTPS1",12.665416525696,-1.0860790851738,0.317075154120272,-3.42530491923006,0.000614109776139542,0.0320395003795155
"CTR9",4.1763068462625,-1.12118250631733,0.355634538872647,-3.15262547296854,0.00161809264817163,0.0517831350833688
"CTSB",4.43003183878719,-1.03759044257018,0.289912358660443,-3.57897968670403,0.000344938274909058,0.0234049101614523
"CTSC",2.44678314250962,-1.40326613245078,0.685215199443567,-2.0479203228275,0.0405678071825193,0.279541510954144
"CTSH",2.857854666149,-1.52319884389684,0.542322809419064,-2.80865716403942,0.00497485933473726,0.0928067927970805
"CTSS",1.49572042545301,-2.67638285317973,0.746994973429361,-3.58286594740094,0.000339845032259541,0.0233141202517499
"CTSV",3.01815248776664,-1.52862216471329,0.460177564297663,-3.32180941295198,0.000894357603040749,0.0379509155031131
"CTSZ",3.36788833359654,-1.54356168818054,0.402947786873905,-3.8306741926928,0.000127792626355931,0.0140112220020709
"CXCL14",2.84904034805654,-2.12131180938032,0.705522842817019,-3.00672307208413,0.00264080216742176,0.0667514815629666
"CXCL16",0.742271400223745,-1.4770170106414,0.575096524791607,-2.56829409841525,0.0102200407090626,NA
"CXCR4",20.2137553383916,-1.05030702995519,0.421653163815824,-2.49092647722657,0.0127410482242871,0.151683217450597
"CXCR5",1.34770044344246,-1.1101401206221,0.46792936594519,-2.37245234305754,0.0176704425419447,0.181184050407372
"CYB5R2",0.65620311592505,-1.46365750217973,0.651333038902221,-2.24717220647464,0.0246290237044814,NA
"DAAM2",0.71546466576788,-1.60479199056419,0.795768694945477,-2.0166563484558,0.0437313882505846,NA
"DBI",7.60359499015193,-1.47652399649734,0.477363350446961,-3.09308202046692,0.00198089378723533,0.0580112220662761
"DDX60",1.98590335325586,-1.54920504962595,0.459731978393017,-3.36980049776211,0.000752226232054547,0.0351142598624861
"DDX60L",0.568704134541917,-1.21739135854585,0.605856186512511,-2.00937348771417,0.0444975397158763,NA
"DENND1C",1.56589316268936,-1.24721215775765,0.538531451594938,-2.31595045018049,0.0205609742721309,0.195067456577545
"DHX58",1.87075936682393,-1.46239976424278,0.478997235664731,-3.05304426697438,0.00226532518620661,0.0607784299163508
"DMP1",0.859658596612627,-2.3857891902028,0.950782837185396,-2.5092892897241,0.0120974365606154,NA
"DNMBP",1.66774675264622,-1.0149709277861,0.404274630018134,-2.51059762948906,0.0120526989209677,0.14756843361917
"DOCK10",1.9828666747563,-2.21588898335218,0.698598061764614,-3.17190828980398,0.00151440823270252,0.0500954257429937
"DOCK8",0.860258325926884,-2.22241604180647,1.07586575009413,-2.06570015042492,0.0388568010894245,NA
"DOLK",3.87972563059313,-1.40063407596144,0.427488863424754,-3.27642237213036,0.00105131208796797,0.0415280460280619
"DSG2",4.88965548788574,-1.01674483719908,0.351818046864717,-2.88997351403649,0.00385274285576008,0.0799991773243694
"DTX4",1.43359431695179,-2.06128080822747,0.673707686068623,-3.05960708308962,0.00221627542213382,0.0601931850539606
"DUSP2",2.36632238568126,-1.59517323938228,0.481347970681296,-3.31397104910297,0.000919810304240373,0.0384555035277869
"DUSP5",1.03189673281946,-1.86795463550369,0.753141581702528,-2.48021710775955,0.0131302407369987,0.153519961611406
"EEF1A1",185.988596315216,-1.11350889094973,0.403160461838377,-2.76194963631161,0.00574573407855258,0.0999786540900709
"EEF1B2",31.4987456373747,-1.56732251998466,0.365710194395933,-4.28569546050942,1.82168398386711e-05,0.00502663333948398
"EEF1G",32.9275021382635,-1.3619075335676,0.310200324401752,-4.39041298939372,1.13135579873881e-05,0.0038283660586179
"EFNA4",2.06435285288309,-1.50112954628194,0.534791572730507,-2.80694315846744,0.00500140660605649,0.0928067927970805
"EGR1",5.367202112563,-1.24718797097483,0.437883054291334,-2.84822159421827,0.00439643008727973,0.0860389687364297
"EGR3",2.14242706277483,-1.93733767450645,0.768502236740632,-2.52092652680241,0.0117046288789867,0.146092515499661
"EHD4",1.07194277163088,-1.30497493919678,0.478066561014258,-2.72969298757933,0.00633933322491661,0.104238505326799
"ELFN1",3.05464385704146,-1.90898089292794,0.955914956459089,-1.9970195884362,0.0458230551159752,0.297322484663558
"EN1",3.0164989016465,-3.12693190892812,1.42060124002485,-2.20113274635282,0.0277266276691972,0.230597143850249
"ENTPD1",1.13196109649786,-1.39036208479126,0.553228722788891,-2.51317769218901,0.011964905260866,0.147255094295355
"EPHB4",1.41227835293116,-1.31077300760023,0.615732324791492,-2.12880330433213,0.0332705374373558,0.252056292470803
"EPHX3",1.2778016617493,-1.4602420271978,0.531974822081531,-2.74494575040997,0.00605209013612524,0.102409369103884
"EPSTI1",1.13664185313404,-2.49439385414707,1.16490413393115,-2.14128680763571,0.0322509163307734,0.248859045557947
"ERBB3",5.97988464525579,-1.48355980072871,0.439387710278079,-3.37642534378076,0.00073434297982612,0.0345391544715944
"ETV7",1.99101243385259,-1.94928522091127,0.603389257794905,-3.23056003355937,0.00123547955741236,0.0453181376573758
"F2R",0.759315803135412,-1.73169471069202,0.692477023032044,-2.50072515490798,0.0123939322167222,NA
"FABP4",1.02542259334982,-2.42737725176196,1.06540030892432,-2.27837107932958,0.0227044779907301,NA
"FAM106A",2.87676903094153,-1.96496914750583,0.656500614805059,-2.99309566997026,0.00276163165190173,0.0680064643832541
"FAM43A",2.95198613460981,-1.19306066006055,0.464900227973051,-2.56627247799437,0.010279804054224,0.135936450416719
"FAM47E-STBD1",1.30933941925998,-1.29075254612439,0.512362014647012,-2.51921982743713,0.0117615201247497,0.146092515499661
"FBXL14",5.19167554501509,-1.6188000476008,0.433231461540463,-3.73657084331954,0.000186546908452996,0.0166644098004377
"FCN1",1.10868989470213,-2.15956456178673,1.09260235888577,-1.97653294835374,0.0480944478588847,0.302656718489486
"FES",2.14005735795681,-1.07692782521792,0.49185846335742,-2.189507562535,0.0285599694897646,0.234078641026012
"FJX1",2.95876246860306,-1.35185499224783,0.663339556268474,-2.03795323145285,0.0415546102849681,0.283180133243513
"FN1",7.61115852176247,-1.59579525235456,0.445868415878608,-3.57907220050552,0.000344816203228626,0.0234049101614523
"FNBP1",4.712539510024,-1.61339106741267,0.389828683531934,-4.13871819999235,3.49251612496133e-05,0.00619522467480641
"FTH1",71.514068491616,-1.52083024043557,0.365142738626094,-4.16502939688169,3.11312449173926e-05,0.0060400061919468
"FTL",169.01755664419,-1.15760459520205,0.39050204735,-2.96440083491934,0.00303272970439712,0.0706517912560957
"FXYD5",2.23855565260329,-1.96892354500618,0.83250240079305,-2.36506650687202,0.0180268333618113,0.183024685080631
"FYCO1",1.64518396525484,-1.0910535257786,0.453316276902833,-2.40682627421398,0.0160918226618712,0.171807533957399
"GADD45A",7.096179754952,-1.17532822070703,0.425561926774606,-2.76182653277987,0.00574790081366604,0.0999786540900709
"GADD45B",2.66928434169697,-1.57255626900402,0.576355188467339,-2.72844992197573,0.00636327510974578,0.104238505326799
"GALK1",1.42779851877281,-1.68948228686754,0.494571579180809,-3.41605211052753,0.000635360872707748,0.032685766693294
"GALNT6",0.926800849836,-1.35265151042559,0.540112178410659,-2.50438994803991,0.0122662759019656,NA
"GAPDH",157.145909778403,-1.00095843780719,0.288927902243732,-3.46438827830067,0.000531438836163234,0.0303341435854886
"GBP2",0.866762881698646,-2.05064529743254,0.808223541552151,-2.53722539867421,0.011173498812581,NA
"GBP3",2.09636150295299,-1.51287456280969,0.662328220391751,-2.28417650981995,0.0223611595077027,0.204515432994203
"GCNT2",5.86600088907245,-1.34025629193959,0.477843841899381,-2.80479975761999,0.00503478476195861,0.0931697800137705
"GFOD1",2.73718875342616,-1.33403600527171,0.399645855299955,-3.3380453908885,0.000843699656037499,0.0371497114504171
"GIMAP2",1.14418994520187,-2.50437365012817,0.99664688747967,-2.51279934908667,0.01197774383815,0.147255094295355
"GJB3",0.894178507900594,-1.67514600556192,0.80936617509626,-2.0697010291574,0.0384803503251588,NA
"GOLT1A",1.43871043528256,-1.43621682598708,0.617951878705453,-2.32415641974552,0.0201171120794247,0.193364500725661
"GPR143",1.59290830853905,-1.11102817498451,0.423510127847122,-2.62338041508553,0.00870620022997544,0.125016657693662
"GPX1",16.0514490743893,-1.07513884052686,0.461710653781875,-2.32859872675753,0.0198803335838506,0.192502969090687
"GPX3",2.56502849421435,-1.01867122974249,0.362807822659972,-2.80774329030164,0.00498899791215517,0.0928067927970805
"GRASP",7.80409862773513,-1.29580877432692,0.513316192840169,-2.52438709785723,0.0115900227222472,0.146092515499661
"GRN",7.02473213623508,-1.27286725727937,0.370484619705211,-3.43568177888781,0.000591064790012992,0.0314995632060982
"GSDMD",2.72976196925792,-1.05903592730525,0.37694256763403,-2.80954187252595,0.00496120650212778,0.0928067927970805
"GSN",3.22304326507214,-1.84147785600084,0.434738282237341,-4.23583091538164,2.27708083127526e-05,0.00551986850409985
"GZMB",1.1330801254365,-1.81503010945782,0.774235893568495,-2.34428566866391,0.0190635638484707,0.188744905187806
"GZMH",0.89657025803314,-2.45881182198757,1.00555552763348,-2.44522729418458,0.0144760878668045,NA
"HARS2",6.29663646159424,-1.16518715693652,0.388127128682373,-3.0020760488764,0.00268145179332498,0.0671281994308796
"HEG1",0.976601748428339,-1.6509267620625,0.621981010570664,-2.65430412505324,0.00794721641252282,NA
"HERC5",0.680562433553581,-1.53229091355768,0.743651876494184,-2.06049491972157,0.0393512510269879,NA
"HERC6",1.12115845955127,-2.1451967368131,0.545400123038312,-3.93325312224474,8.38039064480911e-05,0.0108594525359563
"HIST1H4F",15.6776598658103,-4.25942108032237,0.885333044324396,-4.8110946582512,1.50105900726127e-06,0.00109171143031972
"HIST3H2A",10.241385514352,-1.31558818970948,0.414144687028308,-3.17663906097522,0.00148992339799993,0.0498394217105463
"HLA-A",52.0971992839654,-2.23860377159656,0.395523103970099,-5.65985589495624,1.51500156121836e-08,3.83375445240442e-05
"HLA-B",107.601173776553,-3.34689001358599,0.632640396486566,-5.29035141001632,1.22081569467746e-07,0.000186126871633613
"HLA-C",6.64126296750517,-3.0258366216647,0.718053938478123,-4.21394056841719,2.50953346996731e-05,0.00556444233867573
"HLA-DOB",2.31192231992515,-3.0113788883352,0.820378295355235,-3.67071984398518,0.000241868333480033,0.0187704943551348
"HLA-DPB1",3.13016582035964,-3.0049765797715,1.10461802777961,-2.72037618814877,0.00652076860819764,0.105535943624056
"HLA-DQB1",2.25069785690504,-3.5480049817025,1.49518938364387,-2.37294687918114,0.0176468016677489,0.181184050407372
"HLA-DRA",2.67422646287112,-3.57034334560463,1.33682453771302,-2.6707643710016,0.00756787505036709,0.115584630381806
"HLA-E",25.6418427751004,-3.42293061703008,0.779957694036458,-4.38861061721904,1.14077107327746e-05,0.0038283660586179
"HLA-F",3.38055247141799,-2.99928000743161,0.710721620920079,-4.22004891809656,2.44249313136377e-05,0.00551986850409985
"HLA-G",0.972564093463209,-1.27822236668478,0.484200423712762,-2.63986213990398,0.00829397581463842,NA
"HOMER3",1.20100249413121,-1.24523617960276,0.501410403614652,-2.48346697760136,0.0130110397325298,0.152701399204937
"HOXC5",2.73536359557338,-1.38007702732007,0.591997151473825,-2.33122241193941,0.0197416349533555,0.192272891492419
"HPS6",2.64234991204573,-1.0484451482854,0.383476689484335,-2.73405183948797,0.00625601941673468,0.103582135464946
"HR",1.39377615366697,-1.48764893315635,0.587892743223462,-2.53047677540542,0.0113907625663529,0.145095332280939
"HSH2D",1.40904010294919,-1.94337855713564,0.86491390484509,-2.24690405166246,0.0246461597291594,0.21566692414163
"HSPA5",22.6422691878098,-1.0669243936812,0.284489091326245,-3.75031741536154,0.000176610864998907,0.0162251707979282
"HSPA8",126.540718852651,-1.46887641709051,0.416395204005065,-3.5276016701495,0.000419342683069716,0.0265662147738605
"HSPA9",18.3364322404829,-1.23246979114894,0.292772410653529,-4.20965140942692,2.55764995735547e-05,0.00557163851236541
"IER3",6.83662762211129,-2.30115156009529,0.552844893891211,-4.16238186428491,3.14945089012274e-05,0.0060400061919468
"IER5L",1.63950410349625,-1.25403136405716,0.480539558087381,-2.60963190844973,0.00906396937473605,0.127315958966174
"IFFO1",1.73350223459882,-1.61084320167735,0.591713846999468,-2.72233480734953,0.00648224324482659,0.105240721384961
"IFI30",5.55750300963751,-1.57768083905879,0.513595992414172,-3.07183245656349,0.00212749102210991,0.0595331055650412
"IFI35",1.9530041286879,-1.12145322434338,0.396281974430736,-2.82993751092102,0.00465570963988688,0.0896236540508861
"IFI44",4.22251934801137,-1.99559355002257,0.577315001683797,-3.45668057161553,0.000546872676719988,0.0305879190397842
"IFI44L",2.28471769980661,-3.26330613587098,1.30795491425796,-2.4949683664917,0.0125968359596029,0.150543707517218
"IFI6",7.30256814251823,-1.16962676852047,0.41128941708899,-2.84380467846417,0.00445783660435572,0.08676012087192
"IFIH1",1.62375031001074,-1.21722229019233,0.407977467479791,-2.98355273812424,0.00284922928708386,0.0686968544810103
"IFIT2",1.44859256129507,-1.46762223479468,0.45214513067565,-3.24590963216077,0.00117075996613018,0.0438712672789673
"IFIT5",2.19135508490484,-1.43926603846862,0.426910440519753,-3.37135357176168,0.000747997905139543,0.0350486414645951
"IFITM1",6.33338321733646,-4.33421073353343,1.35352782536164,-3.20215857577616,0.00136401887932013,0.0473101185042405
"IFITM2",3.24062525338162,-3.6355037934729,1.11893239267726,-3.24908262310134,0.00115777844312865,0.0435640452373588
"IFITM3",3.59435272105894,-3.611817302989,1.13265129812719,-3.18881663664805,0.00142856461899112,0.0489274747115671
"IGF2BP1",0.813469280435761,-2.3524888894965,1.17218922565737,-2.00691905197919,0.0447582828751313,NA
"IKBKE",1.00965509386135,-1.22956838521734,0.548230459123126,-2.24279473122305,0.0249100543988098,NA
"IKZF1",1.46773689405237,-2.92884806129152,1.02100957458481,-2.86858040727241,0.00412318380915164,0.0832480867613592
"IL17RD",1.06887716831569,-1.38552722136829,0.601404693068346,-2.30381843929315,0.0212328375928699,0.198350118437093
"IL22RA1",0.639133592565067,-1.30684370580754,0.6113824404157,-2.13752247270788,0.0325555198916646,NA
"IL23A",2.15798968879617,-1.44732593609258,0.435234386648196,-3.32539427143763,0.000882935804270624,0.0378048754538908
"IL27RA",0.803236092232094,-1.60917012364966,0.647901496454508,-2.48366477382051,0.013003815823446,NA
"IL2RG",2.67406119985512,-3.04961197325547,1.32569561589818,-2.30038625509772,0.0214263468358056,0.199537105462219
"IMP4",13.3347692430291,-1.26718129848396,0.478619959591584,-2.64757303386442,0.00810718458885746,0.119415078339078
"IMPDH1",2.53773886059158,-1.01400093437744,0.295189542610252,-3.43508420186911,0.000592369738856836,0.0314995632060982
"INAFM1",3.73076500631552,-1.12242310814506,0.349974096832469,-3.20716052503268,0.00134052171232015,0.0471537056710461
"INHBA",0.792939226837378,-1.48345818074934,0.699730512293313,-2.12004215149546,0.0340024907251566,NA
"INPP5D",1.22862641042573,-1.69247144882668,0.647655784309468,-2.61322679396927,0.00896917618408502,0.12703931156332
"IRAK3",2.0298002139887,-1.33684275429417,0.653045522430114,-2.04708968728476,0.0406492793524096,0.279541510954144
"IRF1",5.90040217853612,-1.41763867266092,0.343421488083833,-4.12798477046626,3.65956345685406e-05,0.00631122214496623
"ISG20",2.81225812001827,-1.08799978637605,0.409843704498324,-2.6546699984274,0.00793860278795354,0.118193801940071
"ITGA1",0.829152092447044,-1.47460525434599,0.704155761397273,-2.09414640223904,0.0362469405930517,NA
"ITGA5",1.62255507384456,-1.06571529363168,0.440588875219515,-2.41884294763617,0.0155699609440406,0.168178726167091
"ITGAL",1.69023900988282,-2.64070160802328,0.898113786545872,-2.94027510498349,0.00327920954532495,0.0737578382757491
"ITPR2",2.62418655480907,-1.53413295982121,0.628420910625139,-2.44125065522579,0.0146364918995204,0.162996699476543
"JADE2",1.48182899945281,-1.14756930582155,0.406627237097171,-2.82216536701726,0.00477005738373564,0.0911227731289931
"KBTBD8",1.01929797999802,-1.19271641538377,0.556339633408138,-2.14386382662904,0.0320437993564367,NA
"KCNMB4",1.92985558171797,-1.13156425429335,0.541108134431026,-2.09119801069557,0.0365103175890493,0.265582081724209
"KCNN3",2.85742476388058,-1.35939537103401,0.624689669314426,-2.17611309712533,0.0295468048261416,0.238545302682835
"KCTD1",7.30074921784877,-1.3107885067809,0.50777961475317,-2.58141222825196,0.00983970088874412,0.133296796535419
"KIAA1217",1.92403890330313,-1.51253762367532,0.638927061097336,-2.36730875207819,0.0179179779364649,0.182516433172342
"KIF1C",3.65610241220454,-1.2757582158258,0.399615013848094,-3.19246817966343,0.00141062486111106,0.0486548025011555
"KLF2",1.1528182035952,-1.21385154495471,0.611527279705901,-1.98495077037034,0.0471499489538557,0.30049043874385
"KLF5",7.99902914737069,-1.12444644232843,0.393494752728106,-2.85758942027211,0.00426872339454333,0.0850798369021581
"KLF6",14.741626386234,-1.09672198606503,0.426443422571234,-2.5717877871169,0.0101174887419988,0.134983611201378
"KLHL5",1.78596785828336,-1.15075512631395,0.40161693823639,-2.86530526169346,0.00416607424517461,0.0837884421188769
"KRT17",5.11828495332707,-3.02937279096834,1.07121671774414,-2.82797378045765,0.00468436429725579,0.0896236540508861
"KRT18",27.669138025637,-1.57526488352339,0.396625920198091,-3.97166398690394,7.13723437614524e-05,0.00995764485939274
"KRT5",5.17954014363115,-3.84034260953923,1.01230395919855,-3.79366550396549,0.00014843961082988,0.0149851597371921
"KRT7",10.2542316013693,-2.03965057004865,0.471052833994887,-4.32998258974658,1.49121131170509e-05,0.00451618801401026
"KRT86",1.37505951065316,-1.34410994139035,0.577717435287993,-2.32658711558586,0.0199872509488928,0.192687651422673
"LAD1",1.4450323958528,-1.04352080622119,0.467138372727411,-2.23385803253228,0.0254924156849803,0.219361971975329
"LAMB2",2.36110609665105,-1.13068799357051,0.454509341661499,-2.48771123039446,0.012856807880987,0.152056295499888
"LAMC2",0.793551993530352,-1.71397514774078,0.664183943777649,-2.58057299306617,0.00986365017134411,NA
"LAMP3",1.27500098915425,-1.55791832781809,0.503035962183991,-3.09703171330774,0.00195468961058002,0.0576213739932213
"LAP3",3.02409542423739,-1.05218681237717,0.351768001999834,-2.9911384958137,0.00277939406414465,0.0680064643832541
"LAPTM5",1.55789928550909,-3.16359033364441,1.0664702671576,-2.96641212705925,0.00301296446492897,0.0703733446172915
"LBH",0.892877582905925,-1.5512605555055,0.677728557839517,-2.28891130167313,0.0220845064765381,NA
"LCP1",1.43586644275295,-2.76360130879272,0.826737660839722,-3.34277902132306,0.000829439219902895,0.0370472906242239
"LDHA",29.5946337498477,-1.21601934842063,0.376724978945679,-3.22787024057669,0.00124715532794903,0.0455468461974797
"LDHB",1.56772336679955,-1.31614249484905,0.450988671820571,-2.91834934464316,0.00351889870844515,0.076388400809027
"LDLRAP1",1.43593064284833,-1.02158146374458,0.516751048626002,-1.97693157364824,0.0480493653061252,0.302656718489486
"LGALS1",3.62141333077032,-1.55368158844291,0.420479373822805,-3.69502450100597,0.000219865584789091,0.0180799401743453
"LGALS2",0.553555079307599,-1.94913606177756,0.970662776708761,-2.00804657245281,0.0446383428992297,NA
"LGALS9",1.59273875334811,-2.28686726194805,0.604759684868684,-3.78144793571121,0.000155918833844044,0.015488353278732
"LINC00675",1.31115469277899,-2.28020345166147,1.0879777358894,-2.09581811873884,0.0360983284377374,0.264573750200426
"LIPA",0.71461944444245,-1.16147699322087,0.588183495139418,-1.97468477578678,0.0483039316780323,NA
"LPAR5",0.643852885481963,-1.65968531599759,0.643987485297486,-2.57720119395008,0.00996039566434214,NA
"LPXN",3.74055334925763,-1.2310792738521,0.375870252976599,-3.27527721096019,0.00105558336954249,0.0415280460280619
"LRRK1",1.80263725583341,-1.88448319754351,0.755204468581902,-2.49532845201794,0.0125840586940939,0.150543707517218
"LYN",1.10240477805041,-2.11361043586481,0.631499186654434,-3.34697253857496,0.000816993034018653,0.036755806171774
"LYPD3",0.843623665027409,-2.21677880184377,0.976324904814356,-2.27053390824367,0.0231752083626652,NA
"MAGEA10",0.967498577938189,-1.98806844762908,0.971485490002848,-2.04642114379213,0.0407149535616948,NA
"MAP3K8",1.02378552892434,-2.39461067443955,0.753157047749668,-3.17943074634212,0.0014756462610299,NA
"MFSD5",2.59038436613485,-1.72532486437567,0.439429808071351,-3.92628090467529,8.62694002770584e-05,0.0108594525359563
"MGLL",2.13842869998137,-1.1570727452939,0.58648185626875,-1.97290458848172,0.0485064337607333,0.303427903278098
"MGP",2.38506782057849,-2.462424437434,0.685968784998837,-3.58970333823306,0.000331054507028673,0.0230938416504215
"MICA",1.62990307515066,-1.92000815924165,0.685697008752904,-2.80008244856373,0.00510895557627789,0.0938052024446309
"MPV17L2",1.91863691870781,-1.09291486384902,0.424697929588281,-2.57339343497279,0.0100706654567377,0.134906515346392
"MPZL2",1.55498216461637,-1.34478879386364,0.579534498766415,-2.32046374586178,0.0203158039404029,0.193674701350531
"MT1E",2.03511562124073,-1.38757181403557,0.583471181726001,-2.37813255820263,0.0174005693569226,0.180234799913158
"MT2A",6.86064547779853,-1.63213888163996,0.498372240972991,-3.27493938758202,0.0010568464641111,0.0415280460280619
"MUC20",4.50259124087922,-2.08895769252127,0.460510523610706,-4.53617797079308,5.72828467073974e-06,0.00263437447246575
"MUC5B",2.34345209198082,-2.39813798137412,1.13709990510121,-2.10899497099216,0.0349450157227218,0.259495346514083
"MX1",2.71088570348342,-2.23009956394385,0.499158430785903,-4.46771891728374,7.90580901666534e-06,0.00327221435199778
"MYB",17.8564556461099,-1.35116821042258,0.601501412686158,-2.24632591366427,0.0246831399003394,0.215838414184869
"MYD88",5.7902508854473,-2.13934617061254,0.467625605385726,-4.57491237856379,4.76419333700928e-06,0.00246487452773518
"MYL12A",9.45280454642561,-1.3810875195286,0.361229417619293,-3.82329747292109,0.000131678755749824,0.0140112220020709
"MZB1",1.07871589067096,-2.07308085406608,0.875339673622868,-2.36831588529054,0.0178692718293933,0.18222693875196
"NAB2",3.21757053982725,-1.05723323550158,0.356274674132181,-2.96746671111777,0.00300264795042124,0.0703733446172915
"NABP1",2.56267269401805,-1.40078433364066,0.498863145061632,-2.80795313806475,0.00498574813900717,0.0928067927970805
"NAGPA",0.874023105306459,-1.10964120365334,0.497312541199086,-2.23127532834351,0.0256628968851347,NA
"NBPF14",0.698671179010313,-1.68021839196469,0.8413829565556,-1.99697222159463,0.0458282006788436,NA
"NBPF19",0.847927214986617,-1.65494938680687,0.57388160435757,-2.88378190595515,0.00392930777702505,NA
"NBPF26",1.19072302800379,-1.36276876287829,0.544600483826865,-2.50232749207681,0.0123379736907246,0.149773001834252
"NCF2",0.863324454041676,-1.36252002289353,0.545020351247083,-2.49994338702379,0.0124213154505222,NA
"NCKAP1L",1.26939853249153,-2.81889794982219,1.0038642429371,-2.80804697413533,0.00498429558146905,0.0928067927970805
"NCKAP5",1.3479238334623,-1.6231866483822,0.74781148200095,-2.17058267685189,0.0299627327411396,0.240030485449504
"NDUFS5",12.7038650637971,-1.83860913855583,0.410681639924151,-4.47696940845811,7.57100931438089e-06,0.00324169733298854
"NEDD9",1.57311731109641,-1.35205087064739,0.537618032513023,-2.51489122179814,0.0119069115080976,0.147162064497397
"NES",3.79389060315251,-2.10920589198034,0.630770307156475,-3.34385729329696,0.000826222262507897,0.0370368297240453
"NFKB2",3.2869730817233,-1.95820713640701,0.427358237152184,-4.58212096122459,4.602835041315e-06,0.00246487452773518
"NFKBIA",17.2872969876872,-1.37760325405703,0.440231617083518,-3.12926923146385,0.00175241661432592,0.0539944344915259
"NFKBIE",1.86211371548676,-1.0082369843946,0.351567178806136,-2.86783592205166,0.00413289804844045,0.0833087582264368
"NINJ2",0.85595364726353,-1.06617033707166,0.538216296199404,-1.98093284168537,0.0475988054876782,NA
"NLRC5",2.35093041864671,-2.02320856819352,0.786910853545393,-2.5710772180585,0.010138271887535,0.134983611201378
"NLRP1",0.91717004174018,-1.43725969841212,0.622775988929564,-2.30782773254072,0.0210087198068446,NA
"NLRP2",1.47596945256748,-1.17048540223555,0.429530616763403,-2.72503369155703,0.00642949258081965,0.104908028089405
"NME1",5.02075500683914,-1.1391187867435,0.316328213837364,-3.60106603494167,0.000316915063067792,0.022486481932073
"NME1-NME2",8.57617114818492,-1.12158174780803,0.334480731165251,-3.35320287031394,0.000798821319694569,0.0364667806126745
"NMI",1.57816203172291,-1.08358862683444,0.475826643983292,-2.27727606374326,0.0227697453870749,0.206382876881895
"NMU",4.27450107304018,-1.5885444536164,0.471783481445798,-3.36710486078963,0.000759617984635027,0.0353265038022964
"NOTCH2",1.43692086860573,-1.50700006867544,0.560868415672559,-2.68690485426664,0.00721174921840665,0.11249785181527
"NOTCH3",3.08602818273343,-1.48488462234004,0.463324452048241,-3.20484838599763,0.0013513364174487,0.0472613282309659
"OAS1",1.06253623578176,-1.66434132959967,0.551188230574659,-3.019551647292,0.00253149127230531,0.0649453039839153
"OAS2",1.37126654407783,-2.54432656899359,0.886282614074356,-2.87078470071413,0.00409454297595537,0.0828168496960258
"OAS3",2.83330994867719,-1.14693563870296,0.304457730256909,-3.76714244612923,0.000165126791944911,0.0158855786150257
"OR10AD1",1.75000792818715,-2.12330363602973,0.694700959176137,-3.05642824870691,0.00223991083194951,0.0604629843485153
"OR52I1",0.598917103827696,-1.67201490235963,0.849744740856949,-1.96766725578488,0.0491063357280974,NA
"OR56B4",0.789445890874273,-1.98074487193683,0.976246762138245,-2.02893873634824,0.0424645306683474,NA
"OVOL1",1.21735327926079,-1.54971600936517,0.604196911608903,-2.56491878655663,0.0103199956991956,0.136322751698843
"PA2G4",16.5159261377315,-1.10105006265608,0.395949970053058,-2.78078077012743,0.00542283441399387,0.0966590702896868
"PABPC4",24.8305069778923,-1.41302196307301,0.394107217208401,-3.58537449042911,0.000336594852588366,0.0232383168041351
"PAOX",1.45314586221555,-1.2351083183742,0.518426108542372,-2.38241920694712,0.0171993056326284,0.178864135712183
"PAPSS2",1.51592816291474,-1.98618179501556,0.793967353048051,-2.50159126491862,0.012363657148293,0.149773001834252
"PARP14",8.86156132803663,-1.63670998050483,0.421007857115965,-3.88759960851277,0.000101240446339985,0.0119724059257485
"PBXIP1",8.05317500792976,-1.16311845618773,0.418728691754176,-2.7777376594737,0.00547387932550274,0.0970987994068107
"PCOLCE",1.57466275302337,-1.32351514619093,0.524595013750106,-2.52292742306047,0.0116382418164451,0.146092515499661
"PEX12",3.7789896298922,-1.06316285383798,0.357997252521074,-2.96975143342865,0.0029804080008128,0.0703568938138642
"PHLDA1",12.2519396994155,-1.23018639621785,0.56280305420453,-2.1858203984991,0.0288287477783312,0.235342506637816
"PIEZO1",0.965817145942547,-1.58980432108069,0.631263166817639,-2.51844936414603,0.0117872830622912,NA
"PIK3AP1",1.42686747918624,-1.70455688842716,0.673250989854325,-2.53182975460011,0.0113469068581872,0.14480425740813
"PIK3CD",1.25775242661544,-2.48362554842675,0.715067939316795,-3.47327213523194,0.000514153742245202,0.029801650627976
"PLEC",6.45091813716572,-1.24327583320445,0.358055172058242,-3.47230239981624,0.000516014728599086,0.029801650627976
"PLEKHA2",3.78030371689451,-1.15041920954207,0.384385871275757,-2.99287589765953,0.00276362102342516,0.0680064643832541
"PLEKHG7",0.863668833987389,-2.39858778520195,0.903413697659512,-2.65502702849869,0.0079302054195094,NA
"PLIN2",1.0460538704931,-1.26236562115218,0.571776743713862,-2.2077946244416,0.0272585929714958,0.228387279977775
"PLXDC2",1.49197958221982,-1.6485754945818,0.803103966184849,-2.05275476650099,0.0400963675397646,0.277916315547651
"PNP",5.03450107830563,-1.22523558612488,0.372712439775422,-3.28734824859386,0.00101135680540032,0.0407727839371942
"PPFIBP2",1.21157616543417,-1.00798334948095,0.451427381160707,-2.23288039571112,0.0255568327147417,0.219611897452559
"PPM1K",2.10459145783689,-1.24214436455058,0.448460525343787,-2.76979643547972,0.00560913368051609,0.0986625336797892
"PPP1R2P3",2.15377880614474,-1.44955652139353,0.536876029297868,-2.6999836876481,0.00693428759348003,0.109281266297294
"PPP1R9B",4.10693012231566,-1.17411581033909,0.339092312651562,-3.46252559121139,0.000535131022047848,0.0303341435854886
"PPT1",5.83297521354785,-1.21570952583792,0.327921791137154,-3.70731545964704,0.000209467951971143,0.0179900894246759
"PRDM1",1.10082575698588,-2.45822610805856,0.875401468420259,-2.8081128450637,0.00498327614554788,0.0928067927970805
"PRELID1",9.84663206706233,-1.03144418164768,0.360933842229381,-2.85770980985533,0.00426710430982402,0.0850798369021581
"PRNP",2.26795352606296,-1.24168251769683,0.484839409546897,-2.56101812939925,0.0104365909846137,0.137133492334337
"PROB1",1.20497493032004,-1.36430590478052,0.527634816357834,-2.58570106157526,0.00971811747620459,0.132458687927588
"PSAP",12.7056978727602,-1.21842340220455,0.354758418724263,-3.43451582230547,0.000593613416302405,0.0314995632060982
"PSMB8",7.29455076979356,-2.16319261808529,0.384339594667426,-5.62833662755233,1.81955725613566e-08,3.83375445240442e-05
"PSMB9",8.06041837731292,-2.58293214667835,0.595390500789519,-4.33821524403438,1.43644440600336e-05,0.00445908254733595
"PSTPIP2",1.04404800165727,-1.61718370851339,0.802320593951391,-2.01563280402518,0.0438383868901056,0.292402218061052
"PTPN13",1.00208139605425,-1.63096797858685,0.634248649413227,-2.57149617913374,0.0101260132712293,NA
"PTPN18",17.9297104942877,-1.15162710384346,0.357522977938078,-3.22112752160764,0.00127687319539692,0.0459563317891118
"PYCARD",1.22380994759068,-1.04309280729927,0.446691260706696,-2.33515382783408,0.0195353861906336,0.19145295211452
"QARS",7.81118962211839,-1.20002230618694,0.305453041935933,-3.9286637925794,8.54191623277196e-05,0.0108594525359563
"RAC2",1.56686884789999,-2.69049040949651,1.05386898600838,-2.55296478520254,0.0106810294664852,0.139753785969807
"RASAL3",1.4822304925612,-2.5359576845068,1.09888459516616,-2.3077561517034,0.0210127030017096,0.197353646092629
"RASSF2",1.14444594953281,-2.03818854037475,0.725735123538143,-2.80844687582167,0.00497810949884883,0.0928067927970805
"RCC1",38.6571871253096,-1.57166539549459,0.346458986346775,-4.53636781677094,5.72313315405686e-06,0.00263437447246575
"RELB",2.41850272078842,-1.69186917950246,0.584808609532067,-2.89303056064137,0.00381544170921219,0.0798926470544482
"REST",4.01291708938459,-1.32658505214886,0.528574860840268,-2.50973920712008,0.0120820354163138,0.147660072602725
"RFX5",13.1189000119992,-1.36930771035101,0.308421092860458,-4.43973431794608,9.00700009371108e-06,0.00339623800898857
"RGS13",1.84101173353615,-3.35175996028074,0.905518326591824,-3.70148219185805,0.000214343702221456,0.0180799401743453
"RGS14",0.617518353310681,-1.15492040857284,0.582458188276598,-1.98283830808537,0.0473854934709058,NA
"RGS5",2.35917825889223,-1.12221630244972,0.375037055066975,-2.99228112872556,0.00276901141844438,0.0680064643832541
"RHBDF2",2.08010297447354,-1.35582699973332,0.43057540112865,-3.14887240696831,0.0016390174015497,0.0521837925001093
"RHOH",1.02901289105373,-2.21683355635887,1.12779889442215,-1.96562841772842,0.0493415489974011,NA
"RILPL2",0.96376300626704,-1.61500341234063,0.568770185817905,-2.83946566224848,0.00451891583592849,NA
"RIN3",1.129400389555,-1.73988920357124,0.795789684501568,-2.18636812898749,0.0287886833852775,0.235281286123974
"RNASEL",1.21714123810554,-1.38481542767021,0.58584232576949,-2.36380228391878,0.0180884632465155,0.183150668342369
"RPL10A",58.4447316508032,-1.14530984241927,0.336849162205394,-3.40006736226027,0.000673692540226564,0.032934016818871
"RPL10L",1.6064233674778,-1.09702601835344,0.505303568826338,-2.17102368958424,0.0299293816932159,0.239918097149555
"RPL12",61.4668898856048,-1.45310212735188,0.34834268266462,-4.17147309148707,3.02636799596422e-05,0.0060400061919468
"RPL13A",91.2460179673345,-1.43593119644337,0.431050785594988,-3.33123437986856,0.000864617707124416,0.0375383149278457
"RPL17",76.0160678647829,-1.42416035764575,0.479183609804014,-2.97205565571876,0.00295813055116229,0.0700975325453858
"RPL19",62.2784945119949,-1.53595910145999,0.399040179896434,-3.8491339440019,0.000118536180104455,0.0134356567278837
"RPL23",49.5855792731506,-1.25290971397274,0.342802119228516,-3.65490655889889,0.000257275664376886,0.0194792190522427
"RPL23A",42.5625018985982,-1.45904451401617,0.359583463948723,-4.05759624759673,4.95803865487824e-05,0.00760048962686705
"RPL26",38.2048663805338,-1.77917255927467,0.412853480611264,-4.30945273039835,1.63659033267161e-05,0.00472594003739147
"RPL27A",13.1708972064991,-1.66021304814265,0.403165605495611,-4.1179431615992,3.82268942993679e-05,0.006442980846031
"RPL29",24.9190171922752,-1.0285979654677,0.269227151587328,-3.8205580655711,0.000133150052045129,0.0140112220020709
"RPL3",41.0174875936859,-1.33505998361986,0.339843651326434,-3.92845350621977,8.54938748446791e-05,0.0108594525359563
"RPL34",15.1029719277489,-1.06435604963705,0.308145398647975,-3.45407088441704,0.000552192215938881,0.0307469540148569
"RPL35",26.9352414414424,-1.14680890028218,0.374648205408293,-3.06102867630816,0.00220577967546531,0.0600639610312559
"RPL35A",32.6698979417874,-1.00883790246694,0.321243092957847,-3.14041896800975,0.00168706371833669,0.0530824523092805
"RPL36A",31.874669903976,-1.43016226663558,0.40612656098793,-3.52146942361172,0.000429162157278886,0.0269136692269289
"RPL36AL",18.5840687370034,-1.16045196411416,0.479490319093831,-2.4201780889075,0.0155129076496489,0.168083572675122
"RPL4",15.1512845366715,-1.19212460947379,0.336942196090085,-3.5380686162414,0.000403065300684097,0.0259319266248416
"RPL5",44.3701968260871,-1.25040467838924,0.364416936879187,-3.43124743075205,0.000600812318774064,0.0316332421162979
"RPL7A",76.7285619496066,-1.12034907556939,0.39729116984877,-2.81996973654322,0.00480281788288404,0.0915478954185371
"RPL8",77.1617525591597,-1.07765898392217,0.365548834133452,-2.94805750503021,0.00319777574360231,0.072742012490773
"RPLP2",40.8738988593062,-1.14609198277572,0.395848280768357,-2.89528094084711,0.0037881932790628,0.079626583053791
"RPS10",25.4441779120555,-1.04699132170764,0.316105846832701,-3.31215424263178,0.000925804871032647,0.038576238535612
"RPS12",67.3475519959923,-1.47057797125745,0.35935291415206,-4.09229454762449,4.27125626950915e-05,0.00697844593401252
"RPS14",19.353211665722,-1.09389006430429,0.286264394628141,-3.82125784705169,0.000132772743409663,0.0140112220020709
"RPS18",67.6082362267721,-1.32861663944779,0.290160975036973,-4.57889500570674,4.67438746411629e-06,0.00246487452773518
"RPS24",17.171134033606,-1.47899521940867,0.396511989939187,-3.73001386322644,0.000191469235276778,0.0169819535316553
"RPS26",22.1664623847403,-1.25987582160191,0.394343325901018,-3.19487040568844,0.00139893642272938,0.0483860544875507
"RPS27A",50.5729409172542,-1.33681033696465,0.430559094401498,-3.10482429554275,0.00190392087280728,0.0564886039376635
"RPS3A",53.2298553000045,-1.1643677342675,0.352884354338904,-3.29957313196511,0.000968319940249898,0.0395514101910625
"RPS4X",21.5906068813761,-1.03362696422473,0.395863580602043,-2.61106859755261,0.00902597867306691,0.127264065414934
"RPS6",80.4571544492399,-1.0075085186401,0.42981902605089,-2.34402959751905,0.0190766574865665,0.188744905187806
"RPS7",36.2766543079528,-1.26944486606598,0.391156502453216,-3.24536306594523,0.00117300964295862,0.0438712672789673
"RRAS2",2.94789758487259,-1.36190441402919,0.370831671622917,-3.67256768568044,0.000240125521235675,0.0187704943551348
"S100A10",2.82397759926862,-2.01716723488879,0.902779485072036,-2.23439640382151,0.0254570021201915,0.219323136957279
"S100A11",1.59849584935689,-2.0839930495093,0.649659480302432,-3.20782365638557,0.00133743477589444,0.0471537056710461
"S100A14",6.00330185714027,-1.96505783728605,0.564518622933907,-3.48094421947195,0.000499649534384288,0.0295805268797785
"S100A16",2.16977993894097,-1.4997633253763,0.727459051673513,-2.06164638672941,0.0392414143206091,0.274667779943069
"S100A8",1.17574250036579,-2.88443282365128,1.2390064976178,-2.32802074016325,0.0199110023968956,0.192550558226053
"SAMD9L",2.26402301596021,-3.11441537497435,0.721099212884582,-4.31898318473528,1.56749723305817e-05,0.00463419360544841
"SAMHD1",4.47055306627118,-1.04736330329538,0.363176216895328,-2.88389837927423,0.00392785481551627,0.0807486311991151
"SCD",8.67564014953329,-1.19686288562187,0.246648330747219,-4.85250754382153,1.21910145137458e-06,0.00100917218144787
"SCN5A",0.621138318404848,-1.40665372783905,0.688699195270577,-2.04247912223333,0.0411040283137044,NA
"SDF2L1",3.19959810469676,-1.64722946166249,0.482622928591803,-3.41307750642676,0.000642336710229403,0.032685766693294
"SDR16C5",1.05127146358199,-2.593848135391,1.14366238579845,-2.2680191003922,0.0233280425350372,0.207673316076963
"SEMA4A",1.03221277954136,-1.35515714323771,0.59750431676272,-2.26802904216651,0.0233274366181429,0.207673316076963
"SEMA7A",0.970629221301573,-2.50781896584197,0.904708985258394,-2.77196204161243,0.00557195335843043,NA
"SERPINB6",2.71763196051315,-1.22199536042906,0.592554405350879,-2.06225006411937,0.0391839345317895,0.274594632907694
"SERPINB9",3.14651091840507,-2.59528340283386,0.628401655581735,-4.1299754381317,3.62801992662025e-05,0.00631122214496623
"SERPINE2",1.21432230747602,-1.0951612478456,0.499150076760129,-2.19405204734024,0.0282316680500055,0.2326162058241
"SH2B2",2.17030216218055,-1.01739071691202,0.374786751583433,-2.71458559464457,0.00663587495321629,0.106594643329996
"SH3KBP1",0.944538386346512,-1.70526596538385,0.724938379313323,-2.35229091746958,0.0186581759210314,NA
"SH3RF1",3.83896563604181,-1.02840855897845,0.30714078110079,-3.34832956826067,0.0008130026830928,0.036755806171774
"SIX5",1.43926648589513,-1.21638311547421,0.611134921745156,-1.99036754764514,0.0465504620629493,0.300112714141039
"SLC15A3",0.891615120126785,-1.72900754191633,0.649974011247817,-2.6601179616351,0.00781132883722084,NA
"SLC2A1",9.93148423711118,-1.2213862814724,0.474626446064334,-2.57336330834553,0.0100715422184187,0.134906515346392
"SLC35C1",1.59469122433068,-1.08402797088951,0.433678209760316,-2.49961364553831,0.0124328814686382,0.150028269383947
"SLC38A5",1.39915849190196,-2.41348875768371,0.969742861487639,-2.48879249699378,0.0128177752244929,0.152026098850553
"SLC40A1",1.54724907749471,-1.33142525764785,0.515646008136036,-2.58205287472446,0.00982145362676273,0.133296796535419
"SLC43A3",6.03402505981715,-1.55543804175084,0.415044942486934,-3.74763762312271,0.000178507897609475,0.0162251707979282
"SLFN12L",1.28579998235825,-2.47222878464299,1.08517316829819,-2.27818827157332,0.0227153627611369,0.206332596492346
"SMAD1",4.51486416595039,-1.33332315520444,0.408412755655272,-3.26464621082954,0.00109600879974695,0.042431652832406
"SMC1B",1.12851970962741,-1.36369126031289,0.574364525403185,-2.3742609440505,0.0175841185735155,0.181046434765623
"SMTNL1",2.49122462556745,-1.03085109989243,0.395275098962296,-2.60793331681831,0.00910906975688732,0.127495851176274
"SNTB1",2.12096399617895,-2.28494134031069,1.14420641056699,-1.99696603620533,0.0458288726470462,0.297322484663558
"SOD1",13.2540058071722,-1.22257967968976,0.35161309201979,-3.477059607385,0.000506945101219327,0.0296921571784924
"SP100",1.47627992524991,-1.63996150893705,0.526270639459308,-3.11619418978407,0.00183201587404071,0.0556189269143363
"SP110",1.85902660972853,-2.04817852525436,0.561228920055469,-3.64945292742921,0.000262799389589338,0.0196577109670531
"SP6",1.92536449948423,-1.23701442388158,0.511983222245303,-2.41612297070332,0.015686762558227,0.168789021391252
"SPIB",1.71789062567407,-3.13929764573603,0.85599619376298,-3.66742009907263,0.000245010075779226,0.0188962118692587
"SPIC",2.09273370543224,-3.03244030487941,1.37157404855839,-2.21091986106523,0.0270413870625684,0.227797084909031
"SPN",9.3359282374389,-4.58227229423307,1.51731178859506,-3.01999386591202,0.00252779804997222,0.0649453039839153
"SPON2",2.15477077399188,-1.05841996959616,0.471942371102427,-2.24268901121075,0.0249168757481644,0.217270257138312
"SPRY4",1.15248365177057,-1.39330560631012,0.611582725301733,-2.27819647067813,0.0227148744715404,0.206332596492346
"SPTBN5",1.56519891083155,-1.42368274831409,0.507717633773768,-2.8040837142727,0.00504598015966622,0.0932379994681182
"SREBF1",3.02842466546453,-1.11944472862645,0.29760307821071,-3.76153612172606,0.000168873027074446,0.0158855786150257
"SSRP1",26.1994637000068,-1.39355126939234,0.3621374978377,-3.8481275143092,0.000119024099224226,0.0134356567278837
"STAB1",0.752019727145288,-1.43002946081432,0.669215615274746,-2.13687401814021,0.0326082397647823,NA
"STAMBPL1",1.23121679926161,-1.95337101253266,0.664887039113487,-2.93789906799378,0.00330444584046257,0.0737920608842178
"STARD5",0.835706854622834,-1.28970028854948,0.601857211201113,-2.1428675515504,0.0321237351682458,NA
"STAT1",9.65343789041377,-1.2122179164632,0.377170625495586,-3.21397753303401,0.00130909915974439,0.0468446232465305
"STK10",1.39748046693517,-1.55097626420822,0.645270296807607,-2.40360709594333,0.0162342110530389,0.172328817358465
"STK17B",3.52445250448469,-1.12444662855846,0.383629628134317,-2.93107347841437,0.0033779287297192,0.0747660268037848
"STOM",1.78394356869275,-1.70925577524203,0.560845750184218,-3.04763970250394,0.00230646287856892,0.0611951913743381
"SWAP70",2.87929508686024,-1.01504623018008,0.334231369328146,-3.03695680097435,0.00238979702045195,0.0627359611056066
"SYCP2",3.96789536936495,-1.26127598804324,0.627349631568562,-2.01048334863874,0.044380056829683,0.293027699195121
"TACSTD2",2.04589656438113,-1.98824492205061,0.746319805918434,-2.66406560067616,0.00772025056764637,0.116196789452685
"TALDO1",5.86956893363562,-1.27476953837384,0.322198816123576,-3.95646872235843,7.60658423954415e-05,0.0103792259892769
"TAP1",11.5626707876383,-2.78681016825673,0.561176649338224,-4.96601234485276,6.83436062384417e-07,0.000707185465552276
"TAP2",5.48733768199901,-2.22111560094947,0.406598288411424,-5.46267818693322,4.69004373770526e-08,8.3194675844409e-05
"TAPBP",16.9060600512147,-1.21616115089383,0.27162796315257,-4.47730468092761,7.55913319629508e-06,0.00324169733298854
"TCOF1",2.89536362785983,-1.09240496094834,0.284253640659869,-3.84306409730555,0.000121507717943899,0.0135924444478324
"TDRD5",0.914207041048324,-1.17928640084533,0.571763006215214,-2.06254407512584,0.0391559658597991,NA
"TFAP2B",7.28236171712887,-3.05008023331164,1.07616499038669,-2.83421246793735,0.00459387776866225,0.0887125664906363
"TGIF2",5.87464740984781,-1.28081210407786,0.399843251826591,-3.20328553308519,0.00135869196847485,0.0472613282309659
"THBS1",5.15022227071536,-1.3770057344556,0.37370758342187,-3.6847144546733,0.000228959178780367,0.0183418459542956
"THEMIS2",0.964934823296371,-1.18878513225116,0.520752968588148,-2.28281969371036,0.0224409914192366,NA
"TIMM10",6.41690676503673,-1.52518617962476,0.413473087893597,-3.68871934905049,0.00022538566704505,0.0181728170629765
"TLE1",3.63900176569063,-1.30602770107166,0.383582624085895,-3.40481455379794,0.000662089991298115,0.0327788876216832
"TLR2",0.914185161797187,-1.60790824316158,0.793075362248178,-2.02743436462778,0.0426180105090835,NA
"TMC6",5.80366565370165,-1.95523709221461,0.535349194769515,-3.65226493533142,0.000259937502284336,0.0195614785809975
"TMEM54",1.69635360275548,-1.43932699479319,0.611654674950711,-2.3531692860995,0.0186141576109927,0.186166930769178
"TMPRSS3",2.86052948274092,-1.43967358689363,0.580344142015588,-2.48072390615249,0.0131115887065386,0.153519961611406
"TMPRSS4",1.72090783904988,-1.542628007576,0.724359725022958,-2.1296435379909,0.0332010537103712,0.251991127091491
"TNC",1.04518523200122,-1.9809769459548,0.629830688073325,-3.14525313463954,0.00165943178525318,0.0525641950956346
"TNFAIP2",5.39478579531176,-1.0124587463979,0.401162092295493,-2.52381460223347,0.0116089134510357,0.146092515499661
"TNFAIP3",2.19691979783675,-2.02746862140116,0.514568824084415,-3.94013108938088,8.14370959481968e-05,0.0108594525359563
"TNFRSF10A",1.30260559062323,-2.33621222987299,0.600636107720989,-3.88956341425651,0.000100424725094537,0.0119724059257485
"TNFRSF10B",1.25100612184514,-2.19830146191213,0.667017923217975,-3.29571573025595,0.000981712970964922,0.0399669834769555
"TNFRSF11B",1.52240486809444,-1.75480498288107,0.75574015936416,-2.32196868346584,0.0202346219506844,0.193523157580115
"TNFSF10",1.51923947562329,-1.91800922369916,0.652441382549758,-2.93974182968519,0.00328485822392601,0.0737578382757491
"TNIP1",2.94057367654859,-1.16071464693167,0.32050452854892,-3.6215233905954,0.000292873319286969,0.0211800697387512
"TNKS1BP1",8.89686460526514,-1.76649737664042,0.397274382481288,-4.446542376096,8.72634593864174e-06,0.00339623800898857
"TPM2",10.8045596680607,-2.1425672612002,0.576621998538868,-3.71572237380704,0.000202623970187861,0.0176019486629057
"TPT1",67.5382481340614,-1.15039601788067,0.403523096170632,-2.85088023163418,0.00435983882184962,0.0860352576997604
"TRAF1",1.24955239482036,-1.35828638281573,0.543111612512844,-2.500934157035,0.012386620496271,0.149773001834252
"TRAF3",2.97545877735475,-1.0621313644575,0.340196293774545,-3.12211327370131,0.001795578377788,0.0546463154828274
"TRAF3IP3",1.51594936451681,-1.32027037681256,0.480942204541945,-2.74517470985938,0.00604786912062414,0.102409369103884
"TRAM1L1",1.17495643365451,-1.60284478175173,0.66024404299743,-2.42765504475436,0.0151967897455781,0.16684220890437
"TRIM21",1.43183644999876,-1.72527371527112,0.487909780094024,-3.53605069145907,0.000406156750044936,0.0259807134018197
"TRIM22",1.28536576417856,-2.9735698338964,1.0995515037196,-2.70434793080389,0.00684385871377747,0.108498010807206
"TRIM38",3.62050021669706,-1.02183626198621,0.378601273350092,-2.69897735140822,0.00695529096354826,0.109459883262837
"TRPS1",2.57206559426427,-1.60246589483137,0.572569768734618,-2.79872599346771,0.00513046534527499,0.0938217793700729
"TSPAN33",0.926773610193276,-1.39620474585153,0.565617014709636,-2.46846312883335,0.0135694630609544,NA
"TTN",2.5752135873226,-1.15080534470753,0.518224550558452,-2.22066928991957,0.0263733689321515,0.224453819075069
"TWF2",1.69108247318234,-1.29824620558318,0.461533708975866,-2.81289574376693,0.00490975668844314,0.0925432726064642
"TYMP",7.77132312026891,-1.49305299342569,0.406572851582465,-3.67228895784463,0.000240387649746899,0.0187704943551348
"UBA7",2.43384376599915,-1.22875429152942,0.41151329567111,-2.98594068394686,0.0028270747380628,0.0682953054912954
"UBC",27.0728978170424,-1.30660425153729,0.314218290175439,-4.15826924272221,3.20667938432513e-05,0.0060400061919468
"UBD",3.26401762340028,-3.92748121465798,1.8990227479464,-2.06815911968677,0.0386250629660668,0.272689412112078
"UBE2L6",3.3742988789946,-1.55737067241654,0.356866261393046,-4.36401767524133,1.27695252993539e-05,0.00406562040107889
"UBXN1",15.3171907886524,-1.14037090535603,0.347414855770842,-3.28244715622704,0.00102910272095651,0.0410880015630773
"UFC1",6.55232035284976,-1.02115812541145,0.318081962452859,-3.21036162357931,0.00132568079386794,0.0470313669070236
"UNC13D",1.19607990230007,-1.60099059347551,0.579279636216394,-2.76376121890369,0.00571393362348499,0.0999294560603002
"VAMP8",1.4428159342206,-1.02934086881414,0.480958190083751,-2.14018783760579,0.0323395896786381,0.248859045557947
"VIM",26.3169128851168,-3.10864228674661,0.552623942867489,-5.62523996086072,1.85250275545031e-08,3.83375445240442e-05
"VSIG8",2.9364022482922,-1.08856962613008,0.371005471260768,-2.93410666541075,0.00334509230346954,0.0744372959358088
"WAS",1.96419513099183,-1.41465120246161,0.520047362902316,-2.72023531581168,0.00652354744112716,0.105535943624056
"WNT5B",3.69106457678908,-1.87605676897312,0.508521552400905,-3.68923747698717,0.000224927192214358,0.0181728170629765
"WNT6",1.45841086655118,-2.78618423516385,1.12236107184305,-2.48243128264294,0.0130489233447981,0.153001398651896
"XAF1",1.72737430356939,-3.26982663773178,0.925025842641384,-3.53484895988948,0.00040800830420833,0.0259807134018197
"ZC3H12A",1.96913787838381,-1.0702846200009,0.390250965047382,-2.7425547041785,0.00609632945011116,0.102409369103884
"ZFP36L1",12.99864675949,-1.27067738215356,0.39890483442922,-3.18541484705676,0.00144546635957043,0.0491735774980437
"ZFP69B",5.77648170167743,-1.11172787897158,0.383112352588173,-2.90183250803879,0.00370986835178913,0.0786099578910677
"ZHX2",2.81178684189709,-1.45718233288728,0.431451487864809,-3.37739554474286,0.00073175739890981,0.0345391544715944
"ZNF217",3.21084713482137,-1.0988103184708,0.496846835838261,-2.21156750775504,0.0269965625692766,0.227728476509992
"ZNF256",4.76942316150017,-1.18290797674299,0.429821923047936,-2.75208851227224,0.00592165133422528,0.101279813522142
"ZNF257",1.02132288759341,-1.7795569294687,0.704806373886338,-2.52488767894668,0.0115735273258704,NA
"ZNF667",1.67565269607625,-1.05171797209117,0.507504392914818,-2.07233274583241,0.0382344206153143,0.271753231613373
"ZNF684",5.58450000606462,-1.46701681674859,0.427010342583511,-3.43555335890181,0.00059134499906175,0.0314995632060982
"ZNF830",10.2597695027306,-1.21965716880497,0.40490226255673,-3.01222611378736,0.00259339343660477,0.0661863447253277
"ZYX",3.27792465922705,-1.27785925800672,0.429246351144597,-2.97698339100443,0.00291099779696855,0.0692449418485795
