"","baseMean","log2FoldChange","lfcSE","stat","pvalue","padj"
"chr1:41157-42417",3.2312802784954,1.20826629383173,0.325609982738138,3.71077779517418,0.000206623415219472,0.00149813705084242
"chr1:1355812-1357496",16.3523430912278,1.13619431896396,0.225196797977983,5.04533958371397,4.52716586662512e-07,1.62743045897824e-05
"chr1:4853726-4855628",4.48877104744161,1.34559932034707,0.339041616095752,3.96883230985736,7.22256837858177e-05,0.000677931890629581
"chr1:5356934-5358370",5.71641973011662,1.02837370319175,0.390928087155401,2.63059559284866,0.00852353948681682,0.0268705151327225
"chr1:6982311-6983442",5.07512319786042,1.28281993723412,0.347610380579422,3.69039594012075,0.000223905270179336,0.00159327648268846
"chr1:9900186-9900624",12.0075393480073,1.52246614647678,0.332679878651316,4.57636979022855,4.73113951069269e-06,9.05371470071867e-05
"chr1:9901903-9904301",14.9446179335696,1.11654839903677,0.222964981988524,5.00772986447818,5.50757581477236e-07,1.88028111168251e-05
"chr1:11242243-11243468",2.57430201374759,1.0692419639143,0.320865359495224,3.3323695820465,0.000861098192765192,0.00449083669086725
"chr1:11258516-11259886",7.63159476318164,1.2844366572314,0.356829429312448,3.59958162561395,0.000318729574262439,0.00208891582487083
"chr1:11559429-11560541",5.99375893946534,1.14527262921374,0.263233676331221,4.350783095749,1.35652191275894e-05,0.000195733321463665
"chr1:11676782-11678020",5.64841940829195,1.38311223668056,0.374755622432042,3.69070443214332,0.000223633874012821,0.00159196930679429
"chr1:11767220-11768394",10.342159053761,1.24381610468877,0.26125287225636,4.76096623913191,1.92668280307295e-06,4.71838159138648e-05
"chr1:14663068-14664577",5.50565465350526,1.27621894162774,0.351863480448932,3.62702869874262,0.000286701438791522,0.0019245525748685
"chr1:15178505-15179473",4.497152589133,1.15479332714785,0.340570253018044,3.39076392290395,0.000696981102707101,0.00381284711966811
"chr1:15468212-15468905",4.88687696592295,1.27674982580157,0.341937992151135,3.73386361009354,0.000188564634543911,0.00139732968285806
"chr1:15726640-15728313",5.33894866622319,1.17728133315527,0.299629406211152,3.92912480801576,8.52555842575643e-05,0.000769225110587719
"chr1:15815342-15816511",7.26906006120175,1.22094636398875,0.301445855912287,4.05030070920601,5.11518573617088e-05,0.00052429090092604
"chr1:16279922-16281166",12.0193867526637,1.35016224655538,0.216361374992597,6.24031089930711,4.36702040817297e-10,9.64147414721826e-08
"chr1:16574224-16576366",9.70263973658075,1.21428908053009,0.193928256018255,6.26153767100231,3.81199702078034e-10,8.757328126719e-08
"chr1:16949778-16951523",28.6521449087257,1.66187721744573,0.262538974911592,6.33002097309688,2.45127877697679e-10,6.33192880258083e-08
"chr1:17251912-17254403",10.0694100893912,1.01774129541313,0.267497812750434,3.80467146609024,0.000141992524641071,0.00112896347170632
"chr1:17274113-17275815",13.2172230283964,1.40673058954449,0.291773449894976,4.82131115785498,1.42617693328371e-06,3.78456677172005e-05
"chr1:17293659-17294258",11.4099669300887,1.22291777400517,0.301888573472093,4.05089122764766,5.1022923294577e-05,0.000523241287829703
"chr1:17929330-17930476",7.0572820145148,1.13818351659486,0.25098694468023,4.5348315548642,5.76494756365458e-06,0.000104719782139052
"chr1:17974910-17975615",5.91802866664614,1.11271096690768,0.307984032624572,3.61288524416476,0.000302808737657102,0.00200783403930654
"chr1:18155519-18156908",5.63434142528469,1.43321610140906,0.308061561794244,4.6523691338237,3.28142987811315e-06,6.95727874650817e-05
"chr1:18524776-18526834",4.27287766684892,1.13576869803258,0.275256095397706,4.12622542069978,3.68765819305688e-05,0.000410718688623988
"chr1:18582418-18583235",5.52842642112292,1.09208878959964,0.26449306931479,4.128988303659,3.64362936097986e-05,0.000407153874748947
"chr1:18604083-18604641",2.53278879054897,1.04896078963866,0.330126371741434,3.17745227109647,0.00148575142592458,0.00684710976847184
"chr1:18605972-18606632",8.40640604559634,1.57497264120715,0.337243735582791,4.67013164376631,3.01006776800905e-06,6.53187238237148e-05
"chr1:19731644-19732865",11.8931392371942,1.69366286100537,0.284040689225789,5.96274732898937,2.48031809950631e-09,3.48688006267199e-07
"chr1:21547249-21547715",4.86142370322961,1.12844438965879,0.28182230466933,4.00409893383999,6.22543093294655e-05,0.000605948932169937
"chr1:21900215-21901893",14.5220459592518,1.14403632325218,0.23710334484004,4.82505349734307,1.39965693072977e-06,3.73573508741023e-05
"chr1:22944599-22945501",6.67939021109313,1.03543144516876,0.264484073885081,3.91491037611082,9.04377951898547e-05,0.000803569828371962
"chr1:23150854-23151427",5.755379573608,1.05612333376612,0.321351290416534,3.28650721270539,0.00101438176070384,0.00509521005007581
"chr1:23295412-23296536",7.7872674516622,1.07309373633694,0.232845352934424,4.6086113500369,4.05367261292992e-06,8.1079090140849e-05
"chr1:24789797-24791167",2.9556138624876,1.26241846883848,0.334937630601336,3.76911506351788,0.000163827356113495,0.00125900998364806
"chr1:25061885-25063192",5.086758053806,1.06397508821983,0.257833672342988,4.12659478706278,3.68174291942594e-05,0.000410196125463044
"chr1:26069590-26071402",12.8537598973794,1.58267930034111,0.252449694372181,6.26928586416824,3.62707714336219e-10,8.46877048219792e-08
"chr1:26074792-26076587",5.62741534153919,1.0932391839456,0.246735204059803,4.43081962345602,9.38755905032288e-06,0.000149391803069185
"chr1:26081044-26081862",8.03585428694191,1.13477757134305,0.235588245299936,4.81678349400805,1.45890836143649e-06,3.85010508056126e-05
"chr1:27239717-27241543",21.6151193142102,1.06813662088922,0.296446195658259,3.60313823058995,0.000314398221105064,0.00206694021093872
"chr1:29157375-29157734",9.77366654593147,1.62860925342825,0.286308251822695,5.68830707134776,1.28304956310291e-08,1.19067256921108e-06
"chr1:29161291-29162695",11.3862339829754,1.47025614335378,0.240954283961062,6.10180536815595,1.04877037881072e-09,1.80356498640409e-07
"chr1:29282102-29283523",7.13556654163226,1.34320327199143,0.293040824689059,4.58367284973581,4.5687887273522e-06,8.83130571150422e-05
"chr1:29829471-29830969",9.13720451416039,1.0729543188938,0.268894477911288,3.9902430396796,6.60056245237811e-05,0.000632636608408024
"chr1:29868789-29869680",6.73866239904463,1.60130112452749,0.336091878362196,4.76447432270831,1.89346626170929e-06,4.66106138947443e-05
"chr1:30179306-30180158",16.3140863268441,1.00973264383472,0.253432884480395,3.98422109232172,6.77018192594255e-05,0.000645356287468651
"chr1:30397002-30397573",3.99230810792921,1.01011852611777,0.267230224450443,3.77995613406033,0.000156855991056466,0.00121799790475325
"chr1:31154639-31155518",3.02347655829704,1.17542786055857,0.348944219285975,3.36852653115671,0.000755711233911864,0.00406300482786279
"chr1:31328371-31329989",10.8021346930806,1.12402181170994,0.207935468580169,5.40562809887616,6.45816748663165e-08,3.96365744143832e-06
"chr1:31492348-31494438",3.28554647174172,1.21352648840106,0.372839133944037,3.25482595017295,0.00113461877282642,0.00556289385405528
"chr1:31949769-31951007",6.77987157138486,1.00263550948514,0.316432719947073,3.16855826304197,0.00153197039958538,0.00700761662964273
"chr1:32218557-32220491",16.4426770194433,1.85383617249181,0.27564351723212,6.72548439051694,1.75009254105776e-11,1.00822169743329e-08
"chr1:33347032-33348438",6.67425750979018,1.01953811315121,0.275037107561211,3.70691112261755,0.000209802529389598,0.00151639980327189
"chr1:33618252-33619191",11.8162843495598,1.03350797821205,0.277079804676767,3.7300011071457,0.000191478929150256,0.0014141721484852
"chr1:33641671-33642359",5.69633413414022,1.08509618695509,0.27350839313684,3.96732317611986,7.26844019131919e-05,0.000681183197815523
"chr1:33828967-33830674",19.4381247739305,1.37110502213035,0.226453421439919,6.05468892195176,1.4068927335193e-09,2.2667671832591e-07
"chr1:34166525-34167333",3.77763632804323,1.17420299428606,0.330899833282092,3.54851491655196,0.000387410054630794,0.00242014040908267
"chr1:34570081-34570774",3.11140820613952,1.10935644022777,0.348935405900243,3.17926017672429,0.0014765149530755,0.00681306504805441
"chr1:36602990-36604035",6.19343951444109,1.45024988707896,0.31130173665696,4.65866301503184,3.1826971687894e-06,6.8060473775691e-05
"chr1:37234086-37234679",5.63972784425539,1.10765386598252,0.305867516975668,3.62135174383566,0.00029306773477449,0.00195741224416472
"chr1:37241132-37241771",4.70778413067097,1.22479771273746,0.285722138044082,4.28667418325316,1.81368001312024e-05,0.000242640309727499
"chr1:37336515-37337782",6.57611649790596,1.19086503990806,0.271679086231992,4.38335190398557,1.16867104515548e-05,0.000175507978445054
"chr1:37428097-37429469",5.13849338581775,1.13823592039547,0.299645650163143,3.79860651998702,0.000145511890019869,0.00115050678161066
"chr1:37432781-37435451",12.1491829991971,1.24054217365386,0.260333493319269,4.76520388458998,1.88662780035781e-06,4.64983579775337e-05
"chr1:37437489-37437734",6.26541736448744,1.05875748291793,0.279693490749595,3.78542053331453,0.00015344886492594,0.00119839660447425
"chr1:37499754-37502382",8.09900132689878,1.010699710376,0.205646945410041,4.91473242338105,8.89037981702939e-07,2.68085049742976e-05
"chr1:37503366-37504823",18.6210285290625,1.48367927101071,0.255056114436885,5.81706999766066,5.98880682587756e-09,6.77454474708109e-07
"chr1:37521146-37522434",8.52650286295109,1.68331533139361,0.322426610490522,5.22077048427458,1.78180255526719e-07,8.29170041846533e-06
"chr1:37528894-37530853",6.41790126264646,1.20310557030819,0.279464586351374,4.30503766511408,1.66957327050393e-05,0.000228233327647377
"chr1:37533871-37534683",3.74850413692401,1.16099396113823,0.338621492689914,3.42858910672095,0.000606727329385756,0.00342460511119308
"chr1:37543644-37544672",3.83888851186756,1.00990837370913,0.281487955912042,3.58774985749198,0.00033354405036558,0.00216052929869353
"chr1:37646830-37647705",3.62965635181616,1.18723728304179,0.31998934427646,3.71024005729407,0.000207062809465186,0.00150080363302197
"chr1:37705606-37707199",9.20714683094523,1.25928573342325,0.260615329964157,4.83197106477369,1.35187906590551e-06,3.63983641089959e-05
"chr1:37708530-37709065",4.82152637881016,1.18030518359055,0.34696614730205,3.40178773280448,0.000669466139081093,0.00369792360527548
"chr1:37770993-37772555",4.68822000056284,1.06494265351749,0.256514767033746,4.15158419857126,3.30181745231963e-05,0.00037810371268781
"chr1:37804022-37804747",8.08231135500648,1.59508527529013,0.288490202618784,5.52907953480106,3.21915381175311e-08,2.35491701169781e-06
"chr1:37856742-37858189",11.759359055794,1.48540451095318,0.251726193418773,5.90087384542478,3.61581312320852e-09,4.63336912064511e-07
"chr1:37858748-37859600",5.59094997624872,1.12956736039294,0.266570561490256,4.23740473846071,2.26118307002554e-05,0.00028533968731002
"chr1:38548535-38551069",6.12841598050469,1.15753158936729,0.287998177494971,4.01923234180017,5.83880707052402e-05,0.000578374481523829
"chr1:44485060-44486281",5.92349425841545,1.00522659028785,0.370833776420553,2.71072015065815,0.00671372633365885,0.0222627568929485
"chr1:44710419-44711263",6.07940483733769,1.04057191579292,0.273547917183269,3.80398405700806,0.000142387348172674,0.001131485535376
"chr1:44758847-44760815",11.6238082913094,1.09541056682264,0.228081768313295,4.80270990059134,1.5653259052186e-06,4.04840320972643e-05
"chr1:45105884-45106554",9.37705004777806,1.08946181126465,0.269506448051158,4.04243319275928,5.28993871892333e-05,0.000537665135785524
"chr1:46989560-46990213",8.69683489106092,1.00007144204462,0.253517618288171,3.94478083534159,7.98729966882039e-05,0.000731986478805951
"chr1:48269538-48270773",7.74774757380315,1.19942937722709,0.297765656802232,4.02809843857754,5.62298012054645e-05,0.000562579899336888
"chr1:48271203-48272394",7.83262269989524,1.45386633843169,0.318707776587084,4.56175357250637,5.0728163976384e-06,9.52486119914534e-05
"chr1:48365637-48367414",5.27568854743659,1.05152356319541,0.292259995621903,3.59790453345439,0.000320791315500578,0.00209888727859416
"chr1:48469283-48470287",6.55178140713809,1.01043869646517,0.301273831512078,3.3538880273598,0.000796846013572074,0.00423143658851051
"chr1:50807889-50809808",10.0522902339505,1.17294059899931,0.22950501820447,5.110740532716,3.20898458810936e-07,1.26875689770571e-05
"chr1:51165377-51168381",3.66548600258565,1.47877732367874,0.31760899297037,4.65596805005044,3.22461941794918e-06,6.87028147299578e-05
"chr1:53841346-53843774",8.34517773289157,1.16840722460482,0.265648919194826,4.3983134888944,1.09095322137277e-05,0.000166887272418849
"chr1:54768396-54769939",10.3437904556699,1.03864244931113,0.25313927053582,4.10304749283914,4.07743508925347e-05,0.000443054611705034
"chr1:55047002-55049910",8.94835795065384,1.02119115235135,0.238918730180367,4.27421973815289,1.91807801821723e-05,0.000253042904808978
"chr1:55532677-55533393",8.29234293615734,1.11204519965195,0.284441573639558,3.9095733630736,9.24592729766044e-05,0.000817068468568091
"chr1:55908846-55909801",7.44036861448667,1.39444206388861,0.401613409935986,3.47210035668598,0.000516403252205263,0.00302147062957856
"chr1:56843424-56844702",4.48912574763869,1.03486676538037,0.297676863429612,3.47647698735268,0.000508047827042532,0.00298281046146664
"chr1:58143669-58144721",2.88251771437401,1.04972601742766,0.321859225264571,3.26144455410522,0.0011084610813201,0.00546083780060613
"chr1:58304353-58305644",2.61776775521833,1.06893113909789,0.351108830458584,3.04444390561683,0.0023311089764451,0.00973159268498195
"chr1:59858464-59860103",7.08531409826764,1.05850963365342,0.276669585283782,3.82589807465717,0.000130296196160455,0.00105881606927403
"chr1:60437018-60438838",12.0919924054131,1.39691027810485,0.255367278241926,5.47020075446576,4.49526100351856e-08,3.01743157426973e-06
"chr1:60853623-60855107",4.91647081722035,1.23063492146561,0.307143325191636,4.00671224321017,6.1569798888672e-05,0.000600856149541143
"chr1:61086557-61088394",8.67897057185589,1.07380667112325,0.252437427390913,4.25375382019086,2.10216406294736e-05,0.000270713774903016
"chr1:61377330-61378868",8.32492477420898,1.20965905562307,0.267092937888017,4.52898180381779,5.92686022980112e-06,0.000106894968057816
"chr1:61400407-61401667",5.89976114135107,1.06377685087355,0.276517162562285,3.84705542692649,0.000119545932100933,0.000992170254662899
"chr1:61476797-61478621",10.0392335335912,1.19712013483212,0.27613799241806,4.33522429981216,1.45611570541058e-05,0.000206347473641463
"chr1:63363181-63364317",3.9453782132937,1.16929150923483,0.393311015712645,2.97294370745292,0.00294958541948075,0.0116861627124858
"chr1:64168903-64170338",5.23049892542082,1.09281097288483,0.291911561754519,3.74363716982139,0.000181375512231188,0.00135673717284947
"chr1:67961551-67962542",5.14207705315582,1.594824561439,0.387499063961011,4.11568622937232,3.86029162199373e-05,0.000425149546319988
"chr1:67989599-67990938",5.52815699987659,1.0381213424693,0.356803461671148,2.90950468251368,0.00362001964079218,0.013711890749022
"chr1:68002664-68003738",4.56449270237615,1.06939949962524,0.351216893067776,3.04484072586699,0.00232803562484046,0.00972125209682513
"chr1:68111301-68113280",8.14697697321287,1.10838625951813,0.28733660746135,3.85744882739045,0.000114576656744197,0.000960356434339492
"chr1:69656733-69658277",4.71997600078633,1.2848870837145,0.3467952154434,3.70503117256588,0.000211364736969732,0.00152476569407262
"chr1:74942706-74943753",3.75471983937652,1.49458593736401,0.521162267531436,2.86779383404586,0.0041334478435286,0.0152141079517809
"chr1:75018523-75019404",4.89129906481323,1.02648441898714,0.394455781305496,2.60228007202702,0.00926061903905711,0.02869078779146
"chr1:75433224-75433469",3.76128902381958,1.10263529759327,0.337840091114064,3.26377871245893,0.00109936994271867,0.00542585632375445
"chr1:75461239-75462389",2.02971019379628,1.15693282891653,0.393905894263463,2.93707925107289,0.00331319422122859,0.0127964920478055
"chr1:75808226-75809120",3.96450439492278,1.04398835108774,0.299292814444881,3.48818381431609,0.000486313625556606,0.00288383868141036
"chr1:76768001-76769497",4.53207868029549,1.04502869739928,0.284555027687162,3.67250125887136,0.000240187967719422,0.00168093976749065
"chr1:76802489-76803785",5.52723939041694,1.15484508000231,0.264015685228793,4.37415329699648,1.21904695461102e-05,0.00018116741958141
"chr1:76839072-76840466",4.82531144791535,1.029983980016,0.306657935868284,3.3587390363783,0.000782989707274268,0.00417372103295032
"chr1:76845026-76846189",5.10668970655874,1.29906323943386,0.339309151438519,3.82855350032976,0.000128898613193605,0.00105014249983322
"chr1:77043030-77044246",2.9721331146647,1.05232364781423,0.379092252167594,2.77590386455327,0.00550484829258145,0.0190365023626721
"chr1:77496347-77497869",11.8382101501671,1.15797486523512,0.30826082825962,3.75647749917761,0.000172321757077445,0.00130656062248665
"chr1:82314364-82315942",4.99844300113781,1.02421960530531,0.349669534538126,2.92910735462897,0.00339936992761038,0.0130535182304143
"chr1:84407598-84408788",2.80296776482555,1.02855235475419,0.403355345868989,2.54999063552332,0.0107725812616902,0.0323462998465897
"chr1:90266981-90268535",7.62578341738612,1.02410880396968,0.281412413555171,3.63917423198143,0.000273513703592141,0.0018554307974154
"chr1:95162927-95164979",9.12995207974545,1.24958689409404,0.290353709988643,4.3036711814115,1.6799093720904e-05,0.000229225725846267
"chr1:95817771-95819575",14.1655372374427,1.03048611869062,0.200420418933111,5.14162241639929,2.72376090813593e-07,1.12997320881846e-05
"chr1:96595658-96597045",6.05730205669134,1.42692977167516,0.383170669700938,3.72400573558741,0.000196086467553128,0.00143967064911103
"chr1:98335803-98337360",5.29857250493696,1.53544562972863,0.416992218596943,3.68219252362779,0.000231236676501365,0.00163181686291441
"chr1:99645477-99646766",6.9810818715841,1.40064888933987,0.296898077634552,4.71760848200543,2.38633162654446e-06,5.51989208969189e-05
"chr1:99745038-99745530",3.45180000701702,1.46192042872514,0.421766817289779,3.46618171177917,0.000527906366385077,0.00307355054601347
"chr1:101780985-101782782",5.00800544115152,1.338221838766,0.307353923358262,4.35400929372919,1.33670035890689e-05,0.00019369850027538
"chr1:101804563-101806054",5.06178027482361,1.66287226601637,0.451079206497273,3.68643076884196,0.000227421272706635,0.0016112675108457
"chr1:101983746-101984157",2.85593460229707,1.02977126748507,0.518592142869362,1.98570549447079,0.0470660345671618,0.102729416576318
"chr1:102005703-102007591",4.50535083887459,1.05298215864188,0.379448998570209,2.77502948382942,0.00551967036015818,0.0190760208183878
"chr1:104781715-104782088",2.94297571759962,1.10179311659222,0.367346404839769,2.99933006578031,0.00270574012782866,0.0109313322646964
"chr1:105190805-105191644",5.63316670978544,1.0179104830013,0.373920628690221,2.7222635096835,0.00648364204645027,0.0216522646859584
"chr1:105910780-105912138",2.26339072755416,1.538242732673,0.485716298529231,3.16695720800571,0.00154042984117449,0.00703834238079793
"chr1:106456467-106458692",7.55453633495343,1.25786505842902,0.301806819531787,4.1677820944551,3.07577750525773e-05,0.000358997334118033
"chr1:108371247-108372499",3.45597087912339,1.24219307941423,0.37709519255567,3.29411009192553,0.000987338195307664,0.00498970388190931
"chr1:109151880-109153638",10.0406797354172,1.12103718342596,0.232024284103522,4.83155109284071,1.35473441586117e-06,3.64635299691145e-05
"chr1:109658548-109659786",10.3040436894369,1.07232859615868,0.306395646175779,3.49981668976942,0.000465578204058869,0.00278804759568655
"chr1:110078024-110079480",14.3827102085668,1.35432212503327,0.249454898027503,5.42912620975659,5.66306271388393e-08,3.59674435246321e-06
"chr1:110174460-110176154",11.6175015029251,1.2381640353668,0.197053724869843,6.28338305294473,3.31283440416241e-10,7.93395444073433e-08
"chr1:110232693-110232995",1.07129812786178,1.52950340653994,0.595452066991446,2.56864236657678,0.0102097764598517,0.0309975599191449
"chr1:110713283-110714408",7.2511334307771,1.22647468807745,0.27590266359658,4.44531659132796,8.77625273330047e-06,0.000142167365078567
"chr1:110776062-110778887",7.05334082550293,1.11588617575222,0.25117856526914,4.44260112146329,8.88778398187735e-06,0.000143557535201642
"chr1:110780316-110780935",7.01823393597872,1.13942434844588,0.273410613299031,4.16744739605146,3.08029565434507e-05,0.000359349676528947
"chr1:111080349-111082041",9.24611059622382,1.2269488316694,0.298411634126895,4.11159851478061,3.92929148017877e-05,0.000430917568379347
"chr1:111276618-111277471",6.97140369487918,1.38365901161584,0.369213721863781,3.74758284884745,0.000178546871554311,0.00134120361755801
"chr1:111298991-111300316",4.93102876535857,1.27618067735309,0.378390533549114,3.37265487427275,0.000744472046076186,0.00401616268800348
"chr1:111832388-111833939",4.6353941897386,1.08995630109727,0.262927928401271,4.14545654288128,3.39137317976048e-05,0.000385976486997804
"chr1:112394206-112395413",9.67834135978056,1.22718181807532,0.219070028880802,5.60177868394332,2.12163338110058e-08,1.74011304570071e-06
"chr1:112398752-112400282",10.0097390925561,1.26073034889024,0.208496659624777,6.0467652151316,1.47782871090587e-09,2.34833285697728e-07
"chr1:112423136-112424696",9.52622758410051,1.26751341894925,0.238747620951126,5.30900963075451,1.10222509859948e-07,5.83735348063847e-06
"chr1:112451782-112451961",10.0700938196804,1.12363938047868,0.255025125103581,4.40599482118598,1.05299478806132e-05,0.000162541557248517
"chr1:112486281-112487480",6.70759539770382,1.08332999817376,0.326785968728247,3.31510560991878,0.00091608507674457,0.0047115034545885
"chr1:112490613-112492089",11.970120801399,1.20951804394051,0.236483706044468,5.11459357674764,3.14417191634342e-07,1.25217141404793e-05
"chr1:112503283-112504746",8.21657088599797,1.08855846036469,0.272021457412634,4.00173747585446,6.28790426287108e-05,0.000610345213577805
"chr1:112522604-112523671",6.0596400555396,1.02350198679009,0.280110152845732,3.65392677270709,0.000258259952057921,0.00177740183927083
"chr1:112788878-112791744",8.3456887146565,1.42163730168619,0.287095715906473,4.95178862978686,7.35344517270736e-07,2.32860023145703e-05
"chr1:115729318-115729892",3.40955765716805,1.20356936700768,0.395926593688408,3.03988008432413,0.00236672360841433,0.00984692351394174
"chr1:115979448-115980715",4.17733538736897,1.17000361496006,0.34995924571375,3.34325676286624,0.000828012476777128,0.00435777699160247
"chr1:117246805-117247469",2.91404034016266,1.53041674413422,0.410860779702993,3.72490347032039,0.000195389974415213,0.0014357831538031
"chr1:117496748-117497382",5.57305770629007,1.30426397607175,0.374190773733575,3.4855588849991,0.000491110119363474,0.00290498614577811
"chr1:117625603-117626607",7.52042823624789,1.49886232363914,0.248761341914169,6.02530245296834,1.68793671422601e-09,2.60324252548028e-07
"chr1:118108125-118109108",8.73186196956247,1.13658979140741,0.292498246856335,3.88580035478181,0.000101993302900873,0.000879420113743449
"chr1:120450910-120451765",4.1309430597208,1.42369195367656,0.348535448607076,4.08478379850989,4.41178753261563e-05,0.000469581529549353
"chr1:144022337-144023426",7.28855206291022,1.07591707551781,0.283971073938187,3.7888263075415,0.000151360689323802,0.00118614988435197
"chr1:145544845-145545326",10.22218489774,1.02756603181894,0.254538964589094,4.03696948118632,5.41461093913949e-05,0.000547367586022914
"chr1:145554372-145556624",10.0504064726895,1.00848166655426,0.215457486981504,4.68065269247676,2.85963032501037e-06,6.29422787640043e-05
"chr1:150515770-150517502",10.3671527291595,1.41220277894074,0.274142408731329,5.15134737991141,2.58621641354849e-07,1.09031476029906e-05
"chr1:150548476-150548636",10.3112932164343,1.49324489319058,0.310870841302683,4.80342539343105,1.55974022299585e-06,4.04112649631275e-05
"chr1:153456053-153457410",8.95117274366698,1.01857674967316,0.219409631334844,4.64235204022881,3.44465299860212e-06,7.20538283483254e-05
"chr1:154723360-154724683",9.33902216894833,1.16936292560823,0.261874962027219,4.46534833477774,7.99385841787304e-06,0.000132764256053686
"chr1:156039739-156041348",8.43479895030983,1.00040789818925,0.265520572876746,3.76772273180367,0.000164743533144654,0.00126465928494219
"chr1:156821470-156822941",24.5594135670877,1.1772249764744,0.242888783872155,4.84676549368386,1.2549061550723e-06,3.45135735314479e-05
"chr1:161978531-161980543",5.28794363421695,1.00732102485682,0.34762997120763,2.89768175441689,0.00375931842052307,0.0141249045517579
"chr1:162665679-162667403",10.9021403491991,1.02788916603712,0.255940834346589,4.01612024381062,5.91640772951537e-05,0.000583698842081433
"chr1:163375665-163377097",10.1417015888755,1.34557068625218,0.302468144657861,4.44863602999989,8.64173118918646e-06,0.000140715301197608
"chr1:164606957-164608357",9.42727748459082,1.04581567475713,0.225321403453903,4.64143955579031,3.45990235610192e-06,7.22961324425215e-05
"chr1:164743774-164745660",8.860515876173,1.1324052279958,0.281614877735778,4.02111293657669,5.79238242742986e-05,0.000574896785071371
"chr1:164805578-164806717",6.13864962817229,1.14762850033298,0.330179019000229,3.47577657662187,0.000509376455390778,0.00298904079553122
"chr1:177391749-177392713",5.35596984167417,1.20911434203171,0.355786604851615,3.39842570109119,0.000677748694320599,0.003731134313368
"chr1:180151257-180152630",11.9708953541337,1.43407920958748,0.331982426454942,4.31974434581137,1.56210061436025e-05,0.000217397306486643
"chr1:180895331-180898304",16.6739407291661,1.30455143896788,0.254853951068011,5.11881975343495,3.07453622677539e-07,1.23204864635242e-05
"chr1:180899874-180900450",12.1717990769428,1.62990502682456,0.315735542412937,5.16224753909043,2.4400233113785e-07,1.04522113685845e-05
"chr1:180924587-180926128",11.9703705967043,1.08490593212391,0.24812375072311,4.3724388695647,1.22866226040136e-05,0.00018214427729825
"chr1:180957031-180958148",6.27386006454344,1.34542224212211,0.314430305504976,4.27892037938697,1.87802022554653e-05,0.000249002548791144
"chr1:180962008-180962531",5.67592100223001,1.26625143141673,0.331695340259991,3.81751347614414,0.000134803426164358,0.0010857067295651
"chr1:182579851-182581579",15.3763458141674,1.16152423834105,0.208745512749363,5.56430757740728,2.63195367660105e-08,2.03896137781934e-06
"chr1:182662657-182663259",4.96101601240517,1.25756989450942,0.345013475671003,3.64498775609741,0.000267404532123792,0.00182412424501479
"chr1:183256267-183256775",7.81181609782829,1.08610162275377,0.354305648308395,3.06543694106848,0.00217352205761102,0.00920529846593006
"chr1:183258138-183258896",7.50886556581589,1.04187309378554,0.409316593749529,2.54539666775173,0.0109153664572901,0.0326872154329239
"chr1:188042150-188043234",5.45400481435671,1.25658408972359,0.330760193802706,3.79907894984826,0.000145234825533186,0.00114888970884368
"chr1:190165040-190165917",3.23393762005126,1.1225202807124,0.509114844408199,2.20484688875499,0.0274648404908865,0.0674165692129782
"chr1:195545284-195546561",4.38662072989732,1.01339641479296,0.419676884211375,2.41470629648153,0.0157479023207185,0.0435406098336664
"chr1:200229532-200230575",7.43376855971521,1.01362866379823,0.32039568476224,3.16367763988591,0.00155789245973608,0.00709945833557583
"chr1:201524220-201524360",6.14955698369409,1.08078739708928,0.277153235692831,3.89960230623868,9.63508187133768e-05,0.000842432653425882
"chr1:201551113-201553001",6.21268247997148,1.05402589366718,0.230934429641895,4.5641782184737,5.0145467869686e-06,9.43976959805248e-05
"chr1:202933389-202935072",14.2952689415975,1.12821388450924,0.19260558920129,5.85763834366277,4.69495675608123e-09,5.59602794466038e-07
"chr1:203330921-203332203",8.56614177705254,1.00919672572217,0.20306612437691,4.96979360205352,6.7024209270319e-07,2.16998967534055e-05
"chr1:204415115-204416559",11.5207979807618,1.09168984533882,0.203861420430346,5.35505856397099,8.55287105786739e-08,4.8678917522496e-06
"chr1:204960237-204961390",9.29309714995792,1.02085351989441,0.24957093624495,4.09043430799355,4.3056615568528e-05,0.000461239665725909
"chr1:205328938-205329731",8.76926747400639,1.12384834141537,0.27960281530631,4.01944572762678,5.83352172685887e-05,0.000578029932830878
"chr1:205415884-205416386",11.1841259935723,1.09332245859949,0.394517948029015,2.77128699482914,0.0055835190088712,0.0192510429369476
"chr1:205466387-205467205",11.8958858461704,1.01147777580668,0.236041354755815,4.28517187953382,1.82597962088732e-05,0.000243760572992542
"chr1:206873486-206874680",8.91567661485906,1.17034749792227,0.224594068870472,5.21094570220925,1.8788043850849e-07,8.63287055867269e-06
"chr1:207814742-207815520",7.26946198338937,1.0580781503796,0.283579607418911,3.73115034614099,0.000190607423568104,0.00140888388336462
"chr1:208561123-208562231",5.51255513598194,1.19378294465589,0.342773003673339,3.48272160252608,0.000496344234292185,0.00292855850539116
"chr1:208905230-208906379",7.50943034365721,1.0758112269161,0.255015274765312,4.21861485711459,2.45807744746351e-05,0.000303573930516885
"chr1:209424792-209426558",6.29580674461022,1.12187928834069,0.256026892852266,4.38188065262363,1.17659259075562e-05,0.000176435884958077
"chr1:210018049-210019901",6.60035010234063,1.202169796866,0.284119628163146,4.23120994715541,2.32437588907143e-05,0.000291231443607991
"chr1:212120418-212121982",8.45436083991954,1.12714502146052,0.252729624643323,4.45988483958405,8.20037032217447e-06,0.00013529652242488
"chr1:218422336-218424208",5.36498357278703,1.14153484246834,0.318102220154131,3.58857867108009,0.000332485666743166,0.00215554758069847
"chr1:218446848-218448379",7.72441314708974,1.11969493638143,0.290459090959615,3.85491441387563,0.000115770122588148,0.000968350576583134
"chr1:218556462-218557221",4.63471679029094,1.12426719253487,0.277009951659598,4.05858051596796,4.9371910848632e-05,0.000510856969652392
"chr1:218610072-218611477",5.56592481493245,1.27316954199415,0.273285928388593,4.65874532765474,3.18142499621572e-06,6.80376083767812e-05
"chr1:221096185-221096719",4.62059484095016,1.29691276787281,0.319726528019699,4.05631892950998,4.98521767511023e-05,0.000514508469188401
"chr1:221482060-221484219",7.03080431032446,1.29551595387972,0.259343240547309,4.99537196784349,5.87224718323995e-07,1.9683035225174e-05
"chr1:221499984-221502067",6.30760542037609,1.15620369725285,0.286453688241235,4.03626744815784,5.43083045637629e-05,0.000548688999231081
"chr1:222448596-222450137",8.42735315071604,1.27099435891999,0.238051012615143,5.33916804199781,9.33740682174456e-08,5.16876417112282e-06
"chr1:223077417-223079005",2.00491214103601,1.01464639830658,0.451263463141092,2.24845679117022,0.0245470773625453,0.0617209258969676
"chr1:226004603-226005695",7.23790708654662,1.15202343976208,0.299720213229874,3.84366281922575,0.000121211516420162,0.00100268348261826
"chr1:226543414-226544790",7.6795313195091,1.2195928532425,0.335836090562141,3.63151217965015,0.000281765356819497,0.00189856396618359
"chr1:226697870-226698553",4.62415339738348,1.05367346585057,0.406632434166288,2.5912184501733,0.00956367620989228,0.0294382045522865
"chr1:226909892-226912341",9.58797564203022,1.05205875552537,0.198785288522467,5.29243770172892,1.20696591656589e-07,6.2329352863226e-06
"chr1:226971322-226972632",5.99850239763101,1.0970669353523,0.285078427651608,3.84829867482297,0.000118940986839409,0.000988194831947106
"chr1:228677654-228678820",13.4509425605981,1.00251217852412,0.182367436860199,5.49721044383948,3.85846141587145e-08,2.68959628109087e-06
"chr1:229138948-229140034",5.45052502137806,1.13543370187029,0.41588779767537,2.7301443038648,0.00633066079353321,0.0212510221675794
"chr1:229506296-229506872",4.76321996306788,1.05358997605349,0.303190503317994,3.4750098189865,0.000510834652389393,0.00299591969442601
"chr1:229764553-229765051",9.0468354029431,1.3727201061646,0.296471398543737,4.63019405213244,3.65323201844822e-06,7.52247655224141e-05
"chr1:229916760-229917785",6.26958915558162,1.29916969597377,0.323636478195876,4.01428696547447,5.96257688944737e-05,0.000586975683404982
"chr1:230412974-230413912",4.42162011833568,1.22871234339872,0.271167264878518,4.53119717068055,5.86503658875886e-06,0.000106089576379574
"chr1:230427532-230429701",10.5681055423614,1.24708811461911,0.232762106713188,5.35777980457871,8.42508306581481e-08,4.81725704171769e-06
"chr1:231819283-231821145",12.0317518843872,1.40786134030457,0.244397179719019,5.76054659028053,8.38419828957325e-09,8.60985036671715e-07
"chr1:231829095-231830697",7.84081918758046,1.18968913733173,0.280098400381772,4.24739711369357,2.16268427207927e-05,0.000276268235834233
"chr1:231942180-231943821",7.36794945519971,1.18274872052913,0.281067350269153,4.20806158878476,2.57570672518942e-05,0.000313946327059513
"chr1:232354742-232355848",4.96494162809493,1.08260995782791,0.411378518455566,2.63166380658946,0.00849678959813463,0.0268078629037298
"chr1:233625726-233627116",4.06474432966369,1.23085504195721,0.386100912824465,3.18791020967309,0.00143305029303126,0.00665906127988173
"chr1:233835861-233837178",4.35415357242338,1.4080225235606,0.399463173833506,3.52478680336992,0.000423823743577163,0.00259269491026109
"chr1:234134224-234135470",6.40390867730323,1.49715710122514,0.350498014779978,4.27151378350878,1.9415052469718e-05,0.000255430022070505
"chr1:234182520-234183460",3.14799125629598,1.18882639505204,0.418213903149576,2.84262762691286,0.00447433128454325,0.0161881645775632
"chr1:234408111-234409470",6.30229629138836,1.38642304227427,0.293293889063792,4.72707783547691,2.27773971061584e-06,5.34092448487981e-05
"chr1:235029834-235030492",6.79886004125043,1.02262528664129,0.246710265590205,4.14504554236874,3.39746179276183e-05,0.000386472661432241
"chr1:239275206-239276258",3.54324950466469,1.17258043288995,0.404424905714686,2.89937740312458,0.00373904535183673,0.0140692774664628
"chr1:241219380-241220574",2.68691268585611,1.07558183486307,0.509413007302345,2.11141415598894,0.0347367293710387,0.0809902890536269
"chr1:241273351-241273685",1.7576956120919,1.01510927142905,0.506584839096805,2.00382876289566,0.0450884066024287,0.0993304751990217
"chr1:241413415-241414717",6.73363799103668,1.06672332679195,0.28980379873991,3.68084659838882,0.000232460834698054,0.00163855884004123
"chr1:242348146-242349843",4.34806123460058,1.26630759642203,0.340927667339211,3.71429988743654,0.000203767039999972,0.00148220252760686
"chr1:244914234-244915436",7.87961649130554,1.23481534078012,0.266853826771313,4.62730984869229,3.7044608624898e-06,7.60042389953788e-05
"chr10:1692736-1694678",5.27135696003826,1.34877793446795,0.384651770144404,3.50649090724734,0.000454056949576379,0.00273383941287558
"chr10:2518692-2520486",4.52001359012208,1.36248674068742,0.357871413670123,3.80719635221639,0.000140551150373325,0.00112061242019288
"chr10:3502460-3503283",1.66323289804467,1.09374397281248,0.470704629315698,2.32363122156361,0.0201452675911493,0.0528241444367093
"chr10:4229266-4230188",2.80044426460329,1.11235076000451,0.369591945476607,3.00967262306021,0.00261529415421153,0.0106449377405436
"chr10:7602967-7603740",6.41670356627178,1.04212443250883,0.339264008522139,3.07172115618279,0.00212828439253824,0.00905316050601814
"chr10:12650816-12651088",6.9029804631258,1.04302229377582,0.317080692009679,3.28945382061923,0.00100382027261702,0.00505426996989407
"chr10:13858317-13859261",6.50857283035723,1.68418185340666,0.339793474864679,4.95648674265265,7.17792626843331e-07,2.2883641178002e-05
"chr10:15921082-15922610",4.26420523079039,1.00885448315137,0.282554107649396,3.57048245217231,0.000356324325953785,0.00227269956247893
"chr10:16425950-16426751",4.27601878593899,1.47195857389709,0.405409702952846,3.63079266030367,0.000282552109273713,0.00190293692875161
"chr10:18693519-18693759",2.73587399945293,1.32090295718234,0.532757851053774,2.4793683557542,0.0131615304644508,0.0378416432394183
"chr10:24601700-24603034",3.55952922221696,1.11445306849307,0.330386218188119,3.37318267875964,0.000743046372828778,0.00401027835060549
"chr10:25549668-25551621",4.59857678944751,1.32659452024587,0.313944078026556,4.22557586874964,2.38330508952065e-05,0.000296707855656914
"chr10:26046457-26047849",3.68170837198294,1.34591870829835,0.325046918703014,4.14069056143886,3.46261811036113e-05,0.000391869416023077
"chr10:26147835-26148678",2.10869774821212,1.07831152613278,0.455190971851139,2.36892116235869,0.0178400557804653,0.0479960571832575
"chr10:26241705-26242557",3.45688342558718,1.05417799088537,0.298009645340384,3.53739554195067,0.000404093995103221,0.00249853149593687
"chr10:26502395-26507447",7.95650157798976,1.02407809118973,0.181255705370335,5.6499081730827,1.60533568416502e-08,1.41124748524468e-06
"chr10:26563059-26564078",4.61336596773513,1.02020082525434,0.398499320389016,2.5601068133778,0.0104639996299515,0.031607119762952
"chr10:29367677-29368743",2.80330968931336,1.14721120749303,0.373760119697096,3.06937831789747,0.00214504767868913,0.0091084615057358
"chr10:29618044-29619122",4.68391770502496,1.11926412222975,0.311502332353163,3.59311634611068,0.000326746603557954,0.00212743155223201
"chr10:31446130-31447501",5.4340848077383,1.13135880420568,0.320307241722239,3.53210498183729,0.000412265652455038,0.00253754568465744
"chr10:32038241-32039998",15.1800262379737,1.27444156176741,0.2365425212757,5.38779055407968,7.13291052347311e-08,4.27220311467355e-06
"chr10:35560008-35561284",4.58622525707979,1.10526837881782,0.357808130183113,3.08899738597942,0.00200833206116237,0.00865024459332778
"chr10:36173015-36174396",3.63550079952857,1.06350887875147,0.345579995756168,3.07746076686063,0.0020877231853923,0.00891648342632717
"chr10:36223017-36224155",5.29009305247223,1.3630405221503,0.338001419568433,4.0326473299747,5.5152016398063e-05,0.000555012934476475
"chr10:36965117-36966635",4.60009524700973,1.100633457267,0.295084989440573,3.729886292602,0.000191566202233848,0.00141462974219414
"chr10:45247780-45249352",7.03582587450723,1.0649504238196,0.310272178824228,3.43231039229885,0.000598462190034628,0.00338879265642657
"chr10:46673180-46674890",3.13403498660073,1.42010558524425,0.378188025356798,3.75502525206733,0.000173324002563111,0.00131199390823544
"chr10:49380290-49382602",3.98515282637411,1.0856086652644,0.328837823106617,3.30134975048908,0.000962208550411023,0.0048911003706824
"chr10:49395823-49396862",4.69559808874104,1.15660887733242,0.330015430734433,3.50471150624212,0.000457102319255499,0.00274867549002538
"chr10:49459171-49460646",10.6875565413491,1.0880446595764,0.223149961577162,4.87584515760792,1.08343572349172e-06,3.09977811125602e-05
"chr10:49493723-49494213",3.42928137264,1.03623169893591,0.433873628858481,2.38832607010992,0.0169253176202238,0.0460554131234852
"chr10:49495420-49498248",4.64212288388625,1.07174379032504,0.295335545186236,3.62890213451687,0.000284629109512318,0.00191351482505897
"chr10:49572592-49573822",1.2754584057407,1.57056148246116,0.427047494844004,3.67772086576663,0.000235327281843067,0.00165448550376595
"chr10:49802205-49803625",7.96876295718022,1.16441726288671,0.281126241064994,4.14197286768938,3.44331084924572e-05,0.00039031096657152
"chr10:50290653-50291744",4.49615009115354,1.44430288218287,0.371194211574604,3.89096283602093,9.98472265667323e-05,0.000865076020080792
"chr10:50708049-50709113",3.56478163579366,1.23939708596703,0.36157547120817,3.42776870849592,0.00060856370435005,0.003432370133129
"chr10:52353199-52354130",5.60626715536644,1.21791049016034,0.283831605092173,4.29096150079842,1.77901158399095e-05,0.000239147316162761
"chr10:54982976-54984649",4.83131825261352,1.86948639240882,0.416678811285042,4.48663656940774,7.23563435680345e-06,0.000123738721423233
"chr10:56955704-56956680",2.57087947282351,1.73020730225908,0.659807511223185,2.62229100582915,0.00873408180891603,0.0273902896838408
"chr10:57401753-57402503",2.14522953670208,1.11368740894439,0.532138694783393,2.09285176940142,0.0363623888090732,0.0839244494397855
"chr10:57899018-57899690",1.69900199690073,1.2692010515851,0.469700765743944,2.70214814228555,0.00688930592467221,0.022716247282013
"chr10:58314522-58315608",2.3448492646013,1.03240419535607,0.354871837283642,2.9092311276617,0.00362318890682123,0.0137223450455254
"chr10:59454731-59455525",2.03456608163451,1.06354538216853,0.38879215874101,2.73551139923323,0.00622834290519701,0.0209758091947095
"chr10:59766163-59767477",3.07111940927842,1.03207780067296,0.348448288564849,2.96192529721919,0.0030572194837186,0.0120188188851412
"chr10:59897083-59898523",4.877821232384,1.31864350057846,0.35049871220634,3.76219214124295,0.000168430569833056,0.00128475632219004
"chr10:60894075-60894321",1.54834050120273,1.01420273019654,0.457730626996275,2.2157196184401,0.0267107104477407,0.0659541394276526
"chr10:61096490-61097599",3.6007539804397,1.01005282374417,0.332348993627202,3.03913308934871,0.00237260014252965,0.00986623121443256
"chr10:65307684-65308605",1.85179066874177,1.086605702776,0.388924742402048,2.79387136972821,0.00520811903481571,0.0182294768291936
"chr10:65471253-65473731",13.4504256706904,1.05838695074231,0.235556222609171,4.49313942556449,7.01808030432627e-06,0.000121036886429553
"chr10:71108328-71109328",8.61412234272184,1.41788045412287,0.268644434763252,5.27790741458093,1.30667452045617e-07,6.62601764390063e-06
"chr10:71120241-71121541",6.63964886219781,1.11135561573704,0.338124618889204,3.286822531255,0.00101324667393759,0.00509102891926072
"chr10:71173138-71173657",8.31594741299381,1.02484061372396,0.28690171875548,3.57209645926661,0.00035413491841015,0.00226148842990824
"chr10:71238827-71240016",8.17900622802154,1.31352895169059,0.2857807369107,4.59628233130716,4.30095830024607e-06,8.46030922014025e-05
"chr10:71256291-71256829",4.24547943018217,1.07856517860884,0.391615937236059,2.75414015635094,0.00588465616758575,0.0200652340755552
"chr10:71336405-71338704",6.68382164622901,1.53145031964069,0.34944294450138,4.38254754814384,1.1729955469171e-05,0.000176016528345301
"chr10:71651790-71652555",5.00468968602893,1.1456305293901,0.345866120103354,3.31235256303148,0.000925148755727496,0.0047457433372657
"chr10:72080340-72080988",3.8952771820177,1.05945874066953,0.280015331961811,3.78357403948874,0.000154592308713628,0.0012051370844914
"chr10:72300250-72301108",6.69994350531352,1.11965651719877,0.235676518530889,4.75081914896847,2.02594266428782e-06,4.89461207683914e-05
"chr10:72488484-72490502",7.87598466270339,1.04414221694821,0.220334577235026,4.73889404945483,2.14887818363075e-06,5.11239176828543e-05
"chr10:72586640-72587444",1.22573259164229,1.18382077731055,0.434415853949206,2.72508649615022,0.00642846435936186,0.021511207763264
"chr10:72795994-72796156",3.94546695839368,1.10022919788353,0.390300591737309,2.81892782428584,0.00481843513583929,0.017149445144369
"chr10:72834754-72835730",6.41654214537348,1.72256468626245,0.353276529173079,4.87596696642851,1.08276728657423e-06,3.09813003909284e-05
"chr10:73015514-73016548",14.9696988437399,1.25842917341851,0.28347553222532,4.43928674739464,9.02574967422894e-06,0.000145087043665398
"chr10:73211342-73213131",3.48293259308326,1.0768046269713,0.351440777580525,3.06397178604173,0.00218419508032581,0.00924153241012049
"chr10:74567103-74568579",1.67049115095995,1.21227319673865,0.449078005081962,2.69947132351182,0.00694497407987873,0.0228640515817759
"chr10:76399480-76401620",5.38110320116369,1.00855705104406,0.307632124797,3.27845166271105,0.00104378238826755,0.0052087829582284
"chr10:76692136-76693052",3.88225945639027,1.20995660247578,0.309764903635005,3.90604806508832,9.38178583545537e-05,0.000826310867184554
"chr10:78083366-78084695",3.44897024540359,1.21830103028163,0.327353517140772,3.72166775821664,0.000197911314862142,0.00144989378673494
"chr10:78192402-78193709",10.5969461568567,1.07347996112965,0.211731686249346,5.07000147283322,3.97812623673831e-07,1.48300866095565e-05
"chr10:79091831-79094491",5.62442676371045,1.38804324901135,0.283801750450676,4.89089037261801,1.00380863708296e-06,2.92700050421971e-05
"chr10:79151745-79154724",6.61241068566525,1.09253731468828,0.271822283373664,4.01930739867419,5.83694747344827e-05,0.000578257121816706
"chr10:79186572-79187307",4.75358539920952,1.23935796881099,0.296656865669355,4.17774915141301,2.94408088801233e-05,0.000347538989817934
"chr10:79444671-79447659",4.88805272065939,1.26953839404917,0.274310246877483,4.62811144862624,3.69015425923134e-06,7.58313582538097e-05
"chr10:79597250-79599053",8.52618182297035,1.21156722419988,0.270543615975448,4.47826950132074,7.52505635504195e-06,0.000127292052067132
"chr10:80076041-80077016",4.09433214949221,1.09788477206605,0.402017936955531,2.73093479455243,0.00631549656032238,0.0212134985395303
"chr10:80288521-80289739",13.5052449134424,1.46558973940416,0.230425281598924,6.36036865935201,2.01270092604243e-10,5.52689982056442e-08
"chr10:80318960-80320808",9.65964674374171,1.26296437825148,0.264686825067308,4.77154228560607,1.82820587904312e-06,4.54228749437026e-05
"chr10:80778135-80778897",6.01702115664526,1.02133701580585,0.291925182930344,3.49862593406185,0.000467662180563611,0.00279763680610563
"chr10:81094880-81097031",6.79895563339156,1.05653754855475,0.279389755128476,3.78159015912699,0.00015582976407751,0.00121210648272869
"chr10:81264990-81265491",5.92248323060047,1.08539632044643,0.344907051425562,3.14692412335523,0.00164997773141277,0.00742354920171123
"chr10:88093271-88095008",8.39573245473968,1.31590143975252,0.246262605683488,5.3434886555363,9.11745380688167e-08,5.0911507057e-06
"chr10:88411570-88412968",11.9366774456911,1.03743654964517,0.20567699154619,5.04400877242601,4.55878385048664e-07,1.63546492580993e-05
"chr10:88420919-88422402",6.08195692580151,1.02950341519939,0.288419088754156,3.56947045234209,0.000357703558054834,0.00227914701454906
"chr10:89848354-89850024",9.59283365761533,1.29871601972816,0.283705237271148,4.57769490693937,4.70127685745476e-06,9.0135047746014e-05
"chr10:91562551-91563072",1.41941059014903,1.04516855352481,0.484163543956713,2.15870973056629,0.0308726934044137,0.0738846797014923
"chr10:95176841-95177986",5.12164195072841,1.1607659394988,0.331680684105428,3.49964889462733,0.000465871341908262,0.00278935464000674
"chr10:95407273-95409215",2.8231055116864,1.36742863013322,0.360203872847101,3.79626298663831,0.000146893668486278,0.00115872683965244
"chr10:95597139-95598384",2.4979924626973,1.1186496724141,0.3706548943309,3.0180356162124,0.00254419001509715,0.0104204195082199
"chr10:97148040-97149108",2.61231820788713,1.03578167943478,0.333346137286393,3.10722568398894,0.00188852164331946,0.00824584769820671
"chr10:98883409-98884338",4.47064545507417,1.16281559370487,0.280800421888867,4.1410749523912,3.45681969846395e-05,0.000391391273542917
"chr10:98939268-98940514",7.960600738627,1.03443090622277,0.25174771241375,4.10899823599062,3.97379111082687e-05,0.000434674023326028
"chr10:100116682-100117629",4.27049143620159,1.04421361999491,0.30309609214559,3.44515698834326,0.000570727817157466,0.00326562383191212
"chr10:100314585-100315963",4.36124262219518,1.52846586251047,0.36105566117518,4.23332473872741,2.30261639670624e-05,0.000289099287181741
"chr10:105412542-105413930",11.3826841174482,1.16309140280991,0.225131606272859,5.1662732837265,2.38807554451381e-07,1.02837538295524e-05
"chr10:105423468-105424131",9.9179351477727,1.0200461728725,0.251121950559667,4.06195543877848,4.86633676822402e-05,0.00050528764124502
"chr10:111346229-111347769",3.23427513637842,1.00499262272606,0.367035766915259,2.73813266530531,0.00617891447340663,0.0208445187692759
"chr10:114782675-114783050",3.75295655522545,1.06944889590231,0.334485642439107,3.19729387516837,0.00138723517078303,0.00649287098583813
"chr10:116785693-116787218",2.97768960893002,1.22982515044767,0.35306123438082,3.48331969269996,0.000495236591737239,0.0029237724744752
"chr10:117896542-117897365",6.67136349920655,1.1120184174489,0.293790920224159,3.7850673417696,0.000153666961658616,0.00119973834985775
"chr10:119658476-119659070",1.45828144902488,1.21656932250145,0.474537923803288,2.56369251323686,0.0103565249120078,0.0313499862291314
"chr10:119726520-119727110",6.19412914872232,1.08045664722192,0.341475685697527,3.16408076028866,0.0015557361933622,0.00709204183276718
"chr10:120128798-120130602",6.83694291968265,1.07437796099975,0.238649629665963,4.50190499982571,6.7347085179656e-06,0.000117414180670292
"chr10:120577687-120578909",13.834529798218,1.615011311956,0.345255275003077,4.67773102653279,2.90066684453403e-06,6.3602140782761e-05
"chr10:121778897-121779914",1.82028263650996,1.00384106767878,0.451976565684219,2.22100246759282,0.0263507942602306,0.0652610418443075
"chr10:121844809-121846092",4.02887654087322,1.41001848773859,0.387450815679155,3.63921930391861,0.000273465840380413,0.00185519422569922
"chr10:123069313-123070315",3.25966622339745,1.0903704452485,0.328559888471053,3.31863530366569,0.000904584865380582,0.00466652999267201
"chr10:125033248-125035271",5.51102528493416,1.04029634256744,0.26833311209057,3.87688397627317,0.000105802779792356,0.000904474705668381
"chr10:126254125-126255150",9.47624551695704,1.06077339592706,0.248228105429013,4.2733815096954,1.92530617553769e-05,0.000253776804255093
"chr10:127160280-127161105",1.18275097807885,1.13817219483141,0.498682428463305,2.28235873146503,0.0224681696977508,0.0575751678088968
"chr10:127227099-127228442",5.36430812740203,1.06262235302226,0.233510454951072,4.55064144020837,5.34826209810969e-06,9.90234327407505e-05
"chr10:128494629-128495874",1.31912910146457,1.24949348909272,0.514682179535001,2.42769914866995,0.0151949420316282,0.0423308523603117
"chr10:129417460-129418817",3.0731758906813,1.22177586658697,0.352778227177334,3.46329725721086,0.000533598548746034,0.0030986385086418
"chr10:130519522-130520871",1.76344544481524,1.01302807552546,0.49005144216074,2.06718721418063,0.0387165165164648,0.0881670224932586
"chr10:132146873-132147453",1.6261655190138,1.06179483388389,0.450429078021145,2.35729637737564,0.0184085480213049,0.0491942009474889
"chr10:132846717-132847766",4.84963303909219,1.19812515528755,0.286203743439084,4.18626654176718,2.83580319732442e-05,0.000337621895612708
"chr10:132900791-132901697",3.68754381391674,1.13645702495188,0.308403560114976,3.68496726992452,0.000228732031899795,0.00161798994729041
"chr10:134535358-134537340",3.16393545902123,1.16122527830171,0.447148480001851,2.59695678334164,0.00940537568468606,0.0290536258424652
"chr11:3439757-3440076",12.9504634095469,1.01101155839698,0.300211556932296,3.36766368599521,0.000758080101178038,0.00407214522996222
"chr11:17955337-17956391",2.48295218383665,1.10192281210568,0.461442682031124,2.38799498835992,0.0169405727928766,0.0460860773128595
"chr11:18092367-18093553",5.92600611035796,1.18384776376281,0.349285963314667,3.38933678447392,0.000700619034960564,0.00382825127919327
"chr11:20021559-20022952",13.0456285626984,1.00618654423882,0.19731219662876,5.09946451071115,3.40615723309438e-07,1.32191419575189e-05
"chr11:20532120-20534125",5.89016280247836,1.15635024098756,0.306985321144251,3.76679326776084,0.000165357816372383,0.00126779807169552
"chr11:21740754-21741946",8.74644255130037,1.20345056060785,0.313727426665468,3.8359749843966,0.000125067138488293,0.00102654365157301
"chr11:22100546-22102013",3.39358083893658,1.28923485540092,0.454474493406635,2.83675954119475,0.00455739207073748,0.0164207922073834
"chr11:22359145-22360299",5.38659060958693,1.17330342978141,0.354183996269055,3.3126946506361,0.00092401801918129,0.0047416114971955
"chr11:22364565-22366065",6.11864533129771,1.01366564727534,0.33931885526806,2.98735431744444,0.00281403376366478,0.011267291853875
"chr11:45011225-45012437",7.86737956247936,1.36638565352799,0.282249867486468,4.84104976096577,1.29155022933342e-06,3.52066092107923e-05
"chr11:45013895-45014155",4.31453951938367,1.06976242447379,0.375383315536887,2.84978681842526,0.00437485409461221,0.0159042825973863
"chr11:45047496-45049029",8.07682153478402,1.18101329230583,0.22588791307568,5.22831556688983,1.71061359171194e-07,8.05432116188616e-06
"chr11:45062902-45064643",9.48071971731849,1.35111261853979,0.318511155144972,4.24196326161582,2.21572968475279e-05,0.000281212648399346
"chr11:45284210-45285322",6.37303643536734,1.03579245514585,0.248628063628831,4.16603194357075,3.09947291036438e-05,0.000361039491790666
"chr11:45581609-45582743",8.45341713010471,1.0949547799079,0.3082352688428,3.55233450091116,0.000381829128225011,0.00239357448200104
"chr11:46431597-46432407",5.76548535439174,1.05985211727019,0.269892163371178,3.92694661464695,8.60310668895097e-05,0.000774429735421643
"chr11:46435303-46437082",10.6243787490037,1.26142280562682,0.239269576162011,5.27197325234822,1.34964750953802e-07,6.79970870289983e-06
"chr11:47486024-47486926",9.48206389036291,1.12219660879057,0.225090943228556,4.9855253734092,6.17936687637342e-07,2.0426374570015e-05
"chr11:56867768-56869505",3.20866200871533,1.06947961756281,0.385789880940906,2.77218162113129,0.00556819594057369,0.0192067043252068
"chr11:61458046-61459617",10.7706236904769,1.02654548196256,0.172798909462007,5.94069421594504,2.83817587019813e-09,3.86517591863116e-07
"chr11:61478361-61479588",6.42292092237631,1.29547208279986,0.259102532761929,4.99984337856773,5.73769030431842e-07,1.93558578001239e-05
"chr11:61953477-61954303",5.90259709413117,1.28928565113964,0.30817227553714,4.1836523058164,2.86862746141648e-05,0.000340658909217046
"chr11:62008753-62010841",10.9980486144829,1.29325935130301,0.219144882764404,5.90138968790502,3.60452396330665e-09,4.62692814168897e-07
"chr11:63812331-63813158",8.59852814065235,1.37271293781205,0.24381623593824,5.63011291077338,1.80091686527337e-08,1.53450016244925e-06
"chr11:63825720-63826420",8.13751728930112,1.07725067043954,0.249403015827052,4.31931693715588,1.56512874985115e-05,0.000217692229436694
"chr11:63849028-63850381",12.2392492788813,1.08529660693247,0.196631949113755,5.5194316682718,3.40097808670175e-08,2.45227342093345e-06
"chr11:63917279-63918765",9.95068821494936,1.02574771523,0.214763841413976,4.7761658036875,1.78669094170218e-06,4.46190996917503e-05
"chr11:65998116-66000465",5.40206781937282,1.06829889829458,0.24169147596222,4.42009340230755,9.86582499121627e-06,0.000154896481672381
"chr11:66256568-66257734",8.20852585891249,1.05550158668831,0.257969745887132,4.09157121529328,4.28460325556606e-05,0.00045968962796462
"chr11:70464363-70465445",4.51999240748207,1.13666991765538,0.283385779235621,4.01103372484436,6.04534731890744e-05,0.000592826302787821
"chr11:70699996-70701635",5.82005636429857,1.18480932248003,0.255733042571426,4.6329927121135,3.60417231591124e-06,7.44890419439838e-05
"chr11:70707200-70709847",5.204728932275,1.0622729263689,0.252971141300109,4.19918620325425,2.67875975125422e-05,0.000323531572882289
"chr11:70722539-70724730",5.26605858351102,1.03717302849451,0.238074131167733,4.356512920607,1.32150895734579e-05,0.000192028298210347
"chr11:70759111-70760871",14.3423266053961,1.05788538457056,0.220104420261507,4.80628868476919,1.53757835957511e-06,3.99884868930514e-05
"chr11:70794818-70796301",9.62294230627337,1.22636997796101,0.241107150050496,5.08641065892974,3.64903492181105e-07,1.39253719045587e-05
"chr11:70798257-70798745",4.60124931977921,1.3177158994503,0.378035631132613,3.48569232879545,0.000490865219014978,0.00290401422896658
"chr11:71074891-71076075",6.26654729888842,1.2669864490196,0.321580727498447,3.9398705851417,8.15255762370945e-05,0.00074375673175291
"chr11:71107317-71109090",9.77692830593435,1.18494215358107,0.330626510475963,3.58392964882111,0.000338463284312169,0.00218391312415485
"chr11:71796583-71797674",5.30632506723622,1.00486469171889,0.247032485387575,4.06774311541388,4.74706711844074e-05,0.000495589313740117
"chr11:71900148-71901142",6.26020801275323,1.06400452693425,0.269095282031558,3.95400662137759,7.68532810166203e-05,0.000711233311772028
"chr11:71937819-71939562",18.6528922709482,1.20882989976945,0.189646554318616,6.37412002613321,1.84016438039949e-10,5.21102225317049e-08
"chr11:74082238-74083285",1.66196004761369,1.21971992774872,0.41474021592761,2.94092514038139,0.00327233606166309,0.0126763371973576
"chr11:75350049-75351513",13.3835511027372,1.27912174284331,0.221238351594475,5.7816456035973,7.39734160933344e-09,7.85923365738899e-07
"chr11:76020993-76022848",6.43323565501544,1.29781225399138,0.285332676717068,4.5484178991468,5.40507219962571e-06,9.98103126985794e-05
"chr11:76547284-76548525",5.50639862526617,1.03721056596999,0.297562405436932,3.48569089044358,0.000490867858117356,0.00290401422896658
"chr11:76820614-76822388",8.18193935692382,1.76853736523983,0.358645641508183,4.93115532591654,8.1744701037699e-07,2.52086166586177e-05
"chr11:76857491-76859609",11.0242587491636,1.22378217245371,0.240292582512363,5.09288368229489,3.52658074348539e-07,1.35831311782446e-05
"chr11:77117144-77117883",3.60986334313839,1.05500916984725,0.282483902119723,3.73475855413566,0.000187895365643699,0.00139388788001413
"chr11:77303663-77304429",4.85695348064439,1.52475448419105,0.35414979546079,4.30539422508253,1.66688623323551e-05,0.00022807988547546
"chr11:77740939-77742372",17.8180192833504,1.10373240767451,0.221176095235502,4.9902879716693,6.02893448572636e-07,2.00530925894559e-05
"chr11:78451065-78452281",3.13152107222368,1.04183144556174,0.377704485451314,2.75832426061043,0.00580985351177129,0.0198632026940716
"chr11:79284829-79285562",2.47160413374205,1.63405702396119,0.457579802681255,3.5710864299215,0.000355503549570744,0.00226819801960906
"chr11:79373498-79374920",5.43794062559693,1.02601854167396,0.333443839200205,3.07703553358477,0.00209070376721767,0.00892716636785245
"chr11:82715491-82716309",5.57979566921353,1.05513353281879,0.367385813713237,2.87200401712401,0.00407877782332011,0.0150559853226325
"chr11:83979898-83980569",2.33425872072633,1.0407920027388,0.477617973147336,2.17913073052997,0.0293219579478319,0.0709810451273784
"chr11:85641573-85642982",6.58744138057012,1.10090117908148,0.319068687037856,3.45035794424686,0.000559843718776034,0.00321545952654263
"chr11:86299475-86300387",11.4475862452114,1.23894427441967,0.253361255668131,4.89003052638215,1.00820341283317e-06,2.93642041373156e-05
"chr11:87286536-87287447",3.81548094634102,1.00762413768067,0.392005478471266,2.57043381538998,0.0101571232943469,0.0308720860388261
"chr11:87646490-87646967",1.88736102345451,1.07895729833483,0.449837015510365,2.39855161121121,0.0164600566822366,0.0450585350081951
"chr11:87983717-87985121",3.82967958276797,1.18825889292873,0.384606472785639,3.08954470870544,0.00200463532773146,0.00863842803043976
"chr11:88211125-88212773",3.15614550490839,1.1256409287622,0.375909497612421,2.99444663120159,0.00274943150438603,0.0110693010355738
"chr11:92291198-92292470",4.8339517160527,1.03904406411291,0.254573759698524,4.08150496478264,4.47450217179397e-05,0.00047438636653801
"chr11:92600717-92602197",5.81694543339151,1.57109755119598,0.371046095728488,4.2342381965006,2.29327772698973e-05,0.000288283031841232
"chr11:92627742-92629387",3.67718999017933,1.0009543614615,0.286428258462114,3.49460757411232,0.000474759243045967,0.00282968459278267
"chr11:92711181-92712865",11.2392488777899,1.33342686199267,0.268201665170651,4.9717322267341,6.63573160640891e-07,2.15255532009446e-05
"chr11:92949041-92950780",14.8193555657402,1.11309450625979,0.272671461675411,4.08218190279413,4.46148543560544e-05,0.000473360323314538
"chr11:94980209-94981091",3.8099462028777,1.2346345229357,0.344569728172797,3.58311953137261,0.0003395151484533,0.00218914144412711
"chr11:95257226-95258354",5.13526729888679,1.3656484323218,0.388117395115545,3.51864783570249,0.000433752070609496,0.00263826761937662
"chr11:96584150-96584294",1.16972107369514,1.28732069060464,0.501108735089789,2.56894482267202,0.0102008698424383,0.0309769703268799
"chr11:97621517-97623419",3.7204686229862,1.00374323645012,0.358071049200627,2.80319573082192,0.00505989511426394,0.017824916871422
"chr11:97726299-97728210",3.70051692355285,1.23059853420043,0.424882161491428,2.89632901951158,0.00377556321931013,0.0141726493582183
"chr11:97870861-97872295",2.676268803167,1.04272727554662,0.465933585491207,2.23793113013592,0.025225546607039,0.0630660316988519
"chr11:99290167-99290508",1.15037807888741,1.05731551634436,0.509157914255179,2.07659644825722,0.0378388209938138,0.0865964712255734
"chr11:100165269-100165962",1.86548601092902,1.17204627566111,0.572015562432264,2.04897620385967,0.0404644418685438,0.091258655428339
"chr11:100315925-100316884",5.29675750781117,1.03579998721172,0.312676965361652,3.31268402203429,0.000924053131683585,0.00474166643139798
"chr11:102653464-102655287",4.16118595032644,1.04925138490403,0.49129410890202,2.13568892012357,0.0327047781171097,0.0772802015978904
"chr11:103407148-103408869",9.66480313072084,1.24596159522318,0.229774071300989,5.42255089170203,5.87544790905213e-08,3.69751434900092e-06
"chr11:104865447-104866720",9.76120513580462,1.10945462996109,0.385137336440698,2.88067274965932,0.0039682742296509,0.0147298150065449
"chr11:107985857-107987199",7.34012405610872,1.00714810804072,0.211492390822224,4.76210091590153,1.91587825472371e-06,4.6997822664458e-05
"chr11:108364904-108365284",4.02043603740029,1.01849161336778,0.284835654768346,3.57571672056332,0.000349269696134462,0.00223813500520863
"chr11:109171466-109172341",6.15885820370803,1.16560178572242,0.373741381266129,3.11873890382086,0.00181626830944509,0.00800305677454061
"chr11:109514416-109515579",5.8179276452931,1.87557407529727,0.347509342262895,5.3971903692833,6.76925534665392e-08,4.10870761525869e-06
"chr11:109643532-109644634",12.842730450119,1.98656001092027,0.296148971451083,6.70797538545022,1.97343208369729e-11,1.10094525204442e-08
"chr11:110001024-110002774",11.5898318679311,1.18074723793565,0.219724539116477,5.37376135903385,7.71108991341353e-08,4.51525657507614e-06
"chr11:110004484-110005257",6.75902714792333,1.20993570017505,0.27887436983976,4.33864073227765,1.43366666618839e-05,0.000203967933624548
"chr11:110821852-110823491",4.21763140325615,1.00902050097387,0.280407393227057,3.59840904821231,0.000320169778776118,0.00209608866298839
"chr11:110956486-110957552",5.96803071656165,1.0299647095794,0.305652761378324,3.36972159170046,0.000752441649387816,0.00404925294908741
"chr11:111272879-111274434",5.94159351466206,1.18670389399115,0.289963413822395,4.09259871218793,4.26565558924135e-05,0.000458155213891646
"chr11:111506248-111506904",3.21947735978015,1.05714789372436,0.285421246174667,3.70381640432411,0.000212379992380939,0.00153021301999399
"chr11:112647530-112648823",3.67106842218517,1.00112692569108,0.304288162732543,3.29006201457476,0.00100165304434426,0.00504532781389768
"chr11:112964120-112965569",5.35436209059184,1.11236858904145,0.297765488085821,3.73572033546362,0.000187178603042552,0.00139015925256243
"chr11:113221120-113222588",6.64243932505117,1.38439798982137,0.24849267475068,5.57118229424823,2.53016416310956e-08,1.98672993424046e-06
"chr11:113271970-113273117",10.3573664351821,1.02089500847247,0.202190077511979,5.04918451506101,4.43700026259198e-07,1.60569125099184e-05
"chr11:113420059-113421350",5.33288741499456,1.03835759502959,0.269215880818701,3.8569700712747,0.000114801212269581,0.000961925999236368
"chr11:113499396-113501011",5.25018489941493,1.02999554016077,0.272017597109087,3.78650334061922,0.000152782043030139,0.00119447522673885
"chr11:113862595-113864482",4.70316184996033,1.16960844593662,0.29500224662597,3.96474419877744,7.34746955936082e-05,0.000686867332186185
"chr11:114114149-114115797",6.13362904078168,1.05764513548855,0.259509662093601,4.07555205057096,4.59053123287559e-05,0.000482946355823153
"chr11:114154658-114155233",6.30208367967426,1.11632927761914,0.260419123399533,4.28666398629441,1.81376323062377e-05,0.000242641761189555
"chr11:114702669-114704040",4.25327870563026,1.02832228541519,0.296422200901862,3.46911358962496,0.0005221786272821,0.00304847868059898
"chr11:115015470-115016670",6.17719821140405,1.3878101680096,0.31110868336847,4.46085320725654,8.16339944149323e-06,0.000134865231433328
"chr11:115134644-115135926",4.84401065294889,1.15493348186572,0.328674029211714,3.51391767897115,0.000441549628888798,0.00267545481107558
"chr11:115540714-115542097",9.05756547204101,1.01352832128648,0.316171029732072,3.20563310985627,0.00134765699188685,0.00634812539507097
"chr11:115655523-115656412",7.23297495012759,1.10268930750088,0.295867588036992,3.72696892828629,0.000193796338869777,0.00142707517497518
"chr11:115787163-115787692",5.51196559871743,1.07181164528067,0.262521273924576,4.08276110068173,4.45037664806914e-05,0.000472530839691496
"chr11:115906088-115907608",8.5033574677905,1.09980265659067,0.265196272394161,4.14712713214928,3.36673137420097e-05,0.000383640779293466
"chr11:115923380-115924829",4.49536244416965,1.02821863117595,0.307152803730007,3.34758015778938,0.000815204086045683,0.00430632617261625
"chr11:116449407-116452354",5.59521007390146,1.05883892622515,0.254242251760053,4.16468513354915,3.11782545652095e-05,0.000362585224815648
"chr11:116466006-116467319",6.98153633759719,1.02687330829694,0.257131350967361,3.99357489638551,6.50845073735546e-05,0.000626188823445848
"chr11:117281405-117282690",7.07041093368167,1.17896461741165,0.287163321336924,4.1055543302774,4.03346466424889e-05,0.000439495726608391
"chr11:117474869-117476534",6.27871831648701,1.02574439583236,0.230634486436666,4.44748923580445,8.68798112310047e-06,0.000141249569207065
"chr11:117488497-117491265",5.50761780717887,1.02629690940162,0.26514455166222,3.87070714056788,0.000108520100325342,0.000921781658295118
"chr11:117527793-117529541",4.45593837065227,1.32924075448104,0.28721904143646,4.62796877196284,3.69269680865418e-06,7.58696566934276e-05
"chr11:117566907-117568020",4.4766921363529,1.01159884525878,0.282707910834706,3.57824739418148,0.000345905960091206,0.00222150511515812
"chr11:117634293-117634652",4.13936974122548,1.24489396460666,0.316942639922046,3.92782102437478,8.57189612823751e-05,0.000772304484614526
"chr11:117648285-117649404",6.37166886859885,1.06917828788387,0.25213351517224,4.24052426014637,2.2299833018733e-05,0.0002824336649864
"chr11:117703503-117705034",16.370931492302,1.11477820815453,0.207148638582579,5.38153770057303,7.3852231840715e-08,4.38649550210977e-06
"chr11:117768988-117770279",4.80960655748392,1.28610066441805,0.290432657263651,4.42822331529523,9.50125010344743e-06,0.000150728892580302
"chr11:117956700-117958152",6.28899019958419,1.0088306952718,0.299033690618716,3.37363556990678,0.000741825072689421,0.00400529871611283
"chr11:118277119-118277960",11.5935210435145,1.4880917123037,0.26913769656366,5.52910919318845,3.21860967961697e-08,2.35491701169781e-06
"chr11:119242592-119242824",9.75326766255992,1.25058952431293,0.252364193924667,4.95549509169374,7.21463439594518e-07,2.2963549813439e-05
"chr11:119362406-119363717",8.99247550998795,1.39205200219556,0.2227588827531,6.24914250327995,4.12712238731904e-10,9.26841668452395e-08
"chr11:119551399-119552562",9.39909596053139,1.02378936322296,0.266736795277779,3.83820073326138,0.000123939147043928,0.00101988664817923
"chr11:119782680-119783605",10.0690571336548,1.20145298436477,0.229409240721739,5.23716037150427,1.63065993303847e-07,7.77922934576499e-06
"chr11:119845856-119847119",6.54633805095111,1.35121071658513,0.323079558463273,4.18228476915149,2.88594177564847e-05,0.000342125947412851
"chr11:120748081-120749384",3.93685097677898,1.10804589986377,0.310536437490234,3.56816710083698,0.000359487222731085,0.00228747726286837
"chr11:121022667-121024415",6.74517160727736,1.22630113280635,0.29410953549629,4.16953884455685,3.05216593794461e-05,0.000357033810956915
"chr11:121222494-121224130",7.90534727908503,1.76269166502625,0.324239792242445,5.43638290919034,5.4373041771593e-08,3.48644643899673e-06
"chr11:121384615-121386291",4.90118658677845,1.17817318607913,0.391647317378222,3.00825036659537,0.00262756571723774,0.0106828255105157
"chr11:121532747-121533533",2.24154453402124,1.13350021835606,0.403078783365442,2.81210588384753,0.00492182983901039,0.0174442968611217
"chr11:122621575-122622778",7.3152615396165,1.43042034215616,0.359665117732953,3.9770894413459,6.97639297555219e-05,0.000660757207961428
"chr11:122765865-122767522",8.94261989086813,1.51651133533831,0.332426904591259,4.56193922451302,5.06833194402686e-06,9.5191064354071e-05
"chr11:122834455-122835105",1.23163206763903,1.13084258782244,0.452013881350291,2.50178730008092,0.012356813793588,0.0360118505599795
"chr11:123007786-123008971",3.66330290858288,1.2913634439615,0.40978357970403,3.1513303800367,0.00162528533348418,0.00733716617378576
"chr11:123177968-123179233",3.63499685446876,1.00642636208466,0.282985333040789,3.55646121751331,0.00037588394000574,0.0023653936284164
"chr11:123201772-123202605",3.25536586324164,1.16691444696857,0.361858162251142,3.22478409692109,0.00126067703689589,0.00602943558182412
"chr11:123221806-123222689",7.10807622252802,1.71074714932322,0.388059397262565,4.40846726400935,1.0410475188693e-05,0.000161045833951577
"chr11:123286701-123287908",1.97164359894976,1.10806577487322,0.507434096661786,2.18366440521588,0.0289869171629796,0.0703365621281325
"chr11:123321397-123322594",6.17104684728229,1.78425595252063,0.343164914198095,5.19941252353861,1.99919385825796e-07,9.03011868985038e-06
"chr11:124044428-124045399",4.75109240946784,1.06289339635746,0.390166226394683,2.72420656749069,0.00644561782666664,0.0215560452752633
"chr11:125811157-125812361",11.3688162881906,1.02222679360713,0.226298080270903,4.51716953313708,6.26717277804798e-06,0.00011133346542366
"chr11:126431492-126432326",3.95944765318796,1.00228342333849,0.268166155753101,3.73754630044101,0.000185824878041489,0.00138252455751065
"chr11:126498396-126499741",8.02916217163903,1.31867374854621,0.334146177294061,3.94639782871355,7.93357530545959e-05,0.000728376943323367
"chr11:126669962-126670960",6.53419243689032,1.40649349208401,0.275459960314949,5.10598161154124,3.29081693106365e-07,1.29215531933771e-05
"chr11:126699816-126701310",6.23256817309361,1.10989663678985,0.250302052431492,4.43422906847171,9.24023394814032e-06,0.000147649981413719
"chr11:126726967-126728694",8.08230981836594,1.15512739053385,0.259731839104142,4.44738463531495,8.69221138759106e-06,0.0001412902589675
"chr11:126848111-126850481",7.47178413843958,1.01571632080932,0.259713903335806,3.91090468305045,9.19510569706558e-05,0.000813759330348341
"chr11:126975400-126977725",10.1335624679046,1.01641645037504,0.196151723007958,5.18178701052654,2.19770089625971e-07,9.68791399033821e-06
"chr11:126983700-126984259",3.08975710434733,1.03958913136372,0.325966694655532,3.18924954116037,0.00142642685616095,0.00663490431514354
"chr11:127321537-127322277",3.80217959592679,1.13393623216132,0.398143575539274,2.84805859450434,0.00439868250932645,0.0159720119188588
"chr11:127324015-127325577",6.29908646997271,1.01649016818847,0.243931621851582,4.16711109643234,3.08484177032922e-05,0.000359760148692224
"chr11:127327915-127329838",4.8236052554454,1.04016081960901,0.339969989847712,3.05956658137661,0.00221657511926576,0.00934866773071159
"chr11:127330538-127331771",3.37855122090283,1.08397237172694,0.330288847186742,3.28189214065128,0.0010311303885221,0.00516000724924698
"chr11:127497182-127499016",5.91049342644951,1.18114288751707,0.236865709870407,4.98655076821079,6.14667602603535e-07,2.0338564210178e-05
"chr11:130382731-130383680",8.49460265010532,1.23633177002777,0.337718222566367,3.66083820006134,0.000251391481786805,0.00174128304642677
"chr11:131158347-131159341",1.43736353993804,1.17733605937908,0.555877089134009,2.11797910436141,0.0341768373833692,0.0799584367963484
"chr11:131802539-131803433",3.51843302974886,1.12476725498102,0.365107518172605,3.08064665611538,0.00206551606258322,0.00884202478922684
"chr11:132101616-132102966",9.59616601161391,1.82347066545594,0.290870936641281,6.26900262539723,3.63368004966572e-10,8.47828334371831e-08
"chr11:132106891-132108690",4.1522876953604,1.31538563825101,0.367081663826181,3.58335969315499,0.000339203001623691,0.00218771777033055
"chr11:132112468-132112805",5.09993596833043,1.33601463767571,0.343869333644939,3.88523926665473,0.000102229156199079,0.000881049700584807
"chr11:132774167-132775260",2.54477461594332,1.14026521271066,0.364875205810166,3.12508275309863,0.00177755046045437,0.00786776859427368
"chr11:132852694-132853454",5.08794367197437,1.09294663350372,0.343497311812142,3.18182004900652,0.00146352720992629,0.00676654547307277
"chr11:133097389-133099523",7.74408223595996,1.53511480425321,0.33838079247525,4.53664876491323,5.7155176943006e-06,0.000104075625736526
"chr11:133902404-133905431",17.8115254741914,1.06927290778193,0.204858351268874,5.21957196843062,1.79337117281151e-07,8.33515672286251e-06
"chr11:133934038-133934608",5.80390958521262,1.19085157264733,0.363218406110404,3.27861020425645,0.00104319622517211,0.0052064002611677
"chr11:134015387-134016512",7.50295459694811,1.28642833683065,0.291499025380264,4.41314798618103,1.01878306488218e-05,0.000158552606878118
"chr11:134145599-134147184",8.48582898324313,1.01128333496202,0.270028480597011,3.74509878634341,0.000180322807972501,0.00135091215818309
"chr11:134242546-134243846",6.10969663440387,1.0068709474693,0.272342542554674,3.6970755212332,0.000218097475735295,0.00156167573826664
"chr11:134367426-134368824",5.70121222247928,1.36472706007681,0.372129542991742,3.66734403591037,0.000245082946169868,0.00170728575877091
"chr11:134808571-134809248",2.67669014294308,1.0258816771853,0.340660423974175,3.01144954032896,0.0026000361235493,0.0105962114450122
"chr12:192898-194990",9.43772312747102,1.30044892598539,0.283467390835213,4.58764911954679,4.48265223031496e-06,8.71600357923315e-05
"chr12:310799-312187",7.58011687318459,1.31231600313149,0.270811825352456,4.8458593025749,1.26064835837003e-06,3.46317301746145e-05
"chr12:1942377-1942503",7.79319248504576,1.70202863879818,0.36980824144497,4.60246270377252,4.17524347590666e-06,8.27662903245709e-05
"chr12:2033470-2034522",6.23312671650142,1.02857535920365,0.250879211900969,4.09988277390503,4.13359464460366e-05,0.000447598721482971
"chr12:2695238-2695945",3.50739610157031,1.24356450689538,0.372720533159558,3.33645290843965,0.000848548028826898,0.00444127336074482
"chr12:3010763-3012172",2.94058275723413,1.09231551880812,0.310060304108435,3.52291313765245,0.000426831225258514,0.00260685977366164
"chr12:3327431-3328708",8.53131411098074,1.00916977990324,0.193345378048061,5.21951851185386,1.7938888478567e-07,8.3352190135834e-06
"chr12:3668418-3669944",7.72477481660099,1.32578324604851,0.298116260600486,4.44720205257516,8.6996001359265e-06,0.00014136063567221
"chr12:3793166-3794381",5.87254392365211,1.18195123723939,0.312910635108337,3.77728049041917,0.000158550138578054,0.00122768432284609
"chr12:3807095-3808633",8.41105561141599,1.00190025707087,0.208777656882513,4.79888639441278,1.59550257367587e-06,4.10302858507926e-05
"chr12:3903991-3905416",7.53693297903782,1.16831356405061,0.273586764509127,4.27035849540023,1.95159012498003e-05,0.000256439244535936
"chr12:5017785-5021232",7.16910564065379,1.01105401137291,0.286002322709096,3.53512517589337,0.000407582031048838,0.00251536682115082
"chr12:5043930-5044832",4.23068054764051,1.30594640406652,0.384869412935744,3.3932195185502,0.000690762582269474,0.003786613116931
"chr12:5047895-5049650",6.81549011691836,1.38007416390231,0.373604286911381,3.69394627484472,0.000220800472030711,0.00157625031758965
"chr12:5093576-5094715",7.94176120093616,1.25202108361595,0.310993490054163,4.02587553648758,5.67637093601837e-05,0.000566349965301511
"chr12:5095807-5097172",7.74986091821661,1.02246962986641,0.280001809155156,3.65165365520849,0.00026055712829765,0.00178825616508019
"chr12:5100130-5102089",11.8265813173801,1.37433449702261,0.339991339272656,4.04226325283089,5.2937751183861e-05,0.000537941891769492
"chr12:5759609-5760713",7.48086665732884,1.467475266364,0.358263971406833,4.09607268238978,4.20218048763424e-05,0.000453089198412577
"chr12:6479809-6480637",19.4550797175889,1.05944557493359,0.196905578835249,5.38047515565838,7.42894916742687e-08,4.40466402908615e-06
"chr12:7252025-7253137",6.85188259884203,1.50847398640558,0.296280573149551,5.09136988081956,3.55485786694514e-07,1.36732956807652e-05
"chr12:12836779-12838723",6.92624872437333,1.16001167561708,0.239963416273029,4.83411885708955,1.33736668427881e-06,3.61120239058126e-05
"chr12:16030551-16030704",4.81486086129296,1.4419980008138,0.436877335781285,3.30069308410111,0.000964463243215616,0.00489959018017087
"chr12:16339471-16341669",6.37365611423957,1.43385287317695,0.354743184339797,4.04194622046216,5.30093918243676e-05,0.000538501252345005
"chr12:16482661-16484259",12.6936563088607,1.54637443858384,0.363622893047656,4.25268724315763,2.11220476425425e-05,0.000271579135252245
"chr12:17215181-17216117",4.88975315930312,1.3882886760492,0.373433787903824,3.71763006192343,0.000201100460141346,0.00146739001261962
"chr12:19143734-19146581",4.06875642880668,1.07437868020282,0.335971361231439,3.19782816090302,0.00138466764859539,0.00648375016147495
"chr12:27658468-27659151",4.83771014382417,1.01210787499094,0.318561809326501,3.1771161682272,0.00148747441127575,0.00685260126968703
"chr12:29862294-29863372",5.12032773986482,1.10216995182191,0.299445610711162,3.68070164463034,0.00023259303651286,0.00163945623163311
"chr12:30916933-30918091",4.8160624439012,1.06752656955291,0.307713696818471,3.46922018938492,0.000521971468463672,0.00304748153719871
"chr12:31386591-31388990",13.0349040289798,1.05955277714796,0.192740217874848,5.49731025953262,3.8562788005332e-08,2.68863382506379e-06
"chr12:33030062-33031408",7.30031405990909,1.0640149913389,0.318452096801565,3.34120893542716,0.0008341442558995,0.00438209672488024
"chr12:41812528-41814224",4.05008047332488,1.18631790753385,0.324935846605634,3.65092962172823,0.000261292838662965,0.00179213160048334
"chr12:42020979-42022463",5.62950111402476,1.20545357248329,0.296576260949683,4.06456527782513,4.8122069774296e-05,0.000501048150129934
"chr12:42311476-42315391",6.1746195442715,1.14682196748276,0.243922206107737,4.70158902620054,2.58144668429157e-06,5.85290841143328e-05
"chr12:47480617-47482919",8.98263369542327,1.03776382179869,0.303789602650892,3.4160610262599,0.000635340070479983,0.00354965509483258
"chr12:47690093-47691006",2.74828250202661,1.14589476644133,0.39825607309735,2.87728133692822,0.00401117799449845,0.0148546986029954
"chr12:47969658-47971639",5.20143956445617,1.18458237358322,0.299972762088615,3.94896645060488,7.84893500569136e-05,0.000722604607536792
"chr12:49584086-49584412",9.94863563458059,1.03620821370847,0.211346654169982,4.90288439993503,9.44395657993003e-07,2.80042921532819e-05
"chr12:49607773-49609928",8.34679278446271,1.00691741061329,0.187536750718003,5.36917381131011,7.90981599899999e-08,4.59949078507234e-06
"chr12:50262517-50263801",14.6669301539155,1.4578009988877,0.250714166865636,5.8145936351055,6.07813561164410e-09,6.85191177442686e-07
"chr12:52524148-52525515",7.95167662415253,1.00825508805445,0.225415729627197,4.47286926126209,7.71769672721333e-06,0.000129641838691077
"chr12:55444835-55445844",3.42747051316677,1.1090747379126,0.35304171164267,3.141483573576,0.00168094237683273,0.00753687186396517
"chr12:55450802-55451865",5.05104799550719,1.03067794238394,0.296802454166097,3.47260586264274,0.000515431689504159,0.00301691706632807
"chr12:58897634-58898807",10.4571273757246,1.44457425453219,0.370691493452993,3.8969716868223,9.74030012404938e-05,0.000849518962617972
"chr12:59276365-59277320",3.84403677047062,1.07347727259616,0.359095892609474,2.98938889218539,0.00279536093052151,0.0112081865498636
"chr12:64185675-64187044",6.99325210055698,1.37355377558492,0.28613619997096,4.80034953887108,1.58388936979455e-06,4.08193004626961e-05
"chr12:66993146-66995507",5.5018231580062,1.75077227688513,0.291433523387302,6.00744985180868,1.88464071346593e-09,2.82106444194212e-07
"chr12:67202510-67202669",7.8499486618851,1.20070096791904,0.274596694053601,4.37259804622655,1.22776648477435e-05,0.000182043678037864
"chr12:67435924-67437404",12.425313250248,1.34746010699675,0.270181558837731,4.98723936893866,6.12481621395157e-07,2.02822457159841e-05
"chr12:67547372-67549141",6.25864052620489,1.1903293799067,0.271633565307183,4.38211448044202,1.17533019341576e-05,0.0001762879618368
"chr12:68031246-68032279",3.18885891605384,1.14853595502043,0.392950743155812,2.92284968288001,0.00346843915575987,0.0132577040671297
"chr12:68736212-68737619",5.73004585362575,1.00547297710687,0.295775496348326,3.39944650425928,0.000675223871711027,0.00372114499504022
"chr12:77786110-77787522",7.08312654644329,1.8859482022533,0.425268351156049,4.43472503215097,9.2189878457949e-06,0.000147381189104468
"chr12:81543494-81545092",7.00650158377807,1.28469144021469,0.320318717079852,4.01066616377097,6.05476708042194e-05,0.000593402924457195
"chr12:82989915-82991011",6.00982661302208,1.05075344000434,0.299837047536551,3.50441497685922,0.000457611665751336,0.00275115115987868
"chr12:83138601-83140026",4.06980832214358,1.11508577611687,0.387436573893128,2.8781118026933,0.00400063325838531,0.0148243261122132
"chr12:86144648-86145432",2.68122458813936,1.12772876533409,0.406728797094858,2.77267991199325,0.00555967772818311,0.01918442708046
"chr12:87606917-87607837",2.14130845212111,1.352425957136,0.592408331063098,2.28292865954303,0.0224345709849093,0.0575053318378995
"chr12:88841818-88842935",11.269585970147,1.02489219653071,0.287398714385942,3.56609875141751,0.000362334884618564,0.00230123008777824
"chr12:89351653-89354635",7.49885492997352,1.05833453061037,0.233910970167585,4.52451858009107,6.05331352687403e-06,0.000108487954284788
"chr12:91023635-91024811",3.58714555834877,1.09720927847271,0.387978192773135,2.82801791160022,0.00468371858796489,0.0167739571028035
"chr12:93454733-93456417",6.30025886407763,1.06353147472136,0.321679350049923,3.30618510189201,0.000945755880191936,0.00482568516013748
"chr12:93520946-93522773",11.7152818883462,1.00178909025912,0.246051271039722,4.07146480498121,4.67184219183662e-05,0.000489672270098007
"chr12:96464205-96465214",7.58045127032503,1.04812487527147,0.278155261574164,3.76812888363075,0.000164475781830131,0.00126289316734057
"chr12:99263693-99264741",9.18340874890314,1.10247729124451,0.250543885409062,4.40033605068631,1.08083363341474e-05,0.000165793095104932
"chr12:99779668-99780115",2.28191514486676,1.02061438095524,0.517603306655663,1.97180807740514,0.0486315199119533,0.105412779996761
"chr12:101099326-101100905",4.53822039799008,1.16921704538251,0.260928092513051,4.48099334234787,7.42964293036563e-06,0.000126098834830592
"chr12:103354617-103356118",12.5168656370635,1.05373521121695,0.277792350591467,3.79324775852672,0.000148689665522892,0.00116977727635258
"chr12:103634093-103636010",9.3781620328106,1.115838746481,0.278572500541786,4.00555957357903,6.18708374148815e-05,0.000602969112171863
"chr12:103797535-103799508",4.96431915610329,1.01270001372818,0.278605239001119,3.63489221293543,0.000278096881279731,0.00187972230862835
"chr12:103816170-103817494",8.55842207143079,1.19305181762003,0.23273961164946,5.12612274792718,2.95769815227014e-07,1.19782666756656e-05
"chr12:104193127-104194942",8.97182487143624,1.02431612416878,0.191341358403141,5.35334405858368,8.63434486423367e-08,4.90015567923997e-06
"chr12:104448623-104450658",8.75377067365175,1.19071948049764,0.291520650076157,4.08451161242463,4.41696176715051e-05,0.000470007323623901
"chr12:104547918-104549162",7.13044394266697,1.3212675560584,0.277367238907986,4.76360352167158,1.90165979078539e-06,4.6751995009008e-05
"chr12:105136125-105137219",10.2102950860992,1.3884826039426,0.26417975804382,5.25582510266471,1.47362284855479e-07,7.23938546001815e-06
"chr12:105736292-105738441",4.6991717949148,1.00362833725118,0.318014404528603,3.1559209990468,0.00159992188347466,0.00724803891943701
"chr12:105871320-105872647",2.973181992825,1.16620912353148,0.368316182990116,3.16632604645225,0.00154377649522892,0.00704998275037201
"chr12:106541510-106542501",5.69251058099386,1.12769885488463,0.264521522410307,4.26316484424062,2.01551716861343e-05,0.000262485975015374
"chr12:106544360-106544712",4.96490875210406,1.06816185565871,0.297840401118701,3.58635649041114,0.000335330468956136,0.0021693642585348
"chr12:107271994-107273461",4.39867360977836,1.1511277816228,0.35593001219615,3.23414082032629,0.00122009280546122,0.00587914825405162
"chr12:107523393-107523724",4.78349214678632,1.07772636915908,0.333034888287303,3.23607648045975,0.00121184910080783,0.00584858090641913
"chr12:108787771-108788511",5.23846809105962,1.30234108680846,0.567734050806823,2.29392809002326,0.0217946296111693,0.0561897560405208
"chr12:109176913-109179025",5.25799964693103,1.06390548124826,0.272099866108736,3.90998164189873,9.23031359024347e-05,0.000816013653706047
"chr12:113259656-113260862",4.43372599901776,1.31029280926196,0.314390392768492,4.1677253484868,3.07654308484997e-05,0.000359042108539219
"chr12:113504657-113505323",9.14951604141073,1.09631589791891,0.279525931837713,3.92205435363831,8.77971794436125e-05,0.000785938878688825
"chr12:113509035-113510213",9.75596129479966,1.06624834234082,0.248127436868877,4.29718033521734,1.72984460763279e-05,0.000234105404159025
"chr12:113697044-113698729",9.00628312836642,1.54488284876504,0.266138695304873,5.80480357054172,6.44415064348809e-09,7.11206840340301e-07
"chr12:114297766-114298363",10.188974117372,1.1900549730458,0.214519596239957,5.5475350219969,2.89725139624602e-08,2.18148130730863e-06
"chr12:114433699-114434700",2.48777824986441,1.12479040494535,0.3553508525393,3.16529536064909,0.00154925597426112,0.00706961371193401
"chr12:117407469-117408708",5.44946557074432,1.05258943910072,0.342535440284739,3.07293586387947,0.00211964038183056,0.00902383260336483
"chr12:117524202-117525196",3.2405684657838,1.23126186361707,0.337442303497989,3.64880707265683,0.000263460859125435,0.00180331253515257
"chr12:117539002-117540702",5.25051929123081,1.1972021365219,0.324027828772793,3.69475097572985,0.000220102395302785,0.00157237166907317
"chr12:117556541-117559482",5.48361498950892,1.05185720119192,0.318201016452355,3.3056374643901,0.000947606087406412,0.00483313988612859
"chr12:117721972-117722721",5.14935877484605,1.05297345063599,0.329267175777182,3.19793021624648,0.00138417771810384,0.00648218027190907
"chr12:118021290-118022310",3.65513070736327,1.12819675718158,0.323921824031491,3.48292913129528,0.000495959636668343,0.00292675281446144
"chr12:119211572-119213013",7.659044376002,1.12489449884221,0.338031937999817,3.32777578798728,0.000875422917248038,0.00454920072474964
"chr12:119280530-119281483",4.57186772919584,1.11999844816059,0.415571534980861,2.6950797970611,0.00703717758279075,0.0231011405991829
"chr12:119307717-119308931",2.24777981546149,1.15131251105295,0.428661321621622,2.68583250454588,0.00723493474255595,0.0236100093432424
"chr12:119446259-119447295",6.71067657007922,1.00239024116143,0.303335617932459,3.30455832385836,0.000951261808207496,0.00484780321544071
"chr12:120107055-120108233",5.51115798664475,1.01302282216808,0.265129567300942,3.82085948572543,0.00013298740843654,0.00107516112557558
"chr12:120148046-120149517",6.72431365624329,1.06012761037904,0.278997751880521,3.79977115669749,0.000144829766161595,0.00114660061478569
"chr12:120186187-120187794",3.08150147843447,1.05560856137858,0.366069863821479,2.88362595696588,0.00393125394721168,0.0146262416743718
"chr12:120788224-120789444",8.11659401526932,1.21196006392674,0.32259214159226,3.7569423047465,0.000172002132028303,0.00130472728769724
"chr12:123542017-123544346",11.3985297421418,1.05696959467472,0.226226514771542,4.67217379776245,2.98028606881101e-06,6.48571529460315e-05
"chr12:125007667-125008027",13.1379193608116,1.45447109148175,0.240184283898139,6.05564638899767,1.39854922174878e-09,2.25766380097113e-07
"chr12:125139172-125140770",8.9982230640268,1.17675815399868,0.277354564963834,4.24279353091637,2.20754518411386e-05,0.000280396791185047
"chr12:125236962-125238131",5.87660552861676,1.43073843110131,0.326346179554128,4.38411270221108,1.1645947317661e-05,0.000175085032026003
"chr12:125239337-125240409",12.8233971058025,1.02147474604704,0.238963623300548,4.27460352307397,1.91477722159608e-05,0.000252746673388648
"chr12:125242687-125243919",10.4478120554275,1.64348933542091,0.315423962045342,5.21041370720168,1.88420002897074e-07,8.65173458386118e-06
"chr12:125565366-125566934",10.6670394265196,1.05682181207028,0.266580020062932,3.96436991722333,7.35900623237089e-05,0.000687792407213908
"chr12:125573334-125574026",8.30705672482397,1.14542363249679,0.345028219179833,3.31979695811425,0.000900829401307784,0.00465152215831217
"chr12:129548159-129549778",5.34326496307062,1.33029893158788,0.371627644861983,3.57965546960837,0.00034404751149338,0.00221181504838732
"chr12:129610331-129612693",4.03445641057465,1.45129145275933,0.371913423593463,3.90222928426947,9.53108089080109e-05,0.00083559704390371
"chr12:129829538-129830784",1.307108619718,1.23345590364659,0.538165480754054,2.29196399203889,0.021907721078427,0.0564275199728336
"chr12:130034354-130036232",6.43537825400057,1.03925494049568,0.30221443760051,3.43879977656608,0.000584299215034804,0.00332521751664385
"chr12:130371151-130372790",3.47432261229631,1.0182639118415,0.357022169756679,2.85210274906871,0.00434310595744055,0.0158152735298216
"chr12:130528318-130530406",4.5220456864414,1.00729292024542,0.309653495066797,3.25296803134139,0.00114206345105666,0.00558966747504393
"chr12:130538078-130538919",5.70693494041871,1.12405198933655,0.293034047913941,3.83590916256482,0.000125100643321608,0.00102672372893093
"chr12:130777561-130777906",1.42971143938995,1.33513285759618,0.439224895868901,3.03974767858944,0.00236776425828363,0.00985064203185679
"chr12:131034252-131035057",3.24731677280078,1.39388175832607,0.331619229246675,4.20325974911796,2.63098380882498e-05,0.000319152423767479
"chr12:131446423-131447374",3.46739748467007,1.31627749421849,0.509789991851968,2.58199948068166,0.00982297327401743,0.0300715065125995
"chr13:22212987-22214842",2.71123173946725,1.04230799603788,0.330809015502762,3.15078473436941,0.00162832454070197,0.0073483139104255
"chr13:24045292-24045929",2.3840833273383,1.00298502439006,0.373927004114241,2.68230166143239,0.00731174942356911,0.0238023014556841
"chr13:26067929-26070453",4.32129551762964,1.14936418038523,0.349654059223993,3.28714668131145,0.00101208102106575,0.0050863154474353
"chr13:26070897-26071327",3.55774584042899,1.07288020020519,0.365297356724562,2.93700510133763,0.00331398652277042,0.0127986444273201
"chr13:26261051-26262999",8.70889198597477,1.2495738591067,0.254738115758828,4.90532740019842,9.32716282616439e-07,2.77389193689818e-05
"chr13:26776655-26777982",5.21929300540875,1.31122201233703,0.312926023574593,4.19019804539992,2.78711085142579e-05,0.000333149669573208
"chr13:27043631-27044203",5.46924571387178,1.14726689650516,0.308885248566815,3.71421717880126,0.000203833688311848,0.00148259083425609
"chr13:27293585-27294032",4.11766359498952,1.09538506385851,0.290939092169822,3.76499787529115,0.000166550498444434,0.00127450378916894
"chr13:27385447-27386194",5.4260244028737,1.05136029576713,0.39583578877433,2.65605163955126,0.00790615066442884,0.025318651027947
"chr13:27413759-27414949",2.76932514842843,1.0647321255066,0.361284331006889,2.94707529257974,0.00320795083535086,0.0124867935137003
"chr13:27538933-27542081",6.68180155577439,1.44824318192218,0.313079735688156,4.62579661612052,3.7316134374717e-06,7.63977044771943e-05
"chr13:27989731-27991077",4.43352149778917,1.17744921381441,0.298713459507993,3.94173471712246,8.08944196047933e-05,0.000739245793416515
"chr13:28078267-28079753",5.16365171902483,1.57766170140566,0.370334580421226,4.26009825928541,2.0433705297222e-05,0.000265170924839801
"chr13:29633515-29634595",8.13641634692648,1.13769258575809,0.367845496892364,3.0928544602817,0.0019824133112714,0.0085632490892755
"chr13:30698010-30700232",4.36721414852121,1.12326640054342,0.312111422445054,3.59892756165042,0.000319532171065642,0.00209297691982998
"chr13:31384306-31385422",6.78807773922834,1.09716376279472,0.348339483559339,3.14969681755247,0.00163439977516769,0.00736932028433552
"chr13:31781853-31784266",6.13002896396179,1.1498326964621,0.286070475195876,4.01940359512737,5.83456494565568e-05,0.00057810798531251
"chr13:31884379-31885845",8.62636421829558,1.45311238645272,0.397280701255569,3.65764655031138,0.000254541725285832,0.00175791027596112
"chr13:32802231-32804245",7.26816289363059,1.02525739061704,0.241204370755862,4.25057550741803,2.13221938100839e-05,0.000273523193870583
"chr13:36341196-36343091",4.98642494136089,1.17653631592758,0.347329000128074,3.38738290063239,0.000705628321449488,0.00384909565387464
"chr13:36561935-36563010",5.73240398423102,1.14215484002191,0.253895657914032,4.49852057103175,6.84279762827427e-06,0.000118837028592512
"chr13:37121211-37122999",4.89662232088265,1.12973739164086,0.264976928440245,4.26353116209373,2.01221423106419e-05,0.000262181356664613
"chr13:37477558-37479476",14.0881184142006,1.18539662356433,0.211249577121502,5.61135619638443,2.00747070983019e-08,1.66810616941151e-06
"chr13:37692156-37692605",3.06000506138436,1.15688427035848,0.427090765638734,2.70875505497831,0.00675361798031459,0.0223651768979201
"chr13:38200611-38202357",5.65416629627592,1.03986613940999,0.2996477750005,3.47029488007464,0.000519887260994329,0.00303758752224914
"chr13:39704140-39705042",3.33790624995148,1.10803302362964,0.354817539275695,3.12282483524213,0.00179124319297471,0.00791520755250314
"chr13:40070426-40071710",3.7485338202686,1.03446398535153,0.324651961087541,3.18637836619318,0.00144066051519128,0.00668617716097468
"chr13:40113146-40114266",9.11803561743613,1.11436686791614,0.250850250064812,4.44235900752827,8.8977937139964e-06,0.000143656929685483
"chr13:40945701-40946400",3.22276509623976,1.11607015562751,0.472387164906196,2.36261744293821,0.0181463907528028,0.0486511034061771
"chr13:41030468-41031340",6.87613410461932,1.14635081491202,0.318157354991212,3.60309386826429,0.000314451906011095,0.00206714562354012
"chr13:45626203-45627464",5.67827155724282,1.09770213039827,0.326110890199568,3.36603947732785,0.000762557942126865,0.0040904317553488
"chr13:46355500-46356820",7.7097535059941,1.10441530088991,0.241867503086435,4.56619962085289,4.9664584744385e-06,9.37820415058309e-05
"chr13:46472934-46475039",2.9873898711316,1.25464838797004,0.36403943318766,3.4464628652558,0.000567976619161033,0.00325286527543838
"chr13:50184165-50184768",5.15696675930988,1.48084759575946,0.335155309310429,4.41839217408268,9.94378675547822e-06,0.000155781346307391
"chr13:51329987-51331464",14.1534775421236,1.12104698310289,0.282796451575909,3.96414798296003,7.36585511540756e-05,0.00068829821630801
"chr13:51574297-51575836",7.77952421108033,1.46920386430241,0.291158196243314,5.04606733816497,4.50996514135256e-07,1.62368430399852e-05
"chr13:51614970-51615767",4.58003836631011,1.02184626176586,0.306168096403944,3.33753344573723,0.000845255482902813,0.00442825700950825
"chr13:52359756-52361372",7.10216385510004,1.02886911298355,0.254068813783759,4.04956868834454,5.13121157999094e-05,0.0005254837105168
"chr13:52408828-52409519",5.37284721043839,1.17712759097781,0.407332785094624,2.88984249255645,0.00385434891868901,0.0144037286727678
"chr13:53401506-53402503",6.35276185265153,1.28240647389882,0.329872701450075,3.88757987023946,0.00010124867683775,0.000874596582753459
"chr13:53741515-53742521",8.4226362133065,1.68477533944371,0.357070047708574,4.71833286005202,2.37785210365907e-06,5.50597566389256e-05
"chr13:54527305-54527826",3.11533297317257,1.12368656111909,0.411827273990401,2.72853847252789,0.00636156690671786,0.0213331970937021
"chr13:54815718-54816420",5.2072829661964,1.10933877095579,0.25892952859678,4.28432700189755,1.83293164094078e-05,0.000244464769492721
"chr13:55166999-55168733",4.86514991513782,1.15686558562106,0.366107517629128,3.15990666652463,0.00157819685953071,0.00717198444428562
"chr13:55734643-55735764",8.11926130194513,1.38515699435469,0.277430033501648,4.99281558262317,5.95053709366361e-07,1.98573007207251e-05
"chr13:56127281-56129072",4.50894580285827,1.65682265659252,0.439800356966641,3.76721535202889,0.000165078594063576,0.00126639069341482
"chr13:56220492-56221042",2.71948159974751,1.3001450337187,0.43293495981587,3.00309550947712,0.00267248545609255,0.010826836638288
"chr13:57884817-57886185",2.76005127207598,1.0493960194902,0.52731224943404,1.99008466163362,0.0465816101463039,0.101884319691142
"chr13:58312623-58314020",3.65853912999183,1.0902832457145,0.290795825329615,3.74930845199952,0.000177322876931169,0.00133428112750505
"chr13:58903540-58904966",4.88579066306973,1.02907626865623,0.418583895476253,2.4584707624391,0.0139530137389727,0.0396158731022066
"chr13:59050018-59050997",2.46774372129101,1.0888854722109,0.396994462762306,2.74282282083831,0.00609135427769525,0.0206167589620735
"chr13:59677145-59677898",2.89475805211703,1.2956455361726,0.408105647230947,3.17477972913077,0.00149950282093631,0.00689430761030395
"chr13:60018034-60019404",3.35862626661438,1.00799911391592,0.319313653542694,3.15676797008976,0.00159528232052964,0.00723307980751249
"chr13:61932571-61933627",2.07793148602793,1.07235772431193,0.429534097443616,2.49656018158767,0.012540438745749,0.0364345695188572
"chr13:62609620-62610752",2.20071712530978,1.04887825859753,0.370171157122284,2.83349536671503,0.00460419754194459,0.0165513773978781
"chr13:63098233-63099650",4.78373286003078,1.38404475253222,0.365610008017773,3.7855767680871,0.000153352482512577,0.00119786709432199
"chr13:63276625-63277172",2.38186218496748,1.15570253629951,0.413189279299022,2.79702933788642,0.00515748498604648,0.01808680053972
"chr13:63449099-63450018",2.02241727162521,1.02578643729896,0.38781903451036,2.64501312730578,0.00816877479018436,0.0259773442675846
"chr13:63771841-63772656",3.02193904415635,1.072795908256,0.339492395050458,3.15999982296086,0.0015776923474098,0.00717010019218087
"chr13:63943696-63944094",2.18561460514287,1.04201763378016,0.458630110827789,2.27202185198743,0.023085190526104,0.0588160133823432
"chr13:66129847-66131210",6.12697023150263,1.22308476119049,0.317652211651438,3.85038956546789,0.00011793009647973,0.000982081024005163
"chr13:66511190-66511733",4.06525915892806,1.17979182257593,0.367354283005972,3.21159130886397,0.00132002014882932,0.00624875636274755
"chr13:66514326-66515425",7.2822815988831,1.70853392445547,0.360961925080235,4.73328017650531,2.20920203812257e-06,5.21780031669513e-05
"chr13:67383596-67384092",2.19140890020121,1.04378661086806,0.365976447374782,2.85205952010118,0.00434369664743933,0.015816737383406
"chr13:71742911-71743953",2.72557074751713,1.08358864806427,0.393982734300367,2.75034551955303,0.00595324544745189,0.0202486065456677
"chr13:71791471-71793351",3.63050988265699,1.0370261396001,0.390902810149522,2.65290019072372,0.00798034646323462,0.0255089892077165
"chr13:71815276-71817167",3.52012792684373,1.07659669862929,0.327859616865102,3.28371242827461,0.0010244940234806,0.00513300489154193
"chr13:72195203-72196780",5.20368975929162,1.05234618807828,0.269877463784775,3.89934814608129,9.64520061954301e-05,0.000842978918573974
"chr13:74181764-74183772",6.00543496846489,1.20357484000466,0.283447073571789,4.24620661923971,2.17420146320994e-05,0.000277348828259296
"chr13:81439140-81440509",1.90021656375033,1.03566066558331,0.493542010499167,2.09842453844172,0.0358676595091317,0.083036796406861
"chr13:91186075-91186423",1.53775595961485,1.07881806164605,0.523586245014899,2.06044003622623,0.0393564927916324,0.0893259415008423
"chr13:93111524-93111890",4.37717179637358,1.02790213596595,0.388484815684602,2.64592615841252,0.00814675979124603,0.0259242708383932
"chr13:94321729-94323780",3.77952200455926,1.02915532132712,0.348830822926832,2.95029926739869,0.00317466260354383,0.0123853064769613
"chr13:94964189-94966322",8.56750606062969,1.26757437208552,0.277226812346431,4.57233685788488,4.82314721181954e-06,9.18049039089725e-05
"chr13:100315166-100316328",4.01953328832163,1.02469919062514,0.314555508378133,3.25761006668918,0.00112354676880274,0.00551940787566205
"chr13:100409757-100411281",7.69331421316269,1.32469155525911,0.361603932124949,3.66337707522874,0.000248911695900484,0.00172746118345507
"chr13:101158405-101161799",5.84503723319718,1.1026580466515,0.279787037702966,3.94106194377073,8.11216722335549e-05,0.000740797560732219
"chr13:101302320-101303344",9.378737526186,1.95336231151837,0.324399871727651,6.02146450032602,1.72845935878617e-09,2.64023545097356e-07
"chr13:102985576-102986753",7.8552391958808,1.48050366006772,0.316632119243748,4.67578483068552,2.92831521405094e-06,6.40629617309611e-05
"chr13:107881264-107882402",5.75242649452621,1.14768850133161,0.273631929184858,4.19427844093538,2.73741562922072e-05,0.000328627094235438
"chr13:108012094-108012617",1.46351788857025,1.04636696473221,0.504874735864475,2.07252787751513,0.0382162392064535,0.0872636574889904
"chr13:110666856-110668165",5.69458554334169,1.14382075405522,0.312320621679162,3.66232862852789,0.00024993294728626,0.00173304210674847
"chr13:110699334-110701000",4.3505398318425,1.06565161197737,0.290845911184327,3.66397315897626,0.000248332820300314,0.00172465749726277
"chr13:111151891-111152914",7.97524683326548,1.16466872606718,0.280772109053239,4.14809266488197,3.35256706263276e-05,0.000382407467625401
"chr13:111954204-111955314",5.77483968306876,1.02749105805695,0.245623135725876,4.18320145217779,2.87432475645526e-05,0.000341166312284895
"chr13:112132571-112134253",10.1407456425179,1.18341936774898,0.283424243814735,4.17543450701606,2.9741781497883e-05,0.000350056602480507
"chr13:112224621-112226340",7.70442141329265,1.29294261052365,0.280696591335966,4.60619277337832,4.10108229476308e-06,8.17456560517521e-05
"chr13:112278415-112279481",6.62187902985727,1.01343577875254,0.312696582790801,3.24095572042289,0.00119129686909816,0.00577208164403312
"chr13:112325202-112326636",8.57077602701876,1.20987020881383,0.283029197877039,4.27471871414289,1.91378756055584e-05,0.00025264587904703
"chr13:112506709-112509118",11.3747454519994,1.03524263829833,0.255768086869666,4.04758330473757,5.17491668822916e-05,0.000529006209507296
"chr13:112778395-112779177",2.58423903818111,1.09580553755802,0.332582604466876,3.29483720086497,0.000984787140623636,0.00498024738482976
"chr13:112867460-112869155",8.11745657417698,1.03158246574696,0.24201113815417,4.26254127646721,2.02115149986044e-05,0.000262988695388775
"chr13:113503126-113504726",5.2189704225899,1.07286853621285,0.265299722727533,4.04398664718811,5.25499133751432e-05,0.000535103573229417
"chr13:114300924-114303011",16.2725892501951,1.37342462847447,0.254022011932996,5.40671502451031,6.419115314641e-08,3.94607980140924e-06
"chr14:23981429-23984239",17.6667464704148,1.4493609416588,0.295491279506741,4.90491950922611,9.34656589110409e-07,2.77826420883855e-05
"chr14:25194220-25195081",3.0274544385959,1.24990600525391,0.395551952015185,3.15990351933829,0.00157821390650377,0.00717198444428562
"chr14:25561428-25561893",1.47588405982991,1.56665768250215,0.475042387947757,3.29793239982291,0.000973995803690316,0.00493627439315142
"chr14:25699832-25701097",4.15422833886336,1.06248978630152,0.343600035154473,3.09222839812531,0.00198659933879465,0.00857657982701904
"chr14:26784697-26786245",3.12680012533007,1.14804038327872,0.323853970988546,3.54493224144942,0.000392714025724041,0.00244444723460269
"chr14:26915417-26916407",4.913521442685,1.00026853044546,0.368436935053923,2.71489754494637,0.00662962770136137,0.0220383753319789
"chr14:27289355-27290044",2.58806454304173,1.23194605362222,0.413895416002031,2.97646701556166,0.00291590447121756,0.011585612784508
"chr14:27525583-27526214",1.97964437729191,1.27399180510875,0.492678312404319,2.58584916979913,0.00971394280572962,0.0298052478192402
"chr14:28464408-28466552",6.77867390808063,1.15668778488378,0.271960383761981,4.2531480831271,2.1078608514718e-05,0.000271232163643642
"chr14:28716716-28717282",1.73870365666877,1.58038833858734,0.611577211753873,2.58411907476918,0.0097628082026415,0.0299245105601878
"chr14:28809699-28810709",3.47047650636162,1.11742103217258,0.519348611814508,2.15158182144459,0.0314303051504585,0.0749113093801246
"chr14:29227800-29229528",4.39078655985059,1.07179263909756,0.313515966897958,3.4186221827943,0.000629390530206898,0.00352428424616738
"chr14:29344814-29346699",5.8358516165014,1.17378714561833,0.311708169623345,3.76566051199967,0.00016610936867751,0.00127215887102373
"chr14:29348712-29349176",3.94976486826354,1.28124249545029,0.37497402153446,3.4168833622319,0.000633424114206226,0.00354137006893294
"chr14:29531448-29532503",1.11817494891887,1.00644657415236,0.470531202627362,2.13895819986547,0.0324390538414385,0.0768060326984037
"chr14:29571341-29573732",5.12938368155589,1.26278710142366,0.376250828191355,3.3562374001777,0.000790107146739889,0.00420310727004068
"chr14:29684389-29686611",10.772142599609,1.282704155628,0.332493291473771,3.85783469477666,0.000114395971274092,0.000959379623041643
"chr14:29689344-29690194",7.6087520464894,1.24709405118343,0.295072186831638,4.2264032560107,2.37456292093246e-05,0.000295861186411595
"chr14:30057185-30058190",2.80047103957292,1.16903054364441,0.331149046341461,3.53022470262221,0.000415206869124317,0.00255157406039139
"chr14:30094374-30094905",0.935777368557726,1.16269553012965,0.514065530470408,2.26176520543148,0.0237119136612619,0.0600554459987851
"chr14:30181274-30182599",3.52977310214691,1.61779824285303,0.388739162758099,4.16165490344417,3.15949567207403e-05,0.000366034686050363
"chr14:30211007-30212241",3.69134752216301,1.40136027574798,0.359020039704015,3.90329263208621,9.48928552433576e-05,0.000833109076952995
"chr14:30502650-30505148",5.51265355906549,1.33529190785547,0.332670107616912,4.01386201309417,5.97332746250235e-05,0.000587775141822941
"chr14:30733886-30735767",6.58252419626976,1.46807513254025,0.405765918781359,3.61803459726074,0.00029684872181903,0.00197789817851909
"chr14:30739409-30743219",8.07034175704946,1.336941971702,0.324592427061436,4.11883291241714,3.80796127753217e-05,0.000420764147473716
"chr14:30844571-30846141",5.59103132106197,1.0399307486833,0.331816622943754,3.1340525964535,0.00172409949473275,0.00768464680673659
"chr14:30919593-30920981",4.51482569993583,1.03581346225586,0.404405960718127,2.56132095683384,0.0104274973281841,0.0315167374983972
"chr14:30968980-30970539",6.59462902955695,2.02146937734542,0.351160909504815,5.75653303836115,8.58589845968883e-09,8.75531849985447e-07
"chr14:30987886-30990268",2.76334110784157,1.13620540345933,0.374895580777362,3.03072498508348,0.00243967350725445,0.0100837432310198
"chr14:32342204-32342826",1.13070133735381,1.24754852683658,0.566333052713084,2.20285311065646,0.0276051033932073,0.0676870303674196
"chr14:35810389-35811936",23.5719653280274,1.20669535106397,0.249299552018465,4.84034303830033,1.29615195738285e-06,3.52947451869554e-05
"chr14:36460164-36461040",3.44547472400183,1.14753859849513,0.396874853441173,2.89143690648372,0.00383484584663755,0.0143463558224071
"chr14:36488560-36490424",4.24115205052919,1.70636401543223,0.450089583566523,3.79116530960559,0.000149942108108029,0.001177404326005
"chr14:36492174-36492837",2.47230397762166,1.06254413063436,0.397042045844936,2.67615015022699,0.00744732723322052,0.0241524787075454
"chr14:36676941-36678882",5.49756435113386,1.05171620594365,0.317611543458036,3.31132865793527,0.00092854083839854,0.0047602604899582
"chr14:36682696-36683447",5.02469780577139,1.00959924090721,0.290677222825903,3.47326574504911,0.000514165984925616,0.00301129600086884
"chr14:36736993-36739172",7.52404211425211,1.09450081045851,0.31628785091746,3.46045795715414,0.000539257433853943,0.00312451909520143
"chr14:36743340-36744165",3.91644673202616,1.02352196743757,0.335238022327421,3.05312016916122,0.00226475226172727,0.00950975286265342
"chr14:36750171-36752964",3.10378383006952,1.11813250559593,0.326493761228372,3.42466729345505,0.000615552734562587,0.00346241184515536
"chr14:36782458-36783377",4.11469810223624,1.1498632708324,0.288513271268255,3.98547791502901,6.73444411767549e-05,0.000642694418161609
"chr14:36814364-36816374",5.66843881371014,1.07648641535453,0.291205699602501,3.69665297356455,0.000218460643051539,0.00156367508672511
"chr14:36834803-36837478",2.9598498230763,1.03429110147037,0.356092957356128,2.9045536568587,0.00367777158401581,0.0138862476645701
"chr14:36892563-36895014",7.27431968250771,1.08232464850109,0.21952893522476,4.93021408495866,8.21395519724129e-07,2.52757031036402e-05
"chr14:36911600-36913179",5.63388198621832,1.18541620733861,0.262583498916571,4.51443526432423,6.34857101793034e-06,0.00011240427097533
"chr14:37224917-37225625",5.16298517171657,1.05552688571334,0.340740878749646,3.09774069253626,0.00195001972574141,0.00845370778506077
"chr14:38843818-38845133",2.22982167570052,1.27255835330144,0.514811543888075,2.47189164347508,0.0134400246232129,0.0384708155194247
"chr14:41635945-41637019",4.28060950689383,1.02390641985072,0.337466433906335,3.03409855610976,0.00241255601271601,0.00999630598605444
"chr14:42625412-42626097",1.25148655062389,1.021968565247,0.454970275991522,2.24623149945304,0.0246891835993263,0.0620018199910939
"chr14:43070530-43071840",3.11926569177497,1.26752517419108,0.451128097778541,2.80967906994193,0.00495909230732124,0.0175485193706584
"chr14:44931463-44933388",8.21926768501022,1.41206274533947,0.242143184436416,5.83151967967226,5.49248323994908e-09,6.32808765785901e-07
"chr14:45055619-45058931",6.78316236483726,1.00650841785001,0.334091822035281,3.01267002502,0.00258960326368168,0.0105638371018263
"chr14:51473401-51474075",6.22456864997789,1.70392769942611,0.373794369664826,4.5584627209714,5.15294087071021e-06,9.6389465995175e-05
"chr14:51973820-51975652",9.58753886138067,1.21546631891726,0.291607171105024,4.16816333532315,3.07063874409536e-05,0.000358527762651569
"chr14:52259567-52259902",1.20762623295307,1.00809069787396,0.476919116901808,2.11375611114686,0.0345361032939505,0.0806189633741377
"chr14:52427596-52428744",4.1414166857068,1.23276221007742,0.447204782622429,2.75659442380836,0.00584067465144837,0.0199461241699422
"chr14:54096735-54097878",6.83945271553072,1.21556644447215,0.301844891875498,4.02712279448988,5.64635480681658e-05,0.000564194608990588
"chr14:55284729-55286339",5.57636161945552,1.35268055000603,0.268387598426382,5.04002628264906,4.65467917808661e-07,1.65974483916016e-05
"chr14:55386208-55387964",3.99446430206202,1.14607987885409,0.347751595100508,3.2956854691719,0.000981818713289801,0.00496856135750526
"chr14:56351177-56352079",3.95348816845421,1.07837398183033,0.356604881054853,3.02400230372746,0.00249454539037625,0.010262845685712
"chr14:57115149-57116429",5.8788963632277,1.06047953032134,0.311197327559218,3.40773983709594,0.000655033154745862,0.00363587048072892
"chr14:57242510-57244162",4.12871210799476,1.38116938757312,0.448590117541595,3.07891175833816,0.00207758208576731,0.00888243355909148
"chr14:57552299-57553984",5.83718083415862,1.15438222080231,0.281929342392523,4.09457990788024,4.22934532302187e-05,0.000455276185399992
"chr14:57556227-57557317",5.1078198545067,1.31912929771948,0.375989527430823,3.50842031886695,0.000450776244581489,0.00271907646835006
"chr14:57602887-57604165",6.95673646620036,1.1366181813374,0.265218149791561,4.28559727993986,1.82248875670107e-05,0.000243439946717974
"chr14:57811502-57812393",4.98034364572715,1.08343788339041,0.297209749757054,3.64536454230062,0.00026701303140711,0.00182193547304381
"chr14:59143893-59144942",6.03017834225243,1.19808271120365,0.420642641543839,2.84821982575627,0.00439645451927512,0.0159656706834191
"chr14:59164464-59166275",4.9891501567435,1.03917079018194,0.269076109834684,3.86199574098344,0.000112464527595137,0.0009468887397949
"chr14:61781524-61782720",2.49843325043266,1.1243671830384,0.382689055696066,2.93806986717536,0.00330262586907402,0.0127649147229918
"chr14:61915302-61916720",8.04434266756838,1.52906844030152,0.310075667133,4.93127517692533,8.16945548959962e-07,2.52039965811899e-05
"chr14:63176965-63179426",4.01482744487039,1.07703428719704,0.287586795915959,3.74507558237055,0.00018033947526766,0.00135095395162477
"chr14:63741989-63744806",6.28927004308933,1.12261113219238,0.269851986111972,4.16009957298061,3.18108877815089e-05,0.000367811881594819
"chr14:63827895-63830168",5.94949120917988,1.06449905261711,0.258311475435258,4.12099017600135,3.77247513734171e-05,0.000417819721814497
"chr14:67958175-67959824",9.05789196332855,1.16431297013603,0.232622243097746,5.0051661209663,5.58138761669902e-07,1.89813600895403e-05
"chr14:70308168-70310597",9.94901163976136,1.1005325672887,0.235481731401246,4.67353692679228,2.96056445830804e-06,6.46082879521729e-05
"chr14:70412182-70413524",3.86385361587246,1.07045408292115,0.321047044048748,3.33425927060898,0.000855268962672371,0.0044675368066795
"chr14:71649941-71651510",4.07935222253509,1.25110869591072,0.357675180294099,3.49789072555158,0.00046895323254547,0.00280375163041558
"chr14:74606942-74608100",7.04172940023861,1.37307225532448,0.310017890677803,4.42900973334955,9.4666751070632e-06,0.000150287053186411
"chr14:75777105-75778217",11.5096555008562,1.21269263909115,0.225539997041731,5.37684071560385,7.58041790113232e-08,4.45898799514887e-06
"chr14:75866408-75868301",12.0942221838871,1.13969933528805,0.216378486945116,5.26715641364629,1.3855315002076e-07,6.92122641194915e-06
"chr14:76094962-76095515",2.6829360793044,1.07318419981741,0.356307933171528,3.01195707394135,0.00259569300231123,0.0105827835964208
"chr14:77046329-77047224",7.50881381479217,1.21337822718897,0.270659137594883,4.48304918862606,7.35839592187803e-06,0.000125256732083802
"chr14:77508699-77508827",19.3274799523245,1.31936721992415,0.189925576265557,6.94675907198191,3.73773215852621e-12,3.78615329295449e-09
"chr14:77605924-77608996",8.27148986016829,1.04909469313913,0.218677752651142,4.79744592406143,1.60701574320505e-06,4.1248224524939e-05
"chr14:77620725-77621227",5.92626394078371,1.01255061832334,0.288285280556671,3.51232160160287,0.000444210116187349,0.00268802919138435
"chr14:77669989-77671603",15.5720826166183,1.3569661189543,0.266654353778436,5.08885791559888,3.60226375787486e-07,1.3799782245781e-05
"chr14:78617659-78619546",6.06108392912263,1.0373095772105,0.276307731550232,3.75418223511389,0.00017390830969018,0.00131549609299748
"chr14:78665700-78666678",9.74560456641719,1.3771357884982,0.275410241438572,5.00030711023997,5.72390670952518e-07,1.93222183200649e-05
"chr14:78668531-78670114",4.92624228703386,1.12938907075006,0.293900011183459,3.84276634152651,0.000121655278538529,0.00100551089657907
"chr14:78795199-78796398",3.26917167024162,1.19336853825381,0.320507863287839,3.72336742697037,0.00019658310742478,0.00144262200797215
"chr14:78807649-78809056",3.56017075415147,1.10404062212959,0.293314905145514,3.7640113160355,0.000167209311901892,0.00127846565194203
"chr14:79236643-79238138",3.95958664073101,1.05216708107417,0.368627472479003,2.8542828726204,0.00431341055354532,0.0157303733744885
"chr14:79319979-79320805",3.29950275426072,1.03633770743792,0.385136429685633,2.69083272201445,0.00712739228765988,0.023332185520151
"chr14:79436787-79438542",4.18186205937094,1.40726003303372,0.353656704909477,3.97916966792395,6.91563755968921e-05,0.000656157758252611
"chr14:80583546-80585239",5.33720010367612,1.28843691527081,0.332309949960933,3.87721437598326,0.000105659254396049,0.000903478107876422
"chr14:80885195-80886567",3.41627339418864,1.08707135160261,0.371115074376817,2.92920289866436,0.00339832513227281,0.0130504318182183
"chr14:81569633-81570956",2.15126743927455,1.21735963582191,0.441886144945561,2.75491696163474,0.00587070330429815,0.0200270269366086
"chr14:81598074-81599927",3.65007572723516,1.38798595201632,0.32969475169528,4.20991218355567,2.55469967134243e-05,0.00031211761202843
"chr14:81915457-81917293",6.90652510105287,1.08763747351365,0.264526684717757,4.11163612727437,3.9286512857711e-05,0.000430875546205103
"chr14:82888100-82889725",5.43652102025882,1.23622769666595,0.266637515017765,4.63636070334508,3.54596964268431e-06,7.36082881102239e-05
"chr14:83371874-83372765",2.04648572126838,1.06291396487261,0.42740924029665,2.48687642816256,0.0128870153239623,0.0372148002165321
"chr14:84776143-84776747",0.951707950520559,1.22296840157802,0.519738573119298,2.35304529013147,0.0186203659956641,0.049647596611962
"chr14:84898448-84899647",4.52011728552781,1.28127783121874,0.333930982313058,3.83695403865687,0.000124569774780285,0.0010234941836535
"chr14:85058261-85059329",4.61554497552263,1.04970675960986,0.313318278909011,3.35028892430085,0.000807273085984767,0.00427360824905124
"chr14:85416692-85417154",1.47803163573685,1.05290546412284,0.465666555906239,2.26107168481054,0.023754818431398,0.0601368555697664
"chr14:86339142-86340503",4.90452312253798,1.05645796527777,0.300089648183165,3.52047453710547,0.000430775351078922,0.0026250191907337
"chr14:87460429-87461176",2.04593504819783,1.15686569078966,0.454396272654407,2.54594009768545,0.0108983888418284,0.0326480379364477
"chr14:87545251-87546726",2.16728782023611,1.26390171382987,0.432974070223805,2.91911641077388,0.00351025111520921,0.0133844141733148
"chr14:87791931-87793082",5.20110651448872,1.78767273524851,0.589979998799377,3.03005650850278,0.00244507986771731,0.010101232625922
"chr14:87799028-87800047",2.74918599928827,1.37630454910336,0.477697239111851,2.88112309726183,0.00396260846410779,0.0147143228422018
"chr14:88545422-88546603",3.46486290854552,1.20024367034646,0.469298926480896,2.55752485808279,0.0105420023114956,0.0317968988594731
"chr14:88550141-88551413",2.54344513689667,1.17930999763953,0.519013142465679,2.27221605995751,0.0230734637360279,0.0587923905972165
"chr14:89421805-89422273",2.55820994929219,1.55771957571167,0.405551588771708,3.8409899476156,0.000122539133158718,0.00101092222032676
"chr14:89632986-89634280",2.94995976990683,1.05558328039786,0.326182257681209,3.23617626507915,0.00121142552985586,0.00584737836048417
"chr14:89679339-89679531",6.58309434558766,1.0827632114886,0.26555620406583,4.07734104837628,4.55536509816632e-05,0.000480346967649146
"chr14:89940586-89941135",1.34304997535908,1.11433109457479,0.490177287354748,2.27332257801723,0.0230067479129701,0.0586549352097809
"chr14:90670267-90672062",4.65487143134917,1.08651061803043,0.288464806142646,3.7665274754285,0.000165533874477995,0.00126880921989754
"chr14:90869737-90870431",5.90880244263954,1.17882643807843,0.315533193962824,3.73598233286772,0.000186983796697347,0.00138912206802117
"chr14:90924933-90925949",5.00924357030724,1.11240179206432,0.335021967065086,3.32038463569825,0.000898935032286627,0.00464431528584247
"chr14:91068278-91071187",2.71153978389819,1.03830935411238,0.347302188855249,2.9896424135269,0.00279304211905332,0.0112018361963296
"chr14:91086480-91088179",7.19536981267369,1.22805430972963,0.29558558453042,4.1546488529898,3.25787473772134e-05,0.000374302266751572
"chr14:91159529-91160355",4.27555871580261,1.11351758333967,0.324219947914751,3.43445118198729,0.000593755010301566,0.00336737026207699
"chr14:91630924-91631517",7.35071370487157,1.08699432137429,0.301092759731037,3.61016426414668,0.000306003153488495,0.00202429140018251
"chr14:91686391-91687534",7.72124014789612,1.42300502537961,0.425605756920373,3.34348161941296,0.000827341746018615,0.00435533442326875
"chr14:91827226-91828298",6.2649704482281,1.07616990528169,0.24983410376104,4.30753803856585,1.65081712887284e-05,0.000226398794332144
"chr14:92905669-92906857",6.54045043308938,1.0175448503805,0.270128108296148,3.76689733178355,0.000165288933436057,0.00126737961464209
"chr14:93313472-93316161",4.37867178594921,1.12645075334199,0.266689496738586,4.22382871135775,2.40186625749829e-05,0.000298342879170187
"chr14:93333367-93334698",8.03498032817982,1.48429737353057,0.285471623697303,5.19945679471258,1.99871778217579e-07,9.02956480681553e-06
"chr14:93352068-93353410",6.45617535286346,1.07054818261479,0.251360022370768,4.25902326279905,2.05322104131684e-05,0.000266066466916998
"chr14:93555967-93558704",4.94516876908411,1.22951267466556,0.264783705417049,4.64346049062579,3.42621536345437e-06,7.17968797848867e-05
"chr14:93578100-93578396",9.24473783734361,1.14855992427729,0.257058957850665,4.46807975057819,7.89248833468404e-06,0.000131654558644753
"chr14:94406922-94408680",9.66765892160977,1.36865678001981,0.251295606778671,5.44640154105544,5.1399033225345e-08,3.34046889941063e-06
"chr14:95911394-95912849",5.92223210967831,1.05755992614308,0.280406412835115,3.77152546352405,0.000162252596881221,0.00124960029179076
"chr14:95926975-95927993",18.3661524961481,1.18920980722028,0.220322656640166,5.39758291478172,6.75446617214274e-08,4.10224547316764e-06
"chr14:96192972-96194484",3.5241775820182,1.04089394636395,0.299652398032714,3.47367133784899,0.00051338946535313,0.0030073785673484
"chr14:96519892-96520626",5.31609016631764,1.02994187585085,0.322534208848654,3.19327949592518,0.00140666723186499,0.00656421214805217
"chr14:96556409-96558085",9.96828822595983,1.57247960071692,0.256756998101879,6.12438847759457,9.10325471647078e-10,1.6209686373202e-07
"chr14:97220799-97222374",6.47248235055372,1.2929789601193,0.305017720693044,4.23902898881241,2.24488671813092e-05,0.000283748454045456
"chr14:97252988-97254513",2.37357258966354,1.23320894904916,0.433315739579033,2.84598235514644,0.00442746481082263,0.0160534202235414
"chr14:97824917-97826416",3.42382859746607,1.00198434457588,0.323107906012663,3.1010827216856,0.00192814417477981,0.0083800016082956
"chr14:98158441-98159077",4.48010071252565,1.01708899453269,0.313820442413629,3.24099025133652,0.00119115257321305,0.00577162541681658
"chr14:98314023-98315390",6.35920480426478,1.17679963238324,0.243652977216444,4.82981839921395,1.36657628695919e-06,3.66968600683121e-05
"chr14:99139656-99139935",1.37869915542531,1.13262119503915,0.495307995060253,2.28670081309989,0.0222132922142157,0.0570570502459425
"chr14:99264064-99265036",3.57263793216801,1.05732447820876,0.303234918969507,3.48681636601056,0.000488806864907314,0.0028948348692227
"chr14:100014563-100016348",4.26905242440185,1.02224117816593,0.26411658120143,3.87041651650909,0.00010864956008272,0.000922510027365975
"chr14:100028881-100030508",12.3381945124424,1.14208065619729,0.22863806013431,4.9951467202197,5.87910535884889e-07,1.96981460733259e-05
"chr14:100030844-100032903",9.56894189837321,1.09806262488479,0.214926341348377,5.10901836413308,3.2383688056965e-07,1.27739552955808e-05
"chr14:100814459-100816107",10.8185257506279,1.44265725951871,0.296455990809826,4.86634544162125,1.1368074882638e-06,3.20898431622555e-05
"chr14:100828384-100829983",2.72012587015965,1.24515243007243,0.396662110152411,3.13907579827577,0.00169481602219306,0.00758568800909169
"chr14:100937551-100940856",9.83563841877725,1.30671501405324,0.235641874104119,5.545342987197,2.93378501064022e-08,2.19862071669097e-06
"chr14:100951820-100953834",7.95880571409543,1.53047607325625,0.292711216669327,5.22862120102905,1.70778862363597e-07,8.04214932642779e-06
"chr14:100969034-100970410",5.11388962266169,1.21356694490173,0.254802936908798,4.76276670757568,1.90956561934045e-06,4.68879119280426e-05
"chr14:100988850-100991399",5.25468566267997,1.41083079599262,0.343461426373839,4.10768338933353,3.9964742796486e-05,0.000436557590498085
"chr14:101018729-101019621",6.68641151437813,1.04329281591083,0.258773569703002,4.03168228157239,5.53790200864818e-05,0.000556679429970991
"chr14:101095181-101096595",5.441974559415,1.26009879589662,0.332053585326016,3.79486580354022,0.000147723335053651,0.00116387493099607
"chr14:101138753-101140219",15.4914845170439,1.15935407736187,0.228505710539492,5.0736328410554,3.90291785050716e-07,1.46359637653601e-05
"chr14:101157737-101160820",8.13198195106531,1.00565929560024,0.229843798674831,4.37540321469793,1.21208214264794e-05,0.000180468314509589
"chr14:101208952-101209478",2.85168024442464,1.14047931958693,0.315039574991565,3.62011445583455,0.000294472728022673,0.00196534769260239
"chr14:101213137-101214092",6.13862082841285,1.14980246634179,0.255081770142258,4.50758384537065,6.55700226272923e-06,0.000115194350257582
"chr14:101226700-101228648",3.13523749424548,1.02087942724591,0.298253855139208,3.42285408773482,0.00061967331137578,0.00348049247671752
"chr14:101249002-101252215",9.63721070847894,1.44241699698431,0.233149915587197,6.18665030759939,6.14560856217285e-10,1.22724764954962e-07
"chr14:101307922-101309668",5.98028114705814,1.24294689000769,0.318484871497949,3.90268738405583,9.51305380367033e-05,0.000834583909080804
"chr14:101365032-101367641",6.33790669468275,1.2227881053442,0.243991078604794,5.01160990121619,5.39765416158751e-07,1.85313195630796e-05
"chr14:101495358-101496847",4.90876106032441,1.01876638436433,0.282825276894737,3.60210514261601,0.000315650638125584,0.00207326328982802
"chr14:102858025-102859632",2.80614370076157,1.4755751916492,0.370110872435401,3.98684637913938,6.69573481438137e-05,0.000640014369446056
"chr14:104889646-104891427",14.1530162146965,1.8886655444116,0.351171229180165,5.37818986145542,7.52384512631966e-08,4.43816851638541e-06
"chr14:105212739-105214290",6.58215484452008,1.06114755224781,0.270864619851298,3.91763070728976,8.94235603264673e-05,0.000796584571713929
"chr14:105249993-105250106",14.2106533942635,1.03869258367537,0.321397071595402,3.23180475328959,0.00123011075379161,0.00591773225827791
"chr14:105254380-105255285",9.58607504430963,1.20091660695582,0.246429688604162,4.87326268907819,1.09770107021743e-06,3.12804688450673e-05
"chr14:105464733-105466065",12.3633268481694,2.12599879318289,0.318134422946341,6.68270592504063,2.34569998648204e-11,1.20635735443036e-08
"chr14:105678839-105680248",7.14331664302288,1.13365852293799,0.254276048651082,4.45837714150421,8.25825081612183e-06,0.000136023403401251
"chr14:107066179-107068506",3.48427639581493,1.0142852149426,0.362797908791854,2.79573059922052,0.00517825452578708,0.0181444127193286
"chr15:25984670-25986275",4.72855364328885,1.17498677756318,0.346128189121976,3.39465785940107,0.000687144134346924,0.00377059969423115
"chr15:26008425-26008917",3.2854629618885,1.44124210849895,0.357247990851145,4.03429031207476,5.47675722568672e-05,0.000552119687445138
"chr15:26401426-26403549",4.36733697810922,1.27812188239598,0.294441812511009,4.34083009982895,1.41945449609883e-05,0.000202478646708353
"chr15:26477771-26478398",2.34272623207547,1.10891289572194,0.454899725366696,2.43770843085921,0.0147806904505231,0.0414233418337298
"chr15:26480291-26481281",3.67507561455028,1.40238640352296,0.376916356955186,3.72068332308989,0.000198684453779343,0.00145422325610182
"chr15:27050126-27051985",2.14443253330908,1.00816600855328,0.421501078100735,2.39184680878168,0.01676383773523,0.0457037091261279
"chr15:27572901-27574199",3.35461474421324,1.01698490978328,0.306443255542784,3.31867284199797,0.000904463282751734,0.00466611815708734
"chr15:27614984-27616235",3.14931069761297,1.10568459792892,0.365990017392743,3.02107856876984,0.00251875993266555,0.0103397568478325
"chr15:28412991-28414660",4.6022521525153,1.40800934453964,0.283385040165435,4.96853801357217,6.74595769466272e-07,2.18051053508296e-05
"chr15:29137966-29139027",4.06681946418993,1.21371903991069,0.333960703731075,3.63431693115621,0.000278718078656684,0.00188309832860391
"chr15:31093021-31095372",5.42223008543894,1.04864845442147,0.223168333015002,4.69891243194873,2.61550561322365e-06,5.90537135384869e-05
"chr15:31114876-31116431",6.90321067368251,1.19510642372181,0.213238765740781,5.60454577557731,2.08801804417598e-08,1.71674201568337e-06
"chr15:31116838-31117501",5.72282653714808,1.14756414388382,0.256200937125108,4.47915669927249,7.49385076766448e-06,0.000126873269854004
"chr15:31164556-31164967",4.02205059080035,1.03519298549197,0.335331553206542,3.08707300459243,0.00202137946427119,0.0086958297876103
"chr15:31527877-31529391",10.4965224527606,1.09313054939994,0.221920637513417,4.92577239164542,8.40277637946995e-07,2.57221773643725e-05
"chr15:31569062-31569585",11.3180967294787,1.42436777673265,0.272566899119417,5.22575478289682,1.73446102492445e-07,8.12666249475781e-06
"chr15:31679762-31680340",9.77519791236159,1.13160602510751,0.221638993349077,5.10562698380989,3.2969949581745e-07,1.29398270132184e-05
"chr15:33615525-33616272",3.57956616979315,1.01647739179658,0.318125000756586,3.1952137976554,0.0013972729054024,0.00652838005584443
"chr15:33799138-33799936",1.6953171541046,1.05148267878694,0.472325781914246,2.22618099423979,0.0260020604793893,0.0645875762522532
"chr15:33931886-33933192",3.72826893613744,1.22028366459226,0.309123215239968,3.94756396294913,7.89504288223701e-05,0.000725892762744257
"chr15:38196071-38197182",4.59587618683643,1.17179110590223,0.455331736552417,2.57348875958998,0.010067891715049,0.0306558955024371
"chr15:39636771-39637282",2.60634615240796,1.02534554148393,0.331580797973404,3.09229469182403,0.00198615569674297,0.00857510618536881
"chr15:40125720-40126337",2.83594713553504,1.4881140624485,0.373167882225161,3.98778708814659,6.66924750122771e-05,0.000637906845493135
"chr15:46371734-46373209",5.59567867562771,1.16437201874336,0.30949537976982,3.7621628458859,0.000168450305020778,0.0012848776274497
"chr15:57887207-57887598",3.00525748993068,1.11570650234141,0.325582601141577,3.42680013744424,0.000610738406368641,0.00344203016867022
"chr15:58854138-58855805",4.71726871175622,1.66137817529224,0.435492265925609,3.81494300882955,0.000136214366487443,0.00109431035128409
"chr15:60038600-60039531",5.33423741205221,1.11579055447051,0.313129443502358,3.56335240145538,0.000366148608587574,0.00231943234665515
"chr15:60329892-60330789",5.5497235643171,1.18283080810363,0.350945758044588,3.37040918999609,0.000750566396963077,0.00404130182757553
"chr15:61562063-61563555",2.02540718337077,1.02737069534025,0.412713611085061,2.48930654998074,0.0127992552234227,0.0370229110224993
"chr15:61610039-61611480",3.09454367291908,1.19716954238531,0.343546106842036,3.48474198526074,0.000492611805469647,0.00291213556369803
"chr15:64210178-64210985",5.13079062107672,1.16217576287873,0.274176660408121,4.2387844433906,2.24733311155365e-05,0.00028399812464443
"chr15:65615245-65615894",10.3959451616356,1.01933242156719,0.336840202216248,3.02616022333578,0.00247681018274379,0.0102029557404282
"chr15:66124703-66127157",11.333225041005,1.18836806591124,0.218445432068508,5.44011405804335,5.32464705697087e-08,3.43325050468778e-06
"chr15:66591086-66591494",4.06122908687756,1.24753754915716,0.3377384199625,3.69379814501316,0.000220929200734155,0.00157685949536261
"chr15:66612060-66613557",3.1381103985021,1.32299553710095,0.336725352635363,3.92900483063302,8.52981262653228e-05,0.000769443303808215
"chr15:67321965-67323412",6.88615195752451,1.15873890111308,0.24484838478062,4.73247516887353,2.21798444700057e-06,5.23522400046411e-05
"chr15:68214899-68216502",4.17717969408062,1.18801817094145,0.278209309841459,4.27023154479788,1.95270135454511e-05,0.000256520523356471
"chr15:68913029-68913877",11.7630117316645,1.2393611675187,0.281129426573466,4.40850743596855,1.04085447393615e-05,0.000161032387695312
"chr15:68950214-68951285",5.13518232472977,1.08942843246674,0.336907758262559,3.23361040447671,0.00122236079628683,0.00588854750956063
"chr15:69788230-69788506",3.46392136835306,1.00488109685546,0.357121878217699,2.81383235849497,0.00489547508438449,0.0173674113860238
"chr15:69832644-69833681",4.975336260466,1.00386335498468,0.244487359444708,4.10599287122534,4.02581896179392e-05,0.000438833768348112
"chr15:69846125-69847752",5.73315767806934,1.03651897529749,0.278605433868298,3.72038319894176,0.000198920724038922,0.00145550775203636
"chr15:69884029-69884564",10.9312745230901,1.12583135677456,0.300471888746054,3.74687749151159,0.00017904947513847,0.00134398541282859
"chr15:69886006-69888080",18.4445335801034,1.12309268503906,0.207808857364342,5.40445050939282,6.50073688386362e-08,3.98540696346108e-06
"chr15:69996613-69996957",3.61235829557188,1.18786146628664,0.395267406372786,3.00520975707858,0.00265397755172042,0.0107664467678311
"chr15:70525647-70526091",2.61190219169454,1.07612755968499,0.378232805813487,2.84514601363175,0.00443910691422354,0.0160862391683997
"chr15:70636281-70637905",6.7302729267764,1.07012316157708,0.226955960408023,4.71511371480708,2.41575793521018e-06,5.57514895132045e-05
"chr15:70766674-70768088",8.08301037248576,1.01812741171868,0.302473363970175,3.36600683893302,0.000762648175317558,0.00409078488202907
"chr15:71478564-71479277",1.59058400559818,1.05135587926578,0.425867091248298,2.46874177618199,0.0135589021807391,0.0387320632710451
"chr15:71502451-71503144",2.1907277358818,1.07692949930684,0.379081221158959,2.8408938222114,0.00449872879380977,0.0162571380205092
"chr15:73637543-73639023",7.87997387320583,1.25857174974781,0.306113332153264,4.11145682840653,3.9317039835007e-05,0.000431125736736757
"chr15:73898274-73898723",2.39748752984586,1.20460313094872,0.364618209915936,3.30373826152689,0.000954048600745503,0.00485853441344428
"chr15:73921699-73922104",3.78896293967389,1.03621913175171,0.362338279491728,2.85981137075905,0.00423893059214945,0.0155201616714703
"chr15:74074547-74075656",3.28487000025269,1.06879985477181,0.404526593227569,2.6421003530182,0.00823936390238747,0.0261516892357122
"chr15:74531521-74533014",16.5817359061971,1.18629349640841,0.22141515427579,5.35777914699907,8.42511372093023e-08,4.81725704171769e-06
"chr15:74543135-74544280",9.49957230445618,1.40455492776109,0.336805787985727,4.17022206227825,3.04302976817574e-05,0.000356197236737923
"chr15:74555837-74557217",5.96014348982947,1.48172489486028,0.342782160979858,4.32264295967066,1.54171120432523e-05,0.000215319392792018
"chr15:74604242-74605419",12.612041074479,1.08360839840376,0.210995850692924,5.13568581962689,2.81116958614267e-07,1.15664673972095e-05
"chr15:74943515-74944557",5.26190262120057,1.27780098455755,0.26844440957879,4.76002084216436,1.93572968598294e-06,4.73258666292729e-05
"chr15:75343428-75344445",4.09892296600162,1.10975323601574,0.347597194562431,3.19264152120889,0.00140977843356901,0.00657511462574503
"chr15:76692198-76693004",4.76452419929362,1.072467104794,0.282197120477844,3.80041831390054,0.000144452030969727,0.00114438644844858
"chr15:76805984-76807475",3.81901942362981,1.17849443788054,0.340954168313256,3.45645998026862,0.000547320472281829,0.0031586426577787
"chr15:78295539-78297990",9.97663876359026,1.04350312777052,0.207719469664208,5.0236173309002,5.07072224930678e-07,1.76841306586808e-05
"chr15:78706947-78708752",3.67797738109961,1.05046497875017,0.272429336461594,3.85591725323702,0.000115296486396191,0.000965062993504405
"chr15:78786813-78787840",4.27913610825011,1.04652525616879,0.285957981400261,3.65971689632241,0.000252494048427807,0.00174718752856859
"chr15:81783848-81785847",5.7109728415363,1.08707654549083,0.405959366031941,2.67779644085191,0.00741082416707029,0.0240561565817472
"chr15:82206294-82207702",6.51844318912262,1.14079563596177,0.293154716648636,3.89144561275841,9.96487277356677e-05,0.000863668673259314
"chr15:87197840-87199035",2.41936518993173,1.07715083236524,0.362625683770733,2.97042068604898,0.00297392187899148,0.0117612682114095
"chr15:87316789-87317876",4.47570531446755,1.74264882583015,0.360723144432661,4.83098701241075,1.3585786743775e-06,3.65493963391384e-05
"chr15:87687717-87688915",1.28572466064481,1.07308850433182,0.503656923543286,2.13059416871015,0.0331225903871763,0.0780534929628173
"chr15:89907364-89908618",9.63256276756618,1.12433147866213,0.239518942924671,4.69412341643361,2.67752356468031e-06,6.01099110113514e-05
"chr15:92114694-92116035",8.14992858033053,1.21957608404968,0.223453911434628,5.45784173666822,4.81956940762218e-08,3.18663732506966e-06
"chr15:92349835-92350909",4.85592035727469,1.02686245704016,0.296072248345761,3.46828337602573,0.000523794632837683,0.00305530618560709
"chr15:92886825-92888253",6.43717877174418,1.36233623862676,0.287937759130542,4.73135667493028,2.23024257541829e-06,5.2589744189243e-05
"chr15:93323729-93324993",4.19284750698249,1.1163382931942,0.386938970955679,2.88505003886534,0.00391351453173783,0.0145736645377106
"chr15:93921394-93922706",4.70184919133584,1.1740099172028,0.277476505744094,4.23102458370131,2.32629242761134e-05,0.000291449792791626
"chr15:94430166-94431440",3.51884850561617,1.47186466977264,0.499547090703768,2.94639824185355,0.00321498181609484,0.0125087882002299
"chr15:94953852-94955611",6.94655660608665,1.21077706888148,0.301442845585591,4.01660575665476,5.90423742595502e-05,0.000582840780435065
"chr15:98873338-98874946",3.3449227947598,1.26667797320601,0.409424874844419,3.09379827907952,0.00197611797460908,0.00854133764078184
"chr15:101702524-101703750",6.16483349638476,1.12499072817536,0.335822633676822,3.34995505174316,0.000808246748415148,0.00427714150524731
"chr16:1485946-1489798",9.46234122026867,1.15512617307039,0.330426297949362,3.49586634066097,0.000472525326631881,0.00281992901261503
"chr16:1985275-1985907",7.16210137962995,1.01103787418995,0.248408709995596,4.07005806764134,4.70014211643523e-05,0.000491854322701415
"chr16:2517189-2522135",17.7915101591228,1.07264906976277,0.184896263789466,5.80135611060347,6.57807304748558e-09,7.21474961055069e-07
"chr16:2528379-2528573",11.5530675902486,1.13338265431443,0.238489345963604,4.75234082149478,2.01075056991897e-06,4.86667535614662e-05
"chr16:3026035-3028196",10.5880340805162,1.00823573681799,0.18627339888599,5.41266623601521,6.20931639282567e-08,3.85110853628881e-06
"chr16:3035560-3036864",10.1313152765129,1.12782457949319,0.259520453209486,4.34580228858804,1.38767520448798e-05,0.000199054866074428
"chr16:4079481-4080350",2.42557894596616,1.09813190562345,0.347546994489168,3.15966451454288,0.00157950898948086,0.00717641078195376
"chr16:4097814-4098812",6.59607518062003,1.40801401864964,0.339151491837649,4.15157843186978,3.30190066673996e-05,0.00037810371268781
"chr16:4354024-4354289",8.15997230880729,1.12505456418717,0.312247689548348,3.60308371157049,0.000314464198304198,0.00206717129930434
"chr16:4459034-4460147",6.506779259643,1.19681771680923,0.240684646220813,4.97255531502091,6.60761089630868e-07,2.14467825963363e-05
"chr16:4571862-4573134",8.86081508169297,1.5082839394442,0.270150685587807,5.58312090218245,2.36240394178448e-08,1.88906676087058e-06
"chr16:5399777-5400426",2.61342903515921,1.13816788271363,0.427371966676693,2.66317861595882,0.00774063140740022,0.0248989382004548
"chr16:5462593-5463571",4.45315725647335,1.24406149913391,0.388917432777474,3.19878049757085,0.00138010203773095,0.00646706803481016
"chr16:5553753-5555284",8.15795570108617,1.96139200358699,0.409355443169551,4.79141547111321,1.65608789924762e-06,4.21710639905017e-05
"chr16:6559932-6562014",1.70940291999084,1.05382883236773,0.488717279572813,2.15631588326258,0.0310590078595431,0.0742256669889129
"chr16:7365558-7366480",3.53748731343916,1.32250833053982,0.508089332455079,2.60290513116952,0.00924375285136279,0.0286480100504558
"chr16:7399261-7400049",3.22431485871873,1.08662816594237,0.445545533484245,2.43887119110979,0.0147332188186628,0.0413222758900147
"chr16:7505868-7506952",3.45989489694388,1.1653124462765,0.395955019847529,2.94304248680879,0.00325003811500576,0.01261211502311
"chr16:8528835-8529441",3.88055967118503,1.22084122921945,0.438056286036067,2.78695060003986,0.00532065892382226,0.0185355404358722
"chr16:8810309-8810766",6.77522825741152,1.29999410477504,0.307558637200464,4.22681709285802,2.37020177880928e-05,0.00029551547449554
"chr16:9622284-9623350",2.57616216276713,1.09646129101301,0.414570086491447,2.64481525980923,0.00817355278378159,0.0259883184205798
"chr16:10835787-10836410",8.26389740342065,1.0467826690957,0.28623746825705,3.65704278852712,0.000255141802790955,0.001760952313448
"chr16:11245301-11247124",6.76735143721501,1.21258792700695,0.239385120696819,5.06542730591302,4.07485258480524e-07,1.50783486751372e-05
"chr16:11758736-11759535",6.2607028056969,1.25053516237952,0.309050727563884,4.04637507970605,5.20168629379125e-05,0.000530981852911368
"chr16:12346215-12347173",7.78175126697084,1.10774177676406,0.277240875906971,3.99559326574833,6.45324451890429e-05,0.000622126987048041
"chr16:12604439-12604866",6.21167796819874,1.23453623756247,0.331403066804543,3.72518048630667,0.000195175525765569,0.0014348047903459
"chr16:12745297-12746707",3.97755092384961,1.21956762155881,0.303819513952954,4.01411879602854,5.96682909816009e-05,0.000587290824794921
"chr16:12991523-12992648",9.26295332381931,1.75562964969017,0.302068393684905,5.81202696605696,6.1720895015383e-09,6.92420463585729e-07
"chr16:13064783-13065791",7.11939646833251,1.46625623858562,0.305662407815065,4.79697928530598,1.61076251702192e-06,4.12991773959813e-05
"chr16:14414797-14416398",8.7323010424246,1.76370244736895,0.33571223923212,5.25361378364725,1.49143464011668e-07,7.29416863145045e-06
"chr16:14469707-14470485",4.87777341350672,1.05890549717439,0.41837067549487,2.5310222709129,0.0113730627067141,0.0337404686538758
"chr16:16108425-16109299",5.22512474433478,1.16444070276023,0.338316601177995,3.44186687471358,0.000577714484827224,0.00329641657202482
"chr16:16243666-16244733",7.0994031320452,1.05888371296531,0.328467522659365,3.22370901205785,0.00126541914155354,0.0060472599919358
"chr16:16652805-16654235",13.5418324992431,2.04489581062244,0.328813834251824,6.21900783242696,5.00308335398567e-10,1.06646414798838e-07
"chr16:16854963-16855709",1.7816457249537,1.60881725218611,0.450429260178012,3.57174232320142,0.000354614225320323,0.0022639886965973
"chr16:16951067-16952512",2.94426395267268,1.14926032433537,0.333913995064127,3.44178543374518,0.000577888433232709,0.00329723675410946
"chr16:17360366-17361322",7.41774868667392,1.19487329805254,0.315069400913898,3.79241301943843,0.000149190513362733,0.00117287131806992
"chr16:17656909-17657906",3.32806330247896,1.28664147173754,0.36190110233145,3.55522949073296,0.000377649315906264,0.00237340738203523
"chr16:18103164-18103915",4.61741299869569,1.17058393376541,0.382739487778266,3.05843523112923,0.00222496170026505,0.00937743339105338
"chr16:18189573-18190117",3.57649558149427,1.30353429429117,0.338029556670806,3.85627312336072,0.000115128850424686,0.00096399675351977
"chr16:18245997-18247558",12.2364467612343,1.86960084052823,0.335544479496749,5.57184205006818,2.52059897267963e-08,1.97968280241698e-06
"chr16:19664136-19664831",2.6320257171366,1.04805717632024,0.357111854906825,2.93481485400055,0.00333746763181949,0.0128688729496578
"chr16:19815411-19816808",9.67737620581489,1.1226469105023,0.214263490529393,5.23956231520598,1.60957889094128e-07,7.70080603861187e-06
"chr16:19851232-19852744",2.92276801001833,1.17530401657466,0.323336837872638,3.63492147788496,0.000278065315280193,0.00187965623120745
"chr16:19973735-19975270",3.66276231604138,1.34555365041128,0.428337610337599,3.14133902309155,0.00168177232253636,0.00753988819402791
"chr16:19999083-20000039",4.47269021386445,1.23472699573746,0.346149457243529,3.56703432549016,0.000361044202360841,0.00229520663837476
"chr16:20012884-20013939",3.6115704930584,1.07735989291776,0.356664271207806,3.02065550123481,0.0025222815547748,0.0103509184345222
"chr16:20037633-20038280",1.80738151753768,1.16744196286578,0.471689558727155,2.47502184703027,0.0133228025829259,0.0382017029631503
"chr16:20621431-20626387",15.1145368892459,1.61926274115593,0.325772569606473,4.97053126084854,6.67696945352197e-07,2.1640480755268e-05
"chr16:21541297-21542705",5.96807996029605,1.02540266099352,0.273570536934172,3.7482203766711,0.000178093741663598,0.00133875960036106
"chr16:23217578-23219763",6.67748490951841,1.02557124651244,0.259424297362309,3.95325826046331,7.70941480123327e-05,0.000712990089335218
"chr16:23419680-23421894",4.42946465279021,1.04145994263199,0.274012772454708,3.80077152353959,0.000144246259766602,0.00114306066849341
"chr16:23950794-23951863",1.63153912658541,1.33672495852677,0.482873642457834,2.7682707047807,0.00563546251110814,0.019390654677809
"chr16:24024733-24025981",7.93350922239259,1.02780812720611,0.349871874402158,2.93767005125055,0.00330688758979051,0.0127768300203819
"chr16:26098247-26099239",4.1895204752592,1.25943611935234,0.366388692973705,3.43743173166844,0.000587258736059781,0.00333865991413477
"chr16:27931587-27932461",4.59742993101866,1.04854314926314,0.328590450366261,3.19103354371495,0.00141764820228317,0.00660387393641102
"chr16:29772051-29772694",5.73471179122919,1.03024919037263,0.296524023392922,3.47442065092801,0.000511957757530916,0.00300084928840098
"chr16:29776484-29777634",10.2321789766537,1.08876981139405,0.257379681373078,4.23020887113405,2.3347442526722e-05,0.000292213868001776
"chr16:30143085-30144192",5.55069149537187,1.07907862218368,0.249107250817804,4.3317832726311,1.47906495818801e-05,0.000208761410945461
"chr16:33110608-33112031",3.46114133148735,1.00884517434144,0.325670203355388,3.09775092700309,0.00194995238869847,0.00845366163525093
"chr16:48998767-49000187",5.13691392698426,1.34869962243442,0.359380485023702,3.75284601874103,0.000174838257109587,0.00132053668488996
"chr16:49046734-49047831",8.35208754167957,1.10911080990688,0.393065197021732,2.82169680325465,0.00477703169359788,0.0170333637939169
"chr16:49558276-49559331",6.91353241994145,1.09377161072146,0.386083119952099,2.83299516139729,0.00461140840038796,0.0165703491095993
"chr16:49566141-49567065",5.2035251675212,1.27250780718835,0.397840823104052,3.19853502528959,0.00138127752994651,0.00647131012576791
"chr16:49576098-49577599",6.6342696142965,1.08646664568385,0.377572719277861,2.87750303507574,0.00400836054363498,0.0148467244421719
"chr16:51258645-51260323",7.20148352103034,1.0286931545009,0.301511286004471,3.41178988068011,0.000645378398828207,0.00359424012667451
"chr16:52562094-52563463",3.43167529889571,1.03925426063461,0.385808815892476,2.6937027300181,0.00706631572913605,0.0231761441893666
"chr16:56135510-56137185",5.2929618091014,1.35195485166036,0.276381093916138,4.89163289899484,1.00002833980156e-06,2.91918424164536e-05
"chr16:58022612-58023210",7.83155711884416,1.45199778637256,0.335920471839822,4.32244506689344,1.54309511158154e-05,0.000215470881877941
"chr16:61356882-61358783",3.09161602836694,1.14123532238304,0.366021718458196,3.11794427716011,0.00182117232384325,0.00801987478153822
"chr16:61876295-61877386",2.99708917734044,1.03862976113555,0.427349006186964,2.4304017234128,0.0150820956618373,0.0420902232361943
"chr16:61959898-61961175",4.22623545068527,1.03861335811734,0.46658045807212,2.22601127018654,0.0260134265261759,0.0646116389471037
"chr16:66217754-66218664",1.90954297099538,1.11294727446568,0.439238909977154,2.53380847913398,0.0112830380611588,0.0335379028279592
"chr16:66368375-66370273",5.56496339486344,1.14678928474041,0.240763413247053,4.76313767641956,1.90605699042298e-06,4.68394925392071e-05
"chr16:66392979-66394149",5.13138401131848,1.0204208784806,0.356982564753208,2.85846139064536,0.00425700910162693,0.0155689547440126
"chr16:66398172-66399086",7.22254411158332,1.12016239038868,0.336388400061762,3.32996735375838,0.000868561670077423,0.00452181272979394
"chr16:67317809-67319490",13.5349025953311,1.55191961027977,0.308795839872627,5.02571411234009,5.01562612059172e-07,1.75321022802435e-05
"chr16:67359391-67361482",7.80769012527156,1.17463807024847,0.305235994176324,3.84829473803776,0.000118942897854591,0.000988194831947106
"chr16:67390164-67392054",2.4083302844182,1.09873458719313,0.415592682233581,2.6437775114038,0.00819865273441008,0.0260503385803558
"chr16:67396607-67398851",6.21829904145519,1.6922648561415,0.382893358220658,4.41967670582122,9.88486667046118e-06,0.000155117191964908
"chr16:67420402-67420627",5.12472266084453,1.17175676618765,0.365985786822468,3.20164555121384,0.00136645022300315,0.00641705478740457
"chr16:67423286-67423450",7.58738093181537,1.1195337753214,0.346202896517316,3.23375045842636,0.00122176156534426,0.00588608365142823
"chr16:67424839-67424892",14.9253129912108,1.05651368330912,0.350772430578845,3.01196328789483,0.0025956398687278,0.0105827835964208
"chr16:67425084-67425970",19.6696576601052,1.71357972088783,0.314413078997935,5.45009045536267,5.03442076420015e-08,3.28784742732205e-06
"chr16:67426894-67427913",26.8443502294952,1.29735938094575,0.287907189738864,4.50617222210558,6.60075203017634e-06,0.000115678075825516
"chr16:67429220-67430874",37.4917250665229,1.59656147129244,0.266212469211971,5.99732039606748,2.00600033740933e-09,2.96163734535138e-07
"chr16:67433112-67434216",16.6239798911256,1.69208340278706,0.273432226195852,6.18831008447068,6.08126148917449e-10,1.22167405762872e-07
"chr16:67449477-67450748",13.062649084732,1.09238324351195,0.269931109896937,4.04689642453229,5.19011924736814e-05,0.000530075452256106
"chr16:67462024-67462614",14.7392446201273,1.16003910645405,0.279539757846338,4.14981795574039,3.32739797174462e-05,0.000380277499545677
"chr16:67464002-67466637",18.5589298425827,1.09604286180201,0.303791790262048,3.60787518601661,0.000308714930210249,0.00203800131915866
"chr16:67474512-67477008",21.2036471324378,1.65714180673862,0.300033520931121,5.52318888101525,3.32901519806892e-08,2.41231650687299e-06
"chr16:67944095-67944344",7.88353563651233,1.26362168076424,0.300990807243335,4.19820688989573,2.69036787091802e-05,0.00032454776667783
"chr16:67959954-67961020",10.1865631183625,1.10075619260441,0.23379135007947,4.70828451193873,2.49810263486762e-06,5.71461178373611e-05
"chr16:68406716-68408249",7.66245229104919,1.01316309521836,0.2385603185911,4.24698919418764,2.16662404849178e-05,0.000276666429512401
"chr16:68454306-68455207",9.87576651511525,1.35288336348708,0.280840043194408,4.81727373382637,1.4553297440836e-06,3.84367545674913e-05
"chr16:71018221-71019564",7.55143426803399,1.42492329615064,0.258327266561449,5.51596165250985,3.46877896047051e-08,2.4877539940212e-06
"chr16:71250849-71252627",1.42738162148617,1.16681816684111,0.457545393184726,2.55016919462245,0.0107670651428626,0.0323317636836035
"chr16:71397718-71398782",5.1432001702616,1.33865951807585,0.389022765869783,3.44108272194009,0.00057939137065105,0.00330390445053997
"chr16:73045895-73046213",4.38564366117642,1.01424410614044,0.360069685687947,2.81679948758427,0.00485047972127522,0.0172391575482512
"chr16:73250328-73251994",4.59867939271688,1.04362762791977,0.331254835166629,3.15052798367396,0.0016297564324676,0.00735362147778858
"chr16:76616875-76618456",4.01016487660244,1.45530285885191,0.324789365768303,4.48075895406652,7.43780761012451e-06,0.000126166530303725
"chr16:76818469-76819235",1.46474438158814,1.37315605625951,0.517763696859866,2.65209025775162,0.00799951547201237,0.025558430019092
"chr16:77476479-77478573",4.38426719839798,1.03779866117422,0.24614512865721,4.21620637725272,2.48446408685591e-05,0.000305972817173093
"chr16:78519290-78520163",1.95136058142707,1.27084234452273,0.401800265301603,3.16287084471882,0.00156221622556182,0.00711510050445102
"chr16:78693294-78695029",4.7006555716996,1.38507416435673,0.325514121895027,4.2550355612633,2.0901579304928e-05,0.000269509238241384
"chr16:79690325-79691110",5.78632810347901,1.09342223180552,0.252888600750083,4.32373079910431,1.53412481210035e-05,0.000214563734200769
"chr16:80081629-80082094",2.3107203935263,1.59214967218289,0.45028365047807,3.53588159484026,0.00040641680836604,0.00250965391906427
"chr16:80154785-80156504",2.52763971783993,1.04934147993036,0.323451202241254,3.24420336872849,0.0011777962142403,0.00572262143087227
"chr16:80201300-80202423",7.56181824638805,1.00018682915994,0.36236790907717,2.76014184508525,0.00577762699149505,0.0197796799746293
"chr16:80231556-80233342",4.90506021502648,1.03333000334093,0.303157033014345,3.40856351926373,0.000653058793841024,0.00362683280389196
"chr16:81548268-81549791",5.86232776012477,1.02311774910006,0.239499990830661,4.27189055645292,1.93822702249861e-05,0.000255103077421261
"chr16:81626313-81627603",8.19146434285841,1.40883870994322,0.269630861633416,5.22506474744217,1.74094179222583e-07,8.15019396302447e-06
"chr16:81651946-81653036",7.16910192870203,1.11116079141184,0.232391969141973,4.78140787529972,1.74071771747179e-06,4.37840781737195e-05
"chr16:81674661-81675416",7.49045333110061,1.03742529161778,0.226468545639953,4.58088026611482,4.63022888611678e-06,8.9160359681158e-05
"chr16:81684370-81687069",10.860884518295,1.03394706097839,0.188144243327711,5.49550197598897,3.8960058118572e-08,2.71013277312444e-06
"chr16:81700264-81700540",3.97911580465257,1.51710165145024,0.309787901494859,4.89722692245105,9.7198570990665e-07,2.85872888984167e-05
"chr16:81706794-81707413",4.47394017557387,1.15748070350076,0.294577873598966,3.92928596217832,8.51984731913991e-05,0.000768854650357911
"chr16:82362573-82364141",5.99999246422892,1.1309829432975,0.261453942281978,4.32574446354203,1.52017570527966e-05,0.000213176162387141
"chr16:82997094-82998711",1.9514794173601,1.02782853564323,0.359732851148846,2.85719953671384,0.00427397065024206,0.0156162664157879
"chr16:83286552-83288352",4.42862760891862,1.03980520631949,0.327538394550955,3.17460555348032,0.00150040308806576,0.00689803988250753
"chr16:83682353-83684298",3.42684984889936,1.27343509036813,0.33629890628419,3.78661680597918,0.000152712326117958,0.00119414642472685
"chr16:83775425-83776678",2.04555745763718,1.05331886830867,0.465620276159108,2.26218427813642,0.0236860202579923,0.0600052766568824
"chr16:84552465-84555382",10.0793418177469,1.3827709647681,0.258024568183365,5.35906706289082,8.36528011082633e-08,4.79469493494907e-06
"chr16:84598788-84599832",3.80468679152337,1.0883237888474,0.317801260843389,3.42454207374503,0.000615836479347221,0.0034636409814788
"chr16:84667036-84668149",4.29582986054237,1.1212761276739,0.319547568832724,3.508949017418,0.000449881132957093,0.00271502818489115
"chr16:84675972-84677643",4.04663268420546,1.33520932805462,0.337079255377366,3.96111391239376,7.46009305696224e-05,0.00069539872692673
"chr16:84877301-84877966",7.17795808739983,1.31051832053179,0.271876809418386,4.82026519045638,1.43367513414471e-06,3.7981516148634e-05
"chr16:84955984-84957135",6.30505973954832,1.21504865052619,0.258447926929433,4.70132867754808,2.58474076792717e-06,5.85681261469734e-05
"chr16:85253495-85255934",11.1390732101498,1.01788528274015,0.207705881740074,4.90060885234795,9.55401045223523e-07,2.82257913164952e-05
"chr16:85282157-85282440",4.18869902881217,1.05649255030765,0.310510691387601,3.40243534155437,0.000667881567445419,0.0036911776581278
"chr16:85382485-85386176",5.90550150014118,1.16548030960966,0.257572942430401,4.52485536179557,6.04368237448527e-06,0.000108350667093167
"chr16:85478217-85479885",15.4245184544724,1.14920198809737,0.219866322919249,5.22682133779736,1.72448987579979e-07,8.09464876770487e-06
"chr16:85494456-85496298",16.0133325090561,1.19303469053059,0.205105522161517,5.81668732249491,6.0025269988667e-09,6.78019792615605e-07
"chr16:85595617-85596442",5.96944648127786,1.1508586473972,0.253679123661867,4.53667069952196,5.71492353697665e-06,0.000104070458552348
"chr16:85619917-85620452",7.26746240542074,1.10230044712725,0.248628831191925,4.43351819595028,9.27076791541248e-06,0.000147989774939194
"chr16:85621860-85622130",5.06333186408551,1.0937243517576,0.283977557770379,3.85144643240425,0.000117422217117916,0.000978897046993504
"chr16:85626483-85628474",8.74555269640794,1.33628321414235,0.220882627737973,6.04974337650289,1.45076743585881e-09,2.31741263475097e-07
"chr16:87080423-87081727",3.37000294339797,1.00569047520082,0.348784112882157,2.88341824657768,0.00393384743485377,0.0146323186866936
"chr16:87965175-87966677",5.55631449026297,1.05017461730379,0.268597812446623,3.90984054463394,9.23570672034589e-05,0.0008163182461252
"chr16:89241666-89242724",7.44569169258287,1.01338368748413,0.306214009968606,3.30939687438868,0.000934972020394788,0.00478467290034921
"chr17:3883447-3884501",4.38540286268191,1.29864603119134,0.318435736219367,4.07820443336396,4.53848517814331e-05,0.000479113473302166
"chr17:6001635-6002104",2.8024395717979,1.00088712320555,0.307191505207414,3.25818620059092,0.00112126808326606,0.00551097559444881
"chr17:7670355-7671899",2.73307682546221,1.01031837231561,0.327504760893085,3.08489674947178,0.00203622827598433,0.00874503464318344
"chr17:9004608-9005601",4.69501942495341,1.52426517783353,0.467187697820904,3.26263980182512,0.00110379715162171,0.00544185888973267
"chr17:9088436-9089554",4.24934406310702,1.38355522437567,0.368017271858756,3.7594844866593,0.000170263834452367,0.00129501291075825
"chr17:9115929-9116799",5.96459736358051,1.28317148435987,0.477103496961495,2.68950341494444,0.00715584148859948,0.0234045221682083
"chr17:9608939-9609477",1.69354669156023,1.58622512776543,0.435923665514588,3.63876809921057,0.000273945342149992,0.00185766899682037
"chr17:17343224-17345628",7.63319452370185,1.21379035332674,0.239052404350409,5.07750740522791,3.82418606670279e-07,1.44157589515812e-05
"chr17:17907462-17908733",4.63213703295236,1.00477470350514,0.252216787948497,3.98377408450034,6.78293582019948e-05,0.000646280747673472
"chr17:20334958-20335370",2.01952258760896,1.09578585906775,0.383104904013309,2.86027625224469,0.00423272118196136,0.0155035626307635
"chr17:30585055-30586094",7.52429982409642,1.42016492098062,0.306651467269479,4.63120210585069,3.63548780993629e-06,7.49514503362184e-05
"chr17:30607097-30608957",18.436936438892,1.31013850611722,0.176813799803024,7.40970731683137,1.26578456753249e-13,5.11328163950402e-10
"chr17:30952599-30955903",11.2962305823116,1.32100787717304,0.253370916547026,5.2137312962984,1.85079505669068e-07,8.53575478635081e-06
"chr17:32181296-32182246",3.39646438957802,1.01459879804135,0.364605420640201,2.78273097602292,0.00539034815889389,0.0187253757097273
"chr17:32700760-32702585",2.42509763931989,1.06855929072141,0.380403981930841,2.8090118439288,0.00496938183518515,0.0175766031621452
"chr17:32942941-32943822",12.9959762076107,1.10942585952629,0.298347660654567,3.71856731536706,0.000200355903300961,0.00146303968346486
"chr17:32946624-32947762",7.50551948439349,1.01024212888006,0.269803579541829,3.74436147435708,0.000180853124191723,0.00135388680682313
"chr17:32966488-32967665",10.2654525298383,1.89235923366208,0.324084650883464,5.83908935058621,5.2486916810455e-09,6.10413921732356e-07
"chr17:33349528-33350203",8.50188204314347,1.08524050092481,0.296508743593651,3.66006239064597,0.000252153844882833,0.00174533770320139
"chr17:34126978-34127497",4.69029071425975,1.32646649428898,0.359326625353938,3.69153411045563,0.000222905494951662,0.00158786304052335
"chr17:34830703-34832045",4.02358106312411,1.07937528984179,0.320620007779552,3.36652505661448,0.000761216663736245,0.00408513233271121
"chr17:35245418-35246558",5.22353060683637,1.1790734277714,0.28835717765429,4.0889338609944,4.3336038296215e-05,0.00046349336847304
"chr17:36694985-36696735",8.32269710580623,1.1685177899002,0.282271110350574,4.13970026351237,3.4775990140087e-05,0.00039314762229717
"chr17:36710638-36711498",6.71818117097084,1.1739658725762,0.253811726229203,4.62534135052553,3.73981972692387e-06,7.65198760003398e-05
"chr17:36724830-36726210",7.98887648758148,1.13811660626952,0.301898701726886,3.76986253918747,0.000163337484630173,0.00125608681819493
"chr17:36744481-36745377",7.90000762684128,1.10849136382946,0.251660352520957,4.40471195691085,1.05924528784707e-05,0.000163265864051703
"chr17:39933191-39935466",9.15042166664282,1.07685189646955,0.200358436377034,5.37462717288893,7.67413040609406e-08,4.49939639408672e-06
"chr17:42949055-42950388",5.63000725282561,1.34338601860335,0.286573719424818,4.68775022810766,2.76224854496785e-06,6.14075580258044e-05
"chr17:43090314-43091267",7.67026792560271,1.01236918723963,0.232441659011783,4.35536896244708,1.32842966944026e-05,0.000192816678358132
"chr17:43851910-43853479",7.1909680590868,1.007475453467,0.251680111767707,4.00299986514972,6.25443378429796e-05,0.000608048189129464
"chr17:44019508-44020461",4.73608532943524,1.05124882522632,0.293033461831505,3.5874702453974,0.000333901821785463,0.00216226193647258
"chr17:46079751-46081917",9.30498741033805,1.01155388469184,0.253682047423337,3.98748707275998,6.67768417314784e-05,0.00063860449830188
"chr17:47991356-47992430",5.80645268510392,1.18424541237678,0.290482795446703,4.07681773564473,4.56562527494689e-05,0.000481065763862353
"chr17:48686010-48687620",7.8786050189788,1.02137967888516,0.220111269656047,4.64028798017114,3.47923979762574e-06,7.25645280708098e-05
"chr17:54249451-54252242",5.59545850528929,1.07849406187373,0.354518385747769,3.04213858922695,0.00234903714031488,0.00978949417930614
"chr17:55042883-55044534",4.40547195442611,1.03339482703627,0.249222175674885,4.14648024092508,3.37625301194004e-05,0.00038452974620991
"chr17:55128891-55130105",9.08711327314267,1.21866481345652,0.265274426825021,4.5939777461488,4.34875775850319e-06,8.52283312680043e-05
"chr17:55497238-55499191",12.1928136902306,1.30475899402858,0.22274074407647,5.85774730814691,4.69187820642261e-09,5.5943472975641e-07
"chr17:55595280-55596853",9.25694264689644,1.28778614258891,0.23620451046731,5.4519964078634,4.98074624560762e-08,3.26423855980705e-06
"chr17:55643887-55645314",10.8981544634299,1.28662232160161,0.265555009094238,4.84503126485943,1.26591742519173e-06,3.47337906430185e-05
"chr17:55647775-55649983",7.41804027013223,1.19461095222765,0.22539487395621,5.30008039339769,1.15751700553319e-07,6.05746155378822e-06
"chr17:55742240-55743221",9.43510934845053,1.03822547255418,0.213271194005185,4.86809987348287,1.12676385432207e-06,3.18756664856511e-05
"chr17:55808850-55810124",5.18196451209832,1.32806867901965,0.315504650724597,4.20934739304023,2.56109355894285e-05,0.000312653900306146
"chr17:55887666-55889617",10.8209410226388,1.17184074381112,0.221895420407986,5.28104970195654,1.2844583720776e-07,6.53808226289893e-06
"chr17:55988316-55990102",14.627269744941,1.09277259707212,0.19503660395267,5.60291029953182,2.10782320876292e-08,1.73175160014629e-06
"chr17:56001920-56003463",8.34596394774803,1.05241176930053,0.246677785059315,4.26634189636277,1.9870419425704e-05,0.000259688684015024
"chr17:56004116-56005388",11.2889186620954,1.19473503847738,0.178419259392015,6.69622238399925,2.13876173190487e-11,1.16108960336141e-08
"chr17:57454526-57455543",8.15154153944142,1.08294094276316,0.236517544375718,4.57869180750015,4.67892993594845e-06,8.98298820639191e-05
"chr17:57458647-57459801",9.99128252229862,1.10612857979295,0.240806933670258,4.59342496054367,4.36029855584692e-06,8.53846386048827e-05
"chr17:58250692-58251438",6.31140210583595,1.06436948783709,0.253485999011333,4.19892811432752,2.6818143326815e-05,0.000323823340094022
"chr17:61572892-61573229",7.05544576450424,1.1778563150804,0.318896842568408,3.69353395158728,0.000221158966650028,0.00157810393313515
"chr17:64657305-64658759",5.93442194216774,1.06314419497293,0.28276876224547,3.75976535219268,0.000170072800680585,0.00129425019166554
"chr17:64760111-64761247",6.68864132850756,1.24416680774257,0.304942988277349,4.07999808348106,4.50360720856801e-05,0.000476582961035965
"chr17:66297197-66299121",7.73137376691342,1.08323017785787,0.260195460003795,4.16314019407592,3.13900500739875e-05,0.00036432799464162
"chr17:68656999-68658347",6.01397013130924,1.25473075031879,0.248169607511105,5.05594042277171,4.28275028272229e-07,1.56234879424806e-05
"chr17:69028596-69030212",6.57445543756037,1.11226057462171,0.317202451489674,3.50646903703994,0.000454094264313548,0.00273397542949525
"chr17:70785217-70786735",4.21339367313905,1.03162122250435,0.285661422651826,3.61134245194085,0.00030461611317441,0.00201731547192556
"chr17:71114392-71115976",10.5981893801551,1.67443709689922,0.317705439332789,5.27040739502508,1.36121289707793e-07,6.83738337986014e-06
"chr17:71178608-71179457",3.79895347861349,1.02923774347564,0.28883170657983,3.56345138026308,0.000366010512023958,0.00231868897244244
"chr17:71461128-71462775",8.17751859837263,1.16137747393964,0.295067354424913,3.93597413106972,8.28598988827576e-05,0.000752795534878452
"chr17:71587860-71588451",5.23973030841408,1.10025325506705,0.280281422209288,3.92553044149134,8.65388245020864e-05,0.000777672145620316
"chr17:71743284-71745304",13.465689188361,1.3260210821539,0.231097357903543,5.73793267990263,9.58391939927633e-09,9.54656318343601e-07
"chr17:71752951-71753987",10.8701870852454,1.11119140661809,0.189301212458998,5.86996455111861,4.35888328739457e-09,5.32609788507271e-07
"chr17:71755409-71756952",9.23819457378764,1.07889749616703,0.205410392411412,5.2523997617712,1.50130172606662e-07,7.32385353018221e-06
"chr17:71762120-71762942",7.13324094586332,1.09507944844341,0.219613021114651,4.98640491754682,6.15131573504333e-07,2.0351907935378e-05
"chr17:71766314-71767574",11.4847995054181,1.07202231836427,0.222952788916129,4.8082929286323,1.52224597362758e-06,3.96977314916298e-05
"chr17:71796153-71798874",6.26941118814278,1.00150675789432,0.26300210384273,3.8079800247271,0.000140106587459924,0.00111818470153681
"chr17:72006715-72009004",8.89429073917613,1.11158006412541,0.218818575815594,5.07991636442316,3.77601069770952e-07,1.42874551583207e-05
"chr17:72055214-72056427",8.54705964723575,1.20513740150408,0.247483546482745,4.86956574944714,1.11843764943294e-06,3.17070028412167e-05
"chr17:72357097-72359620",14.596075899954,1.50391165719052,0.286170380123757,5.25530160228373,1.47782087283625e-07,7.25469406751859e-06
"chr17:74028271-74028962",7.28251526570983,1.06965021677965,0.244750065692184,4.37037764935649,1.24031836886466e-05,0.000183296837649812
"chr17:74410546-74411266",7.54736215783507,1.07072347251583,0.250759964004003,4.26991396640467,1.95548383542414e-05,0.00025681580922021
"chr17:75075140-75075882",5.23255553192903,1.00694455612058,0.266286943360737,3.78142669487357,0.000155932140381792,0.00121250899798999
"chr17:75156148-75157573",7.29270757477578,1.06661189861793,0.310084082804212,3.43975056369273,0.000582250541754699,0.00331610004622336
"chr17:76389995-76391273",8.66039741587254,1.15544418837566,0.265474968463959,4.35236585603935,1.34676275485006e-05,0.000194677038391105
"chr17:76929598-76930907",16.0084470500475,1.21869024387643,0.227366656547817,5.36002183600802,8.32118933695822e-08,4.77411863519858e-06
"chr17:77109970-77111808",15.5074199417524,1.53183536832937,0.232948336545126,6.5758587979126,4.83731445215502e-11,2.00559920249726e-08
"chr17:77409010-77411364",6.91010100593068,1.14152395924634,0.321861627353893,3.54662955205658,0.000390192840207008,0.00243285870771413
"chr17:77644025-77645461",5.6664276627247,1.03677401682389,0.313747659981796,3.30448366334922,0.000951515212377244,0.00484857874021705
"chr17:78002967-78003352",9.70866360156627,1.22455248408981,0.287059236094766,4.26585293247822,1.99139933608591e-05,0.000260146294028108
"chr17:78337138-78338475",6.43093702149503,1.18534463277452,0.259554002098737,4.56685168862701,4.95104049221706e-06,9.35435852898948e-05
"chr17:78758888-78760962",6.05571022555957,1.15381623540858,0.249466139165639,4.62514166959741,3.74342448687316e-06,7.65740534045957e-05
"chr17:78824429-78825615",3.5394466902962,1.03664469278653,0.274986077580965,3.76980791866202,0.000163373234435985,0.00125625989544128
"chr17:78859839-78861578",4.85871469043113,1.05246641188918,0.273854251787688,3.84316257651214,0.000121458951166161,0.00100433384676433
"chr17:79224121-79226699",14.2642485535111,1.05985553360974,0.167091488728869,6.34296541177816,2.25384047127044e-10,6.00704025382609e-08
"chr17:79399896-79400899",15.192616053014,1.19049525863552,0.19240690422118,6.18738326181372,6.11711152787325e-10,1.22499646489724e-07
"chr17:79492980-79493347",12.1419029603095,1.10896335395597,0.238368577667499,4.65230511843246,3.2824490262361e-06,6.95860758560605e-05
"chr18:394680-396485",6.91232866172579,1.24688666470902,0.269538468300456,4.62600634548057,3.72783881773138e-06,7.63344095223843e-05
"chr18:1074554-1076033",5.13323317669495,1.18428120685693,0.315950639260526,3.7483108425693,0.000178029529712032,0.0013383969362113
"chr18:7001860-7004564",3.69475003157334,1.08572541150627,0.349357627531376,3.10777646155375,0.0018850058741291,0.00823409845569895
"chr18:8658840-8660509",13.0747855691344,1.04589754195392,0.261361273421842,4.00173112206192,6.28807315281732e-05,0.000610345213577805
"chr18:8684869-8687092",8.63627504347124,1.21925210542864,0.274423630185799,4.44295596776102,8.87313298824365e-06,0.000143389965941885
"chr18:10019901-10021061",9.85630132485352,1.15766122134132,0.273344052647126,4.23517984068159,2.28368863022922e-05,0.000287390081241712
"chr18:10405331-10406970",6.33047602623943,1.33838522954326,0.249340936666288,5.36769151282417,7.97508069381757e-08,4.62422090797232e-06
"chr18:11074053-11075839",3.97911168561954,1.05570131514497,0.308789220957302,3.41884121431477,0.000628884135517954,0.00352191922548094
"chr18:21799711-21800836",6.42391361420991,1.06470131205065,0.275093761927822,3.8703215390613,0.000108691899783467,0.000922669056154198
"chr18:25365422-25366875",16.8190646777011,1.11628112215513,0.286796929630526,3.89223526065363,9.9324858304181e-05,0.000861532185351796
"chr18:31738248-31740023",23.4584774775891,1.2362799458273,0.292121724204931,4.23207123397649,2.31549043214919e-05,0.000290399994113252
"chr18:31860748-31862315",9.20288334209354,1.54872156868658,0.26684061112403,5.80392003362156,6.4782181957025e-09,7.13557431800493e-07
"chr18:35087625-35089031",9.1674454311841,1.04089628112253,0.229440265694847,4.53667658538591,5.71476411272936e-06,0.000104070458552348
"chr18:35155376-35156063",8.08078937280753,1.04140553678422,0.236148320486232,4.40996376616168,1.03387916823958e-05,0.000160269674307972
"chr18:35566718-35568750",10.2239591454075,1.34642967839152,0.294664854326382,4.56935959149087,4.89216783647145e-06,9.27029032188787e-05
"chr18:37778613-37780218",8.02307496435998,1.11235606418997,0.309180156497545,3.59776020812902,0.000320969324660274,0.002099683203783
"chr18:42322220-42325095",15.5616626574527,1.12030497474677,0.251464023515058,4.45513023726707,8.38422824651788e-06,0.000137584725935713
"chr18:42525621-42527254",14.0380029746834,1.09529578509434,0.276250208308449,3.96486863051117,7.34363792617297e-05,0.000686585709941075
"chr18:42938679-42939922",6.13591427920853,1.09129060860009,0.262199979151766,4.16205452086796,3.15397019678813e-05,0.000365588243158774
"chr18:42995075-42996936",10.2535902008071,1.68619973826319,0.2907949431904,5.79858686593163,6.68760593892934e-09,7.30868462882076e-07
"chr18:44334870-44338058",9.87657949802308,1.0758959811053,0.209006530596129,5.14766681230785,2.63746428145241e-07,1.10411738570922e-05
"chr18:44339442-44342010",8.37228586583223,1.21705601619772,0.252331468186849,4.82324311328661,1.41242640908164e-06,3.75848909403307e-05
"chr18:45461893-45462321",6.07596359701038,1.38871663169881,0.343859855383141,4.03861227171008,5.37683567173603e-05,0.000544588952060174
"chr18:45742513-45744341",14.2744213524539,1.25356560917496,0.24631556207946,5.08926678684868,3.59450616802762e-07,1.37808297707922e-05
"chr18:45816550-45817437",15.6664415698762,1.40875178022975,0.23451184896367,6.00716674426113,1.88793328763425e-09,2.82463800153643e-07
"chr18:46392476-46393600",12.4593414750952,1.01105128473045,0.171603429734916,5.8917894956544,3.82035651402311e-09,4.8300139324049e-07
"chr18:50947658-50949922",4.37882567998628,1.2822439247919,0.324947657290422,3.94600144369064,7.9467134416864e-05,0.00072916385879865
"chr18:50984031-50985901",3.51280951089985,1.07486112010399,0.3378369288617,3.18159747581652,0.00146465226201213,0.00677072008307628
"chr18:53158136-53159144",8.31055345993884,1.13588500323351,0.382671654118664,2.9683019136852,0.00299450042281892,0.0118249385535481
"chr18:55522706-55524607",5.25488035162821,1.46781115569686,0.373304847404843,3.93193703725215,8.42641379525729e-05,0.000762248867822535
"chr18:55565385-55567060",6.58164021597377,1.3759804464635,0.267572156799132,5.14246498187201,2.71156995120665e-07,1.12652512568279e-05
"chr18:56002353-56003160",2.71069107041661,1.07017834421724,0.345989117382897,3.09309828098699,0.00198078524919925,0.00855776002671852
"chr18:56763071-56765172",23.21843987045,1.39888516179794,0.308909317534006,4.52846541815284,5.94136023879591e-06,0.000107059062865597
"chr18:56884134-56885955",9.72880066705493,1.03942195062043,0.304806794231848,3.41010098951339,0.000649388285617642,0.00361153296689504
"chr18:57051134-57052732",5.48039935805969,1.16583961745893,0.260151979938719,4.48137899136325,7.41622788342736e-06,0.000125927894995371
"chr18:58176528-58177224",3.54027087713585,1.1607400278539,0.371141821734921,3.1274837808037,0.00176309547517128,0.00781813410145515
"chr18:58365436-58367078",3.47670383894046,1.02120847604048,0.333533411980884,3.06178763313526,0.00220019490240515,0.0092948989294864
"chr18:58629714-58630488",3.25906721111429,1.17482309234893,0.453091657457239,2.59290382644004,0.00951693795586587,0.0293209873776393
"chr18:60377279-60378060",10.9727205982063,1.09282212606117,0.343525788984822,3.18119384658324,0.00146669454082579,0.00677829192562917
"chr18:61283790-61285914",5.88621616782141,1.34138278754937,0.302542275364435,4.43370364004031,9.26279329139734e-06,0.000147902861677083
"chr18:65899521-65901084",4.79406212788389,1.1485668587387,0.328024427040805,3.50146746417707,0.00046270346403277,0.00277534337016082
"chr18:68189698-68191762",4.88549324422966,1.19419488066266,0.314807337298441,3.79341501666,0.000148589500329072,0.00116935661678835
"chr18:69837543-69839473",4.94535137940363,1.00303386490578,0.333232999915351,3.01000760777164,0.00261241146152451,0.0106352970986569
"chr18:70709751-70711190",4.56406312930817,1.05819802734783,0.296470796445387,3.56931623632198,0.000357914173484473,0.00228002066002816
"chr18:70766447-70767553",3.74634278636012,1.01829935585166,0.28706892139514,3.54722953255536,0.00038930525310144,0.00242849875722107
"chr18:72694715-72696212",7.83672437161064,1.27967425349143,0.379455748643634,3.37239390380995,0.00074517790176514,0.00401900056826017
"chr18:72834893-72835799",5.33639927800778,1.18766086892821,0.283635038551202,4.1872854460956,2.82310682793479e-05,0.000336456773939715
"chr18:72913125-72914365",6.74014095372964,1.21345102889182,0.270746900181508,4.48186490068152,7.3993581937894e-06,0.000125768445141753
"chr18:73001955-73003736",9.48787425687739,1.2936462514778,0.312323036507638,4.1420135573194,3.44269987580071e-05,0.00039028234140276
"chr18:74809149-74810759",8.0242107057536,1.16070114721105,0.272958931324297,4.25229224623554,2.11593481710526e-05,0.000271912748824341
"chr18:75466675-75467913",2.67544929486176,1.07374181155049,0.395636545340083,2.71396013385851,0.00664841664950281,0.0220852874835633
"chr18:75522855-75524630",6.47525234513991,1.25672629013425,0.29761966467197,4.22259158016115,2.41509217519515e-05,0.000299697037357723
"chr18:75562953-75564174",3.35928540951075,1.02203603319093,0.328444534871977,3.11174619967205,0.00185984319322741,0.00814864365798334
"chr18:75569564-75571100",11.8836455051922,1.91511055611971,0.291961907708996,6.55945349565444,5.40053318587813e-11,2.16709459719902e-08
"chr18:75849817-75851510",5.40590923991631,1.35316335776486,0.354259648179894,3.81969373231501,0.000133617478403952,0.00107866845879431
"chr18:75898310-75900771",6.54820265610898,1.20289419942731,0.317987523029474,3.78283458409723,0.000155052462501508,0.00120740483654703
"chr18:75951557-75952942",4.80152231561402,1.07713019958268,0.277138233408032,3.88661710922007,0.000101650898105791,0.000877148443242906
"chr18:76823978-76824681",6.75787097288794,1.33059424842349,0.26819941041606,4.96121242906285,7.0054526197083e-07,2.24533428731169e-05
"chr18:77335820-77338718",11.4703223946585,1.00965565422418,0.224594108477735,4.49546811832009,6.94170591611968e-06,0.000120003644918996
"chr18:77684745-77685905",6.98063187671006,1.10608220097634,0.222697930723208,4.96673766740605,6.80885942041574e-07,2.19596850457133e-05
"chr19:82890-83948",5.32934354245122,1.29225388344449,0.321672565748264,4.01729591219098,5.88697816066309e-05,0.000581651137036218
"chr19:279806-281578",6.18855255084575,1.07026424615016,0.264037533681203,4.05345494342629,5.04667233996799e-05,0.000518918264083412
"chr19:435197-436375",5.90356386751666,1.22337879738619,0.285825345163893,4.28016205730359,1.86757272958973e-05,0.000248029282008509
"chr19:485128-486263",14.1825956894065,1.16125265230117,0.225548490476468,5.14857204252637,2.62476973653571e-07,1.10075521628966e-05
"chr19:510705-513077",19.8425333512276,1.18315975870117,0.21462620911096,5.51265273520013,3.53465217695054e-08,2.51833076732977e-06
"chr19:588009-589587",14.2581681445067,1.09203498552454,0.171246477833235,6.37697778863514,1.80616643443011e-10,5.1436125182621e-08
"chr19:883523-884337",7.38438058504663,1.21044268312297,0.290097677021239,4.17253490462921,3.01229434727681e-05,0.000353475710324344
"chr19:934596-935537",11.6966825052754,1.04713328622402,0.203267387534254,5.15150658906147,2.58402144480835e-07,1.08966341615759e-05
"chr19:1449637-1450563",8.75209190343692,1.14465583426344,0.274403427857036,4.17143416612057,3.02688511213858e-05,0.000354654128976348
"chr19:2298741-2299880",4.19869786321549,1.02317906976276,0.268475558358359,3.81106971531848,0.000138366734877281,0.00110762100521747
"chr19:2968410-2970911",7.42542775721917,1.30776150148907,0.230875414635128,5.66436016392577,1.47574150637547e-08,1.32191058257855e-06
"chr19:2976515-2978171",15.3414719221146,1.05865990611715,0.192395432858728,5.50252098184939,3.74398652779375e-08,2.62837888385869e-06
"chr19:2982657-2984534",15.954676754626,1.60219430913551,0.23126614874364,6.92792402969252,4.27060959780155e-12,4.0834965383679e-09
"chr19:3055139-3057792",15.0429533800151,1.23741354765536,0.165618615025138,7.47146416764526,7.93073658319653e-14,3.87146963142935e-10
"chr19:3346159-3347268",6.93184105226619,1.23920144167645,0.29280964998904,4.23210588080972,2.31513367558275e-05,0.000290377278100699
"chr19:3387140-3388877",13.5230120586517,1.36753833642684,0.20020608057157,6.83065335739374,8.45287615737345e-12,6.30878312499735e-09
"chr19:3389878-3390601",10.5369795855481,1.31457631865042,0.207523194375497,6.33459947745309,2.37958602046213e-10,6.21508745450931e-08
"chr19:3392523-3392711",7.33507402540071,1.10882543983222,0.298072643457561,3.71998391724297,0.000199235464491296,0.00145746084606095
"chr19:3403604-3405190",9.78282424150328,1.3472079482611,0.317384603789932,4.24471739389345,2.18869087184837e-05,0.000278730547341346
"chr19:4191051-4191561",5.24970282955828,1.02946858954856,0.252009486009373,4.08503904297584,4.40694058090455e-05,0.000469196714559356
"chr19:4296110-4297140",7.83780162225994,1.34248875917154,0.260152111502224,5.1603992426564,2.46423759626639e-07,1.05123918761445e-05
"chr19:4448409-4449922",10.816483455031,1.10823799722889,0.296292856892081,3.7403466585512,0.000183766630146059,0.00137070912523441
"chr19:4606946-4607610",9.52355389362595,1.39938514899647,0.237102261523552,5.90203205994079,3.59051367697087e-09,4.61247566944141e-07
"chr19:4737934-4738959",4.12011853625246,1.12646623425843,0.335817062831929,3.3544044032754,0.000795360299722972,0.00422528700721735
"chr19:4742368-4743643",8.40563478138439,1.13950215001516,0.266409808885198,4.27725298397775,1.89213731473043e-05,0.000250418779498436
"chr19:4763951-4764301",6.26640304936101,1.04251477936213,0.276480118921621,3.77066815302431,0.000162811054608332,0.00125284327137849
"chr19:4894737-4896114",4.81836699042725,1.1177922905625,0.267247964138638,4.18260357629005,2.8818965165079e-05,0.000341710424182229
"chr19:4897173-4897484",4.42409442870952,1.04295129445943,0.337369073858306,3.09142531214187,0.00199198087574716,0.00859582856751715
"chr19:4981001-4982170",8.69719583212617,1.11483792380829,0.250284459136691,4.45428344873556,8.41738375783271e-06,0.00013801795936532
"chr19:5046078-5047212",18.0241972388021,1.2547980068587,0.191613040841191,6.54860442353023,5.80772411010029e-11,2.27749731161089e-08
"chr19:5086399-5087426",10.9603452459587,1.01820489650639,0.240662259063376,4.23084575233815,2.32814285366967e-05,0.000291648929991107
"chr19:5644774-5645853",4.29261172499086,1.14077204698085,0.28628925586594,3.98468340535644,6.75701522047499e-05,0.000644356898266346
"chr19:5841158-5842209",6.31762353849621,1.12401889996031,0.313916732065547,3.58062755229502,0.000342769962538974,0.00220546258299304
"chr19:5959958-5962924",14.2395425313461,1.09240261347762,0.267755540735302,4.07985063718083,4.50646472108702e-05,0.000476780014327041
"chr19:6056231-6058375",9.293752826376,1.15365971017614,0.222286398719253,5.18996986240804,2.10328120076212e-07,9.3727398623223e-06
"chr19:6065840-6067915",11.1560078642643,1.12377070120328,0.235013648999109,4.78172525718938,1.73797107196207e-06,4.3733426774494e-05
"chr19:6086198-6088790",7.63179644912885,1.02319480682963,0.235398740688705,4.34664520224738,1.38235552277925e-05,0.000198478596489213
"chr19:7157126-7158297",5.39835353290195,1.53915586159884,0.314572468261779,4.89284987368313,9.93862183088586e-07,2.90468450084633e-05
"chr19:7178798-7180419",17.004661594413,1.61303440931907,0.202492739997413,7.96588761325308,1.64041981609583e-15,4.23086984076261e-11
"chr19:8269652-8270568",10.0106199528154,1.28128921568108,0.257624284827375,4.97347995178182,6.57615776184635e-07,2.13715884816704e-05
"chr19:8271094-8271855",11.6470968887851,1.30911669967843,0.293948990286869,4.45355059189296,8.44617946488534e-06,0.000138330530501293
"chr19:8452938-8453583",5.98361696296083,1.2505140783105,0.355173529279486,3.52085382277029,0.000430159678364306,0.00262223271372825
"chr19:11141897-11143027",7.12299914572373,1.42973141148223,0.315668424949795,4.52921894772854,5.92021262878359e-06,0.000106816359394837
"chr19:11284733-11285829",5.09679038168997,1.02447343533897,0.302805587152437,3.38327124335137,0.000716278511969,0.00389452193625437
"chr19:13022746-13025208",19.1742827896611,1.5868293728624,0.187699666212222,8.45408734540989,2.81278706830651e-17,2.79357438304665e-12
"chr19:13085252-13086705",8.3453763046339,1.20237058190888,0.299033647655841,4.02085381138343,5.79875839940058e-05,0.000575410372079144
"chr19:13095469-13097081",9.73118182687687,1.14126464898949,0.197938086065698,5.76576580926769,8.12878726028045e-09,8.41748961773407e-07
"chr19:13146792-13147964",12.0166626201418,1.17571422108722,0.182367191019668,6.4469612900953,1.14114918408641e-10,3.69675002544892e-08
"chr19:13456123-13456423",2.36714553102854,1.06126323533402,0.325824329003179,3.25716387901673,0.00112531444081819,0.00552632668707047
"chr19:13708356-13711419",5.21628104391029,1.02136898003899,0.254650414712575,4.01086713796172,6.04961484444652e-05,0.000593071331822106
"chr19:13720350-13721685",23.6169165410241,1.63904095758558,0.282235842483908,5.80734517331559,6.34711985088088e-09,7.0525743570202e-07
"chr19:13723827-13724722",8.35663554614647,1.25262662530106,0.280667948634671,4.46301984745513,8.08125642851361e-06,0.000133890809181374
"chr19:13726591-13728091",4.82092980296774,1.03686154148396,0.290487475997691,3.56938466253258,0.000357820708341871,0.00227962002472714
"chr19:13742711-13745023",9.70574947368913,1.46714138873203,0.249020171127003,5.89165681676352,3.82342581613314e-09,4.83207235220373e-07
"chr19:13751400-13752052",2.79392197122937,1.00130846503434,0.333781086884151,2.99989575317632,0.00270072022000159,0.0109171026719379
"chr19:13802512-13804261",3.75774558229614,1.32865928022039,0.315843253782941,4.20670463689402,2.59121447663514e-05,0.000315435181150217
"chr19:13823397-13824266",3.11936789325449,1.10826289884815,0.317767257093502,3.48765605677885,0.000487274465925696,0.00288805517290604
"chr19:13995362-13996451",11.4833945566594,1.02179274873412,0.209385152688296,4.87996754122879,1.06103301842893e-06,3.05156663821409e-05
"chr19:14317531-14318733",26.7043503642144,1.00086932713851,0.184318491635608,5.43010806054771,5.63199393277657e-08,3.58454818096581e-06
"chr19:15532426-15532948",9.07883213728567,1.55344539969567,0.325875188609664,4.76699501524921,1.8699393447651e-06,4.62093324755013e-05
"chr19:16837337-16838830",5.50518679912041,1.11838639960974,0.282245511309282,3.96245947162014,7.41816026971443e-05,0.000692294979118657
"chr19:17362426-17362775",6.91467306942222,1.01510464349454,0.255344551971626,3.97543098396453,7.02519154765694e-05,0.0006641466259603
"chr19:18140060-18141213",8.90816254901528,1.0568040432396,0.281409229343176,3.7553993723171,0.000173065286412503,0.0013107315566699
"chr19:18267809-18268948",25.4871197624421,1.25378913333235,0.195489177770917,6.4135986842279,1.42124041419054e-10,4.31634833327098e-08
"chr19:19685934-19686977",6.68134556873603,1.25018063298956,0.267924410687161,4.6661691996752,3.06867040274842e-06,6.62559316116113e-05
"chr19:19688871-19689736",6.88579692441133,1.25961043530626,0.2840388256586,4.4346417514775,9.22255216136708e-06,0.000147409594750462
"chr19:20292765-20293849",2.79186202879319,1.00877946362692,0.368687839058998,2.73613435745977,0.00621656382838781,0.0209432920319172
"chr19:23987132-23988220",4.31107849970444,1.08777972218578,0.458235386619798,2.3738448708858,0.0176039448112494,0.04749192520135
"chr19:29010453-29012307",5.29498163631935,1.04655967620011,0.308810374645509,3.38900426321973,0.00070146919901428,0.0038316477924978
"chr19:29014056-29015051",2.42957115803246,1.02842350684583,0.362215008502785,2.83926254490894,0.00452179355572283,0.016322719095111
"chr19:30981900-30984155",2.63707733356859,1.01989374754413,0.467126483209874,2.18333531538589,0.0290111256578039,0.0703840976812863
"chr19:33415151-33415804",4.38371785959949,1.32506025594271,0.318365531693268,4.16207197084186,3.15372912686379e-05,0.00036558136201352
"chr19:33419486-33420697",5.89507025634372,1.22811089252732,0.342540277501453,3.58530360717102,0.00033668629141185,0.0021759647116347
"chr19:33876804-33877334",3.62194697999775,1.15025859203759,0.317985224459828,3.61733345941332,0.000297653727891765,0.00198152929846866
"chr19:33950225-33950524",4.32487657312682,1.32709094657563,0.337297592847552,3.93448092935377,8.33766882153908e-05,0.000756446967129153
"chr19:34169393-34170591",6.01393847228476,1.34500475679417,0.29331309375325,4.5855598861388,4.52771469471142e-06,8.77659943666765e-05
"chr19:35157639-35159879",9.20610083558215,1.21770383676747,0.199565334415137,6.10178035346758,1.04893456475865e-09,1.80356498640409e-07
"chr19:35528905-35529423",7.82402643772893,1.2787009709553,0.378273017012075,3.38036527441365,0.000723895546361536,0.00392822907647995
"chr19:35539536-35540642",8.77301805101965,1.4596249184255,0.285556457055377,5.11151081462831,3.19592525077944e-07,1.26526790114929e-05
"chr19:35546037-35547754",4.23674668066078,1.05567617256089,0.290285141332721,3.63668690624054,0.000276167273321061,0.00186944686635182
"chr19:35586881-35587543",5.10913745943429,1.45838576206521,0.410378690102639,3.5537560727153,0.000379771276341329,0.00238330341778373
"chr19:35611407-35611792",7.29133332707703,1.23142436276154,0.297961090650343,4.13283613667065,3.58314188875313e-05,0.000402341551813444
"chr19:36059809-36061497",3.73714685577154,1.03955759510733,0.341079301633407,3.04784720189398,0.00230487091693611,0.00964162541168872
"chr19:38548361-38549738",17.7752058091115,1.37343623086295,0.213471776773341,6.4338070897364,1.24446787169065e-10,3.92526005421839e-08
"chr19:38583163-38584691",7.95807114647799,1.00981633922076,0.265863590988743,3.79824982979156,0.000145721406689081,0.00115181025026447
"chr19:38660781-38661478",10.1301373096925,1.09632447489801,0.30126506365316,3.63906940155591,0.000273625056463802,0.00185606016572529
"chr19:38662645-38664572",13.1153552330585,1.15604211011842,0.230792892281577,5.00900222138555,5.47129417848129e-07,1.87208825646968e-05
"chr19:39352758-39354046",5.68328866936836,1.01491691054533,0.25819465556419,3.93082075354193,8.46563705397852e-05,0.000764950821040897
"chr19:39355140-39356629",6.64625568452407,1.19400641078484,0.305012993716837,3.91460834581138,9.05510704622522e-05,0.000804235313320114
"chr19:39367927-39369391",15.7215565216902,1.28655393486716,0.273231073736467,4.70866624821763,2.49342952930538e-06,5.70621118027263e-05
"chr19:41047093-41048681",9.76048537631115,1.0643908627143,0.343959336304011,3.09452528357459,0.00197128132170765,0.00852460819502042
"chr19:42237650-42240105",7.19083702200498,1.06037021935552,0.338646870224082,3.13119745844359,0.00174095061804896,0.00774174525954455
"chr19:45114525-45116146",5.64257939388738,1.25205135001443,0.3373147163843,3.71181952401975,0.000205774692448503,0.00149317805223724
"chr19:45299855-45300562",7.72006118194666,1.08853594648875,0.27282626860095,3.98985021519647,6.61150332752592e-05,0.000633395544796705
"chr19:45633491-45635019",17.3089592813066,1.2450940352756,0.258571032430648,4.81528817660404,1.46987611182966e-06,3.87142043820223e-05
"chr19:47273640-47274795",9.74108508385711,1.14590142766093,0.259259207969084,4.41990638109787,9.87436691682201e-06,0.000154990718356229
"chr19:47298986-47300242",8.10443784375355,1.19169754690942,0.291595911987714,4.08681157011429,4.37342033365585e-05,0.000466754315263179
"chr19:47882577-47883255",8.20058255011394,1.29734748162902,0.2720864742703,4.76814397006808,1.85930898918054e-06,4.60076747132372e-05
"chr19:48843715-48844703",6.7781842009789,1.03047335223682,0.263822893681866,3.90592847290739,9.38642759787347e-05,0.000826589414412933
"chr19:49321223-49323164",10.7808435291121,1.05368819854135,0.277947102854681,3.79096665415596,0.000150062102525914,0.00117814879013976
"chr19:49418962-49419746",4.38989482250694,1.03201623026224,0.294915246604684,3.49936546904132,0.000466366877069139,0.00279162368519375
"chr19:49906416-49907916",8.21971914308225,1.06552068944787,0.322242288916014,3.30658242601293,0.000944415605899999,0.0048201668316411
"chr19:50737197-50738393",7.64221066246174,1.0948136943495,0.255635473842335,4.28271428019703,1.84627187652304e-05,0.000245799946340812
"chr19:51361306-51362886",10.4420371800161,1.15127720470439,0.306125192746671,3.76080516070791,0.000169367316908824,0.00129016206199403
"chr19:53161581-53162498",5.93017007978267,1.47537684036811,0.3284407650938,4.49206370575454,7.05363156951225e-06,0.000121443874996335
"chr19:55784929-55786218",6.17795223330923,1.03020801826041,0.310077552477266,3.32242050425738,0.000892400958008291,0.00461874181730548
"chr2:16872-17813",5.79400772684901,1.18722932778552,0.250159159256725,4.74589589808754,2.07585461368504e-06,4.97896231284948e-05
"chr2:168785-169980",3.4529275112397,1.3739875653959,0.426998010040039,3.21778446992543,0.0012918485211974,0.00614445841395932
"chr2:902924-903499",4.2307122778229,1.44097744140154,0.33238150339913,4.33531176273423,1.45553683732374e-05,0.000206282878989181
"chr2:1597180-1598557",6.27067757242131,1.10197514060253,0.318071403775259,3.46455269956036,0.000531114065966416,0.00308763347348454
"chr2:1858469-1859387",5.75446346436044,1.17917925576837,0.342736263232899,3.44048582617323,0.000580670849826863,0.00330973697634893
"chr2:2190854-2193814",4.98672631014008,1.26011158091275,0.333971715666718,3.773108684959,0.000161226010702348,0.00124346483280125
"chr2:2746418-2747463",5.74921289650735,1.09289162355288,0.260843267810781,4.18984025436178,2.79150906216086e-05,0.00033349705698692
"chr2:2767086-2768452",5.36003671502117,1.13638872993738,0.254236051715485,4.46981740893739,7.82864007510361e-06,0.000130894417439102
"chr2:2852372-2852873",11.1315102467656,1.01233311759107,0.242015696826035,4.18292338417516,2.87784397509231e-05,0.000341372213884032
"chr2:4427835-4429535",6.19895144577917,1.06840425953782,0.319860230503822,3.34022225224729,0.000837113679068951,0.0043943225705735
"chr2:5455132-5456791",4.82183438234311,1.19624453368097,0.297900533889003,4.01558371871429,5.92988438258316e-05,0.000584649947030771
"chr2:7408341-7411029",3.93374265141209,1.05044729781442,0.267073805536847,3.93317231430807,8.38320961850317e-05,0.000759413968773416
"chr2:7773628-7775347",8.03616757148328,1.33683632216074,0.306259781181463,4.36504041439463,1.27099257762296e-05,0.000186669831953238
"chr2:8286186-8287126",5.02699454068622,1.16269300040657,0.236260921730532,4.92122434759943,8.60044727249122e-07,2.61695867601328e-05
"chr2:8579023-8579865",4.61556561231193,1.10655679800272,0.296286188501897,3.73475660002164,0.000187896824559777,0.00139388788001413
"chr2:9030878-9031641",3.7245147630583,1.36334157106278,0.37408632426107,3.64445712832668,0.000267956794917616,0.00182696229572022
"chr2:10348323-10349635",5.45607896774838,1.08179907686933,0.304938860418027,3.54759336145725,0.00038876793853359,0.00242609485882688
"chr2:11029698-11030993",8.12638731184395,1.05844587116028,0.249412032858793,4.24376426040169,2.19801256561761e-05,0.000279535441170079
"chr2:13955027-13956364",1.51964056764864,1.07307816705199,0.512007324582315,2.09582581250647,0.0360976456802865,0.0834547420797092
"chr2:15424401-15425242",5.13559810931951,1.11793746686791,0.339749349751303,3.29047713464719,0.00100017630045291,0.00503925212896532
"chr2:16369970-16371494",4.59252284045215,1.21649168414145,0.344097730092038,3.53530865727033,0.000407299101536617,0.00251414511835539
"chr2:18492302-18493666",5.19926612313628,1.05003520287766,0.291279139510433,3.60491041219945,0.000312260626509746,0.00205683943540921
"chr2:19172618-19173719",12.2234659066716,1.3242255430618,0.306500303545181,4.32047057619503,1.55696816870474e-05,0.000216863053900247
"chr2:23112705-23113685",4.89447157928253,1.0702459077151,0.413517387155442,2.58815213328091,0.00964923539319698,0.0296482179259382
"chr2:23715211-23716687",5.83900273766683,1.17736257714777,0.293057534138848,4.01751342311487,5.88154860225928e-05,0.00058126884034496
"chr2:23752898-23753990",9.89786542397514,1.48320502960391,0.28986040933097,5.11696313762652,3.10494274087962e-07,1.24156236339183e-05
"chr2:24619022-24619508",4.64935748499317,1.29249726703733,0.322636556518464,4.00604717885824,6.17433216560787e-05,0.000602041378218558
"chr2:26223315-26225840",5.87700752366851,1.17765248762434,0.275216216926191,4.27900834034124,1.87727829240308e-05,0.000248953401140389
"chr2:26652191-26653874",4.76295503931204,1.08160623741675,0.252669501243911,4.28071544880533,1.86293434198974e-05,0.000247570166332563
"chr2:26835282-26838144",5.18409830774321,1.08527873693763,0.272663735787985,3.98028265035404,6.88333753439282e-05,0.000653777648007564
"chr2:31231429-31231919",7.5284409651097,1.35134038400448,0.320764063031358,4.21287962009752,2.52135456601864e-05,0.000309300427971337
"chr2:33512970-33513654",4.24863775402756,1.2330067115713,0.307304168802099,4.01233317588135,6.01215644295811e-05,0.00059053871669739
"chr2:39474174-39475711",4.39479591093424,1.40668144546138,0.310935971508959,4.5240228675853,6.06751644531642e-06,0.000108666392364286
"chr2:40208649-40209897",3.93551363397766,1.03690259382816,0.286186652068641,3.62316895750772,0.000291015591085709,0.0019466141746423
"chr2:40466980-40467762",8.14653658176745,1.49528852453061,0.280164075712355,5.33718864821851,9.43988096273314e-08,5.21133757722347e-06
"chr2:42565761-42567020",6.38352205517146,1.06436013763159,0.271084305885098,3.92630674120518,8.62601388169773e-05,0.000775970954702368
"chr2:43130396-43131824",15.040399824536,1.53767633871748,0.221709870737268,6.93553396429366,4.04689649906917e-12,3.95590621976648e-09
"chr2:43132543-43134852",9.72536033954527,1.05916010730172,0.238144075275219,4.44756018421903,8.68511293942169e-06,0.000141222800544754
"chr2:43626518-43627435",4.41105692445858,1.00955585219683,0.319731086538545,3.15751547066137,0.00159119793210428,0.0072187585887395
"chr2:44302702-44303468",4.73559912049276,1.56009268859518,0.307887441526725,5.06708776707207,4.03948061159029e-07,1.50004360981159e-05
"chr2:45140975-45142464",3.98284832635196,1.23817942125612,0.35973814280424,3.44189084761552,0.000577663290794051,0.00329640495343039
"chr2:45567384-45568651",3.01795945710981,1.0079133358166,0.332325495954546,3.03291004778778,0.00242207786353816,0.0100269615477026
"chr2:46050688-46051729",15.9496399796465,1.23812169031713,0.262838248360131,4.71058416361347,2.47007767191994e-06,5.66779903544319e-05
"chr2:46398175-46399824",7.72260345426812,1.1804292227541,0.304652985276027,3.87466816281018,0.000106770092276407,0.000910445846876198
"chr2:46483917-46485381",6.31418541227646,1.1487892261049,0.239906541489124,4.78848646216251,1.68043897534975e-06,4.26486278984988e-05
"chr2:48461326-48463064",4.10839772534932,1.20614974740029,0.323301394735224,3.7307285617747,0.000190926842536196,0.00141081907045293
"chr2:48468728-48468972",0.962442701831875,1.40131347634868,0.529653490386774,2.64571743938738,0.00815178773514335,0.0259380549864364
"chr2:48505935-48507545",3.91940314274476,1.33982610102517,0.316302875561888,4.23589604945914,2.27642078346606e-05,0.000286722979581807
"chr2:48624413-48627488",3.88689848098266,1.10341105298154,0.287944447311507,3.83202754310395,0.00012709150652398,0.00103937404359754
"chr2:54432956-54434185",3.92937680300673,1.31696817883371,0.421588475982099,3.1238239512259,0.0017851723209837,0.00789379303868093
"chr2:56273844-56274781",4.54059033922442,1.1465104172402,0.300074990436573,3.82074632601726,0.000133048446440037,0.00107547307095126
"chr2:56584719-56585730",4.90814418434313,1.03591720661171,0.311363130546303,3.32703876915079,0.000877741608072872,0.00455877421599134
"chr2:56701411-56702605",4.60698267619297,1.27067671590784,0.310685363058135,4.08991496541815,4.31531368538552e-05,0.000461994027378996
"chr2:56749445-56750552",6.22033368868832,1.05461164491721,0.288182586014059,3.65952592592033,0.000252682279056981,0.00174820139450408
"chr2:60591306-60592150",3.94161126383836,1.15872319091585,0.354768072514038,3.26614281466945,0.00109023250401395,0.00538990109951671
"chr2:62045569-62046566",4.31220745548628,1.44647711757448,0.395555802717966,3.65682188868262,0.000255361685946341,0.00176219377523982
"chr2:62076884-62077167",8.78678603399544,1.06979150431885,0.31180685294264,3.43094288731253,0.000601487222942638,0.00340247415315817
"chr2:62240695-62242032",5.34679161331345,1.01508762001401,0.309771070727985,3.2768961208304,0.00104954975612652,0.00523110164308764
"chr2:66166547-66167659",1.78397322351872,1.14181931942738,0.483390047495905,2.36210762994051,0.0181713657274022,0.0487013866445719
"chr2:66763655-66765351",4.61995337986378,1.23081291562828,0.356340888757109,3.45403223279052,0.000552271363715862,0.00318134113903554
"chr2:67364792-67365149",2.52896724038112,1.0900129535181,0.430557608202672,2.53163091942161,0.0113533425261641,0.0336987058269005
"chr2:75302960-75304056",10.3617716498167,1.25845765761643,0.245826197528537,5.11929839158147,3.06674412020851e-07,1.22995514662257e-05
"chr2:80775462-80776274",3.01964582126993,1.01195791929647,0.430570098215827,2.35027449302627,0.018759571083129,0.049945311737113
"chr2:80835304-80836329",3.6102349681562,1.21953606006702,0.495338263941459,2.46202675796342,0.0138154359264149,0.039306139102028
"chr2:83877478-83878964",3.89977913133754,1.08653683474462,0.410753291404477,2.6452297704772,0.00816354627911002,0.0259646275287924
"chr2:95974235-95975502",6.94124277969284,1.07858320566723,0.218302923961484,4.94076389859774,7.7817091314601e-07,2.43146799595366e-05
"chr2:96587627-96588155",1.51233664245721,1.24122692930227,0.426572195841715,2.90976988514938,0.00361694954641064,0.0137030223229068
"chr2:96732358-96734478",10.1012150726189,1.00894239098324,0.219072798116027,4.60551195611642,4.11452343601488e-06,8.19259061591874e-05
"chr2:96904795-96907204",4.65287174627796,1.03794333942681,0.340821812383891,3.04541347329526,0.00232360626944164,0.00970691874991964
"chr2:97880451-97881022",1.88040647025908,1.07083855709043,0.392204212345767,2.73030865906759,0.006327505219918,0.0212434069989974
"chr2:99391066-99393095",7.87193259099938,1.09969829901585,0.265586623152384,4.14063888445498,3.46339834479943e-05,0.000391938674305087
"chr2:99421719-99423413",9.72354146039446,1.43954744281901,0.293666517943533,4.90198015388259,9.48754232698503e-07,2.80962647211637e-05
"chr2:99483844-99487545",13.19366464852,1.06322864611162,0.19841185071779,5.35869527079759,8.38251034085004e-08,4.80272578120801e-06
"chr2:99538759-99539336",5.35201357404654,1.39815463820365,0.3289452088396,4.25041800467571,2.13371937392238e-05,0.000273615421214853
"chr2:100012940-100014450",4.83301557651249,1.07095260636991,0.28370292812234,3.77490854062699,0.000160066379893305,0.00123645516372921
"chr2:100123937-100125672",9.92187212129329,1.51140317600093,0.225419637344836,6.70484254967041,2.01623647201618e-11,1.11740611192821e-08
"chr2:100128646-100129154",2.13953264614696,1.15514163681849,0.412484117027165,2.80045119105135,0.00510312240920569,0.0179380406931955
"chr2:100147880-100148652",4.26663019991529,1.09467140413378,0.371359919020229,2.94773708218671,0.00320109188196737,0.0124660289547961
"chr2:100185909-100186120",3.7043829607569,1.46704103945912,0.383585825168828,3.82454445185359,0.000131014107404595,0.00106351583487003
"chr2:100187578-100191533",5.12544003483478,1.18324602088544,0.238484807104708,4.96151530678403,6.99453571412987e-07,2.24269282826736e-05
"chr2:100223563-100224843",4.10826611826248,1.00264802661387,0.327393588207096,3.06251576918371,0.00219484910766248,0.00927722464336062
"chr2:100231571-100232413",5.85584393899366,1.28736195746417,0.405228872180498,3.17687619477111,0.00148870572863266,0.00685714317976958
"chr2:100252731-100254264",5.61098472171834,1.06048015518085,0.360103907444758,2.94492820893239,0.003230296061918,0.0125559877812238
"chr2:100534776-100535518",1.50169979718629,1.20884296017506,0.570247906081104,2.11985514946043,0.034018262737702,0.0796658234626787
"chr2:104229320-104230635",4.49839960769623,1.49484915013821,0.379534791411813,3.93863536087848,8.19463585711898e-05,0.000746518969504608
"chr2:104496511-104497233",2.41098841907332,1.26119152954526,0.423864796279753,2.97545712834538,0.00292552238896519,0.0116150686885892
"chr2:105119336-105121808",3.71104319524475,1.21586759513205,0.311088518325701,3.90842967035856,9.28979817497019e-05,0.000820061568766628
"chr2:105163606-105164864",3.86398798723956,1.10361697248512,0.319275756907567,3.45662628185272,0.000546982852065892,0.00315711458948991
"chr2:105317776-105320529",3.47307972261888,1.0326404577731,0.322757996208309,3.1994264120621,0.00137701335568031,0.00645484997272833
"chr2:105458843-105462218",5.93935922050885,1.03163368187033,0.347831735648588,2.9658986692134,0.00301799908338145,0.0118986733378267
"chr2:105517446-105518461",2.77387030508457,1.12956393846616,0.369646643914719,3.05579384274556,0.00224465535301504,0.00944239890215879
"chr2:106131457-106133245",3.79787265451005,1.24777375787829,0.32834022149733,3.80024644007384,0.000144552260363533,0.00114498174430517
"chr2:107317448-107318778",3.84837385133625,1.10960197626748,0.345588827962206,3.21075765906653,0.00132385527195768,0.00626196019446063
"chr2:107361649-107362614",5.74605485391399,1.12363872520915,0.30644086240676,3.66673920829026,0.000245663109970731,0.00171054540352348
"chr2:112986755-112987373",3.19983244994346,1.12312223066729,0.362625324780616,3.09719744848698,0.00195359703207636,0.00846582280011916
"chr2:114466157-114467532",10.9397804375015,1.21741097996443,0.343409953473945,3.54506608690013,0.000392514660153091,0.00244367002629823
"chr2:116342076-116343073",1.85663120039637,1.13485795723598,0.510469862760131,2.22316348138508,0.0262047783223038,0.064979571006912
"chr2:117698848-117699677",3.29241560715869,1.33572788139042,0.478013220629975,2.79433250743581,0.0052006973759469,0.0182084368106633
"chr2:119975482-119976691",11.7663140741316,1.02815490463056,0.198282917352129,5.18529240118387,2.15676212472396e-07,9.55392336206164e-06
"chr2:121603290-121606161",5.34779750738735,1.18475088233245,0.314356398486843,3.76881427588322,0.000164024872414651,0.00126026791837764
"chr2:121642835-121643111",4.22084570923534,1.02201183727128,0.305775660769314,3.34235836397167,0.000830697372685768,0.00436898605008731
"chr2:121644244-121646185",9.11974407885592,1.27540105192692,0.254940613460402,5.00273783221683,5.65217843473517e-07,1.91461117538159e-05
"chr2:121793313-121794648",13.1537620388885,1.26956879036071,0.286958337134954,4.42422688616167,9.67882607074177e-06,0.000152794116276984
"chr2:121959920-121961352",5.86746427453626,1.04622580129818,0.275778337622554,3.79372002281811,0.000148407006076138,0.00116819082646452
"chr2:121985003-121986320",9.36501803772594,1.31398003119706,0.22875633918177,5.74401582005109,9.24571443170374e-09,9.27811840149976e-07
"chr2:124758911-124760495",5.23196192816834,1.13584825411131,0.284958754463874,3.98600933053738,6.71938705574935e-05,0.000641586173187552
"chr2:124903339-124904029",4.41771792813338,1.11753599686695,0.298293848194343,3.74642656438178,0.000179371480784388,0.00134568182220445
"chr2:126214339-126214938",3.13002276001829,1.30910259173246,0.520697259427031,2.51413382350615,0.0119325145564756,0.0350347555134294
"chr2:129026738-129028178",7.83238366185479,1.22500743022301,0.292676211210744,4.18553809055884,2.84491354383014e-05,0.00033856228163687
"chr2:129698940-129699771",2.16643808371009,1.09652992134534,0.392081268320019,2.79669040564913,0.00516289794728098,0.0181025644648151
"chr2:130896381-130897587",6.14846283914483,1.10608359294224,0.265566493605344,4.16499678828451,3.11356947784252e-05,0.000362299954340174
"chr2:131501927-131502744",5.68133147928927,1.01946181905492,0.361461966147616,2.82038475560824,0.00479660991688072,0.0170897259028234
"chr2:131517566-131518228",7.20978904829891,1.129683782836,0.291503904800698,3.8753641520115,0.000106465363158493,0.000908726850114549
"chr2:132290748-132291803",6.81150142519447,1.16781264758648,0.271450775145097,4.30211572231562,1.69174909930087e-05,0.000230372501017947
"chr2:133377722-133379707",6.17935798492451,1.13589758412475,0.296075807965786,3.83650927756993,0.000124795483741229,0.00102484638367368
"chr2:135293875-135294357",5.09219882262061,1.02204737339762,0.309458177599471,3.30269951605691,0.000957589393218239,0.0048722738891506
"chr2:138649890-138651219",8.29876760618105,1.15659687251682,0.287001740540257,4.0299298197273,5.57935080830923e-05,0.000559526573670166
"chr2:139359195-139360357",5.65836079355055,1.18992187903026,0.284014726636019,4.18964851972346,2.7938687094835e-05,0.000333707617065763
"chr2:146188444-146190087",14.7860076690302,1.20680340631743,0.245096061987758,4.9237976184934,8.48806217659777e-07,2.59264406583503e-05
"chr2:147992184-147993537",6.01578543115109,1.127863131765,0.276567760722694,4.07807160465053,4.54107822719427e-05,0.000479322851137891
"chr2:148436665-148438125",9.23703674138064,1.33971741044928,0.311039014975339,4.30723268126186,1.65309690480233e-05,0.0002266741186886
"chr2:149653332-149654516",7.68039650729639,1.1436841627077,0.267958271637022,4.26814278104072,1.97107156058018e-05,0.000258296193779336
"chr2:149671521-149673212",10.466902729377,1.49648167067239,0.254975080246239,5.86912912911796,4.38090143734801e-09,5.33795174643322e-07
"chr2:151064210-151065687",3.99523267082571,1.08930517570394,0.347443677423998,3.13519930418715,0.00171737390588946,0.00766190121695562
"chr2:153487158-153489226",8.13286832521463,1.11368577005568,0.275745788774711,4.03881333965022,5.37222938912194e-05,0.000544264706880168
"chr2:154197508-154198997",4.38627126458001,1.13726695298127,0.384407010914234,2.95849690742245,0.00309143343684196,0.0121260456908247
"chr2:156755652-156756855",3.47984984042437,1.23262965792134,0.434555878925141,2.83652740119453,0.00456070646940814,0.0164295784031343
"chr2:159111726-159113069",3.39567668901024,1.19852726665382,0.388148079010386,3.0878093476839,0.00201637786108108,0.00867809897036328
"chr2:160827761-160828892",3.15758326005707,1.37300184512979,0.439974849018627,3.12063711867236,0.00180460261441416,0.00796091786460835
"chr2:163331130-163332825",10.4605050732995,1.33451483884767,0.295331607472696,4.51869967548614,6.22205775373734e-06,0.000110731491514601
"chr2:163624790-163626139",12.1358508998905,1.34205576586692,0.265591932529686,5.05307428988608,4.34754694458557e-07,1.58114899278153e-05
"chr2:163866885-163868418",5.54172325681094,1.17403321999945,0.312932580968799,3.75171296119055,0.000175630477001914,0.00132499586825862
"chr2:164180138-164182020",6.59321841110172,1.23102588700036,0.35079961599179,3.50919964242256,0.000449457392793454,0.0027132266768397
"chr2:164865254-164867544",3.79362884737867,1.05670259610246,0.356822472240458,2.96142389650381,0.00306220160685305,0.0120334667771331
"chr2:164922066-164923320",6.39289438512155,1.00611119423234,0.305464346847333,3.29371072145181,0.00098874198474482,0.00499492726504627
"chr2:166071901-166074075",10.3389982954904,1.13076158564092,0.298800016945389,3.78434244147847,0.000154115503861825,0.00120220276066315
"chr2:166487192-166488029",3.864939014784,1.03160413404443,0.289305570520901,3.56579422991065,0.000362755920685305,0.00230311886261569
"chr2:166490983-166492294",9.41425766756776,1.00696843262855,0.245776886919888,4.09708351850341,4.18387983831086e-05,0.000451593327167556
"chr2:167470418-167472066",8.43747461107251,1.12372208398857,0.322687073060871,3.48238952781538,0.000496960222192544,0.00293141920406914
"chr2:167640232-167641577",7.43231979538261,1.25223625331671,0.341792177590926,3.66373584715402,0.000248563129793676,0.00172586375079753
"chr2:169224984-169226256",4.88126256137956,1.20443848682565,0.381635869689311,3.15598868577574,0.00159955065096473,0.00724674880296003
"chr2:169772259-169773551",2.57714896065247,1.02598478668838,0.412569545032781,2.4868165841152,0.0128891831998692,0.0372204194088069
"chr2:171080935-171081756",5.188047318053,1.30614234712754,0.368399516228442,3.54545076632949,0.000391942198541973,0.00244067967729772
"chr2:171386323-171388126",11.6917254796592,1.0388189689717,0.186432722566488,5.57208495735624,2.51708613072779e-08,1.97831405203811e-06
"chr2:172579797-172581765",5.29594790940976,1.3413057111878,0.276108347746935,4.85789626475603,1.18639534484547e-06,3.315420256564e-05
"chr2:172821857-172823793",4.97735958433855,1.32597746435064,0.423479647614476,3.13114802994681,0.00174124367579237,0.00774263768774547
"chr2:172936585-172938342",5.55273000024729,1.16298441529545,0.473333723541294,2.4570073025739,0.0140099838751095,0.0397412793130037
"chr2:174095085-174096556",8.74840018882592,1.27253835814089,0.258889581260956,4.91537107033363,8.8614453250502e-07,2.67404939262481e-05
"chr2:174114489-174115788",12.8738100327809,1.62883356297846,0.304835378871049,5.34332192349463,9.12584793210569e-08,5.09116023537413e-06
"chr2:174211914-174212991",8.56062030021098,1.10428159985842,0.316803858952725,3.48569491390952,0.000490860475855122,0.00290401422896658
"chr2:174453981-174455678",9.59535797653815,1.01840468673987,0.208205730260531,4.89133841544862,1.00152595080348e-06,2.92235501625975e-05
"chr2:174988964-174990150",2.77952352607041,1.03050165654967,0.384468806571468,2.68032578699752,0.00735505382768606,0.0239151768164047
"chr2:176072269-176073312",6.14000659514861,1.10757327514691,0.300968346442176,3.68003242945584,0.000233204294459412,0.00164272871718785
"chr2:176226503-176229388",4.29502290243001,1.15543936442096,0.307352290006316,3.75933221254744,0.000170367489717387,0.00129566935587278
"chr2:177894359-177896817",5.57755952504156,1.13017388578554,0.271585309102114,4.16139550965402,3.16308720887458e-05,0.000366324197467839
"chr2:179631557-179633140",4.56825108669004,1.07891735255211,0.291113908980799,3.7061690261707,0.000210417899427242,0.00151970094483804
"chr2:182290558-182292169",4.04439984317553,1.0159517170751,0.285298651921408,3.56101127794664,0.00036942921344226,0.00233456814589269
"chr2:182520309-182524291",6.51201112910443,1.17378966987003,0.260202609758497,4.51106032702541,6.45043707741574e-06,0.00011372142953058
"chr2:182542462-182546075",7.48603071129951,1.10302369584828,0.264890648091454,4.16407186812975,3.12621639832107e-05,0.000363354163697253
"chr2:182547947-182550155",8.55816090500031,1.08617640386935,0.234242317275184,4.63697770968228,3.53540521074961e-06,7.34117137735689e-05
"chr2:182551417-182552102",5.05415108253827,1.14983900278826,0.252223525599168,4.55880949271787,5.14444101472444e-06,9.62699859878845e-05
"chr2:182862642-182864131",4.54923742871265,1.09238940095795,0.336957524286624,3.24192018940862,0.00118727266688197,0.00575773493496372
"chr2:183230652-183232098",3.71817640023526,1.25862176657435,0.372992306900482,3.37439068658904,0.000739792913470092,0.00399657911787123
"chr2:183386235-183388470",5.45678477587481,1.12293218992462,0.272952248974331,4.11402431796862,3.88820447801938e-05,0.000427446245131369
"chr2:184529490-184531159",8.98208774357299,1.22996882334959,0.236686752316951,5.19661033542983,2.02955161253873e-07,9.13285905393037e-06
"chr2:185556841-185557425",3.77050955945243,1.00005965073664,0.377757553883255,2.64735844579749,0.00811233147273722,0.0258414474693235
"chr2:186041882-186042187",1.41100089867686,1.4808894463661,0.571536140166188,2.59106877464563,0.00956783683714528,0.0294477673305253
"chr2:186340658-186341448",3.63623422480013,1.03819050136705,0.346107970796005,2.99961453929923,0.00270321464617778,0.0109246833842107
"chr2:186486413-186487141",2.924184177678,1.3938021902682,0.438618231768851,3.17771147963298,0.00148442388502455,0.00684183814093219
"chr2:186569435-186570301",2.45318973577425,1.28403492538748,0.426239270502244,3.01247448146786,0.00259127221587014,0.0105689736477668
"chr2:186574102-186574983",4.02107137851284,1.60800261846405,0.38590156325617,4.16687251768561,3.08807075564105e-05,0.000360011663518025
"chr2:187211194-187213449",4.14229011488409,1.15650378508872,0.344598130271223,3.35609419638602,0.000790516389381014,0.00420462257640237
"chr2:188479061-188479453",1.21220480368787,1.11667574506297,0.549432088627547,2.03241814261772,0.0421113429460767,0.0941766079953589
"chr2:191726789-191729569",6.93933719737545,1.02648471429008,0.238477961945131,4.30431686818193,1.6750178116272e-05,0.000228716502555431
"chr2:192782605-192783552",6.01838416853376,1.1058332550632,0.348414811515199,3.17389852128879,0.00150406266312051,0.00691020531058612
"chr2:195059675-195060624",2.62468753087981,1.03738797589142,0.449314468628243,2.30882388243264,0.0209533561951287,0.0544926382361104
"chr2:195254240-195255104",3.37393909773375,1.05306558932197,0.414004221701369,2.54361075110383,0.0109713270030198,0.0328169848981516
"chr2:205128625-205131343",8.90078158155634,1.26588147700009,0.233154025167577,5.4293786096562,5.65506018136309e-08,3.5924096591301e-06
"chr2:205179773-205180926",4.35051613125579,1.09532036787565,0.343437147980841,3.18928914450673,0.00142623143479562,0.00663428363901072
"chr2:205225480-205226474",5.16493919852857,1.58862530239596,0.421247803032256,3.77123700339942,0.000162440300200677,0.00125068968310826
"chr2:205282482-205283407",1.51279453986868,1.09004201557932,0.548926764606916,1.98576947939474,0.047058926151002,0.102717244636168
"chr2:205887541-205888743",5.65833411186788,1.52253956507557,0.33277273301656,4.57531346175468,4.75507485076596e-06,9.08662579556273e-05
"chr2:206730309-206731853",5.73434426895448,1.11399242565154,0.252074725598456,4.41929440965089,9.90236723893947e-06,0.000155317737264692
"chr2:206865112-206866140",1.6974425221566,1.19723753727853,0.497825598338435,2.40493365804105,0.0161754019321093,0.0444378562252698
"chr2:207094634-207095954",12.1766362308253,1.49589958244881,0.285472270163777,5.24008717761135,1.60500756282148e-07,7.683648911172e-06
"chr2:207977786-207978776",5.41784838384696,1.21147545019571,0.364640516189776,3.32238299477726,0.000892520944712528,0.00461907761724406
"chr2:208267997-208269487",7.56954538758511,1.40063002502219,0.310031092205272,4.51770825648295,6.25125336608031e-06,0.000111121314738964
"chr2:208665857-208666463",6.26601866713334,1.05139644444862,0.273371052419479,3.84604161685448,0.000120041382681564,0.000995284607909655
"chr2:211545748-211547448",5.33985346898914,1.49035579636215,0.335152778529108,4.44679528811578,8.71608264500462e-06,0.000141527333908582
"chr2:212606384-212607100",1.83436345819711,1.30329856260802,0.500188431720661,2.60561516411854,0.00917094374530653,0.028467147334435
"chr2:213000065-213001450",7.06686055428512,1.18366986007909,0.290401380688901,4.07597876177841,4.58212011334624e-05,0.000482343798101225
"chr2:213146841-213149898",3.18842825865206,1.03802873225539,0.298956579396406,3.47217222765649,0.000516265014991737,0.00302079271834403
"chr2:213159521-213160332",5.11145143720481,1.38664737831795,0.356346159107846,3.8912931790526,9.97113622101977e-05,0.000864122184929379
"chr2:217106525-217108134",6.07852523210115,1.07295689598009,0.251069794648767,4.27354034156557,1.92393455771933e-05,0.000253635894306058
"chr2:217203948-217206364",9.56101884810889,1.13556198907912,0.259077185724854,4.38310299651439,1.17000763124108e-05,0.000175678243915611
"chr2:217419300-217420564",7.11427463104437,1.10180373216995,0.290885194438777,3.78776147165456,0.000152010678187273,0.00118999197450512
"chr2:217625990-217626226",7.04160243212969,1.04662396795462,0.274335769202519,3.8151203213387,0.000136116593884383,0.00109378695099598
"chr2:219469945-219470754",6.31706404230588,1.05805146530931,0.329370563006228,3.21234373725532,0.00131656748169896,0.00623501279527521
"chr2:221529295-221530536",3.7006882218073,1.0397509534168,0.293542405208808,3.54208092243838,0.000396983668185491,0.00246489370861439
"chr2:221823946-221824648",4.99254060383594,1.24236514871883,0.344207392721305,3.60935056884365,0.000306964539428237,0.00202916989995888
"chr2:222294562-222296681",7.136527226916,1.17087686907831,0.267821333525341,4.37185811027829,1.23193580784118e-05,0.000182476273696524
"chr2:223103590-223106438",4.35266273419206,1.11444508177701,0.291698109994797,3.82054268982711,0.000133158353680549,0.00107607253104283
"chr2:223617217-223619267",6.29298121809226,1.12912753124667,0.239112343640802,4.72216328966631,2.33349210027807e-06,5.43347679485305e-05
"chr2:224161692-224163833",5.26206130473178,1.10429636621599,0.285975172338256,3.86151132347186,0.000112687788497343,0.000948200748591797
"chr2:224450367-224452040",7.07369754916016,1.06767944121191,0.308274187163738,3.46340850343339,0.000533377959289576,0.0030976794362621
"chr2:226262887-226265894",7.45291053293825,1.13693831276618,0.20612200907653,5.51585111099928,3.47096024433656e-08,2.4877539940212e-06
"chr2:230281789-230283526",10.0598041693508,1.36793526292266,0.220199686904127,6.21224890078181,5.22316047878939e-10,1.09601929743932e-07
"chr2:230302513-230304102",4.09897193245114,1.38568617732694,0.348605437278465,3.97494137826674,7.03965936606465e-05,0.000664914448568676
"chr2:232547036-232549609",16.5522584574671,1.21429146707401,0.215300441364634,5.63998596276668,1.70064027777875e-08,1.47301544163235e-06
"chr2:234889558-234890205",3.80080957005441,1.25520030894188,0.38006181334517,3.30262148121131,0.00095785588308236,0.00487355584884091
"chr2:235243948-235244892",3.63222930694897,1.12308393571731,0.292973004849333,3.83340416054672,0.000126382053526038,0.00103488462762268
"chr2:235304014-235305608",12.7048801661603,1.32117499724766,0.22299126933499,5.92478351815163,3.12709061190647e-09,4.15731941746589e-07
"chr2:235345925-235347806",7.77251749467272,1.36251803145761,0.262244084835985,5.19561015955715,2.04049461696782e-07,9.16604178903948e-06
"chr2:235421268-235422589",3.70130923084435,1.04510060826722,0.310169473131648,3.36945024832808,0.000753182867105008,0.00405265638223009
"chr2:235598696-235601701",12.9247106575217,1.17853130617809,0.207813605881473,5.67109791093402,1.4188527545758e-08,1.2819302138944e-06
"chr2:235678319-235679829",7.63132479914836,1.11070542593392,0.233629809544989,4.75412546068969,1.99307248579745e-06,4.83645717317837e-05
"chr2:235777907-235779155",1.98904922980403,1.05220666732303,0.372181035468377,2.82713670780903,0.00469662728237638,0.0168090557332004
"chr2:235913628-235915638",9.9481616527247,1.06443638495573,0.22965063685729,4.63502474681658,3.56894781520311e-06,7.39564622999236e-05
"chr2:235934600-235936710",10.864810527991,1.0154357560348,0.208131486386108,4.87881854719019,1.06723190090832e-06,3.06545060902724e-05
"chr2:235959068-235960327",13.5701087670326,1.07780417752409,0.212949097717006,5.06132305362672,4.16357043083473e-07,1.53122849062178e-05
"chr2:236322411-236323842",3.98195368535166,1.00583490832861,0.25730466809355,3.90912032720257,9.26328183318129e-05,0.000818194741644807
"chr2:236482349-236482797",4.83605887507536,1.34607268248256,0.258852399521013,5.20015532007183,1.99122058294581e-07,9.00259394302502e-06
"chr2:236519494-236521724",5.20195102911578,1.14373194920613,0.23645600825715,4.83697562872795,1.31829584485401e-06,3.5752550127753e-05
"chr2:236522148-236524268",5.0584941801822,1.35433191280454,0.313278913067901,4.32308673297459,1.53861210169948e-05,0.000214994029737285
"chr2:237661817-237663673",5.28632232008516,1.0231346160799,0.394895109252648,2.59090222215265,0.00957246850143061,0.0294590479849073
"chr2:237952421-237953334",2.15421356568249,1.21975206606552,0.425044847005553,2.86970204358126,0.00410858752145761,0.0151430152016542
"chr2:238059311-238060278",4.63048726679888,1.02383130139631,0.296768570728057,3.4499317056539,0.000560728387825067,0.00321943763715758
"chr2:238255423-238255872",1.80001319138487,1.28117707969631,0.412046366418796,3.10930318554041,0.00187529176765258,0.0082016465073464
"chr2:238467365-238468599",6.65391281290625,1.04058192155839,0.260473144443464,3.99496817140872,6.47029447533835e-05,0.000623394279898634
"chr2:238490202-238491704",7.94101946223085,1.21842476133851,0.276473238652269,4.40702603723237,1.04799594458762e-05,0.000161963800077849
"chr2:238577797-238578558",5.22850355789542,1.06691733389034,0.277381506410816,3.84638957259892,0.000119871118354273,0.000994121732686127
"chr2:240220531-240221906",5.31385732100098,1.08565298958425,0.282711094541234,3.84014992883807,0.000122959194121908,0.00101358957266918
"chr2:241166510-241167102",3.90382745240222,1.02862540247015,0.31531729634375,3.26219149535257,0.00110554434005267,0.00544903052785083
"chr2:241763246-241763450",11.0871527338836,1.52705680120782,0.287229625041273,5.31650173963912,1.05781211699352e-07,5.66568225371442e-06
"chr2:241821129-241821772",2.92152342118156,1.01033881976009,0.308270059181313,3.27744712685784,0.00104750346777331,0.00522338736005557
"chr2:241892912-241893229",3.31830468549449,1.02877162273481,0.299990632407116,3.42934582483454,0.00060503806902908,0.00341788964481361
"chr20:1261657-1262785",5.96828908980075,1.21747055298997,0.243297216529707,5.00404636910966,5.61392438638648e-07,1.90668707421267e-05
"chr20:1406980-1408957",8.16397018983627,1.02767316111016,0.270457873035698,3.79975317255607,0.00014484027648557,0.00114665674873191
"chr20:3086065-3088511",8.31047242282964,1.61466547778592,0.29586984764622,5.45735055677799,4.8329160785791e-08,3.1904287579339e-06
"chr20:3837626-3838914",6.52030115771456,1.0934835964115,0.264921934374034,4.12756912331634,3.66618245744341e-05,0.000408947721317876
"chr20:5373770-5374755",3.58988738616558,1.16381693288726,0.334337689771437,3.48096241761698,0.000499615588568801,0.00294350925074778
"chr20:6469973-6471652",6.06604557580962,1.11107914830014,0.244167480917155,4.55047963032033,5.35237687852517e-06,9.90828036024154e-05
"chr20:6818485-6819580",5.32006171743141,1.34250483720241,0.343700516300902,3.90603090053864,9.38245191432324e-05,0.000826329847949465
"chr20:7158848-7159955",1.96838572750904,1.35786175169181,0.532357474754667,2.55065781187268,0.0107519834193555,0.0322977567839316
"chr20:9699499-9700889",3.36229671109253,1.32142628225355,0.396491486181911,3.33279863075616,0.00085977145812377,0.00448559195611058
"chr20:11901725-11902322",5.62836435762514,1.0417236048376,0.264839734937057,3.93341129526952,8.37487539336933e-05,0.000758917627268113
"chr20:13180046-13182095",9.48452923842809,1.61087483809553,0.269657895634618,5.9737721912591,2.31829475015353e-09,3.32036057321434e-07
"chr20:13240553-13241664",5.18533198652556,1.14265838142568,0.279491494595208,4.08834760099091,4.34456819965788e-05,0.00046431057996586
"chr20:17149402-17151078",7.30994032285872,1.00885676404169,0.248083852273674,4.06659584973218,4.77048693692881e-05,0.000497476680800257
"chr20:18524280-18525446",7.31143996651215,1.27756714039072,0.268974244406629,4.7497749950338,2.03643102327692e-06,4.91322504808572e-05
"chr20:18647212-18648648",7.14838608653485,1.09433994479387,0.240996949322487,4.54088712687187,5.60180176313922e-06,0.000102575968762576
"chr20:19760693-19761341",4.67726481430394,1.27877411400865,0.359047879513907,3.56156988237866,0.000368643956980193,0.00233127548705134
"chr20:20054042-20055200",5.09000159135464,1.03109306213544,0.222230998365384,4.63973554418433,3.48855313199622e-06,7.27225816041252e-05
"chr20:20076828-20077950",2.51042089860894,1.46000595540657,0.425410020037924,3.43199710076507,0.000599153963455395,0.00339152332045232
"chr20:20347377-20349124",25.6833020344535,1.00885359307013,0.212128920982159,4.75585124554975,1.97611945363885e-06,4.8050557645345e-05
"chr20:20355554-20357160",8.08636525012995,1.02899271093792,0.218247632374651,4.71479438169353,2.41954959165022e-06,5.58132744055879e-05
"chr20:20375854-20377936",10.1550574467644,1.029500988955,0.186018559094601,5.53439933072182,3.1229673458526e-08,2.29726519406807e-06
"chr20:20388657-20389373",4.646084377721,1.00025075438306,0.249688871680427,4.00598852344234,6.1758647711215e-05,0.000602135683104783
"chr20:20391411-20392792",7.19423005610011,1.16089204984175,0.194513517894828,5.96818186420047,2.39911875954397e-09,3.39981289370236e-07
"chr20:20429680-20431650",6.97705801030678,1.19661723212663,0.239847935851179,4.98906620930483,6.06718516918615e-07,2.01311665611686e-05
"chr20:20573636-20575032",5.17463212357829,1.11677858336647,0.262353611542837,4.25676847670963,2.07402938885301e-05,0.00026797578640838
"chr20:21117328-21118533",3.56836367909753,1.0312053569281,0.315823127269212,3.26513566579021,0.00109411659104697,0.00540470222584099
"chr20:21221785-21222792",3.98977025720381,1.01502570320573,0.274898354988987,3.69236732335628,0.000222176254557691,0.00158371137696152
"chr20:21225676-21226988",7.61948180704406,1.00304701736532,0.257482764494351,3.89558897013991,9.79603941032201e-05,0.000853071129242129
"chr20:21574266-21575894",5.06753867081724,1.45242388420484,0.342520905553446,4.24039485081357,2.23126939717159e-05,0.000282564531514907
"chr20:22443550-22445220",8.31991617698409,1.03118981196769,0.290131050572607,3.5542207906824,0.000379100807088976,0.00238025414144395
"chr20:22470459-22472622",14.0208979555123,1.07737262854306,0.298854384434059,3.60500860840065,0.000312142581625625,0.00205638507305562
"chr20:22480032-22481551",14.3710709753053,1.15376784998902,0.286055636327378,4.03336869988671,5.4982908071882e-05,0.000553673392647921
"chr20:22680332-22681839",4.46282527398273,1.00716178414033,0.336936876157441,2.98917054026973,0.00279735947689974,0.0112152610253711
"chr20:23185769-23186761",5.85191967805508,1.33511952098801,0.314032428281634,4.25153392053714,2.12311345590481e-05,0.000272636715589204
"chr20:24699085-24700175",3.5010078218305,1.16703011229242,0.367033506109919,3.17962827062147,0.00147464088038118,0.00680657201956561
"chr20:24948751-24949293",4.81579381109053,1.1883951875951,0.273498380003719,4.34516353471249,1.39171941954306e-05,0.000199438740325577
"chr20:24985794-24986978",4.48018180018076,1.01619165088971,0.26892276575777,3.77874906955639,0.0001576181524605,0.00122269851238203
"chr20:25067717-25068660",5.0187264003215,1.03233300326586,0.271114230176074,3.80774186067406,0.000140241553232992,0.0011188919632048
"chr20:25257982-25258450",7.5857479989498,1.01595414225791,0.26193766876099,3.87861030856518,0.000105054887784018,0.000899631236324275
"chr20:30406816-30407313",10.1848565903428,1.16335563871788,0.273326588187089,4.25628419991685,2.07852466632664e-05,0.000268380782656189
"chr20:30551300-30551918",4.20190050625012,1.23060094986243,0.368996473503988,3.33499379594784,0.000853013023637411,0.00445844877814682
"chr20:31214515-31216451",22.3468243591994,1.24199140162206,0.189912191351209,6.53981923322248,6.15932346462885e-11,2.35790640594021e-08
"chr20:31415386-31416612",4.40985820584802,1.01922193236332,0.314035725949426,3.24556045106619,0.00117219674167652,0.00570177718153545
"chr20:31426955-31428155",4.28223643368255,1.05893235974871,0.298763993919538,3.54437743938413,0.000393541424286688,0.00244868272030277
"chr20:33227174-33228486",6.14637733677744,1.00018692544324,0.247226607817372,4.04562815577716,5.21830083003802e-05,0.000532305104719276
"chr20:34560121-34561246",4.33496551513299,1.19346085195489,0.281076417564821,4.24603694004195,2.17584773523397e-05,0.000277506042622819
"chr20:35480359-35481185",8.59062726945764,1.02097785245786,0.367625792710557,2.77722040374275,0.00548259873251931,0.0189743041858459
"chr20:35922896-35924973",6.88023216128796,1.02195679767657,0.229501986882855,4.45293224497532,8.47054901279322e-06,0.000138601016905052
"chr20:35940461-35941265",4.5047243949697,1.02646882820961,0.306416130527246,3.34991772934207,0.000808355658292665,0.00427751573431443
"chr20:36042061-36043888",7.77540651206741,1.13740460769162,0.26900891744897,4.22812975301232,2.35641892581171e-05,0.000294223488877521
"chr20:36258685-36259292",3.03231694397562,1.03798525224749,0.307758052049337,3.37273142111352,0.000744265125041468,0.00401543406244817
"chr20:37299822-37300219",6.56844398387452,1.29369906451543,0.384620914260208,3.36356920944815,0.000769415415179575,0.00411904447907918
"chr20:37334792-37335619",3.09718364509828,1.08939742295641,0.388268695987845,2.80578226937593,0.00501945965597602,0.0177148573111679
"chr20:37910913-37911854",6.87363532718407,1.27462575662438,0.316235738421133,4.03061893949176,5.5630169781484e-05,0.000558346655262354
"chr20:38241322-38242307",2.57037708155369,1.04645321082448,0.338693042374847,3.08968027062782,0.00200372067927359,0.00863515249305644
"chr20:38258789-38259324",2.19454139451336,1.1731176983115,0.365013921045031,3.2138985136591,0.00130945946737438,0.0062089326549528
"chr20:38505409-38507149",5.81455862533527,1.30390475225945,0.295402702761028,4.41399059681003,1.0148236850752e-05,0.00015811254819772
"chr20:38588961-38590992",4.94552439971043,1.10623311205609,0.310138893693135,3.56689578299276,0.00036123505874038,0.00229607166587573
"chr20:38621716-38623457",3.02085301036157,1.1160237360229,0.321169110983203,3.47487880327715,0.000511084203110678,0.00299691145862245
"chr20:40847176-40848426",5.09347296431191,1.3157931863124,0.355447188488507,3.70179657886068,0.000214078226968143,0.00153948653567794
"chr20:40931220-40932494",3.40742539421105,1.53918049526548,0.474001283520414,3.24720744178994,0.00116543412119837,0.00567687120463092
"chr20:41423206-41424665",4.84704932136048,1.45808337146972,0.362483914910395,4.02247744380645,5.75891708418727e-05,0.00057238862611104
"chr20:41671339-41673424",4.41575321114412,1.3683445425384,0.398690303645978,3.43209887480343,0.000598929156449767,0.00339080693324771
"chr20:42556612-42557569",8.01464544639085,1.3215113729511,0.255144606550912,5.17946034923299,2.2252870394658e-07,9.77235523262123e-06
"chr20:42564929-42565993",7.40479035386141,1.03248526136196,0.313626733238393,3.29208307818947,0.000994482294273227,0.00501669800683662
"chr20:43434454-43435194",4.59264968582585,1.04777804936018,0.340867584348574,3.07385652807841,0.00211311028206086,0.00900176154407539
"chr20:44659958-44661040",10.9480264125452,1.12727526036846,0.209007109868016,5.3934780547911,6.91067693775679e-08,4.17541010697056e-06
"chr20:44767440-44769338",12.744409337255,1.30895470719254,0.193252781790133,6.77327744039422,1.25897187929417e-11,8.25060253871334e-09
"chr20:44807544-44808186",3.80004382139035,1.03135074224939,0.328756824971805,3.1371234417349,0.00170614277966444,0.0076245778227589
"chr20:44810919-44811804",6.87780542799441,1.31365745004247,0.373488087262741,3.51726733687852,0.000436014404421661,0.00264928866149091
"chr20:44893200-44893962",8.60778483653148,1.02252163459802,0.277434732960257,3.68562949450349,0.000228138045267341,0.00161487847914363
"chr20:45196925-45197907",8.72658001470942,1.01061684458899,0.235013498146993,4.30025020927475,1.70605375848871e-05,0.000231802219451765
"chr20:45436706-45437505",4.8690941822339,1.02809943760527,0.292054152118935,3.52023564858133,0.000431163547317185,0.00262695505175055
"chr20:45438352-45440640",11.9792293798951,1.14935026629846,0.216287622670448,5.31399001065214,1.0725050034288e-07,5.72334963535949e-06
"chr20:46770893-46772896",5.01946714590189,1.23033369230459,0.295164937237359,4.16829215495608,3.06890422393824e-05,0.000358412609089764
"chr20:46782193-46784826",7.89806528070651,1.21691571503069,0.238895833812713,5.09391769462466,3.50739079120646e-07,1.3526409519232e-05
"chr20:47370737-47371216",5.66251815683542,1.05779752748324,0.346000130304961,3.05721713616381,0.00223402381124088,0.00940675862288808
"chr20:47611613-47612983",4.44298880905768,1.10917440321609,0.286636884535082,3.86961505325858,0.000109007330802222,0.000924650143390604
"chr20:47616599-47618112",5.57070012172277,1.09086186493839,0.339839862852239,3.20992909949676,0.00132767716301819,0.00627534602018751
"chr20:47845208-47847443",7.03539580265776,1.01207252912315,0.239985187260166,4.21722915767287,2.47322603733325e-05,0.000304958447927843
"chr20:49189409-49190793",7.38374116878552,1.01163033610923,0.266212742774674,3.80008231598998,0.000144648031566273,0.00114545935776553
"chr20:50152762-50154169",9.73246859521536,1.28929985333302,0.265528881130041,4.85559178288254,1.20027742504999e-06,3.34334649239978e-05
"chr20:54761945-54763618",3.76977679555802,1.16622762231461,0.386991126043353,3.01357716968415,0.00258187368812348,0.0105387166753128
"chr20:56246769-56248110",7.74113928969636,1.3235707202759,0.288930436765925,4.58093212709251,4.6290807041763e-06,8.91484900138922e-05
"chr20:56504852-56507281",9.21482340415109,1.21276700016364,0.331461378712659,3.65884859609838,0.000253350953155013,0.00175159877889801
"chr20:56515953-56517271",5.55977542054779,1.19395873388468,0.311514458144939,3.83275543932913,0.000126715911894873,0.00103701060940708
"chr20:58970828-58971620",2.78800931058136,1.00383783607151,0.385244154903263,2.6057185379583,0.00916817661522804,0.028461114364705
"chr20:59145736-59147042",4.20192181631549,1.08645769410352,0.379662107379093,2.86164374317895,0.00421450343807774,0.0154501686939231
"chr20:59147675-59149683",2.49043108208495,1.03716034648191,0.430901765228223,2.40695311594416,0.0160862348390231,0.0442400156396373
"chr20:59161450-59162380",4.34295150991951,1.25177534379654,0.427506263581615,2.92808655786529,0.00341055083529252,0.0130868858545724
"chr20:60550025-60552711",4.45643815763013,1.095505306895,0.268093813798791,4.0862759620302,4.38352363011016e-05,0.000467457670941631
"chr20:61611046-61612593",7.097196410562,1.03549000062972,0.268331055889409,3.85900169921624,0.000113851146264669,0.000955541393496416
"chr21:16350121-16350967",1.97673051313665,1.05624220669867,0.370974639085748,2.84720866445678,0.00441044427727061,0.0160062459094625
"chr21:18235500-18237112",3.93500126905912,1.21498258591582,0.374414378344789,3.24502117489989,0.00117441890310805,0.00570985260480679
"chr21:24276772-24277866",3.02495498900011,1.01938955059885,0.43748575009809,2.33010915297307,0.0198003827929702,0.0521084953838921
"chr21:24859999-24861935",3.36751926946373,1.03192582215319,0.464247302370741,2.22279336225224,0.0262297368878658,0.0650280475777992
"chr21:27873850-27874557",1.4207602358397,1.03488744963047,0.410619324267793,2.52030868609473,0.0117251957760213,0.034551616186803
"chr21:27925752-27927333",4.22171303859036,1.05884286607895,0.331329133646634,3.19574332152818,0.001394711271259,0.00651976232440413
"chr21:28670282-28671663",6.19862698739693,1.26162837848589,0.343425389269432,3.67366076564622,0.00023910012423114,0.00167517975704635
"chr21:30628253-30629605",6.61040665020052,1.05890901488456,0.264714837394905,4.00018761813817,6.32922845498409e-05,0.000613256950125623
"chr21:32706207-32707773",8.11674416686861,1.15044021013375,0.226798210325343,5.07252772622603,3.92565915887123e-07,1.4698229012391e-05
"chr21:32902676-32904846",14.5366699479084,1.00296362205426,0.201010551700235,4.98960683193372,6.05023070209824e-07,2.01007704285089e-05
"chr21:33348054-33348301",1.79085785129559,1.06847267661381,0.388951719022027,2.74705734506163,0.00601326195453945,0.020408690902051
"chr21:35576278-35578848",7.25589268696376,1.01235727463751,0.246798638162825,4.10195648636282,4.09671327632259e-05,0.000444509498395408
"chr21:35964400-35966887",7.08984145284304,1.09805957700358,0.260046905966373,4.22254428647411,2.41559915489261e-05,0.000299748856197496
"chr21:35974475-35976234",8.29442365674838,1.12088412299958,0.208228104818746,5.38296270801323,7.32697224802216e-08,4.35575509059372e-06
"chr21:36611430-36612939",7.42081064649239,1.36321766736879,0.254526536216361,5.3558960398926,8.51334505054458e-08,4.85198442173549e-06
"chr21:38380423-38383128",13.4229480015482,1.21979406498071,0.172743652296113,7.06129602313704,1.64956755108546e-12,2.26650390462886e-09
"chr21:38432087-38433523",15.2332443327123,1.14761431343413,0.196375898071115,5.84396723175535,5.09720588373005e-09,5.96520756141041e-07
"chr21:39358689-39360023",7.08768945981896,1.15284260859346,0.338194779046962,3.40881255423926,0.000652462949036295,0.00362468195032207
"chr21:39420179-39421321",5.21284233603644,1.28022320547729,0.28969388147582,4.41922763075045,9.9054272456729e-06,0.000155340079062075
"chr21:39859519-39861018",6.80665651818061,1.31687954250683,0.260244325875573,5.06016620372522,4.18891180193028e-07,1.53681131441689e-05
"chr21:40059607-40060773",5.31698176918039,1.06357223105468,0.336970687290902,3.15627522264722,0.00159797999798126,0.00724207939178637
"chr21:40288844-40289663",6.13053873509502,1.02951593396075,0.269833236584568,3.81537851671616,0.00013597433955969,0.00109298437769202
"chr21:41046980-41049205",13.0610130160328,1.09751637547985,0.197626061266795,5.55350022383032,2.8000530656681e-08,2.13030222891247e-06
"chr21:41256667-41257996",9.45413616902713,1.18839087118479,0.257686701460529,4.61176639868947,3.99261543343612e-06,8.02756082661267e-05
"chr21:42052151-42053718",4.17057460514549,1.0511038569228,0.312454668191249,3.36402033295736,0.000768158837043223,0.00411363105182156
"chr21:42273428-42275494",6.67725703032356,1.31495568954724,0.27457699732324,4.7890234883705,1.67594865529412e-06,4.25636625311509e-05
"chr21:43243647-43246366",5.66438026908184,1.18774433780607,0.261028239935336,4.55025225661524,5.35816405085445e-06,9.91675297388497e-05
"chr21:43271159-43272643",4.92576540253051,1.15590734521801,0.282846306740191,4.0866976788202,4.37556684006469e-05,0.000466879373284412
"chr21:43432310-43434418",8.30355545010531,1.08611822826202,0.22939571697684,4.73469270732581,2.19387236802199e-06,5.19036888603835e-05
"chr21:43970584-43971489",5.54224150851051,1.18305215187425,0.2514294151699,4.70530526857734,2.53486362829685e-06,5.77855151077233e-05
"chr21:44483945-44485086",6.18735788387867,1.2489238566229,0.329064904263315,3.79537240356548,0.000147422000430525,0.00116198103139519
"chr21:44807065-44808337",7.17502719855821,1.16463571382887,0.280799251363454,4.14757414121954,3.36016672414238e-05,0.000382996865856762
"chr21:44850051-44851896",17.1010141164328,1.02497764355913,0.168822043270423,6.07134959216964,1.26839725942318e-09,2.10032823343004e-07
"chr21:46073478-46074891",6.10491317896922,1.13756461342714,0.327122423496871,3.47748895128256,0.000506133909821543,0.00297365645118535
"chr21:46101381-46102827",6.24070359752973,1.13602814332198,0.243327364717834,4.66872332521799,3.03077205711328e-06,6.56419666639404e-05
"chr21:46954048-46955420",7.08064047612165,1.07189032815063,0.259366528246299,4.13272420076019,3.58488796191608e-05,0.000402454267385964
"chr21:47292928-47294054",4.84595364059704,1.04151880559961,0.282446665662533,3.68748840832135,0.000226478407051574,0.00160672631013961
"chr21:47306792-47310221",7.55261071913916,1.08374484716121,0.254206936451853,4.26323869162584,2.01485090190011e-05,0.000262453507846264
"chr22:18526815-18528370",7.5344918954256,1.13147462190194,0.217962940379975,5.19113304275232,2.09018199631006e-07,9.33048783356156e-06
"chr22:18784554-18785588",3.53017661458515,1.05147568650814,0.276627165793035,3.80105722261142,0.000144080020519753,0.0011422031942628
"chr22:19012438-19015691",5.99087419358371,1.24949228847703,0.299045692178259,4.17826546630948,2.93740686169558e-05,0.00034688548599753
"chr22:19509422-19512486",10.2014179465521,1.03911449540539,0.22436298118687,4.63139903877421,3.63203097073872e-06,7.49089402756604e-05
"chr22:19889632-19891045",6.05566653099793,1.02296702934398,0.271690533047522,3.76519202884797,0.000166421132738412,0.00127365918177577
"chr22:19940609-19942400",9.70839716644581,1.02599715724374,0.207714598003294,4.93945619184391,7.83407407600022e-07,2.44335273041883e-05
"chr22:20404066-20405044",13.4915053634899,1.56633400315075,0.23220328449126,6.7455290590849,1.52470415055147e-11,9.27794927822329e-09
"chr22:20479683-20481897",4.3866904378141,1.14532578782525,0.359265684636385,3.18796321720634,0.00143278761535289,0.00665830206481551
"chr22:21717528-21719957",4.54752009677286,1.08854270244452,0.346706699200004,3.13966446266035,0.00169141443350749,0.00757379954835677
"chr22:21843524-21843821",5.45229589374136,1.05913102410245,0.263035134498565,4.02657624473444,5.65948935261676e-05,0.000565170176041748
"chr22:21846434-21846851",7.98227572749089,1.17459089441491,0.213456642379886,5.50271418738285,3.73988447069596e-08,2.62606998479822e-06
"chr22:21847901-21849006",16.8070918577921,1.28617938090068,0.194935037426156,6.59798976050111,4.16770044150641e-11,1.83383194964803e-08
"chr22:22740869-22742617",5.01239174631779,1.45338522299802,0.305272928625502,4.76093713760311,1.92696068031071e-06,4.71845569095332e-05
"chr22:23435359-23435482",6.62113335926245,1.20012285554632,0.318916224370898,3.76312888412534,0.000167800666618435,0.0012812340569585
"chr22:23448608-23450546",8.40130821005307,1.03320927280808,0.222619831150288,4.64113761774695,3.46496255592584e-06,7.23679913375468e-05
"chr22:23455085-23455597",11.9680908672688,1.44524400479538,0.253161478951422,5.70878322713822,1.13786702726858e-08,1.08848262436185e-06
"chr22:23460231-23461384",7.98206662760437,1.12107589001795,0.316034005970584,3.54732677129148,0.00038916157980616,0.00242805425798857
"chr22:23505907-23506469",4.34945426540052,1.08605215006945,0.300474926553102,3.61445183639148,0.00030098376007351,0.00199791493710574
"chr22:25888780-25890199",5.59899272267618,1.01179525286324,0.290799738938572,3.47935406185825,0.000502624044075725,0.00295749202362258
"chr22:25955794-25956544",2.37575168288378,1.08789749895357,0.332477239229232,3.27209616356175,0.0010675325927566,0.00530189405954934
"chr22:26059363-26059944",0.955176994923757,1.0333883147449,0.502421877671496,2.05681392604597,0.0397041279987608,0.089940192202364
"chr22:26274228-26275658",1.87186181425069,1.01067976826507,0.391151485463107,2.58385767618515,0.00977021025335695,0.0299425455689696
"chr22:26324065-26324338",5.62360038206913,1.36540597390189,0.322776429417537,4.23019108416876,2.33492887349018e-05,0.000292226066493011
"chr22:26325724-26327702",11.8457471193973,1.65820671071239,0.296911822182295,5.58484569096849,2.33907807273698e-08,1.874437879665e-06
"chr22:26336980-26337462",3.76561665513087,1.05534895907465,0.313253104928103,3.36899760121091,0.000754420854062683,0.00405755950139507
"chr22:26337571-26339892",9.03695064228284,1.56889330152164,0.273815887681588,5.729738017781,1.00585860417056e-08,9.91335448780538e-07
"chr22:26341231-26341623",6.96616555342891,1.10799269368565,0.267663421787555,4.13949984755506,3.48063832105388e-05,0.000393424893432732
"chr22:26349967-26350273",2.65465338220824,1.12612580761314,0.329125530363917,3.42156929110899,0.000622608579130913,0.00349278339685187
"chr22:26366118-26367625",3.73883579355188,1.13749508994507,0.325108782846125,3.49881378161182,0.000467332845932231,0.00279610798277853
"chr22:26429123-26429255",3.40629604653603,1.06266164671951,0.352259778200986,3.01669879015592,0.00255543599024707,0.0104571553340814
"chr22:26437677-26438584",5.01985669376628,1.19696249840797,0.306266989335505,3.90823216372411,9.29739420505765e-05,0.000820580880840604
"chr22:26449919-26451889",3.91746042030823,1.27571802593577,0.292669829496074,4.3588983125877,1.30718830492945e-05,0.000190572101414721
"chr22:26461717-26463658",5.17226953987662,1.12820323101913,0.24674182114989,4.57240376098939,4.82160699349127e-06,9.17807974130634e-05
"chr22:26535102-26535888",7.43474771931753,1.95004215769662,0.335345381296029,5.81502613860425,6.06244122881294e-09,6.83707969971825e-07
"chr22:26564002-26567571",7.2231690020687,1.14480849635284,0.229502892193547,4.98820945309649,6.09414773497069e-07,2.02002975627408e-05
"chr22:26621096-26621352",1.77496114831241,1.01320807702923,0.402289315047806,2.51860548895966,0.0117820584832501,0.0346877772534506
"chr22:26633497-26634889",1.86658655305331,1.0101867220781,0.362934952487099,2.78338229800009,0.00537953773598702,0.0186953963434526
"chr22:26663687-26665539",3.8976552264179,1.81781888818938,0.379486018312019,4.7902130789302,1.66604297828644e-06,4.23570077421673e-05
"chr22:26669007-26669758",9.83336163403573,2.48981047697532,0.412881633189247,6.03032510248307,1.63630171398521e-09,2.53292857377042e-07
"chr22:26862083-26862473",2.66047854786102,1.05250694947123,0.419062297797455,2.51157633364559,0.0120193288522504,0.0352301071974868
"chr22:27043456-27045364",13.3098767269361,1.38842392640395,0.238515897630186,5.82109595292752,5.84629919380914e-09,6.65383795555692e-07
"chr22:27056874-27057511",6.73632738918033,1.22877698914315,0.300250714215713,4.09250313476473,4.26741473608198e-05,0.000458307533649274
"chr22:27288339-27289965",7.69844783795254,1.03807876997443,0.223158055779739,4.65176471603172,3.29106453385166e-06,6.97021316041977e-05
"chr22:27427980-27429218",4.95353046114962,1.41891912381484,0.367342924446636,3.8626553810783,0.000112161180043149,0.000944810635738693
"chr22:27637631-27638306",5.70735023822131,1.28300535746955,0.351640518249135,3.64862776297169,0.00026364478060791,0.00180411255535531
"chr22:27753757-27755292",2.95207280350639,1.11774899438137,0.411248501340126,2.71794059003008,0.00656896319436479,0.0218779512003744
"chr22:28423511-28423804",5.22823532631757,1.27273433429506,0.276986418453982,4.59493408160194,4.32886091971449e-06,8.49623796561343e-05
"chr22:28424453-28426184",11.0844254224778,1.21685144380659,0.199411207519717,6.10222193096282,1.04603991517519e-09,1.80355122353831e-07
"chr22:28430273-28431593",10.1472055685692,1.36255482590257,0.264028884963419,5.16062788392017,2.46122966306697e-07,1.05030007798192e-05
"chr22:28542251-28543362",1.43304533760348,1.19707391201572,0.489525292286061,2.44537704359552,0.0144700778916964,0.0407529901398664
"chr22:28728524-28729454",1.43460186294653,1.05913759976324,0.40763287380937,2.59826345668713,0.00936965751036417,0.0289630369359804
"chr22:30096489-30099731",8.90365028089065,1.15894296565425,0.226623237460724,5.11396350453735,3.15468332674595e-07,1.25471822450533e-05
"chr22:30100673-30101350",11.5146700000451,1.19334907739473,0.214625559241798,5.56014428854813,2.69551706822405e-08,2.07445698673833e-06
"chr22:30106939-30107510",9.05250601419501,1.3822619950282,0.263036178060331,5.25502615351704,1.48003437745137e-07,7.26097659894341e-06
"chr22:30140496-30141685",5.231550855697,1.26578705482611,0.310479778323758,4.07687438344594,4.56451356968097e-05,0.000480993973773082
"chr22:31342839-31344078",6.29091728426704,1.27177290575799,0.33353693957351,3.81298967180125,0.000137295852100927,0.00110093321469249
"chr22:31975345-31976747",6.39474454593122,1.15162980295945,0.2738589949322,4.20519254167481,2.60859986641958e-05,0.000317160036266486
"chr22:32865727-32866155",3.98139138611111,1.03504248286467,0.329280939061877,3.14334162740642,0.00167030773957948,0.00749801370162569
"chr22:32972720-32973429",3.26054624584006,1.60223527633851,0.448321353935584,3.57385447352285,0.000351764483349062,0.00225098118354722
"chr22:33387443-33388484",2.62850774168572,1.16042923058487,0.354354462877268,3.2747696223789,0.00105748173039,0.00526234374369594
"chr22:33426994-33427558",2.38022630428264,1.00656891725957,0.369473736937577,2.72433143855536,0.00644318106597133,0.0215495545416652
"chr22:33440811-33441605",2.67101052565131,1.04125453945984,0.317074354437892,3.28394436473986,0.00102365127971458,0.00512993035308187
"chr22:33508095-33509411",5.18587759335603,1.34027804095192,0.262386104200761,5.10803742840904,3.25522179973278e-07,1.28148034142163e-05
"chr22:33715940-33717300",3.39407052419861,1.44655029848928,0.351664221533362,4.11344177176137,3.89803397522946e-05,0.000428217953372017
"chr22:33728073-33729307",3.24306320410286,1.07328813944355,0.303113087107235,3.54088353520628,0.000398789566779205,0.00247312988654777
"chr22:33753861-33754726",2.06256762731516,1.22416829178025,0.378119592825359,3.23751615893032,0.0012057511099979,0.00582602755644069
"chr22:34152561-34154503",4.33078596065496,1.34185828741222,0.298612129429269,4.4936496383348,7.00127835753701e-06,0.000120815471844667
"chr22:34380642-34381566",3.08751494418971,1.245477452499,0.462045828243684,2.69557125368554,0.00702680472516571,0.0230763526748488
"chr22:34464063-34464334",2.37776564231698,1.03026038153478,0.400156102586776,2.57464618151453,0.0100342674620582,0.030576282070839
"chr22:35567968-35569201",5.08191354733919,1.01082996277475,0.244989137685542,4.12601951386192,3.69095963517097e-05,0.000410949881834763
"chr22:35921168-35921945",11.0935644560363,1.22196165474663,0.254797134445012,4.79582181098013,1.6200924856339e-06,4.1474961389877e-05
"chr22:36932132-36933714",8.42123708341897,1.10347472470115,0.254948218277841,4.32823077625352,1.50311925376604e-05,0.000211355776203275
"chr22:38563318-38564767",6.28267189248547,1.26550259247789,0.278331599903712,4.5467442177449,5.44821434599537e-06,0.00010041341752639
"chr22:38638363-38640505",13.7670925089725,1.62782720607979,0.217866190975827,7.47168341626904,7.91753094769956e-14,3.87146963142935e-10
"chr22:39128261-39130435",11.0745334495941,1.11130019311222,0.190832661267619,5.82342763408704,5.76527844533376e-09,6.5816434435787e-07
"chr22:39227804-39229126",7.43077805287663,1.66699792986808,0.336508639350974,4.95380425620938,7.277641859209e-07,2.3113630611826e-05
"chr22:39319444-39321535",11.7203134434513,1.1107281046824,0.180680017863367,6.14748724190602,7.87200297102627e-10,1.46090816848687e-07
"chr22:39752350-39752817",6.39650406231334,1.17927616123671,0.320210762079392,3.68281238762462,0.000230674929230026,0.00162857248050529
"chr22:39893805-39895071",8.34391131426643,1.10983766543407,0.246775047813866,4.49736582067722,6.88005530292938e-06,0.000119257611663578
"chr22:40095461-40096382",5.86984239605548,1.0434637918556,0.259518098392479,4.02077465240028,5.80070749129476e-05,0.000575569711858553
"chr22:40401087-40402118",6.29866450605901,1.4245948964348,0.317924063658978,4.48092818152605,7.43191188145757e-06,0.000126115042559755
"chr22:40417084-40418375",6.37818918020206,1.26193529815836,0.305972766831535,4.12433861753837,3.71801572231317e-05,0.000413330920259595
"chr22:40822315-40823400",11.7837235408656,1.55946679020408,0.241458401421004,6.45853190871173,1.05723573286099e-10,3.49584274555715e-08
"chr22:42691771-42692949",10.5830891625893,1.61716279360526,0.285357294268369,5.66715071276355,1.45191626855709e-08,1.30547090869394e-06
"chr22:42772616-42773124",7.10002582636465,1.15520678405393,0.270155788486614,4.2760763725452,1.90215992296387e-05,0.000251506978567202
"chr22:42781789-42782088",4.65442251131133,1.19629101174976,0.321492525912306,3.72105388252811,0.000198393097665162,0.0014526615476831
"chr22:42857072-42858578",4.76317762406578,1.15418384757489,0.265179527337588,4.35246211939112,1.34617136937776e-05,0.000194608332727948
"chr22:43144318-43144430",6.68820691235499,1.23116506769944,0.317751221786411,3.87461946102921,0.000106791446449736,0.000910581620905325
"chr22:43196408-43197695",8.88657940824012,1.29240769578025,0.247888468501097,5.21366606359315,1.85144633580529e-07,8.53641005279818e-06
"chr22:43199307-43199796",11.0951246149807,1.78950996133987,0.302103669529084,5.92349627572991,3.15167870614581e-09,4.17345991321571e-07
"chr22:43201090-43202614",6.67485580672164,1.14369960644752,0.247021265709529,4.62996415779195,3.6572903320829e-06,7.52944590975937e-05
"chr22:43207000-43208204",2.77241143028905,1.01001279659527,0.308480662696579,3.27415270625479,0.00105979322403793,0.00527165567096254
"chr22:43301221-43302206",8.0799394790724,1.14575519777892,0.249750709942111,4.58759535876592,4.48380638620458e-06,8.71737834284884e-05
"chr22:43420441-43421841",7.60405312421265,1.01586345615651,0.208406493509117,4.87443284060661,1.09121499413567e-06,3.11582073456003e-05
"chr22:43704046-43705828",3.74241347867178,1.10175930985179,0.299405846817251,3.67981895331614,0.000233399599465751,0.0016436555608089
"chr22:43831877-43832863",10.0201292495193,1.26483659932382,0.235562533317247,5.36943028041043,7.89857643392271e-08,4.59534599232531e-06
"chr22:43842012-43843674",9.72576372367075,1.34031382126096,0.249167293180467,5.37917237913805,7.48290346003708e-08,4.42413636979177e-06
"chr22:44224784-44226917",3.64559575554136,1.20338818262219,0.311069362254264,3.86855257586749,0.000109483331072937,0.000927730668944167
"chr22:44736223-44736767",6.43711148709814,1.06875697229566,0.266722907735335,4.00699355510989,6.14965404887942e-05,0.000600400752903996
"chr22:44896548-44896859",4.60636595185563,1.49404699909499,0.336502083012662,4.43993388010845,8.99865205753635e-06,0.000144720838980585
"chr22:44928008-44929038",7.57839166781971,1.50302337869435,0.266218986430065,5.645815870797,1.64399724939436e-08,1.43657166993728e-06
"chr22:45724742-45725940",7.43163972520948,1.38520221786421,0.286506096182903,4.83480887952871,1.33273616952076e-06,3.6021801274186e-05
"chr22:45732369-45733701",4.11471288409699,1.03435138954164,0.337746775730045,3.06250559255783,0.00219492373982897,0.00927742314377277
"chr22:45933364-45934622",11.929873331891,1.15753513305799,0.311621090991303,3.71455965761412,0.00020355784496416,0.00148103427993714
"chr22:46393331-46395664",11.8763123724882,1.17809806487192,0.195321843913841,6.03157353660656,1.62370807305122e-09,2.51802972183977e-07
"chr22:46396464-46398070",11.1439542241911,1.3099343709635,0.243943086631364,5.36983600991741,7.8808272250387e-08,4.58820419973741e-06
"chr22:46402297-46404401",14.8474273743051,1.00543260550771,0.19932361893088,5.04422210925424,4.55370100598928e-07,1.63418815374158e-05
"chr22:46406887-46408104",12.3641392734918,1.02777964395699,0.2789484391453,3.68447892057082,0.000229170989552548,0.00162027658106287
"chr22:46742351-46743112",3.46436982128933,1.14321824150475,0.341280154645335,3.34979407956727,0.000808716575942388,0.00427895285257099
"chr22:47359199-47360486",5.90905145714327,1.0049190650938,0.219927492835375,4.5693198796479,4.89309482005099e-06,9.27099896035973e-05
"chr22:47728847-47730456",2.7999844589937,1.00059502932627,0.334795955266571,2.98867119983446,0.00280193477952528,0.0112295761168251
"chr22:47790979-47791985",2.69793767826446,1.02903795298023,0.310456037948764,3.31460119049145,0.000917739562667335,0.00471719063769688
"chr22:48696987-48698113",1.92280726900919,1.12995806221253,0.407365417049367,2.77381931533868,0.00554024395724635,0.0191331209733251
"chr22:48818837-48820018",1.8250119672961,1.04319568587254,0.425141400715606,2.45376169932312,0.0141370631170733,0.0400130643705293
"chr22:48910754-48911580",2.85094675938014,1.02476999841628,0.353475227863338,2.89912819240752,0.00374201865664929,0.0140766739745386
"chr22:49207296-49208179",3.0293879556049,1.57801360130307,0.359571922463457,4.38858960536175,1.14088127533367e-05,0.000172463390912567
"chr22:49314255-49316900",6.42368924738014,1.07104451098856,0.251671782236331,4.25571949890988,2.08377819295327e-05,0.000268934840740181
"chr22:49319263-49319665",6.25757174153295,1.40443540516948,0.354896012630084,3.95731525626734,7.57968676438397e-05,0.000704119362717639
"chr22:49499163-49499667",7.44674472151446,1.25374213615798,0.290833498710444,4.31085876185883,1.62621754868884e-05,0.000223923075905538
"chr22:49500807-49502562",5.46559936924514,1.27745783592559,0.283944217432078,4.49897464888915,6.82819987344672e-06,0.000118616314137516
"chr22:49690947-49692308",5.66124393271453,1.22843152195483,0.265933046934629,4.61932631583319,3.84987987220964e-06,7.81319849036636e-05
"chr22:49784230-49784441",1.60822166838272,1.31091053167208,0.440684477867452,2.97471455771667,0.00293261291073384,0.011635091145489
"chr22:49907919-49909391",2.78587831806976,1.0726916772177,0.380526007889755,2.8189707273004,0.00481779115529811,0.0171480632789553
"chr3:703099-703843",1.49677057497135,1.07057355959594,0.494300412767073,2.1658358600247,0.0303237320114404,0.072853267544099
"chr3:1557296-1558215",3.49411981876036,1.16965597135686,0.469967059767899,2.48880415562425,0.0128173549314913,0.0370618369218219
"chr3:2214029-2215246",4.24178561432439,1.23769379889317,0.327193118455382,3.78276231705635,0.000155097502458524,0.00120761533148283
"chr3:2550545-2550951",1.11542849022909,1.22384662610795,0.52578412670596,2.32765989680091,0.0199301702079012,0.0523744153734426
"chr3:9235532-9236850",5.28265760828165,1.0978867863301,0.352812335791614,3.11181519168469,0.00185940861971534,0.00814727195524258
"chr3:10505384-10506324",5.64488700719167,1.11736440263256,0.466951033452322,2.39289416359468,0.0167160622029958,0.0456055581099153
"chr3:10509653-10510919",6.94845502304607,1.42534776016154,0.379827742491884,3.75261625391145,0.00017499863370487,0.0013214184153692
"chr3:13059325-13060652",7.91683690248874,1.05866304496031,0.273439221990914,3.87165761097537,0.000108097724716132,0.000918892323723414
"chr3:13605087-13607291",4.50654567304007,1.05101386750564,0.297847656503322,3.52869611211435,0.000417612388248447,0.00256295849634317
"chr3:14345308-14346659",5.07574467292282,1.02512433556565,0.37970843996759,2.69976705193371,0.0069388042064084,0.0228475530532988
"chr3:15325375-15326725",7.85025087847199,1.08736117580404,0.255225465488112,4.2603945249918,2.04066367878453e-05,0.000264924403239785
"chr3:15368321-15369764",6.8303367436521,1.02675115795702,0.254670902070726,4.03167833312923,5.53799506752966e-05,0.000556679429970991
"chr3:15542396-15543010",5.22716817853884,1.06963318346746,0.27654558458244,3.86783678026359,0.0001098051193638,0.000929855844234077
"chr3:16501913-16503991",5.62483715952762,1.34994489652166,0.316804149329373,4.26113388785876,2.03392332618904e-05,0.000264250042310719
"chr3:16528993-16529552",2.92783468185762,1.46294132063588,0.458164377069525,3.19304903186283,0.00140779040136362,0.00656799081752713
"chr3:16881473-16881612",8.37205775499238,1.00269850167791,0.374929609921827,2.67436466777583,0.00748709880186877,0.0242535011504964
"chr3:18229818-18232215",2.44568084852237,1.00015071581551,0.341218148213105,2.93111817484828,0.00337744273572092,0.0129874648191299
"chr3:18278816-18280364",3.96535404684719,1.21605374177715,0.284556223521115,4.27350956071047,1.92420029795342e-05,0.000253650980735289
"chr3:18411018-18412587",6.1828343165438,1.16838349213512,0.273790853799093,4.26743068996922,1.97737177205216e-05,0.000258838536233241
"chr3:23738398-23739696",2.44524882353532,1.03589141464076,0.323912822869442,3.19805620989045,0.00138357308907286,0.00648025387490654
"chr3:24885329-24886059",2.82014163259662,1.25583498406612,0.50459110705086,2.48881711650843,0.0128168877066279,0.0370608536389926
"chr3:26760688-26760977",1.09997804110908,1.3492480214652,0.550229126286405,2.45215666893448,0.0142002819834668,0.0401535622971049
"chr3:27030229-27031278",3.10605225490612,1.35740834867595,0.415296004652907,3.26853216372845,0.00108106889532916,0.00535431655006178
"chr3:30557690-30558137",1.85437038970424,1.07307097142841,0.423721378057588,2.5324919321927,0.0113254976040574,0.033634815857404
"chr3:30559542-30560604",2.52236037852657,1.12834601947083,0.375371365152277,3.00594590909484,0.00264756090018065,0.0107454866676323
"chr3:30628224-30628932",2.08915860552241,1.1338156769078,0.43290888184247,2.61906309725559,0.00881716370296852,0.0275943135105653
"chr3:31052523-31053496",3.26360967845727,1.02671374545783,0.383124741599648,2.67984192608137,0.00736569341259359,0.0239416454641857
"chr3:31364030-31364725",1.74226128953664,1.28257633544903,0.550170804506792,2.33123300062934,0.0197410769086586,0.0519850632602678
"chr3:32198685-32199678",3.10013382025253,1.03177464708209,0.47149043176748,2.18832573805213,0.0286458833794859,0.0696784793208244
"chr3:32444469-32445585",4.23510720331934,1.19301272123234,0.280811948443918,4.24844002487522,2.15264258822349e-05,0.000275279464556344
"chr3:32496365-32497203",2.44959398534732,1.09982270272869,0.368871730570535,2.98158576974058,0.00286759708444352,0.0114347833836673
"chr3:32651806-32652375",1.68717319622485,1.10733718174516,0.459660121311652,2.40903469847535,0.0159947772002547,0.0440477438207407
"chr3:33214020-33215703",3.53581399435151,1.13738108861938,0.35666038405093,3.18897511324658,0.00142778168967063,0.0066402632489367
"chr3:33978175-33979111",2.51011735463697,1.10426807870217,0.480456779419707,2.29837131247456,0.0215406648286417,0.0556787490947228
"chr3:34186399-34187596",2.29737590896253,1.07853444924008,0.460594179201156,2.34161545660579,0.0192004862676919,0.0508570801975121
"chr3:34253793-34255469",3.45946122673375,1.24189434354115,0.322310697406848,3.85309688301634,0.000116633213692252,0.000973747932082863
"chr3:34296875-34298252",5.58934414373099,1.28187081154237,0.331162001518296,3.8708269839695,0.000108466757951936,0.000921375246134848
"chr3:34574912-34575971",1.51675786106203,1.07472635332312,0.53703345412405,2.00122794040102,0.0453678312374909,0.0998122626727972
"chr3:34656414-34656549",1.20824298125598,1.147909490221,0.509501021207604,2.25300724128141,0.0242586923941503,0.061148355113708
"chr3:34823446-34825029",2.2444794697479,1.10988691546355,0.420858668130307,2.6371962834799,0.00835944455989652,0.0264604337748273
"chr3:35435403-35436158",4.66334132470371,1.32441839273387,0.389430114806042,3.40091416246406,0.00067160913219323,0.00370682956994146
"chr3:35705436-35706976",6.17503920074221,1.33352358054304,0.300858868607356,4.43238913552984,9.31946245474959e-06,0.000148605802283808
"chr3:36373872-36375524",3.2343901946432,2.12892628298581,0.528467321096104,4.02849182532264,5.61358123325822e-05,0.000561974926709865
"chr3:37582343-37582803",4.07630887621265,1.21098806604197,0.362362841551657,3.34192121039911,0.000832006740070014,0.00437351600417259
"chr3:37584678-37585698",3.11446367683589,1.27920963735261,0.4553901809596,2.80904088589934,0.00496893356712113,0.0175754333469682
"chr3:38288563-38289431",1.56689827372961,1.20298805935802,0.496133662994231,2.42472573237186,0.0153199558006804,0.0426093171332027
"chr3:39180649-39180940",7.27781789950267,1.12414028489971,0.352803907408543,3.18630338636803,0.00144103397071505,0.00668735498924714
"chr3:40765991-40767292",2.09052166817208,1.11392057985544,0.403287294444935,2.76210184451406,0.00574305609288615,0.0196828967726833
"chr3:41616888-41618012",3.4415909389995,1.18013787027777,0.42156414358034,2.79942658371007,0.00511934564943881,0.0179816372371463
"chr3:42303980-42304248",1.99816017017667,1.06720977205058,0.441952997280219,2.41475853454598,0.0157456441529517,0.0435361613744908
"chr3:42311504-42312826",3.57959929343558,1.07237964696331,0.352587482575256,3.04145694319828,0.0023543623521147,0.00980677102605047
"chr3:42860836-42862151",12.4439905106935,1.12600685515197,0.191345025381464,5.8846936465015,3.98791973378143e-09,4.98174974552946e-07
"chr3:43924887-43926130",3.05053119623189,1.04818802288582,0.322085809785863,3.25437504863286,0.00113642140068964,0.00556953296295191
"chr3:44906513-44907351",6.05543227816245,1.14798427687668,0.243075434581954,4.72274904640614,2.32677892076964e-06,5.42141105480897e-05
"chr3:45351121-45351674",4.97325690653449,1.47797943819666,0.377341110849453,3.91682590553014,8.97224939329854e-05,0.00079863214255609
"chr3:45549401-45551567",5.34592883954604,1.22971631781217,0.301141148840376,4.0835213737728,4.43583472493687e-05,0.000471509416750035
"chr3:45889802-45890474",0.724970379912616,1.10176444720978,0.519561452860316,2.12056618354633,0.0339583264302907,0.0795580988211113
"chr3:46698010-46698965",5.61529125883972,1.05248273356061,0.343098983702129,3.06757753171999,0.00215801470905994,0.00915291751975016
"chr3:46707172-46709069",6.40137807414339,1.12759525594424,0.304119853761323,3.70773312560247,0.000209122871447345,0.00151230241829517
"chr3:49571843-49573228",6.66373509507028,1.06880454511672,0.250855880418276,4.26063181510673,2.03849812494524e-05,0.00026471106092821
"chr3:49646873-49647562",2.28351483052027,1.01204835543876,0.366222691713519,2.76347801034253,0.00571889456514645,0.0196171335716284
"chr3:49691907-49693109",10.8390521844606,1.15415946316913,0.247731442309389,4.65891391262202,3.17882097436472e-06,6.79949299427621e-05
"chr3:50417544-50419859",4.50841800427303,1.16891896601359,0.324643900783334,3.60061890333717,0.000317460607225336,0.00208249984495556
"chr3:50425198-50426104",6.02177545951158,1.1007685661826,0.311515619022831,3.53359028878076,0.000409956038892997,0.00252626268862622
"chr3:50427869-50429859",8.19964136184268,1.30671865762034,0.3556469869164,3.67420140108626,0.000238594484478496,0.00167233605468321
"chr3:50445555-50446515",6.01985911079671,1.04262486694742,0.33010026432679,3.15850963971132,0.00158578064784836,0.00719910121193373
"chr3:50460481-50462067",9.33032421708333,1.24655333414609,0.303678685146057,4.10484303021317,4.04589506862721e-05,0.000440456987210805
"chr3:50480078-50480975",9.70655438016434,1.25903093238696,0.361419820977524,3.48356913293157,0.000494775318395051,0.00292135785147818
"chr3:50600841-50601777",6.3767828938521,1.38199424585231,0.397482442939153,3.47686865269636,0.000507306275397529,0.00297923924939111
"chr3:50926489-50926539",1.88721773246917,1.06946727491423,0.542905323649453,1.96989645952482,0.0488502382938107,0.105771482519996
"chr3:51132175-51132619",1.02429903765481,1.4725042297121,0.495392830170756,2.97239713623741,0.0029548420415988,0.0117019604602197
"chr3:52049304-52050577",4.68234312731731,1.14966598072283,0.289354871846241,3.97320416064655,7.09122180854474e-05,0.000668560463893189
"chr3:52062447-52063190",6.86086557794064,1.55150917174062,0.35769773328887,4.33748673069631,1.44121232322065e-05,0.000204763421089032
"chr3:52066725-52067380",4.03317791940895,1.04958642583454,0.35019772216184,2.99712522216088,0.00272538738270451,0.0109948527303051
"chr3:53658221-53658849",2.71406106817246,1.1348464717358,0.415219668971319,2.73312310697446,0.00627368784637625,0.0211016035736507
"chr3:54034882-54035643",1.52440498430592,1.06314474476558,0.510276059057669,2.08346977267343,0.03720842417221,0.085453573646857
"chr3:54094638-54095454",1.84382246321889,1.20040257061497,0.405135954427391,2.96296232782299,0.00304693857097593,0.0119868344490053
"chr3:54244429-54245768",3.55513362125271,1.09841714001131,0.295245349695756,3.72035373679283,0.00019894393209611,0.0014556140339256
"chr3:54338753-54339873",1.78099711420992,1.00902095504012,0.408171049438372,2.47205419499618,0.0134339149175395,0.0384566101589924
"chr3:54807387-54807770",1.90412305364179,1.2240237608806,0.514595098704405,2.37861527240023,0.0173778025825856,0.0470218820384103
"chr3:56530185-56531039",6.99834103684281,1.61125612578809,0.352002636485763,4.57739789074919,4.7079546343537e-06,9.02218046092354e-05
"chr3:57010695-57012140",3.69009176493998,1.14061895997524,0.331624954838348,3.43948470503748,0.000582822716257236,0.00331864714064018
"chr3:57022574-57023938",5.88698748867415,1.29027009928598,0.336892893844781,3.8299118884961,0.000128189150746249,0.00104582533945077
"chr3:57081959-57083490",5.7294021030925,1.0569993987979,0.292548799695794,3.61307036602788,0.000302592544130876,0.00200671800578649
"chr3:57379293-57380043",1.63848020944893,1.19030047961665,0.409788325456111,2.90467152350374,0.00367638703376143,0.0138824269728782
"chr3:58130028-58131259",2.67195539890642,1.03313222363677,0.348479299999894,2.96468749689604,0.00302990543034654,0.0119346182140292
"chr3:59270606-59271087",1.85624177641879,1.06868583303317,0.483712527582177,2.20934082144816,0.027150943857743,0.0668030531890258
"chr3:59560519-59561636",6.99141548106507,1.00045692715419,0.266338855737326,3.75633110078718,0.00017242254403044,0.0013071781465435
"chr3:59590555-59596039",4.0397379945958,1.03550177656344,0.276184169553286,3.74931618361152,0.000177317410587951,0.00133426993943204
"chr3:59663571-59664633",2.45230790686838,1.10246974710279,0.359172225144599,3.06947383433936,0.00214436188687055,0.00910699204951428
"chr3:59993694-59994688",2.48548806803002,1.14556295630601,0.335062285387488,3.41895523986297,0.000628620661721494,0.00352091417639365
"chr3:60340609-60342143",1.71202903667074,1.03328724715454,0.513599132396755,2.01185551527825,0.0442351698623947,0.0978442281312718
"chr3:60707137-60708004",1.47654808496072,1.39644232015532,0.573062796293773,2.43680505729332,0.0148176651824764,0.0415063478926135
"chr3:61400877-61401516",2.3080394898071,1.13717097610329,0.415330282232761,2.73799196627323,0.00618155859554341,0.0208515505179436
"chr3:61449934-61451032",2.94129129904103,1.14556606298611,0.377616276609665,3.03367766154386,0.00241592412537123,0.0100063789756593
"chr3:61701260-61701863",2.89078159326558,1.21299594004765,0.342752456765321,3.53898539924449,0.000401668068644515,0.00248660419866474
"chr3:64213861-64214093",3.3662445220386,1.22446392733465,0.357991647269029,3.42037010269816,0.000625359931985299,0.00350598914598256
"chr3:64436952-64438327",2.74582297122339,1.09291578496975,0.337269021932943,3.2404867150445,0.0011932583229611,0.00577949001934245
"chr3:65483065-65484406",5.96979812294302,1.03685474245809,0.301614939460229,3.43767700735797,0.000586727101267439,0.0033363163341998
"chr3:67511739-67512821",1.47386252310004,1.05305569725993,0.492386397297518,2.13867747573789,0.0324617980426733,0.0768403497626592
"chr3:70325938-70327181",1.60686792984797,1.49277089003629,0.535053600720885,2.78994644279574,0.00527167611180667,0.0184027584430064
"chr3:71750526-71750803",2.46854111993308,1.0134331121133,0.388861217279128,2.60615630225178,0.00915646671804134,0.0284306083987016
"chr3:72011784-72012507",2.65666444474375,1.31048051038172,0.401410509250701,3.26468909054709,0.00109584290800444,0.00541147586696014
"chr3:72098805-72099713",1.64085605563322,1.19994787527759,0.463686796172467,2.5878413730618,0.00965794447780098,0.0296689958959992
"chr3:72201586-72202732",6.97258693772182,1.13623744928929,0.232219992674604,4.89293551430533,9.93429641065962e-07,2.90422039841071e-05
"chr3:72294256-72295311",3.50304280848092,1.18859947920688,0.450058839689827,2.64098685413233,0.00826649268185897,0.0262219091609757
"chr3:72307423-72308595",7.70192524431465,1.24273013218975,0.271629194611455,4.57509780554841,4.7599756395667e-06,9.09380462814268e-05
"chr3:72384247-72384896",4.4281179916337,1.2289864323243,0.312136047280145,3.93734220393095,8.23890747416188e-05,0.000749493124561627
"chr3:72646906-72647383",2.92919577481914,1.04824847051088,0.317951944308381,3.29687705728948,0.000977662865714205,0.00495156609295304
"chr3:72816906-72818983",2.38671456613676,1.18199387080449,0.364021022515287,3.24704837824265,0.0011660856671299,0.00567888987407805
"chr3:72819005-72819546",1.42531602020988,1.32045537002459,0.469980079306848,2.80959859399161,0.00496033233270746,0.0175514458638724
"chr3:72830893-72832552",2.50207825667609,1.02419733751139,0.328210236063412,3.12055269755057,0.00180511996733152,0.00796240011526868
"chr3:72846792-72847889",3.47482520473329,1.01429643352276,0.265469342720345,3.82076673384939,0.000133037436566648,0.00107544437933843
"chr3:73373444-73374551",1.98121982829399,1.18920473816329,0.451689265179525,2.63279389137273,0.0084685720927279,0.0267374533864416
"chr3:74349953-74351142",1.7269320639196,1.06873568307197,0.436605243702775,2.44783061698527,0.0143719201774497,0.0405381754070174
"chr3:74561295-74562287",1.65816897806742,1.3476115602409,0.607124968455376,2.2196609104538,0.0264417941959152,0.0654337121460079
"chr3:75501692-75503435",5.10083281573225,1.08286230492858,0.264118311342743,4.09991378266598,4.13304083500517e-05,0.000447567662130099
"chr3:76743308-76743572",2.17992043655231,1.09299451007974,0.345553651924271,3.1630240455953,0.00156139434453927,0.00711184028408253
"chr3:77553933-77554685",1.69259228741642,1.02582048518056,0.427259207765628,2.40093242354013,0.0163533561742277,0.0448184084105319
"chr3:78924685-78924839",2.08389993954069,1.0130207570479,0.486212018100217,2.08349592222359,0.0372060430062965,0.0854492756181597
"chr3:80002582-80003557",2.28516771303056,1.07177652023538,0.477474653599559,2.24467730832522,0.0247888558020041,0.0622060001357848
"chr3:82087780-82088148",2.43845480716464,1.3456466354231,0.444770568602918,3.0254848913451,0.00248234806484837,0.0102219461081866
"chr3:82268197-82269326",1.30771294850015,1.08935862395818,0.490478746100318,2.22101086462852,0.0263502255293394,0.0652601153588503
"chr3:82285390-82286592",2.50616051905618,1.27794603412066,0.538794527860198,2.37186156881729,0.0176987203788917,0.0476969517771137
"chr3:82604562-82605856",3.88312938096868,1.32790805907978,0.36963211346694,3.59251269221378,0.000327504697292171,0.00213137412549879
"chr3:82703774-82704602",1.49270041293943,1.06235451902259,0.417270131408869,2.54596348757498,0.010897658631569,0.0326461421447023
"chr3:84928754-84929803",1.25919562192106,1.18259792291832,0.476983221024381,2.4793281415194,0.0131630146197839,0.0378446123345089
"chr3:85029132-85029839",1.01296581323601,1.12802144570317,0.505886391251408,2.22979203475467,0.0257612524427333,0.0641135295092759
"chr3:85197189-85198024",1.32429412270578,1.11682681146713,0.433612416495292,2.57563383561285,0.0100056542555314,0.0305071823690314
"chr3:85476475-85476931",2.25364321582794,1.72215841936592,0.529680412357932,3.25131603734323,0.00114872088523317,0.00561381075338238
"chr3:85523371-85524487",1.62155617592659,1.1505917657087,0.518528618137993,2.2189551848467,0.026489773565926,0.0655306576144737
"chr3:85686036-85686193",1.79411496548406,1.28832788575362,0.57012187607216,2.25974118837453,0.0238373183851617,0.0603022406796942
"chr3:88675421-88676562",2.87836261350936,1.50576258351976,0.558640354416526,2.69540603648738,0.00703029032482229,0.0230846340459212
"chr3:89844086-89845436",1.38402020693395,1.0190175606769,0.48620307908677,2.09586817629973,0.0360938864455824,0.083448142532641
"chr3:89908508-89909807",3.55097269781919,1.32695086250422,0.390468327661737,3.39835722515695,0.000677918374271122,0.00373194588172948
"chr3:89957442-89958635",2.43016999540046,1.78087862789937,0.564352647219494,3.15561313776691,0.00160161137072247,0.00725383051826012
"chr3:93845785-93846803",2.99309800111083,1.17214341381611,0.395288823822087,2.96528346661194,0.00302404144677694,0.0119184315474768
"chr3:97536619-97537356",13.3580926131841,1.44534887731522,0.303395223011005,4.76391441820029,1.89873060526915e-06,4.67065955840112e-05
"chr3:99644167-99645068",5.64607640358608,1.04666262026078,0.261623941476996,4.00063776408174,6.31719970087096e-05,0.000612434771475356
"chr3:102261569-102262254",3.84573231288437,1.55653648903984,0.470611551263487,3.30747616555712,0.000941407225106658,0.00480861878538659
"chr3:104523046-104524904",7.74925051293585,1.47968220439311,0.372254421507754,3.97492177097564,7.04023934691895e-05,0.000664950497239291
"chr3:104538409-104539657",3.83335145197711,1.02072919879263,0.382022665508526,2.67190743102611,0.0075421451073748,0.0243919897057236
"chr3:104974139-104975629",8.54981184468198,1.12519598180143,0.233829628032296,4.8120334076998,1.49402371570287e-06,3.9162727295937e-05
"chr3:105369712-105371140",4.01372295374129,1.36192897189778,0.339559207745985,4.01087333469279,6.04945604914004e-05,0.000593071331822106
"chr3:106203896-106205260",3.12527753101494,1.27085856743379,0.389297128651337,3.26449509616599,0.00109659361270696,0.0054144652787278
"chr3:108907501-108908472",7.59925046735714,1.44289276342026,0.349049700887318,4.13377453053904,3.56853573841143e-05,0.000401169224026988
"chr3:110336969-110338000",2.93317936536482,1.07117513748764,0.42369381816042,2.52818212486184,0.0114654858650339,0.0339563381038536
"chr3:111430886-111432072",10.1958369070753,1.30688485678536,0.272576272364563,4.7945657391537,1.63027598024243e-06,4.16752037864839e-05
"chr3:112985568-112985951",13.9601993359169,1.0521463769915,0.235921133246783,4.45973772044794,8.20600110413924e-06,0.000135355620514815
"chr3:113377719-113378853",7.94642332007022,1.24115288962054,0.266102877926812,4.66418439097792,3.09843464900369e-06,6.67481339369795e-05
"chr3:114596369-114599558",7.17093644056515,1.00559606846519,0.22862688895625,4.39841557157183,1.09044030547083e-05,0.000166824032278109
"chr3:114610698-114612552",6.9672733579311,1.22824268787641,0.27956696745516,4.39337558030139,1.11604072908884e-05,0.000169764569446846
"chr3:115431585-115432877",8.10109945312593,1.43239053987793,0.277066299007566,5.16984759607597,2.34284980259336e-07,1.01450941375415e-05
"chr3:115561192-115562982",4.44393100075158,1.08480788654516,0.318215405501608,3.40903635647418,0.000651927907833012,0.00362235229208881
"chr3:116107648-116108344",3.5423571804415,1.46296816499491,0.396550531186153,3.68923516662281,0.000224929234637368,0.00159864490139043
"chr3:116112949-116114444",4.04943381267331,1.21610692631881,0.320216443671459,3.79776538760931,0.000146006418678936,0.00115357353502894
"chr3:116191750-116194506",9.53605590561669,1.48765907479557,0.25393060862854,5.85852600767705,4.66993488664779e-09,5.58207888867866e-07
"chr3:116449471-116450478",4.37163853966366,1.53875686706618,0.441238065387067,3.48736201106389,0.000487810576043697,0.00289036408398641
"chr3:117001255-117001733",5.04660390480563,1.23573915538454,0.348552359147692,3.54534727122853,0.000392096138263667,0.00244141156600335
"chr3:117347300-117348976",8.34743219535354,1.10987676894154,0.249126006418165,4.455081927812,8.38611641277457e-06,0.000137602241352959
"chr3:117475008-117476205",3.40386451917735,1.0439553978248,0.31500449881692,3.31409678828601,0.000919396760490999,0.00472353627789194
"chr3:117591593-117593487",4.677040891245,1.14401614551218,0.287944370898382,3.97304570303931,7.09594273508911e-05,0.000668873895913005
"chr3:118520428-118522683",8.18522430349323,1.16256217350674,0.32874135525865,3.53640378647234,0.000405614216659543,0.0025058054552972
"chr3:118689764-118690051",4.79148156935572,1.75363793450451,0.435301754764092,4.02855700743701,5.61202532500452e-05,0.000561869493615849
"chr3:119888223-119890850",8.76167054069289,1.0408020806142,0.230039183102698,4.52445564523478,6.05511494153235e-06,0.000108497615354665
"chr3:122560186-122560421",3.49536456078291,1.14394716553801,0.399054275732249,2.86664555451488,0.00414847343277765,0.015258452257621
"chr3:122562113-122563215",4.51159657766248,1.53120703669796,0.338124711900586,4.52852744211183,5.93961682574327e-06,0.000107034410742223
"chr3:122714864-122715427",10.159307303738,1.30644879690589,0.36789788649277,3.55111797287142,0.000383598431685754,0.00240163880459816
"chr3:122808419-122810790",9.79146900784019,1.09076841004943,0.257766377745357,4.23161631703177,2.32017954296151e-05,0.000290792598161064
"chr3:123031839-123034683",9.3578973485444,1.18628371420501,0.235335206614511,5.04082551553025,4.63527952049647e-07,1.65476320258541e-05
"chr3:123845329-123846660",4.50484257726327,1.09518806766567,0.349303383222069,3.13534915569199,0.00171649679228451,0.00765890387579039
"chr3:123892986-123894413",11.4531880673298,1.50027568831973,0.293851138328654,5.10556364305032,3.29809960570181e-07,1.29398270132184e-05
"chr3:123913068-123915255",5.20775932384615,1.15876415884962,0.293252240447153,3.95142474302236,7.76873030439893e-05,0.000716992498087288
"chr3:125927300-125927947",8.83943163128616,1.0618045071743,0.27224506689535,3.90017905295031,9.61215731719664e-05,0.000840847930385383
"chr3:126184592-126186221",5.36643941315478,1.06329554261478,0.297589588074312,3.57302669591134,0.000352878770317651,0.00225586132575957
"chr3:126262983-126264286",6.14289473564962,1.00219195313762,0.315513825889043,3.17638046546352,0.00149125231808301,0.0068657604836995
"chr3:126402403-126403775",11.0958788594249,1.11932537171189,0.235279796306113,4.75742239361505,1.96080600992321e-06,4.77752144070296e-05
"chr3:126606642-126608895",7.31422694198309,1.01187885886813,0.308079050352596,3.28447798612088,0.00102171479601157,0.00512290579520156
"chr3:126857139-126858195",26.196047220577,1.49086458218979,0.229848489406345,6.48629271412837,8.79741725009357e-11,3.07577521892531e-08
"chr3:126859013-126859499",10.5612267712554,1.18400173878453,0.228532092484582,5.18089921600141,2.2081878498046e-07,9.72774783583348e-06
"chr3:126859741-126861805",13.4004939797102,1.19153390493294,0.174695802950483,6.82062124452223,9.06476454048556e-12,6.6071886375007e-09
"chr3:126875331-126879364",11.4023940406864,1.17005733112556,0.203064975228749,5.76198494992804,8.31304127180527e-09,8.54988644767191e-07
"chr3:126889452-126890340",8.49009985101827,1.25151471690852,0.265270552490826,4.71788031184426,2.38314620646818e-06,5.51431615958166e-05
"chr3:126927435-126929267",6.86112445751499,1.29612460648178,0.277762051588347,4.66631276328088,3.06652818916825e-06,6.62224722072552e-05
"chr3:127242476-127244651",9.00916592545524,1.51392253103972,0.295303098459686,5.12667337029787,2.94906491088171e-07,1.19519651376732e-05
"chr3:127260373-127261971",16.9324201486046,1.23092706679043,0.215275564375455,5.71791355122687,1.07839978685907e-08,1.04593611621458e-06
"chr3:127263162-127264023",14.5633714296416,1.30739024918541,0.244123209064537,5.35545249546421,8.53425675203031e-08,4.8604247268174e-06
"chr3:127407021-127408407",7.48022016199396,1.23662745987124,0.320150930426862,3.8626389691338,0.000112168718004139,0.000944850394989741
"chr3:127415027-127417420",13.4199057994697,1.34554268563578,0.272888121425837,4.93074846426197,8.19151548202485e-07,2.52295805825792e-05
"chr3:127439152-127442429",5.28337819317781,1.16469108902637,0.319343937100229,3.64713700094711,0.000265178551816331,0.00181213677029867
"chr3:127502555-127506318",11.3080963981319,1.16640695553873,0.231128840394323,5.04656603454917,4.49821470136748e-07,1.62211506224547e-05
"chr3:127716478-127717575",5.60900198210407,1.03010513848256,0.340189162230054,3.02803631876417,0.00246148502355118,0.0101538679942966
"chr3:128069992-128071449",6.87013306588018,1.46659003802851,0.318544499428099,4.60403504270695,4.14382690566229e-06,8.23099476304168e-05
"chr3:129221833-129222782",13.2144617485254,1.27979580301752,0.229286767776512,5.58163829264211,2.38263491802703e-08,1.89755082279203e-06
"chr3:129223543-129226651",10.2666271752571,1.26915036124924,0.240199227180875,5.28374040226843,1.2657257749255e-07,6.46333633297627e-06
"chr3:129703261-129704502",7.19337071649727,1.50717363891893,0.326468781351157,4.61659345399333,3.90090397547744e-06,7.89191028860122e-05
"chr3:130201529-130202993",3.86609723781638,1.23531318931407,0.334736144055555,3.69040873312161,0.000223894009381936,0.00159324606018317
"chr3:130497311-130498865",4.28688820293877,1.03226784095869,0.28872792544521,3.57522688311828,0.000349924305279584,0.00224172995144126
"chr3:130530125-130531353",3.65823164262193,1.42417680532448,0.371309900742208,3.83554761798086,0.000125284828788744,0.00102798374262585
"chr3:132835827-132838537",6.63903570387295,1.14780893712044,0.240106438201388,4.78041715881736,1.74931830891416e-06,4.39493542998485e-05
"chr3:132848052-132849658",4.57904125086831,1.11258625923677,0.298465831074388,3.72768385322966,0.000193247579108645,0.00142428546347005
"chr3:132987451-132989053",6.49263294559599,1.6434276706666,0.326027460046058,5.04076457374,4.6367560004314e-07,1.65511406991658e-05
"chr3:133119278-133120974",5.00091917053229,1.18318742268015,0.338719722241588,3.49311641746167,0.000477418325805956,0.00284219878591668
"chr3:133195377-133197846",8.78264164345113,1.10677538677097,0.279188608199224,3.9642569727673,7.36249094107263e-05,0.000688041379856837
"chr3:134542795-134544431",6.62303066885525,1.4297069133789,0.376427520728933,3.7980934832032,0.000145813332811476,0.00115234669145557
"chr3:134609366-134610191",5.40107203322625,1.35049314347771,0.342820081964125,3.93936415784137,8.16978443991829e-05,0.000744922317875183
"chr3:134630393-134631538",6.07869779695483,1.03409044552676,0.272029556533281,3.80139003535173,0.000143886594823499,0.00114096560332004
"chr3:134947568-134948912",13.0063272899407,1.13384613230515,0.176600452557263,6.42040332222534,1.35913764431627e-10,4.18459634974759e-08
"chr3:134990193-134991760",13.0267178851434,1.4560797461947,0.245390689211589,5.93372043117408,2.96145936918218e-09,4.00057126903446e-07
"chr3:135412341-135414312",5.62460934299698,1.21748118126306,0.273832297973956,4.44608320592941,8.7450088134869e-06,0.000141825312714346
"chr3:135691484-135691730",1.15908457645266,1.28506098746261,0.504237574376476,2.54852286454788,0.0108180195151671,0.0324519292046286
"chr3:136601545-136603397",4.56649365074341,1.01268415858685,0.306391366681408,3.30519808555787,0.000949092963560358,0.00483934859408609
"chr3:136982276-136984230",9.96100188750385,1.34160461822971,0.325618255920276,4.12017629182987,3.78582617676133e-05,0.000418993922150174
"chr3:139077129-139078609",5.48667041189561,1.04878879878955,0.27768501630451,3.77690093886611,0.000158791850667525,0.00122900193285392
"chr3:139726007-139727799",4.6774993120496,1.09098065028668,0.287794149065757,3.79083679716296,0.000150140589272716,0.00117862700231955
"chr3:139740930-139743418",8.805459800141,1.16649362747263,0.2912528494311,4.00508915106282,6.19940959058596e-05,0.000603871951078814
"chr3:139889341-139890291",7.3591108775006,1.30863616668809,0.327758722467351,3.99268143601716,6.53303103056091e-05,0.000627797113345764
"chr3:139899084-139900127",5.65723263324163,1.25756501219884,0.288902108882964,4.35291046182114,1.34342027908109e-05,0.000194324517343137
"chr3:139924326-139926678",7.65473925672268,1.16255101112267,0.226895303021102,5.12373326218457,2.99544662255807e-07,1.20858881730957e-05
"chr3:140062747-140064178",6.87819633315041,1.39113095253895,0.322994368705447,4.3069820632309,1.6549702428884e-05,0.000226884598600632
"chr3:140255662-140256754",5.01350837023015,1.44294914255976,0.288234574165974,5.00616259078228,5.55258601379577e-07,1.89017471455879e-05
"chr3:140758387-140759257",5.41916640246983,1.0307157425258,0.275340962831485,3.7434159157663,0.000181535369296859,0.00135753927426187
"chr3:149933564-149935242",17.3313887082527,1.27791841662086,0.264073438859462,4.83925389141828,1.30327468280499e-06,3.5439769817382e-05
"chr3:149950107-149951542",8.36122390967758,1.11946485884772,0.27206539278755,4.11469039622355,3.87699434547959e-05,0.000426488622176724
"chr3:149972444-149973922",5.97821183783661,1.1802839369036,0.315220706465835,3.74430966206696,0.000180890445591631,0.00135410573167061
"chr3:149990288-149991723",2.95762806934168,1.17304961550735,0.499041657914148,2.35060459764092,0.0187429389715687,0.0499095629372097
"chr3:151440146-151441203",4.20735716260121,1.23635876583021,0.344427198107016,3.58960840672653,0.000331175086004232,0.00214921188882584
"chr3:154561818-154563438",5.48829268322196,1.14177357094293,0.388595934299729,2.93820256508979,0.00330121252063929,0.0127613644275103
"chr3:155222225-155223607",7.70429176986075,1.01685634607785,0.294980978084909,3.44719294335362,0.000566443891244535,0.00324608326053869
"chr3:156445674-156447149",8.71159917783484,1.08351887879597,0.273970517799216,3.95487400432642,7.65749959898355e-05,0.000709480414928705
"chr3:157638055-157639984",13.1283337418519,1.98730851778011,0.335246916484768,5.92789499339184,3.06842599723049e-09,4.10046399266408e-07
"chr3:159917896-159919620",7.71665274649288,1.42285518834849,0.301474425473096,4.71965469746113,2.36245326096189e-06,5.47940114112749e-05
"chr3:161293968-161295613",3.96869633055131,1.01129227986582,0.325416268986477,3.10768814053315,0.00188556924719044,0.00823595974247658
"chr3:161847513-161849301",5.420808294621,1.107705124271,0.376339423512113,2.94336722401697,0.00324663055145183,0.0126024873394643
"chr3:162343444-162344833",5.11396240980367,1.21870760862061,0.369156114397303,3.30133393729726,0.000962262788285654,0.00489122776384465
"chr3:163891372-163891783",1.43034738430848,1.04343115021602,0.436401502449233,2.39098890439179,0.0168030606748195,0.0457888866022341
"chr3:164250824-164252281",5.2385305792092,1.14058558778912,0.373152489279271,3.0566206056728,0.00223847407175142,0.00942218407363399
"chr3:166662275-166663032",1.9948557039846,1.24359934011555,0.538122766207621,2.31099559098702,0.0208330984287118,0.0542429986329998
"chr3:168720049-168721643",5.63905183528894,1.03179264664635,0.274758874185234,3.75526595712701,0.000173157505600384,0.00131120723017619
"chr3:169071766-169073670",10.7456953681381,1.58674456456815,0.306103824126202,5.18368095889569,2.17548948628893e-07,9.61956264313172e-06
"chr3:169170903-169172238",10.1311781828036,1.63685451791067,0.290871449210789,5.62741555540047,1.82929665034974e-08,1.55315577437949e-06
"chr3:169341735-169342592",9.41433809497047,1.11863295380086,0.239972611266828,4.66150261021678,3.13909086349913e-06,6.73772164036167e-05
"chr3:172677981-172678600",5.16714793366125,1.67820776261672,0.458589452826079,3.65949925859543,0.000252708574265833,0.00174829148532793
"chr3:173420774-173422710",4.50531826155051,1.47701527405688,0.360503117704684,4.09709431491468,4.18368478379141e-05,0.000451593327167556
"chr3:173740570-173742070",4.40504121104728,1.09897841366442,0.323604821798538,3.3960507991089,0.000683656702243085,0.00375601180411745
"chr3:173818536-173820530",5.68676026391616,1.61804146560369,0.544966889463195,2.96906380348629,0.00298708566876631,0.0118019589545332
"chr3:174336361-174337834",3.47272283923898,1.11745264384149,0.346194230764078,3.22781994770733,0.00124737460483619,0.00598120440058231
"chr3:174800339-174801153",3.4798010961487,1.26534012931063,0.339502297583935,3.72704437735889,0.000193738356874978,0.0014267735503404
"chr3:174813413-174814366",4.69974592145023,1.46083220970074,0.32806163436476,4.45291999026163,8.47103265933522e-06,0.00013860216661542
"chr3:175665482-175666625",5.39940419626436,1.1720331562248,0.381235458063022,3.07430259026706,0.00210995308531525,0.00899161074339941
"chr3:176505375-176505817",4.58762507871211,1.26982629147547,0.339327476465852,3.74218529162716,0.000182426920898581,0.00136271710937381
"chr3:176637492-176639152",12.9793304957701,1.17324092369445,0.264293792464855,4.43915429398692,9.03130554668277e-06,0.000145148517598321
"chr3:178209658-178211136",7.07028273301563,1.5132850089869,0.417984142424318,3.62043641227587,0.000294106526741642,0.00196313808481121
"chr3:178617402-178619355",12.1731303532345,1.1482962815796,0.296682079394276,3.87046054120974,0.000108629939727103,0.000922434221380797
"chr3:179382738-179384999",7.45406297046555,1.10291210818098,0.280136661731467,3.93705022885656,8.24893456284169e-05,0.000750222093990686
"chr3:180460589-180462719",16.3037137083913,1.50905514015756,0.29939057675886,5.0404229702026,4.64504067332423e-07,1.65736553929715e-05
"chr3:181278387-181279971",5.30120029828697,1.16325880666312,0.355839904811787,3.26905102809758,0.00107908839000753,0.00534661427676735
"chr3:181832596-181833662",5.78250082944826,1.0260028726163,0.406671011966172,2.52293092555524,0.0116381259018556,0.0343511946598121
"chr3:182082051-182083640",20.9420562819671,1.05790404065638,0.206463615996006,5.12392479204108,2.9924038144356e-07,1.20779714714636e-05
"chr3:182207953-182210051",12.9011845104009,1.11874351332626,0.265424296198559,4.21492504397317,2.49861160609355e-05,0.000307222247542851
"chr3:183526807-183527531",12.9390475715662,1.40910162864809,0.265337442845656,5.31060227887909,1.09263543651999e-07,5.80096592064932e-06
"chr3:187053875-187055036",3.74524117540355,1.17241675091876,0.434735366381867,2.69685155978066,0.00699984657779967,0.0230085541682414
"chr3:188451893-188452974",9.78381160055038,1.3987658556553,0.304310977568254,4.59650146975577,4.29643944620717e-06,8.4543963204408e-05
"chr3:189430110-189431344",7.10895674454495,1.29118165846482,0.321280227500758,4.01886436805943,5.84793205007198e-05,0.000579055976257209
"chr3:189442219-189442712",4.27995731392695,1.04280274656443,0.338580506999534,3.07992552733068,0.00207052360554867,0.00885735434250941
"chr3:191705524-191706579",7.24024872448644,1.64298896973067,0.398820077357621,4.11962451994963,3.79490299810621e-05,0.00041974909656881
"chr3:192089311-192091536",6.01453912902336,1.23320711261921,0.286850328014263,4.29913091317047,1.7146917109705e-05,0.000232655721900318
"chr3:192355743-192357073",4.34951161421396,1.01165184328129,0.335745711194576,3.01314896825295,0.00258551966354454,0.0105502013958458
"chr3:192732482-192733211",6.54535522532376,1.26379180480698,0.389830731297612,3.24189886364334,0.0011873615116988,0.00575799922670621
"chr3:193429331-193430988",16.5681957367744,1.11960555248818,0.338171270652926,3.3107648391494,0.000930413622957045,0.00476735318194911
"chr3:193454343-193455974",5.91810368400945,1.08665894500227,0.241573993403095,4.49824473940394,6.85167966921576e-06,0.00011893792249195
"chr3:193534257-193535517",12.6599216710803,1.35440184373169,0.220697345633697,6.13691949870417,8.41369932603051e-10,1.52659645789922e-07
"chr3:193547117-193550288",10.7093553782267,1.00918485234775,0.215026572251274,4.69330298010074,2.68828887583175e-06,6.02628201243481e-05
"chr3:193769275-193770490",8.24072077607976,1.31402820402678,0.32189819411344,4.08212356594865,4.46260577005223e-05,0.000473409530921114
"chr3:194084864-194086219",15.8547235556013,1.51374220515622,0.234117862398855,6.4657270899618,1.00812880138411e-10,3.37675813744731e-08
"chr3:195122006-195123106",4.60007163013945,1.10921927288973,0.382208750013915,2.90212945896541,0.00370635338964565,0.0139720181826982
"chr3:195486932-195488126",16.0953708537087,1.95663523431426,0.368231790347953,5.31359672250291,1.0748234369955e-07,5.73298441844334e-06
"chr3:197096911-197097611",5.55658506746384,1.04233751178919,0.310459789028062,3.3573994076733,0.000786793667674391,0.00418926927073115
"chr3:197214497-197215260",6.36140688058561,1.06289528153022,0.330970685516859,3.21144840930656,0.00132067681515864,0.00625121804392342
"chr4:790784-791203",9.30871651663878,1.18647880050885,0.257353092305062,4.6103149174614,4.02059452720998e-06,8.06447175065315e-05
"chr4:4792944-4793755",4.2003386969955,1.19430604597727,0.440212803634888,2.71301978523966,0.00666731256295342,0.0221379682370347
"chr4:6034295-6035229",6.19516797917932,1.0188731046478,0.260658168925481,3.90884777886659,9.2737372133251e-05,0.000818902502707755
"chr4:6368642-6370612",4.7215363605025,1.02579641426281,0.289316546323517,3.54558502546117,0.000391742584220732,0.00243970200900585
"chr4:6981572-6981821",1.8824372551449,1.23201150531216,0.473132080720014,2.60394835927693,0.009215664115563,0.028581618288923
"chr4:7325285-7326904",10.7174807555201,1.01081783870751,0.238072386219056,4.24584242952659,2.17773638692208e-05,0.000277690249020732
"chr4:7366602-7368572",11.8198813477652,1.05647352262873,0.244167849911536,4.32683304952515,1.51268526651763e-05,0.000212416489921853
"chr4:7895749-7896970",6.76791435361681,1.12473892422439,0.318137022092968,3.53539150151381,0.000407171415284714,0.00251355303368652
"chr4:8011690-8013163",11.1529319834915,1.11328766174212,0.206302590458301,5.39638236858273,6.79979561990357e-08,4.12425809299246e-06
"chr4:8107092-8107407",4.2749799409569,1.18427427571997,0.326539102850575,3.62674566501121,0.000287015747212002,0.0019262382323749
"chr4:8109871-8112636",6.27104338157209,1.01634619514346,0.24337605592594,4.17603198998645,2.96638121423692e-05,0.000349310583556024
"chr4:8189963-8191599",21.6001540939186,1.21268597324854,0.250212949120987,4.84661556289861,1.25585447170175e-06,3.45321705961775e-05
"chr4:9136021-9138160",3.65631734092287,1.00770139111499,0.280477059712863,3.59281216134618,0.000327128405960034,0.00212929721763367
"chr4:9925543-9928214",6.14055140100764,1.05371035028297,0.270984181019712,3.88845705427477,0.000100883516180249,0.000872206296202863
"chr4:10522183-10523623",3.30552929326611,1.03409760185081,0.365864437927364,2.82645016746917,0.00470670667696544,0.0168379401887091
"chr4:10834175-10835521",3.42106370772074,1.01537075837721,0.288929392349619,3.51425221961691,0.000440993874834497,0.00267271527250477
"chr4:20640445-20642289",7.04666539940643,1.02616403251704,0.288353732143131,3.55869863341211,0.00037269687485468,0.00235012393320311
"chr4:21323831-21324354",4.40022005335334,1.45696308892754,0.380475879163641,3.82931788509228,0.000128498934376344,0.00104776631102081
"chr4:22031178-22032523",7.56988399994961,1.14213937671857,0.336756735025288,3.39158584796473,0.000694893900285445,0.00380416852549557
"chr4:23905205-23906907",7.01488876691719,1.00025062383569,0.310753261479443,3.21879364700363,0.00128731088000368,0.00612765680931702
"chr4:24171297-24172358",5.44294717307929,1.46342987463263,0.363050795918654,4.03092319610431,5.55581977386084e-05,0.000557824669203526
"chr4:24461286-24462091",2.09075665923911,1.07885462608736,0.485655147849169,2.22144175937454,0.0263210552790349,0.0652076192553297
"chr4:25660928-25661539",6.05020122696494,1.20323551946945,0.411032240959667,2.92735070285525,0.00341863149673594,0.0131115649246474
"chr4:27271543-27273362",4.37711437451636,1.28003764028398,0.377355697262338,3.39212485612507,0.000693528294511684,0.00379798635868082
"chr4:30885810-30886708",2.86632305452946,1.25043770936071,0.481318044316787,2.59794479788444,0.00937835693674207,0.0289872557372196
"chr4:31105482-31106773",3.18214249607168,1.14143874120042,0.372684796520827,3.06274565492407,0.00219316381770423,0.00927185451979492
"chr4:33350945-33351643",2.03714146129814,1.20836635181921,0.470299663187324,2.56935406593712,0.0101888296067845,0.0309505371286578
"chr4:34553549-34554270",2.29870413942337,1.75158343746966,0.622832889934336,2.81228474889039,0.00491909350525531,0.0174372911100471
"chr4:34577767-34578779",1.88254275730074,1.37979547054145,0.486786609972686,2.83449758533596,0.0045897804798771,0.0165136749780249
"chr4:35088413-35089587",2.43330160433443,1.10466765196386,0.376711958803681,2.93239337416294,0.00336360400864196,0.0129459795308394
"chr4:35812011-35813312",2.93275978395668,1.36508274726937,0.447115975875556,3.05308425760502,0.0022650233125951,0.00951041459223053
"chr4:37823758-37824200",5.14397397539722,1.36187414630635,0.325107206243556,4.1890001825616,2.80186174607215e-05,0.000334403435979812
"chr4:40849777-40851399",4.65662186290811,1.32423467414742,0.300400713415425,4.40822746088532,1.04220059574512e-05,0.000161187025852756
"chr4:41444473-41445830",3.42392585347141,1.00931078026694,0.357312393973546,2.82472927692978,0.00473205792754417,0.0169050039253567
"chr4:42121714-42122631",3.3660816105628,1.00347901694989,0.346594054061074,2.89525744943409,0.00378847680596764,0.0142083983369047
"chr4:42537202-42538105",3.70052163552192,1.55310785256765,0.435748876409305,3.56422686701041,0.000364930226711719,0.00231359387841241
"chr4:42705830-42706353",3.99811335112163,1.24496414420388,0.382016903735695,3.2589242309163,0.00111835531846481,0.00549972305687047
"chr4:43016051-43017031",3.20194981769577,1.12906217179317,0.426605615886608,2.64661816382012,0.00813010955572358,0.0258865195931687
"chr4:44722096-44723435",3.46689379807899,1.57696157925981,0.459486797951187,3.43200628677767,0.000599133669398683,0.00339152332045232
"chr4:47280034-47281120",3.08460901638107,1.03410373442689,0.43601767221549,2.37170142478954,0.0177063926179873,0.0477111087116534
"chr4:47452030-47452955",2.16875785735767,1.04575172703053,0.453393348377607,2.30649993162137,0.0210827139467476,0.0547504898479355
"chr4:48197081-48198178",7.67597749741757,1.10045110124793,0.329267553730071,3.3421182524108,0.000831416320769342,0.00437173865534558
"chr4:48788729-48789783",2.28472394366703,1.10742140237482,0.382043885206395,2.89867589891289,0.00374742040931587,0.0140928831957322
"chr4:53791708-53793231",3.33329314073784,1.0817052010475,0.288978968026263,3.74319698224266,0.000181693680146884,0.00135851104139082
"chr4:54512329-54513652",5.64283985975179,1.11316343519358,0.367077688201502,3.03250094182385,0.00242536340543198,0.0100382081901059
"chr4:57537428-57538090",2.26567013647215,1.01558183901402,0.36378658403524,2.79169679032376,0.00524324635132244,0.0183262194838024
"chr4:59524547-59525220",3.1308867569381,1.07520122182232,0.449706976508465,2.39089291024615,0.0168074544844352,0.0457971411469686
"chr4:59549282-59550298",4.03314744889455,1.4856067501475,0.497581718090788,2.98565380546486,0.0028297279601933,0.0113163467553737
"chr4:59554599-59555361",2.3483988603115,1.9172380704812,0.702987508217052,2.72727189042631,0.00638603947996704,0.0213996402530502
"chr4:59577853-59578700",2.33469188760728,1.35697688574134,0.524306760232064,2.58813539833194,0.00964970421330763,0.0296491150092692
"chr4:59993493-59993825",3.05274930568469,1.08602703281004,0.415175558984134,2.61582602662684,0.00890118978553857,0.0278067643008565
"chr4:60164266-60165296",2.02332176127362,1.04493266111444,0.478530642559415,2.18362747999926,0.0289896325881488,0.0703416238934095
"chr4:60379260-60379461",1.30029526852889,1.5478513521633,0.61001429943195,2.53740175206495,0.0111678710134456,0.0332751981847361
"chr4:60802033-60803177",3.41428484494804,1.77614776292705,0.562631658848371,3.15685712844985,0.00159479464742728,0.00723146435727139
"chr4:62168633-62170240",3.58523024400152,1.08922355959409,0.395307809418876,2.75538082891736,0.00586238561513585,0.020003536953529
"chr4:62310488-62312026",3.74040221408771,1.04189360070496,0.340792211545653,3.05726940172571,0.00223363428415368,0.0094055909256671
"chr4:65732168-65733309",4.83145545901272,1.16364140154781,0.366933325768038,3.17126115245094,0.00151778626219108,0.00695787504757653
"chr4:66282256-66283363",7.89504850433911,1.08744686039755,0.221187793860418,4.91639634094723,8.81518403236677e-07,2.66415545729439e-05
"chr4:66531935-66532192",6.56999532476164,1.26966983076217,0.30609496148052,4.14796056955994,3.35450154587993e-05,0.000382546210780242
"chr4:66962399-66963393",6.26389499253824,1.19084825118749,0.396005416220367,3.00715142371894,0.00263708367866578,0.0107135604299052
"chr4:67138615-67139507",3.8265785108946,1.18994335924879,0.342462844421349,3.47466412381003,0.000511493357126017,0.00299878621280435
"chr4:67971809-67973537",12.5876131927025,1.2476404008544,0.289390814950677,4.31126468567098,1.62323458346243e-05,0.000223621939773174
"chr4:70501136-70502713",3.68307730969338,1.11166823476378,0.433226098320162,2.5660232360753,0.0102871936662746,0.0311795249629631
"chr4:70510208-70511752",2.61450143475563,1.00937498292242,0.469306439931424,2.15078016630225,0.0314935552959966,0.075025857800013
"chr4:72460873-72462411",6.84897352330687,1.10697239358066,0.273449538078529,4.04817796131277,5.16178938463777e-05,0.000528066772196384
"chr4:74988497-74989338",4.72278451604774,1.07522364031405,0.246791239350163,4.35681446045359,1.31969043947273e-05,0.000191880471842989
"chr4:75811523-75812097",2.42451985543177,1.07702741569256,0.370864041923376,2.90410310502706,0.00368306847563766,0.0139020203433557
"chr4:76295730-76296180",2.23791142380405,1.12237474286769,0.390929158164438,2.87104381811187,0.00409118809744819,0.0150927214129235
"chr4:77653662-77655140",6.80194355027189,1.00258789277587,0.236784307332796,4.23418217224484,2.29384944787374e-05,0.000288319398495234
"chr4:78952837-78954386",12.7487353133801,1.09655603565826,0.25452524931489,4.30824068971499,1.64558256074068e-05,0.000225874681960789
"chr4:79969677-79972385",7.71394863843148,1.34971016587778,0.243770491137319,5.5368070170457,3.08035638331776e-08,2.2754054440402e-06
"chr4:80119776-80121617",6.21128839404054,1.04959504933074,0.296059139146514,3.54522090537904,0.000392284172784563,0.00244240094563972
"chr4:80334060-80335571",3.1856057751311,1.39940135818722,0.372332610758662,3.75847110285561,0.000170954777754287,0.00129904554264526
"chr4:82728631-82729948",6.38990746163126,1.13595957999942,0.275041165971943,4.13014384950396,3.62536320695742e-05,0.000405639984961069
"chr4:83412039-83413420",8.50147043378949,1.25312249269031,0.248930337553848,5.03402881707515,4.80277426271516e-07,1.69971772957277e-05
"chr4:83420658-83423112",7.72844021602134,1.0574890325263,0.262094048501739,4.03476934547517,5.46559613332297e-05,0.00055137465289132
"chr4:92743336-92744644",5.86687668673655,1.27317104158407,0.30099234549117,4.22991169262614,2.33783065740419e-05,0.00029246914871077
"chr4:94055591-94056864",2.65332620593248,1.28302261491514,0.453971297324231,2.82621968057772,0.00471009494234236,0.0168466462527798
"chr4:101189784-101190331",2.12074060864264,1.14340023866877,0.462710965419758,2.47108956588378,0.0134702076949955,0.0385384582363954
"chr4:102177194-102178149",6.9125532143397,1.42660538381191,0.336340696420376,4.24154852206425,2.21982884923772e-05,0.000281604984942571
"chr4:106162342-106163232",4.66346492200397,1.26676967108306,0.401060423178079,3.1585506768405,0.00158555739950629,0.00719852634853508
"chr4:108583412-108583616",3.03102852901272,1.24570532567033,0.418726150422525,2.97498812628091,0.00292999888698427,0.0116280443893664
"chr4:108964231-108965504",4.65101421479622,1.00660152841949,0.292839770249399,3.43737985985376,0.000587371225595122,0.00333918619633316
"chr4:112733156-112733488",2.64478310407952,1.40853393305876,0.452332815164324,3.11393267487585,0.00184611609671096,0.0081044919650936
"chr4:125200788-125201687",2.95615033004574,1.03441486173149,0.324434627901938,3.18836145334077,0.00143081558371061,0.00665144257096934
"chr4:125857039-125858413",5.31445662178103,1.18796025189033,0.283014980512963,4.19751721176441,2.69857153813825e-05,0.000325221470788001
"chr4:128052027-128053097",2.10387517837867,1.00009658272144,0.367798136878851,2.7191453203333,0.00654508460678143,0.0218153003920565
"chr4:130946772-130948148",5.94571378427826,1.35081466724604,0.276999836483228,4.8765901250914,1.07935385118762e-06,3.09152907959162e-05
"chr4:140455743-140457429",2.87625098120697,1.46215371651339,0.50621919747337,2.88838061419096,0.0038723099405395,0.0144571526996371
"chr4:142061793-142062409",4.7645284024423,1.50953820492503,0.401084319371677,3.7636430346861,0.00016745587395048,0.00127958303410375
"chr4:148633988-148635310",5.60409518051076,1.1999280592537,0.351570787208407,3.41304824778403,0.00064240567803659,0.00358101541161023
"chr4:149265034-149266369",2.7586492512101,1.25897684958942,0.518862806495579,2.42641568026932,0.0152487933301389,0.0424502507757836
"chr4:151273678-151274706",2.86517460891439,1.04868084306398,0.527283553039305,1.98883662693308,0.0467192385553401,0.102126050844897
"chr4:151287453-151288954",7.493670946534,1.24101011148941,0.261043593336366,4.75403397428073,1.99397507963326e-06,4.83762247128806e-05
"chr4:153133227-153133967",3.34803843240765,1.03912603168016,0.341742787144747,3.04066704775844,0.00236054706394885,0.00982610282167283
"chr4:153612039-153613451",6.14463500087456,1.0019574248518,0.318156480533661,3.14925983330956,0.00163684588513472,0.00737773274096695
"chr4:157058775-157059675",5.96279926761004,1.16128186594429,0.26956799825107,4.30793667452581,1.6478454502012e-05,0.000226101982856056
"chr4:157224325-157225190",3.3572175916059,1.21405456170868,0.32726315171591,3.70971970215142,0.000207488835415851,0.00150317660916812
"chr4:157736597-157737663",10.3790213917041,1.64416600865844,0.302113001210364,5.44222195692133,5.26200532484124e-08,3.4026754895957e-06
"chr4:158217763-158218725",10.4632371680522,1.02731888013875,0.369188112042573,2.78264344551887,0.00539180245490637,0.0187288957420424
"chr4:159050992-159052191",3.97687011169548,1.0149011127341,0.380725610225747,2.66570224191728,0.00768277056348519,0.0247546178292106
"chr4:160419112-160420171",3.85097782826394,1.12793775285227,0.472093533026193,2.38922517243991,0.0168839507147718,0.045966987941705
"chr4:162080640-162081452",2.07380404564338,1.2817870640424,0.564184069322617,2.27193062289293,0.0230907009662539,0.0588273706789457
"chr4:164509254-164510300",4.49968497794511,1.38189702980404,0.488248301893192,2.83031610032376,0.00465020356466179,0.0166794053444481
"chr4:164908863-164910610",3.6636117042174,1.22071492524578,0.42584669244925,2.86655960205974,0.0041496001381505,0.0152614413367098
"chr4:166288273-166290297",3.76119045440726,1.11602738038824,0.297298757550333,3.75389184127114,0.000174110014443377,0.00131669149827515
"chr4:166305006-166306657",6.90946350162522,1.11768285767361,0.229611094798066,4.86772147772986,1.12892281621813e-06,3.19152001015298e-05
"chr4:166552185-166553925",3.68587738514155,1.26041557845086,0.343750390807748,3.66665933234032,0.000245739824948417,0.00171097297174401
"chr4:167203111-167203665",2.96441148445018,1.01701388247572,0.429179568744872,2.369669845771,0.017803975575502,0.0479209061866028
"chr4:167247103-167248303",1.34140987807339,1.08715375785563,0.51322609553037,2.11827451355949,0.0341518257868534,0.0799088422257445
"chr4:167326613-167327568",3.05136112284149,1.29278518630297,0.544607318854017,2.37379326635436,0.017606405176094,0.0474970340881694
"chr4:167439473-167441399",4.69701752041797,1.23226207025802,0.427325559200225,2.88366104888344,0.00393081594023631,0.0146252612214387
"chr4:168020925-168021877",4.98823962505096,1.1838602814944,0.270975968709693,4.36887553952325,1.24887912227312e-05,0.000184212829681364
"chr4:168097440-168099314",3.61017798325109,1.31706694170106,0.326360290854437,4.03562252703254,5.44577103860103e-05,0.00054988757114605
"chr4:168139027-168140741",5.11408251854268,1.51783706898652,0.314728063827568,4.82269375831101,1.4163233690671e-06,3.76616884580673e-05
"chr4:173325187-173326427",7.35136184834011,1.46008215845432,0.375778376511642,3.88548743013977,0.000102124777300842,0.000880259449642532
"chr4:173642391-173643533",4.32401142005919,1.49903461208993,0.420407389765351,3.56567141440262,0.000362925856694349,0.00230397867180259
"chr4:177113094-177113576",8.17515297970151,1.15816582224528,0.299387621644954,3.86844925612441,0.000109529723801995,0.000927985033024504
"chr4:177422970-177424215",3.05602453352739,1.06913250731576,0.513254606130886,2.08304512915199,0.0372471101774507,0.0855230890407607
"chr4:182424806-182426515",7.24296650883781,1.04541201529677,0.296892881984558,3.52117574631223,0.000429637762973053,0.00261999174769395
"chr4:182519734-182520853",5.05713594792082,1.5121285422208,0.413355015241553,3.65818361085363,0.000254009054518218,0.00175531622398039
"chr4:182580680-182582073",3.5413370302701,1.40010180999952,0.518758978069105,2.69894472999947,0.00695597276423005,0.0228932927231722
"chr4:182903160-182904769",3.91373325945169,1.11447883060657,0.293434930296272,3.79804418472374,0.000145842329850782,0.00115252152095335
"chr4:183133283-183134260",3.48249592821932,1.06670251814334,0.308558075205159,3.45705591219448,0.000546111527978557,0.00315333394170311
"chr4:183564765-183565532",4.76984409922328,1.17136993349209,0.320359105335255,3.6564277836469,0.000255754418506635,0.0017644681469218
"chr4:183783348-183785170",12.0096928188793,1.23192713259105,0.226895134002783,5.42950001111938,5.65121495894112e-08,3.59064726388753e-06
"chr4:183818741-183820052",6.08173207960057,1.11557224450281,0.301761962044079,3.69686171492964,0.000218281165073349,0.00156262394899464
"chr4:183941368-183942812",5.4823437225923,1.60225971472833,0.304956172266005,5.2540655361149,1.48777901155484e-07,7.28287122583356e-06
"chr4:184211962-184213146",3.71880574152813,1.06238498577577,0.412569521475409,2.57504476330808,0.0100227114386071,0.0305491202315181
"chr4:184227081-184228773",2.55956186195809,1.25391064178612,0.369085506044127,3.39734457531422,0.000680432284770553,0.00374283525110984
"chr4:184323669-184324449",6.63650592358744,1.03781436500719,0.292448307060072,3.54871045567043,0.00038712250415848,0.00241885043373221
"chr4:184796921-184798153",11.9260381146051,1.18618669861344,0.24188686166411,4.90389056459214,9.3956848251204e-07,2.78949207514429e-05
"chr4:186636975-186638811",8.07800548306721,1.27400595878559,0.266357719499199,4.78306377296273,1.7264332147839e-06,4.35358257910999e-05
"chr4:186648146-186648747",1.98851754345444,1.13675705128053,0.406273715823991,2.79800786269177,0.00514188609387451,0.0180445532293965
"chr4:186833112-186834567",5.30177234853165,1.11238526953558,0.316000940875624,3.52019606793957,0.000431227897787134,0.00262725163798544
"chr4:189339752-189340417",1.57551508262485,1.01050326522339,0.438570068204207,2.30408625322072,0.0212178022609512,0.0550309767197565
"chr5:1271485-1272691",6.49083179591673,1.0518469935096,0.261995272330199,4.01475562575773,5.95074182701165e-05,0.000586130758915335
"chr5:1389298-1389837",8.29439094882478,1.48239448770982,0.333717475535894,4.44206431002555,8.90999194814286e-06,0.000143760597872468
"chr5:1390922-1391451",10.436013617173,1.07653722148292,0.286078421649514,3.76308431539737,0.000167830586127159,0.00128143332410454
"chr5:1437421-1438555",6.51350957162851,1.12515049757597,0.259990928693734,4.32765290400336,1.50706718466271e-05,0.000211786555266855
"chr5:2374026-2375269",3.96730788515132,1.24785173506344,0.350594588906973,3.55924413709234,0.000371923677008115,0.00234617496974087
"chr5:2375526-2376284",3.47188792141882,1.10934810125045,0.346487265016088,3.20169949449351,0.00136619438522264,0.0064163351547468
"chr5:2674801-2676401",6.5365335325432,1.09194502067205,0.295423756414496,3.69619909354882,0.000218851372043644,0.00156533564071441
"chr5:3032675-3033378",2.68748957821147,1.07996335664522,0.380311338995298,2.83968224428506,0.00451584917924309,0.0163048293446905
"chr5:6321424-6322581",6.12394937130612,1.26873043374752,0.275232315178797,4.60967104434419,4.03306605560467e-06,8.08078553634264e-05
"chr5:6342640-6343845",8.22769978561047,1.46318230491781,0.31313780791392,4.67264657265542,2.97343177689774e-06,6.4771049481061e-05
"chr5:6419110-6420695",5.26071922170151,1.03298670779942,0.302711782833717,3.41244301140022,0.000643833873226889,0.00358766447875182
"chr5:6545183-6546998",11.8915795971036,1.2094593157846,0.253882938822233,4.76384636713007,1.89937139378087e-06,4.67128611368005e-05
"chr5:6635724-6636910",8.55447944330814,1.0093649788924,0.257232539293139,3.92393972265748,8.711254021647e-05,0.000781646623601033
"chr5:6899445-6901373",10.2211385973399,1.61558169722475,0.246082562741894,6.56520185430312,5.19624234094381e-11,2.11842304017975e-08
"chr5:6902009-6903251",8.71175384598682,1.17693444948056,0.2437231082028,4.82898178247934,1.37232961237343e-06,3.68129971256471e-05
"chr5:6961760-6962881",4.73642035075112,1.13832292650642,0.314117290648085,3.62387859693377,0.000290217870104088,0.00194267342593103
"chr5:7208111-7210274",7.17191163438478,1.31174088968902,0.285514796929681,4.59430090417377,4.34202457953949e-06,8.51312050303863e-05
"chr5:7518748-7522095",4.79658302330098,1.04644407391435,0.291432786828571,3.59068753142692,0.000329806834660371,0.00214261333035471
"chr5:7628968-7630368",4.21344299280564,1.48720578446881,0.31505635385687,4.72044371193494,2.35330725848463e-06,5.4649456281792e-05
"chr5:7675343-7676809",2.5972813365383,1.16063651976901,0.36545228958719,3.17589067804187,0.00149377232492536,0.00687471943886419
"chr5:7759132-7760610",6.29344689399172,1.25293976424335,0.286564561337754,4.37227743163466,1.22957139846527e-05,0.000182244174544072
"chr5:7801672-7802874",4.70058771134268,1.38801247647108,0.317468628018718,4.37212484626746,1.23043127340049e-05,0.000182340105346494
"chr5:8386666-8387412",4.8653607258307,1.4120248176036,0.382738768188663,3.68926519852195,0.000224902687004305,0.0015984901030292
"chr5:8538690-8539995",3.96742571911193,1.20706662722389,0.377716242158816,3.19569690814715,0.00139493562818492,0.00652062928747703
"chr5:8617332-8617628",5.858179234259,1.61159389542823,0.389038342268913,4.1425065869581,3.43530498717214e-05,0.000389746062511073
"chr5:8628118-8629352",5.98031935525068,1.27881551918077,0.363817843472153,3.51498845404665,0.000439773107731127,0.00266695568197356
"chr5:8843001-8844719",7.62670882933341,1.03677838305554,0.331487055330314,3.12765873171859,0.00176204644811101,0.00781408570683913
"chr5:10284185-10284758",13.1417989351002,1.15788551725385,0.157373214857872,7.35757681699241,1.87278640456656e-13,6.32338703910082e-10
"chr5:10288298-10290434",18.1917444369169,1.14722122752103,0.166172046719252,6.9038159556358,5.06238791467972e-12,4.6073975292113e-09
"chr5:10338158-10340311",8.44849845670402,1.05079967392691,0.25747706086324,4.08113899701941,4.48155430120777e-05,0.000474830541764466
"chr5:10934724-10936041",4.80908085769925,1.04538214396367,0.263505315472548,3.96721463507848,7.27175001830843e-05,0.000681365598227817
"chr5:14296002-14297991",5.24100890911862,1.05079485453042,0.302223039210465,3.47688534029551,0.000507274702692589,0.00297916668101423
"chr5:14501089-14502836",7.95581995336305,1.1161864903129,0.254747818265807,4.38153503300375,1.17846090382139e-05,0.000176654803737857
"chr5:16596563-16597024",6.56022593166419,1.16333598490623,0.276799846262926,4.20280574795262,2.63626809000498e-05,0.000319631538063785
"chr5:16733707-16734100",6.05836681614989,1.0088588622945,0.267672445226351,3.76900529093078,0.000163899413833095,0.00125941251400635
"chr5:17259169-17261405",4.11688313552998,1.25592032788525,0.350221316729461,3.58607619779874,0.00033569090849701,0.00217110171638352
"chr5:17882768-17883885",8.42275126112319,1.08201664095983,0.382081179316057,2.83190248443194,0.0046271957936284,0.0166159002608313
"chr5:20360329-20360924",4.29503597644603,1.12466346259866,0.392529625862233,2.86516835545398,0.00416787591510976,0.0153135584880316
"chr5:25349058-25349991",4.40960362405586,1.15810348789075,0.44408438428148,2.60784555566964,0.00911140539210995,0.0283227169078059
"chr5:26552636-26553975",6.26659896954338,1.1459460535228,0.279187981871695,4.10456798978345,4.05071130759054e-05,0.000440902120795812
"chr5:26622737-26624048",6.07913993114045,1.20787946421991,0.308836462226882,3.91106495492932,9.18900532759924e-05,0.000813348262481546
"chr5:26784705-26785881",7.41612645711011,1.3094544501485,0.271808179256041,4.81756823408541,1.45318403210736e-06,3.83952062850443e-05
"chr5:27015587-27016455",5.36260242895164,1.38466549687086,0.394484300043265,3.51006490427883,0.000447997326503956,0.00270650151550223
"chr5:32504681-32506968",13.5946978051911,1.19899270995684,0.237490368045577,5.04859510650444,4.45070888216307e-07,1.60908915212712e-05
"chr5:34000647-34002294",13.1265675787065,1.15845881939205,0.25238787381421,4.58999397191652,4.43258810671941e-06,8.64317302195835e-05
"chr5:34479510-34480508",7.55775505192741,1.03981171793617,0.21638596903193,4.80535647753915,1.54476019173115e-06,4.01285779162589e-05
"chr5:36730610-36731339",6.86417969878821,1.04865599457698,0.281452883713849,3.72586693992852,0.000194645068512496,0.00143175279126449
"chr5:38540096-38542757",8.84047378850372,1.00844393081659,0.22996315211526,4.38524138124158,1.15857232696029e-05,0.00017439858057011
"chr5:43044366-43045857",6.66099349876608,1.07223063933521,0.290514300310207,3.6908015825393,0.000223548469810889,0.00159139513250713
"chr5:50316347-50317728",3.28328075120571,1.14007477442216,0.324110181532659,3.51755310194498,0.000435545196187236,0.00264691736128085
"chr5:50687940-50688491",4.36640600875487,1.14147116369322,0.3102092672948,3.6796810541719,0.000233525842194243,0.00164438376217078
"chr5:51305898-51307120",6.36053545820143,1.48441278110232,0.288206436160082,5.15051919339447,2.59766345465837e-07,1.09321624750282e-05
"chr5:51309140-51310478",10.2129499337233,1.15760111147158,0.267818925955641,4.32232751042886,1.54391777016943e-05,0.000215555736549893
"chr5:51339033-51340620",10.8479398574435,1.13753848357973,0.29188388735872,3.89722945611491,9.72994224583033e-05,0.000848748048942415
"chr5:51432550-51433476",5.26971525460458,1.2759076250376,0.306843568681505,4.15816968405148,3.20807694929247e-05,0.000370064578605372
"chr5:51435536-51437540",6.0025610911715,1.0932877023824,0.360121508347758,3.03588560260791,0.00239830339179434,0.00994942338783165
"chr5:51564630-51566749",5.45895460248736,1.74190619834161,0.331634630759605,5.25248582861143,1.50060013489723e-07,7.32362762779361e-06
"chr5:51642266-51644511",4.09018078036754,1.30215705306902,0.365571762134241,3.56197383919073,0.000368077068509828,0.00232870073489553
"chr5:51856086-51856817",2.82827642473892,1.03852542284791,0.325417486617253,3.19136329655633,0.00141603103113346,0.00659771702190713
"chr5:53989718-53990920",6.63782939467865,1.4157608995607,0.356702697007209,3.96902213366803,7.21681789737562e-05,0.000677486963594825
"chr5:55670724-55671714",4.2118501194232,1.00741007383061,0.347921664908449,2.89550831534361,0.00378545000516733,0.0142002714844603
"chr5:58068847-58070587",5.28244161312201,1.2009854876314,0.326220086570353,3.68151912488807,0.000231848394043467,0.00163523884770176
"chr5:58844358-58845603",7.94213426866431,1.07124423914676,0.311754133231681,3.43618295623578,0.00058997241616583,0.00335096257002946
"chr5:60017891-60019182",11.2600358665671,1.21182692723985,0.311378380354693,3.89181460144872,9.94972653135539e-05,0.000862645818484973
"chr5:63626556-63628254",8.04010821563755,1.40896747613451,0.355646854964663,3.9617037419732,7.44168418454389e-05,0.000693991435170181
"chr5:63981510-63982541",5.59877448293288,1.01921571970044,0.304919880905858,3.34256892883647,0.000830067368739484,0.00436622051284748
"chr5:64308211-64308971",1.64166146845556,1.19653161420554,0.455765211213414,2.62532458548105,0.00865664007494616,0.0271960153053535
"chr5:66789469-66791385",7.01620354637838,1.0546933264213,0.300700119462199,3.50745895381623,0.000452408141413599,0.00272612452676545
"chr5:69142411-69143085",7.46246541036139,1.02919050523585,0.219785550547646,4.68270321989498,2.83116275159644e-06,6.24879795047902e-05
"chr5:69621607-69621918",1.48906313838329,1.05354277697376,0.443661676031763,2.37465355673032,0.0175654281993928,0.0474089955494218
"chr5:69917072-69917373",1.18127206042913,1.11684943791015,0.457600306890973,2.44066584110978,0.0146602129813091,0.0411612444529064
"chr5:69979842-69980050",1.51832682319373,1.10679811631992,0.441669345178225,2.5059428017883,0.0122125374100847,0.0356775920811403
"chr5:70666445-70667435",2.13490791444767,1.06717774142661,0.425900938700902,2.50569473897323,0.0122211079163634,0.0356964093654644
"chr5:71419367-71420586",4.59795690625633,1.01973448915672,0.294583683565698,3.46161225500902,0.000536950141318991,0.00311427180858624
"chr5:71584464-71585210",3.97929390141676,1.13426585632889,0.329944319530051,3.43774930856352,0.000586570474005668,0.00333553884007348
"chr5:71623886-71624470",9.81436692974903,1.14834291515431,0.361140409756337,3.1797685446752,0.0014739272815183,0.00680423060892482
"chr5:73213022-73213995",8.7716700611539,1.09819806964775,0.325885599880973,3.36988829837481,0.000751986599488576,0.0040473237923675
"chr5:73242895-73244759",3.54454269124695,1.1001127612789,0.325739675116905,3.37727592097611,0.000732075738003403,0.00396274212627637
"chr5:73312917-73314302",10.0663234575077,1.06346426329171,0.336805253513548,3.15750497415842,0.00159125521892968,0.00721882312935667
"chr5:73425918-73427575",12.7557937638629,1.24172353992981,0.257035959033928,4.83093316824945,1.358946175173e-06,3.65534171826236e-05
"chr5:77312183-77313507",6.19992119703542,1.18041255152179,0.290779941178139,4.05947035665244,4.91841511153338e-05,0.000509509407382925
"chr5:79405282-79406629",8.57230436390054,1.37719071333967,0.37573184256046,3.66535533415182,0.000246995401660157,0.00171728214311536
"chr5:79513010-79514080",6.45019534793049,1.13962750581016,0.327778905842052,3.47681771309383,0.000507402663746696,0.00297964873760512
"chr5:80050745-80051156",3.44081724198065,1.06101918019054,0.388187541505039,2.73326438060549,0.00627099732959384,0.0210946701511413
"chr5:80850344-80850810",1.84874653595415,1.05495118379454,0.432414097836018,2.43967805183494,0.0147003564066682,0.0412478798959408
"chr5:81152795-81153865",15.0882302759463,1.02337143855814,0.279021261227583,3.66771848874782,0.000244724407299447,0.00170542591554501
"chr5:82493160-82494168",4.27249320381092,1.12471530708174,0.307548472855815,3.65703427702932,0.00025515027182487,0.001760952313448
"chr5:82885130-82886955",9.24506252876715,1.26593173297095,0.307579500470258,4.11578707630212,3.85860396940429e-05,0.000425028288607913
"chr5:83152561-83153520",1.69246537267973,1.0655832969165,0.540454440259135,1.97164315350167,0.0486503572671271,0.105445431251046
"chr5:83408529-83410215",6.64139674539135,1.25513357405315,0.287065796809456,4.37228533668279,1.22952686622531e-05,0.000182244174544072
"chr5:83487102-83487814",3.16335181949628,1.13905291256248,0.372120962347617,3.06097486520641,0.00220617613651667,0.00931360197595772
"chr5:83859909-83861325",6.98038368419022,1.45023076807687,0.386129744869017,3.75581210033125,0.00017278029312977,0.00130911956347497
"chr5:84111043-84111927",2.64339387723479,1.01168164138853,0.438437511869711,2.30747053798893,0.021028602844735,0.0546412848498896
"chr5:87775833-87777261",5.13650383488852,1.17532413885334,0.465413324509153,2.52533409973359,0.0115588342233713,0.0341652788741192
"chr5:89420817-89422060",4.974724191064,1.41887806411281,0.471142700258247,3.01156754277436,0.00259902574793999,0.0105928662854835
"chr5:91442281-91444040",5.48685460084399,1.23225456378664,0.374749856394398,3.28820556635459,0.00100828188478852,0.00507147939674427
"chr5:93611235-93611947",6.45070058384531,1.30787802371118,0.317216405648421,4.1229835545162,3.73996409335777e-05,0.000415220225474748
"chr5:95726937-95727513",2.69627074968012,1.10846223873339,0.392131832617717,2.82675913183006,0.00470216821724539,0.0168243968201623
"chr5:95767347-95770647",13.2702225297618,1.28243894007795,0.219036617683239,5.85490660713433,4.77278144210985e-09,5.66462422712258e-07
"chr5:95794924-95796236",3.88620146519005,1.39798625798052,0.383280617748413,3.64742226255271,0.000264884414627962,0.00181069064836756
"chr5:95960352-95960788",1.31832203472017,1.59400847117491,0.561650394584512,2.83807950024516,0.00453858768016563,0.0163703000968983
"chr5:96061893-96062997",3.19997455515108,1.06666983522276,0.313726867043571,3.39999517820902,0.000673870414457716,0.00371575043939329
"chr5:98638715-98639959",2.00487242592014,1.30948894708865,0.463539606060184,2.82497747758501,0.00472839395528181,0.0168951548710359
"chr5:98748378-98749849",2.1929337666777,1.06085745387893,0.371111117714472,2.85859787874945,0.00425517812357622,0.0155642240601491
"chr5:99687304-99687924",1.4915026370476,1.2669903910767,0.421711424146953,3.00440139519482,0.00266103999047813,0.0107896141867101
"chr5:100012447-100013787",7.48627511382144,1.00243134365671,0.342119327399649,2.93006347018131,0.00338892775810097,0.0130225182817769
"chr5:101305517-101305851",2.27496386886423,1.0494568226579,0.433960744839381,2.41832201446314,0.015592271498489,0.0432079402795624
"chr5:101989742-101991582",4.339227585228,1.13579724425283,0.350359693925773,3.24180339218318,0.00118775932862636,0.00575934530458986
"chr5:103791463-103792692",4.52857200752389,1.13988291002329,0.450651810816163,2.52940936364791,0.0114254679566599,0.0338587686120598
"chr5:109530264-109531511",5.27515860668137,1.1207620479867,0.377359968721869,2.97000779330876,0.00297792194250124,0.0117734770211702
"chr5:109591974-109592375",3.17541616849456,1.1282228419233,0.425072650651551,2.65418826686205,0.00794994576439033,0.025433151237545
"chr5:109593569-109594950",7.48149849627151,1.16462041236771,0.268547299427558,4.33674222325171,1.44610050838729e-05,0.000205231808362395
"chr5:110305160-110306002",2.23748104080583,1.09208777724292,0.363956370420919,3.00060080272785,0.00269447552667957,0.0108971148952336
"chr5:115638823-115640324",3.14646760353277,1.00907473862245,0.340290607926243,2.96533232219316,0.00302356119663508,0.0119166788505764
"chr5:115730079-115732675",6.90284546812076,1.25264071341571,0.304804873697513,4.10964791415647,3.9626282959319e-05,0.00043377900554586
"chr5:115889618-115891493",4.71083710380486,1.18440176548571,0.340412966411202,3.47930861145581,0.000502709304665385,0.00295794179566972
"chr5:116274222-116276211",2.65949391996803,1.09191228652359,0.361837502564923,3.01768688647101,0.00254711931268887,0.0104299964596527
"chr5:116821879-116823202",4.30301209118244,1.05812083087291,0.343372252297569,3.08155601913907,0.00205921725341838,0.00882226979892844
"chr5:116824510-116825299",6.18312338754763,1.41353562265991,0.323798221025669,4.36548297943814,1.26842179189206e-05,0.000186390237875226
"chr5:116993004-116993978",4.97176069170342,1.31541471891131,0.329615170677721,3.99075903031613,6.5862172097538e-05,0.000631658923290598
"chr5:118027923-118029226",6.85695253806492,1.45269194579403,0.421786144014336,3.44414335655524,0.000572871867443536,0.00327575316684986
"chr5:119220192-119221250",2.22304983221784,1.03210756470516,0.504285759736702,2.04667204016239,0.0406902962823365,0.0916659881880257
"chr5:121828613-121830325",8.18005069776028,1.09384833210126,0.244046398115053,4.48213266227176,7.39007779572521e-06,0.000125642939200503
"chr5:122152521-122152842",2.50662206616163,1.11176063857856,0.37729438271778,2.94666628898678,0.00321219654472037,0.0125002722302511
"chr5:123462950-123464341",12.7837530468055,1.2109966627438,0.24202726562004,5.00355470133251,5.62826854224528e-07,1.90981773402726e-05
"chr5:123466593-123466791",8.66636220184882,1.33973370999499,0.319147194812974,4.19785519587629,2.69454827593189e-05,0.000324911782471644
"chr5:123466802-123467487",3.71382004325698,1.02513241812793,0.277535626172309,3.69369666974386,0.000221017426062711,0.00157735545371182
"chr5:124708463-124709365",4.44125196894495,1.03566467972232,0.293652702789216,3.52683516918186,0.000420558492433629,0.00257666908745704
"chr5:124969819-124970369",3.2206085279208,1.13684790180207,0.324053975514067,3.50820538460796,0.000451140613411716,0.00272078485456583
"chr5:124990911-124991168",2.37029399912925,1.18468082900215,0.390346818124319,3.03494424444072,0.00240580157508155,0.00997386582387565
"chr5:132841494-132842810",3.42026801440419,1.08352952710561,0.367610744055742,2.94749145563957,0.00320363605588986,0.0124731841458869
"chr5:133242142-133243921",6.57777346173402,1.00754643141529,0.329856994593122,3.05449466869148,0.00225440021353969,0.00947459029064409
"chr5:133259749-133261374",7.00468858090568,1.00854269854334,0.312785177380411,3.22439415764495,0.00126239512518312,0.00603630828197945
"chr5:134819624-134820816",5.73815994312839,1.02221120484034,0.290288676109195,3.52136093815739,0.000429337790455521,0.00261863874492925
"chr5:135145823-135146967",4.19447560754784,1.49458014278983,0.364322778735602,4.10235162340615,4.08972119939045e-05,0.000444038224636904
"chr5:135841341-135842055",4.2833741728209,1.20761059211229,0.317270181021636,3.80625304345869,0.000141088034135707,0.00112384282334636
"chr5:136375073-136376284",8.68379727277494,1.16248942488602,0.347141888417068,3.34874431370658,0.000811786735302904,0.00429208154074336
"chr5:136490673-136492103",7.24365751204634,1.41771703549497,0.25325116463144,5.5980671897726,2.16754751069298e-08,1.76739462491544e-06
"chr5:136709092-136710609",10.3582944794954,1.50224887117098,0.24155594426433,6.21905155654999,5.00168954664735e-10,1.06646414798838e-07
"chr5:136711642-136712332",7.55880692376817,1.15790511375351,0.202117935100456,5.72885881294014,1.01108500508904e-08,9.947889038255e-07
"chr5:136848847-136850072",3.59197785561309,1.11210791945104,0.427773072134192,2.59976139662708,0.00932885994291797,0.0288617303743737
"chr5:137974649-137975786",5.77630055582894,1.21888319469374,0.350217398419494,3.48036162736196,0.000500737406629192,0.00294900149788019
"chr5:138288412-138291463",12.2058384824389,1.00898183780739,0.204546906694748,4.93276507629189,8.10736432079985e-07,2.50650250658584e-05
"chr5:138854453-138855339",7.87312913077149,1.33818703549294,0.375079049636013,3.56774668377652,0.000360064344360043,0.00229045399970972
"chr5:141457499-141460410",6.25856977390487,1.32200612988263,0.289388383193811,4.56827642938676,4.91751218602887e-06,9.30621903160381e-05
"chr5:143757707-143758942",2.40381815358526,1.10277405091314,0.438633635656444,2.51411191771184,0.0119332557844267,0.0350357159987257
"chr5:143803687-143804099",1.39980588008999,1.00472239069293,0.446086087970391,2.25230604089053,0.0243029386816668,0.0612345660531954
"chr5:143815160-143816212",6.89371081057969,1.44118181666689,0.27945080122969,5.15719336042387,2.50678900432999e-07,1.06540280350335e-05
"chr5:145999434-146001210",7.17084200668746,1.28258518920107,0.231520525946039,5.53983360205395,3.0275918253306e-08,2.24685583209529e-06
"chr5:146519854-146522338",4.66598835668611,1.14042498526553,0.31968631787409,3.56732497295893,0.000360644112278371,0.00229318496335275
"chr5:146669692-146670872",4.77700321217181,1.12588341150688,0.274418314245094,4.10279982443631,4.08180384553837e-05,0.000443348023530871
"chr5:146711407-146713109",5.38355767368377,1.08610121417344,0.260864087053767,4.16347541909662,3.13439783192585e-05,0.000364017256829662
"chr5:147836462-147837149",4.85026386182102,1.01681231397645,0.321731611518249,3.16043645564737,0.00157532963169961,0.00716110959561404
"chr5:147848888-147849522",1.98567078268599,1.11845412535149,0.47329975624506,2.36309888309427,0.0181228333225736,0.0486051156985885
"chr5:148536296-148536963",4.25992772268812,1.17833341126517,0.331736958986593,3.55201125272507,0.00038229851086986,0.0023958002151795
"chr5:150849421-150851391",5.97863285086808,1.01996271501421,0.26288470610766,3.8798860919528,0.000104505394105318,0.00089617137468436
"chr5:151711886-151713164",5.66875998416757,1.4698498236295,0.341024985190657,4.31009423783937,1.63184991060243e-05,0.00022451362036359
"chr5:152622927-152623265",1.45191034695209,1.06329991474788,0.427202007194203,2.48898623330791,0.0128107926230388,0.0370486129276542
"chr5:152951971-152953611",3.2220923870654,1.1178107807178,0.357817641268484,3.12396777519157,0.00178429997043989,0.00789128856234963
"chr5:153259065-153260425",5.20601392389774,1.13837903418433,0.308939496456756,3.68479604336921,0.00022888585067028,0.00161880479885959
"chr5:153681392-153682367",6.04176343429054,1.38596265435769,0.34470356108228,4.02073784792396,5.80161392072475e-05,0.00057564261607835
"chr5:156924887-156925740",4.75161197389954,1.16003913977752,0.309368179600694,3.74970412689114,0.000177043333352339,0.00133268611991017
"chr5:157342445-157343158",10.5309649540121,1.20757823267402,0.274311965922,4.40220764200053,1.07154929536246e-05,0.00016475334532191
"chr5:159313280-159314837",3.31869171472323,1.16780844010497,0.357232803051561,3.26904032924551,0.00107912919361739,0.00534664102384779
"chr5:160046388-160046864",3.81629367673757,1.06318716426144,0.334017960390647,3.18302393984444,0.00145745563350173,0.00674563629449113
"chr5:160078301-160079411",5.50183625645086,1.13847401445226,0.360669193323319,3.15656018181647,0.00159641940131515,0.00723715884570245
"chr5:160279294-160279542",1.90022458254909,1.11297918545088,0.415541509607934,2.67838268793167,0.0073978641602547,0.024022227287429
"chr5:160593070-160594926",5.53771934636268,1.19465614163653,0.340116179952704,3.51249429475146,0.000443921535289464,0.00268681281632426
"chr5:163085831-163086954",3.39539327313031,1.19372910829657,0.433588636388502,2.75313743976207,0.00590271100758124,0.0201112528281227
"chr5:166143854-166144697",3.56131122815423,1.21825837451447,0.380487608225777,3.20183456222199,0.00136555399082907,0.00641407725466898
"chr5:167624675-167625310",2.32861229832757,1.05174138200524,0.355233575126344,2.96070376126798,0.0030693701205453,0.0120548549722079
"chr5:169622218-169623632",3.89211747732217,1.28187168816677,0.405618681406532,3.1602875975084,0.00157613476965034,0.00716428391804189
"chr5:170593800-170594228",2.71332175894895,1.53070400725428,0.407809094223578,3.75348178580609,0.000174395209712974,0.00131840569364082
"chr5:170895923-170897122",5.05108184132182,1.34520165821494,0.380989885394051,3.53080674785795,0.00041429432027781,0.00254713329159817
"chr5:171568334-171569601",8.3764408954274,1.04710325625195,0.2244704654702,4.66477072633399,3.08961324817117e-06,6.66094551667191e-05
"chr5:171863711-171865340",9.92542828142554,1.09157320607603,0.225741330956106,4.83550443090229,1.32808415985915e-06,3.59424232618333e-05
"chr5:175205453-175206459",7.05335642662045,1.27230244615652,0.314648762387855,4.0435641205167,5.26447501197411e-05,0.000535776384220602
"chr5:175263448-175265036",8.14766148415749,1.30860804532078,0.275421498624579,4.75129229873414,2.02120705285064e-06,4.88568633754949e-05
"chr5:175288296-175289613",9.30465417149694,1.17032782106787,0.292257381918552,4.00444229461423,6.21639626613751e-05,0.000605222576797822
"chr5:175314397-175314979",5.3752858867494,1.01632723297581,0.252553797894638,4.0242009482661,5.71690881251838e-05,0.000569260647953514
"chr5:175375034-175376292",8.44270220134549,1.05840438301958,0.227238790658554,4.6576747744179,3.19800894542686e-06,6.82790386713119e-05
"chr5:176066793-176067713",7.47339132240293,1.79527916003233,0.3941937261997,4.55430678042511,5.25586078922029e-06,9.77494482081259e-05
"chr5:176165927-176168265",9.93334565134635,1.11495339198052,0.289178217095305,3.85559259331441,0.000115449621293631,0.000966175934112897
"chr5:176219314-176221028",6.25956999388035,1.02522377023935,0.280979270938846,3.64875233256082,0.000263516994362463,0.00180354949082042
"chr5:176229503-176230971",6.10558913283481,1.12261540713623,0.263802528680564,4.25551420128954,2.08569124942265e-05,0.000269129944441357
"chr5:177321442-177322507",9.5780183268752,1.11434810203878,0.217933458978545,5.11324927921457,3.16663968106266e-07,1.25755883518644e-05
"chr5:177484981-177486080",5.50683137977266,1.3999124473919,0.281371407169957,4.97531878406646,6.514034913467e-07,2.12473437170422e-05
"chr5:178734786-178735857",2.39381330997604,1.16936862211382,0.475763626122287,2.45787731114453,0.0139760911455739,0.0396662799486792
"chr5:179400246-179402725",5.0479242104749,1.25080801892066,0.29169011245852,4.28813993171787,1.80175578818826e-05,0.00024152690496964
"chr5:179586751-179586997",2.32995752354505,1.17833132878619,0.497045781318463,2.3706696104744,0.0177558950834447,0.0478145238556089
"chr6:2021195-2022535",7.71900232790688,1.05534213989558,0.220259628014769,4.79135531739307,1.65658457405399e-06,4.21805079484671e-05
"chr6:6474499-6475351",13.0490592992885,1.57495053201749,0.327214255467396,4.81320879424343,1.485259678935e-06,3.90029563933866e-05
"chr6:7763308-7764816",4.12023419770482,1.00975539995107,0.292209946616418,3.4555818911824,0.000549106361938725,0.00316648218842701
"chr6:9138979-9141623",10.489870586639,1.13411251587352,0.254590495739507,4.45465378658097,8.40286800610455e-06,0.000137812767005421
"chr6:13005518-13007103",6.65558306743866,1.25054823187768,0.291616083068255,4.28833766203826,1.80015293231943e-05,0.000241398902680285
"chr6:14384244-14385482",9.02511599924136,1.13292987141879,0.287396780194753,3.94204093257784,8.07911840694989e-05,0.000738483534371859
"chr6:15766106-15766718",4.17741530186662,1.05513591779584,0.370597453633631,2.84712133731748,0.00441165436839602,0.0160095197511396
"chr6:16163072-16164261",5.16134550619838,1.03465823820719,0.286589828228491,3.61024061671261,0.000305913087308138,0.00202381537888698
"chr6:16244556-16245782",9.30963883439303,1.05008074337078,0.205637671293329,5.10646097461834,3.28248363042764e-07,1.28963835420532e-05
"chr6:19554573-19555819",10.5934029063787,1.32871498409316,0.280063360269026,4.74433707721286,2.09190263932583e-06,5.00885418934714e-05
"chr6:19863659-19867232",5.55255827408604,1.0614466748331,0.29147887714532,3.64159037947681,0.000270958965863118,0.00184229898295202
"chr6:19976058-19977710",9.29822066248907,1.92834054490497,0.316753564466948,6.0878258722995,1.14454251136973e-09,1.92743028403884e-07
"chr6:20021604-20023227",4.97520347387183,1.02782641863654,0.289502653732409,3.55031777907839,0.000384766398158656,0.00240724503781604
"chr6:20068535-20069871",10.6653631873186,1.06901955308622,0.324895025620018,3.29035371054431,0.00100061515740983,0.00504100874337187
"chr6:23180234-23181864",14.9094426177777,1.41593185488408,0.216532111494101,6.53913105596193,6.18772857532236e-11,2.35790640594021e-08
"chr6:23633754-23635058",11.4251370669979,1.39802872060392,0.306773480436605,4.55720200655619,5.18395618659366e-06,9.67967784099959e-05
"chr6:24129911-24130552",6.23048932544444,1.14320310194035,0.376739508737305,3.0344656597657,0.00240962185924077,0.0099862464178228
"chr6:25318352-25319344",5.58524599754545,1.11085798558221,0.334236242344032,3.32357130929804,0.000888726978846111,0.0046042753373614
"chr6:25369295-25371519",12.2880637586602,1.09815981847152,0.213602010660038,5.14114925734159,2.73063017030134e-07,1.13118423280316e-05
"chr6:34463606-34464621",9.51502813369533,1.33238234781031,0.316462381212293,4.21023927933002,2.55100362721994e-05,0.00031178540595754
"chr6:34959850-34961186",6.10117379633622,1.66157473956489,0.303289856263334,5.47850416112241,4.28936502867797e-08,2.91010243167823e-06
"chr6:35002302-35004760",4.67922022756754,1.01777495296037,0.25427330256126,4.00268114154518,6.26286834077247e-05,0.000608603483824861
"chr6:37050727-37051810",5.67157087229488,1.09148969899482,0.288551130825198,3.78265611322812,0.000155163715641715,0.00120799061671533
"chr6:37426981-37428632",5.50833455038097,1.055483907069,0.29089943020945,3.62834642305433,0.000285242349411401,0.0019167920001894
"chr6:37463430-37463676",12.5798242959813,1.25928329243082,0.227677870155605,5.5309867909875,3.18434306544248e-08,2.33575151548037e-06
"chr6:37641085-37642577",8.20002988278294,1.04564334643095,0.273606419269549,3.82170619104084,0.000132531534741942,0.00107232880186675
"chr6:37647448-37649129",11.0461052028215,1.34515623677916,0.269147615350658,4.99783821241229,5.79765947424454e-07,1.94968496007588e-05
"chr6:39295354-39298913",8.28707153177471,1.04649058776979,0.231236408725059,4.52563068912766,6.02156557453161e-06,0.000108052377755074
"chr6:42177790-42179515",6.10512843313482,1.01732618518993,0.25645028925591,3.96695276944978,7.27974116151912e-05,0.00068201907191333
"chr6:43791344-43792818",5.8031071429854,1.04338124180209,0.236500504212629,4.41175060186775,1.02538183555714e-05,0.000159320740015887
"chr6:44437308-44438470",20.2779344334804,1.08559721077347,0.165923975144055,6.54273868397233,6.0402322388291e-11,2.32783607688797e-08
"chr6:52876807-52878465",5.4387346516449,1.10368290628795,0.393332975888581,2.80597604051532,0.00501644221983513,0.0177060718053339
"chr6:63495345-63496355",3.45930007416083,1.01321627345406,0.479647391768411,2.1124190203942,0.0346505250032789,0.0808297692756665
"chr6:63558744-63560214",6.85247432455275,1.38969431373899,0.410307106350595,3.38696135706588,0.000706713412978974,0.00385357587228438
"chr6:65199597-65200249",3.15267179627712,1.35735876128648,0.467951349896389,2.90064076444489,0.00372400534219528,0.0140241742182558
"chr6:65759439-65761522",2.57542755993288,1.56572032627258,0.515320452073577,3.038343073659,0.00237882964894843,0.00988710840878419
"chr6:65767041-65768237",4.68952799545838,1.45704213149526,0.374985220349065,3.88559882477217,0.000102077956836525,0.000879968992435971
"chr6:65834447-65835604",3.51480853258024,1.35284085364761,0.364466683089686,3.71183681915504,0.000205760629339247,0.0014931083192273
"chr6:65836257-65837702",4.87614187878357,1.25532267610341,0.34844410814141,3.60265146338465,0.000314987750389998,0.00206975761060737
"chr6:68062724-68064113",2.96239346273341,1.02792665074784,0.410256287811256,2.50557195901104,0.0122253519037085,0.0357063170881952
"chr6:68069234-68069702",2.26886583557246,1.21436855010129,0.439031322171977,2.76601802371084,0.00567453983945214,0.0194984997867349
"chr6:68316594-68318591",3.5581295668204,1.09283965546341,0.363374010662042,3.00747886034099,0.00263424445397858,0.0107042679184309
"chr6:69267384-69268205",5.18845766746509,1.62128218048638,0.314823352854682,5.14981549426144,2.60742829884824e-07,1.09554046638428e-05
"chr6:69427846-69429445",7.16765067602583,1.02375989658278,0.258592078670856,3.95897624492144,7.52717223367497e-05,0.000700444207455916
"chr6:72981286-72981769",2.68189090923722,1.00283232431155,0.491790425387674,2.03914568593121,0.0414354897433359,0.0929795773271199
"chr6:79844286-79845511",6.29570142689652,1.22435488247804,0.322305496066834,3.79874031755312,0.000145433371696049,0.00115007581143954
"chr6:80094135-80096774",6.18948783130044,1.21943896544083,0.228019010433471,5.34797060614657,8.89459059456758e-08,5.00209575859003e-06
"chr6:80414597-80415906",2.11985509263529,1.09410771817194,0.418618630729754,2.61361448788041,0.008959006195373,0.0279458848358349
"chr6:80460059-80461613",1.96864730177054,1.23954403655099,0.471331927326913,2.62987496641884,0.00854162770572772,0.026910585777492
"chr6:80519300-80521185",16.2704172490199,1.99611054774009,0.280913790414294,7.10577627675811,1.19648098274951e-12,1.94740638710737e-09
"chr6:80521889-80522382",6.7535848128214,1.23595526948795,0.261340383639186,4.72929308619348,2.25302940758631e-06,5.29891781713523e-05
"chr6:82483880-82485005",3.34544774437935,1.29713771761345,0.411267068949592,3.15400336070292,0.00161047231244443,0.00728589217258836
"chr6:83306433-83307998",5.54979302654944,1.34313202259235,0.322490555901429,4.16487242188539,3.11526717165961e-05,0.000362463719141968
"chr6:84318781-84319724",5.56347855215625,1.89174858473483,0.6195745421929,3.05330263900005,0.00226337548699589,0.0095060850685667
"chr6:84736185-84738162",9.48852884306132,1.15723606175594,0.212824591728809,5.43751101484805,5.40300111627779e-08,3.46848708635725e-06
"chr6:84761219-84763218",17.7883588364214,1.13210089577779,0.18348971369836,6.16983302747349,6.8362145427566e-10,1.32699536508378e-07
"chr6:84771137-84772395",4.89142963632065,1.23148515008021,0.280111684846777,4.39640763559666,1.10057161015041e-05,0.000167983090100656
"chr6:84781854-84783113",8.09416178372911,1.04867177790371,0.397558981336915,2.63777659953054,0.0083451537847223,0.0264220449002266
"chr6:85120125-85121443",5.57513050352094,1.2175017401978,0.449597686991591,2.70798043545223,0.00676940128725565,0.0224090683289029
"chr6:85663427-85663661",1.49965326852037,1.24530388259761,0.449165470469514,2.77248356000271,0.0055630329330623,0.0191935387437136
"chr6:88960929-88961541",3.65471724500391,1.22228412000634,0.40585198138744,3.01165000064275,0.00259831992973216,0.0105906502358083
"chr6:89083881-89085062",5.74920682783739,1.06115328782958,0.257133099165924,4.12686383538992,3.67743987621476e-05,0.000409858375516298
"chr6:89564622-89565759",4.3319396636593,1.26401422961767,0.313534765776956,4.03149624088855,5.54228831831008e-05,0.000556983114728756
"chr6:90085137-90086242",12.7639827078707,1.06772760987817,0.184589891208096,5.78432330660227,7.28048017487376e-09,7.7765455140907e-07
"chr6:90094668-90096144",8.35675797554404,1.08906085578089,0.323466085222064,3.3668471148474,0.000760328275591116,0.00408173669249382
"chr6:90197708-90198051",13.7185814884082,1.30898560733862,0.299975413054415,4.36364298663761,1.27914267252516e-05,0.000187638054237203
"chr6:90201635-90202818",8.77558186176781,1.28558076498595,0.272484489263086,4.71799612690874,2.38179027579197e-06,5.5120492682892e-05
"chr6:90209934-90211343",4.96976049585102,1.31192822026153,0.310169078632904,4.22971956470955,2.33982810490429e-05,0.000292675353716527
"chr6:91797289-91799078",5.57215307277867,1.28534472168048,0.340903970162518,3.77040115158449,0.00016298535012573,0.00125400505009307
"chr6:92036993-92038747",4.25521065311204,1.29066237780247,0.373650462769169,3.45419718802758,0.000551933654955273,0.00317983283163468
"chr6:92229420-92229663",3.25312822237599,1.27029039147473,0.467620703985999,2.71649732496183,0.00659767283578311,0.0219508665730337
"chr6:96907348-96908695",5.56535383364584,1.08833761343356,0.305117090486717,3.56695068013879,0.00036115942105672,0.00229574255672994
"chr6:98462050-98463306",10.7151649801729,1.18222195595808,0.270540001556395,4.36986009150902,1.24326166729019e-05,0.000183588986550868
"chr6:99163952-99165209",3.2784870016052,1.05131864588231,0.313028783711447,3.35853666048625,0.00078356326963362,0.00417623937767753
"chr6:101743510-101745102",1.93926060903144,1.26379313774342,0.472102888491152,2.67694430293049,0.00742969846640622,0.0241059884400314
"chr6:102004014-102004938",3.31928575416644,1.04566902366135,0.294289247606968,3.5532015938886,0.000380572697650279,0.00238721579454027
"chr6:102025853-102027010",3.09032697357627,1.13771866764625,0.329219563868855,3.455805160168,0.000548651755381542,0.00316473153196219
"chr6:102110446-102111893",5.71742443757914,1.17724437460162,0.310904904867474,3.78650949589691,0.000152778260253228,0.00119447522673885
"chr6:103489968-103490986",3.08346800842554,1.03121790698216,0.449817457842448,2.29252530999665,0.0218753487677805,0.0563584261504951
"chr6:104320178-104321077",2.80990552286742,1.11301371591773,0.397440850814271,2.80045122094874,0.00510312193650056,0.0179380406931955
"chr6:105768249-105769784",8.12227738908938,1.10857011901858,0.210394347900344,5.26901093152783,1.37160797178432e-07,6.87214126783652e-06
"chr6:105805007-105805825",1.93729278891602,1.38562932317533,0.399901297401106,3.46492830150917,0.000530372858506633,0.00308460806561963
"chr6:107876053-107877598",4.98363599758667,1.22277691455676,0.274299673907648,4.45781395630986,8.27997149456027e-06,0.000136303115603599
"chr6:107946410-107946882",5.45880424348374,1.07616445043757,0.236287321724145,4.55447394547027,5.25168330259868e-06,9.76934304905519e-05
"chr6:107950001-107951728",6.31594859975669,1.00933983670206,0.2543897547594,3.96769059216512,7.25724685843694e-05,0.000680405957349031
"chr6:107974119-107975151",6.39914200554568,1.47131021056376,0.257794224184465,5.7073047901607,1.14779140868357e-08,1.09391894779618e-06
"chr6:109408774-109409313",2.20900714278363,1.06618993861641,0.375165136484461,2.84192168975852,0.00448425048575095,0.0162179271993104
"chr6:109784450-109784696",7.37688066656582,1.25214661451551,0.297536259493624,4.20838326275437,2.57204347996142e-05,0.000313636643260585
"chr6:109786477-109787861",10.3227136226267,1.14409067089788,0.264359600613045,4.32778181024921,1.50618566198586e-05,0.000211698167359427
"chr6:110137589-110139329",19.9969560627759,1.35516394939187,0.226844117319443,5.97398762377215,2.31523373566356e-09,3.31739354172292e-07
"chr6:110298945-110301142",11.3365896452538,1.01704575666486,0.17577964316415,5.78591319425482,7.2119451673741e-09,7.72795995934333e-07
"chr6:110304680-110305348",3.54539284325918,1.1860246714747,0.352448136494445,3.36510410658219,0.000765147831730022,0.0041015666592267
"chr6:111872133-111875114",18.7727753065438,1.00622220013923,0.207944034959502,4.83890870125318,1.30553997920146e-06,3.54812262743372e-05
"chr6:112182188-112183821",5.79826101872909,1.18142069770372,0.241119102983426,4.89973910439159,9.59639995264969e-07,2.83260652110574e-05
"chr6:112243745-112244701",5.94923360593127,1.11703239870473,0.246886123211443,4.52448434190875,6.0542934792105e-06,0.000108488693926435
"chr6:112247805-112249354",11.0719756805067,1.23251917814943,0.225589777904704,5.4635417863219,4.6672734016994e-08,3.11047657386004e-06
"chr6:112271488-112274181",10.7201404627113,1.35854678981322,0.244326485829196,5.56037461596754,2.69196193175838e-08,2.07299616944282e-06
"chr6:113492850-113494432",7.33242739846636,1.10760826320488,0.228990124330535,4.83692589994014,1.31862556915585e-06,3.57557663064236e-05
"chr6:113503647-113505029",5.045608934105,1.11668499485958,0.314269080797647,3.55327667623336,0.000380464084206118,0.00238684707391339
"chr6:113885591-113886795",18.8854088112317,1.14861619484879,0.215586380982133,5.32786992209855,9.93712469252864e-08,5.40964225346411e-06
"chr6:115583705-115585321",3.0697031771105,1.35680483897441,0.394625159888751,3.43821169272863,0.000585569723870362,0.00333117144342018
"chr6:115591856-115593054",11.2213121880568,1.42636520193747,0.237387251500107,6.0086006848469,1.87131389181698e-09,2.80854562291644e-07
"chr6:115671469-115671843",1.54385461876321,1.09443933533347,0.452365960698728,2.41936712842626,0.0155475396585121,0.0431064282692048
"chr6:115806080-115807478",4.03336136277575,1.05876677266188,0.273762659897446,3.86746232323468,0.000109973813045187,0.000930851757757614
"chr6:115871970-115873590",7.61614865735388,1.00877348225034,0.208040969645636,4.84891742222037,1.24137080780026e-06,3.42932137600507e-05
"chr6:118455464-118457328",4.00828915310569,1.09312676238002,0.372527590070956,2.93435115013043,0.00334245828178604,0.0128827827290579
"chr6:118696543-118697133",5.68648039679157,1.34595825689242,0.282803654898718,4.7593382673023,1.94228687379523e-06,4.7437753594191e-05
"chr6:118698438-118700326",15.3875894609925,1.37374836334704,0.222698831055714,6.16863751297987,6.8880931496126e-10,1.33188868278391e-07
"chr6:118721886-118723415",3.76842698867588,1.00503446758412,0.288086643056204,3.48865347217102,0.000485460048197963,0.00287984657891364
"chr6:119069062-119070676",10.4719805126819,1.06011453866748,0.238319050004286,4.4482996162011,8.65527423206249e-06,0.000140853739102061
"chr6:121852259-121855351",4.15608005821881,1.00882613776448,0.440810520425481,2.28857091883999,0.0221042951889892,0.0568286234353856
"chr6:123138690-123141138",3.32077765576235,1.00620792344124,0.307981338796982,3.26710679085825,0.00108652686093341,0.00537552631176985
"chr6:123337627-123338919",4.45129221327757,1.33071034321005,0.364919294932957,3.64658805847615,0.00026574543574572,0.00181509616533869
"chr6:123383297-123384091",1.28919759027829,1.3368852460835,0.44168306958743,3.02679757983991,0.00247159407920462,0.0101865453292895
"chr6:124287675-124290588",5.61847975765223,1.0366739888744,0.239415514399498,4.33002009696234,1.49095734285262e-05,0.000210148018147961
"chr6:124377131-124379147",7.55974069454926,1.01220574143815,0.299636435587137,3.37811301037115,0.000729850798182569,0.00395344299365144
"chr6:125011893-125012957",3.88713446079313,1.39790007615247,0.345781363976702,4.0427282143715,5.28328485230553e-05,0.000537195846451052
"chr6:125295849-125296837",6.07421025496492,1.0770305547889,0.459344718853633,2.34471086872796,0.0190418395275569,0.0505338749219612
"chr6:125832789-125833916",5.64058100677107,1.08946953382992,0.302761699972434,3.59843908238431,0.000320132813763881,0.00209596943745024
"chr6:127839377-127840913",16.8589532303973,1.10948975014098,0.17880028540465,6.20519003999376,5.46308454379665e-10,1.1362944730276e-07
"chr6:128387345-128389643",5.78909853691279,1.07268823045979,0.246830312631613,4.34585290203295,1.387355229567e-05,0.000199017481799966
"chr6:128554067-128555793",9.25108308767068,1.5031994434795,0.341165877482529,4.40606620618579,1.05264801539217e-05,0.000162502991751374
"chr6:128735834-128737286",1.92104736332092,1.09906222534923,0.375803035315667,2.92456984661139,0.00344932661045537,0.013201354023313
"chr6:129564221-129564827",1.97961088079219,1.04576598989994,0.366578170942618,2.85277758686739,0.00433389426411555,0.0157882453798665
"chr6:129953301-129954020",5.08707729009279,1.08474524900372,0.333482323741283,3.25278184712803,0.00114281197473143,0.00559251465202877
"chr6:130391830-130392443",2.84225860230636,1.17525071626889,0.393665911051513,2.98540128386962,0.00283206531082472,0.0113229929757074
"chr6:131280774-131281596",1.9797093897022,1.02429141206017,0.430451057435506,2.37957694461846,0.0173325240356258,0.0469257735531055
"chr6:132108504-132109973",6.44095714186261,1.33215306703713,0.323575900767316,4.11697244411006,3.83881950519985e-05,0.000423266175888535
"chr6:132862374-132863029",1.33990408975448,1.08996355927767,0.539640839989637,2.01979442345136,0.0434047158334704,0.0964201595556509
"chr6:132979756-132981214",5.87434512255021,1.05458644407454,0.419679632946512,2.512836843357,0.0119764709742699,0.0351385831045434
"chr6:133370266-133371251",3.44378418554335,1.01145263875011,0.40931882391228,2.47106309229227,0.0134712049460057,0.0385406536506679
"chr6:133376303-133377307",5.51208222941638,1.06271479540184,0.280645089630478,3.78668587004711,0.00015266990550725,0.00119400183743584
"chr6:134268137-134269403",6.51628276426192,1.01146134756137,0.264695664495707,3.82122370416755,0.000132791129190553,0.00107396271134047
"chr6:135151657-135152752",3.43569576964997,1.02694169499972,0.367856555290774,2.79169062024183,0.00524334632422461,0.0183263778665119
"chr6:135978104-135979614",4.30431813709913,1.13472647092278,0.288359724058932,3.9351073546279,8.3159515885508e-05,0.000754945110395045
"chr6:136434072-136436319",9.22064839919048,1.13372889380941,0.227525529140663,4.98286455190925,6.26498068008863e-07,2.06383655164625e-05
"chr6:137024655-137024812",4.03947474326112,1.06186968028354,0.337682287556823,3.14458210990665,0.00166324228895177,0.00747268376136493
"chr6:137217716-137218710",2.97125276752662,1.3962515717744,0.424602615447617,3.28837251815434,0.00100768409051441,0.00506915700200139
"chr6:137277553-137278688",8.704449844526,1.12866284143655,0.245600425585908,4.59552477868877,4.31661490195178e-06,8.47829140915638e-05
"chr6:137320524-137321432",5.22706736146797,1.08376406065813,0.297626376902057,3.64135757031633,0.000271204151754536,0.00184355900604954
"chr6:138503802-138505163",11.9035929231252,1.17754271477831,0.210303794667449,5.59924616025282,2.15285916382007e-08,1.75883977416887e-06
"chr6:138530498-138531599",3.69701988875935,1.11773924789634,0.335624092081184,3.33033079051419,0.000867428671669749,0.00451719653871627
"chr6:138897594-138899481",15.6758785155048,1.51783848655842,0.233352092320671,6.50449915174799,7.7952656423443e-11,2.80435517885229e-08
"chr6:140906846-140908288",9.132366803102,1.08190446699841,0.274328539389258,3.94382760687993,8.01913147849351e-05,0.000734276912868977
"chr6:141277587-141279182",10.8954906281673,1.34275022684836,0.299326241804842,4.48590881558531,7.26037892127796e-06,0.000124029037945557
"chr6:145161479-145162708",2.52582048593896,1.13253036795487,0.366816750933215,3.08745542583215,0.00201878045257761,0.00868687817328049
"chr6:148628486-148629321",2.5645583160995,1.12346061583248,0.405997818720946,2.7671592408349,0.00565471266779482,0.0194425253390171
"chr6:149124962-149125736",4.99910953047778,1.35737246231786,0.348440541862364,3.89556408982405,9.79704512413006e-05,0.000853136551847731
"chr6:149288357-149289236",7.62797081567278,1.58990240246065,0.282980324371628,5.6184203124055,1.92711238483422e-08,1.6161522193254e-06
"chr6:149290593-149291796",10.1661307893746,1.58982760143349,0.245706834713457,6.47042481861586,9.77277683729124e-11,3.30645287610667e-08
"chr6:151365549-151367086",10.7700093579986,1.13798295272539,0.27073772287088,4.20326706104461,2.63089878518899e-05,0.000319152423767479
"chr6:151633575-151634878",6.6407182896839,1.07745564316353,0.234951526608126,4.58586355542439,4.52113803322893e-06,8.76728411529865e-05
"chr6:153460621-153462102",8.64660279378479,1.12164249328713,0.218640530477412,5.13007579536132,2.8962553631631e-07,1.18007007923713e-05
"chr6:153466598-153467393",12.7781191837905,1.3116576884985,0.245446726418662,5.34396081641435,9.09372340247769e-08,5.08508394291184e-06
"chr6:153468618-153469032",3.46644508561864,1.06074212939135,0.396907397886321,2.67251790982026,0.00752843556625614,0.0243579895988467
"chr6:154778223-154779931",11.7032835069625,1.1845854749715,0.228722257106134,5.17914386627367,2.22906518528234e-07,9.78489093370583e-06
"chr6:154792574-154794753",10.7524134778903,1.12087103824596,0.267089655056914,4.1966097039854,2.70940251987675e-05,0.000326175057299356
"chr6:154888291-154889849",7.6599792037844,1.02009458183784,0.361569907268642,2.82129281594203,0.00478305222595894,0.0170490306040283
"chr6:154909731-154910455",3.51451818740707,1.08787491271608,0.293036836938452,3.71241692369404,0.000205289454385046,0.00149059156070042
"chr6:154910817-154912608",10.7965346075463,1.43332118393052,0.272339783264238,5.2629886340911,1.41732343740515e-07,7.02767732447053e-06
"chr6:155193659-155194834",3.58026951283708,1.047371515064,0.273546614025418,3.82885936568997,0.000128738542986992,0.0010491587331929
"chr6:156003896-156005395",2.27917889533738,1.2709746226708,0.498779743356581,2.54816808340624,0.010829028122435,0.0324800127127035
"chr6:156280634-156282374",6.9161002442627,1.03429867885725,0.277144309808445,3.73198598077707,0.000189976076776243,0.00140499151336086
"chr6:156877747-156879314",17.5158443390967,1.12421964020487,0.28857458174211,3.89576806598144,9.78880286169047e-05,0.000852595956329516
"chr6:156938768-156940813",5.89087021963547,1.38312021954613,0.305377914571221,4.52920841210198,5.9205078111762e-06,0.000106816359394837
"chr6:157051958-157053192",8.84204176852528,1.23470848253798,0.297473889778987,4.15064489678515,3.31539802449077e-05,0.00037932543007523
"chr6:157463998-157464861",4.40483664699554,1.30109242760743,0.372312627870518,3.49462341647977,0.000474731066694316,0.00282956695447005
"chr6:157469497-157470362",8.78645229664698,1.4666998682422,0.298235123351283,4.9179313682467,8.74635645124244e-07,2.64957387226615e-05
"chr6:157549512-157551978",19.2331706565483,1.25234245651242,0.179046015170506,6.99452850330019,2.66152471523019e-12,2.95489171761623e-09
"chr6:157797971-157798262",10.7200940321886,1.48870822977416,0.291298354319572,5.11059608713394,3.21143924402789e-07,1.26946126061262e-05
"chr6:158643111-158643443",3.84205272141002,1.00028243748723,0.286379572454906,3.49285540484817,0.000477885198867601,0.00284439079601964
"chr6:158887697-158890054",5.43583142229259,1.01658378550784,0.234849000746883,4.32866983582995,1.50012626324104e-05,0.000211090670300601
"chr6:158956432-158959031",13.7371533810896,1.08570313489407,0.164737925019047,6.59048688860528,4.38386514694859e-11,1.88443253511551e-08
"chr6:158968781-158970925",12.429207733243,1.33635911826026,0.240057860639357,5.56682091018004,2.59428781052084e-08,2.0191122827621e-06
"chr6:159173127-159174180",9.86644100081859,1.52472449288063,0.252752488608901,6.03248063460189,1.61461697657468e-09,2.50978997145002e-07
"chr6:159179274-159180684",24.3487919963029,1.65180261570969,0.21147740686847,7.81077581841656,5.68370318033455e-15,9.71538472945912e-11
"chr6:159190112-159192455",6.94714012985903,1.13406429137675,0.259507691516003,4.3700604199888,1.24212163001051e-05,0.000183506709443914
"chr6:159673939-159675013",10.0177168027498,1.25621428361337,0.29299465243828,4.28749901460403,1.80696058859393e-05,0.000242033712325658
"chr6:161488302-161489721",4.77304243328233,1.06895305011317,0.305811825162271,3.49546015608114,0.000473245103254041,0.00282321947547001
"chr6:161779774-161780887",7.62717480705428,1.23548040113733,0.296602469606444,4.16544205709638,3.10749843301368e-05,0.000361710444231311
"chr6:164194479-164195471",2.8067497259345,1.12172056089668,0.412863008083697,2.71693161880291,0.00658902195366428,0.0219297008447423
"chr6:164201831-164202783",5.33997254904976,1.51502690702257,0.377893918478642,4.00913280933943,6.09421362359278e-05,0.000596379866157019
"chr6:164383431-164384444",4.81116670665247,1.10811842277692,0.307109649705679,3.608217533506,0.00030830793924369,0.00203591175367719
"chr6:164571591-164573870",6.03841103848275,1.03226273620438,0.237662744574895,4.34339314750731,1.40298731504999e-05,0.000200650405599932
"chr6:168180013-168180747",3.96137969312924,1.05691110952105,0.38613207163645,2.73717514590745,0.00619692903524275,0.0208930982570462
"chr6:168199754-168200736",7.38672100473632,1.04226400552336,0.283472832038718,3.67676859199334,0.000236207132840364,0.00165941870585802
"chr6:169007562-169009063",8.30542884341918,1.04389220999364,0.215913821070474,4.83476326257462,1.33304181335345e-06,3.60270933391891e-05
"chr6:169033107-169034038",3.85940358149157,1.12263465073029,0.305829160774146,3.67079008387741,0.000241801869553574,0.00169004742946527
"chr6:169099610-169101604",3.74981340764359,1.16032860894115,0.314799144139188,3.68593317530786,0.000227866141253293,0.00161339660363505
"chr6:169445226-169446584",4.55512127229091,1.18262478857339,0.287947745023594,4.10708126391644,4.00690285889986e-05,0.000437468722160474
"chr6:169451316-169452349",3.13740127483237,1.42171010108784,0.36102128338356,3.93802295466711,8.21557366656571e-05,0.000747918344696032
"chr6:170345784-170347141",10.2971859379625,1.11180585382368,0.215468787480815,5.15993925070317,2.47029986988581e-07,1.05336627594337e-05
"chr6:170395688-170396896",8.92669153950962,1.00052449714357,0.187339888510292,5.34069121690869,9.25928536596654e-08,5.13909497067404e-06
"chr6:170448201-170449662",7.40609227185731,1.02390107005564,0.258605933598253,3.95931004292532,7.51666033612553e-05,0.000699607178847476
"chr6:170507402-170507765",5.92706176402746,1.03377983554822,0.329845458670074,3.13413390536401,0.00172362181079915,0.0076832326428763
"chr7:807227-808958",22.7919958903876,1.07290368896354,0.36773720426976,2.91758265551096,0.00352756141715999,0.0134355966924917
"chr7:921028-921409",6.53391077938581,1.01672194725247,0.334013009787255,3.04395911973626,0.00233486865932547,0.00974340601451106
"chr7:2091336-2092734",9.10837734666779,1.12093882800422,0.241420920688745,4.64308902810212,3.4323835925594e-06,7.18644329950079e-05
"chr7:2968133-2969354",8.93178563536346,1.00437136958602,0.271788422724974,3.69541630771503,0.000219526786227238,0.0015691957766716
"chr7:3307487-3308528",10.1699656115525,1.43757037629585,0.307272711853532,4.67848370792229,2.8900412872211e-06,6.34367373557963e-05
"chr7:3312284-3314301",5.02352787252747,1.0393899752498,0.297203296564905,3.49723568770311,0.000470106302226361,0.0028087423261854
"chr7:6596005-6598752",6.01151136525974,1.04745247946825,0.279342199240556,3.74971086472415,0.000177038576676193,0.0013326802338656
"chr7:7742309-7743119",2.30043719088192,1.08684633727567,0.36280714711854,2.99565856380597,0.00273852880223408,0.0110350793207718
"chr7:8186176-8187991",6.72039454529269,1.05147211875283,0.225572080866537,4.6613575346452,3.14130475886833e-06,6.74189044325739e-05
"chr7:8193948-8196119",5.21394573456058,1.13565199043485,0.279170450604427,4.06795199125148,4.74281495881979e-05,0.000495299614375123
"chr7:8382180-8383971",4.41980354106351,1.04473013116139,0.321522801104319,3.24931895210263,0.00115681690331026,0.00564432646289315
"chr7:8418211-8420044",9.78428173692838,1.29384563305205,0.240140205708376,5.38787592538036,7.12952411267817e-08,4.27195563857389e-06
"chr7:9984192-9986491",4.86513161763721,1.06177353038973,0.313296773028112,3.38903436549107,0.000701392196459595,0.00383141443761783
"chr7:10369618-10371170",3.15658914274956,1.0885180689261,0.322696861077609,3.37319075646141,0.000743024573547351,0.00401027835060549
"chr7:10408614-10409278",3.09927468537801,1.25857479500823,0.376391340199431,3.34379317638226,0.000826413227196875,0.00435130008512046
"chr7:13506186-13507281",5.5211026040398,1.24537891691404,0.383738835177406,3.24538150103647,0.00117293369872683,0.00570444397896494
"chr7:13590381-13591909",6.65850734407883,1.12880301295284,0.271584497173007,4.1563602661523,3.23357789372011e-05,0.000372420672894396
"chr7:13878358-13879624",4.79201377360018,1.41133587007934,0.344834029915603,4.09279754212414,4.26199823593044e-05,0.000457865063930998
"chr7:14428434-14429864",10.968423153488,1.00589303972456,0.292367605830155,3.44050783898717,0.00058062361745818,0.00330958028374279
"chr7:14546995-14548216",4.06804881470315,1.19698946063216,0.316673821726522,3.77988131164778,0.000156903134202192,0.00121833575869348
"chr7:14794149-14794590",4.93627199013336,1.0984648971507,0.291850238881122,3.76379646411092,0.000167353112380383,0.00127916056986018
"chr7:14800616-14802266",10.760558346904,1.10996406080115,0.217066748334988,5.11346887220241,3.1629589759927e-07,1.25681700538355e-05
"chr7:14873989-14876870",9.65333506419274,1.58792515677234,0.232876509103692,6.8187433884338,9.18402785177413e-12,6.65873750154996e-09
"chr7:14879067-14879227",12.5507152890581,1.33770843680167,0.262633396079838,5.09344377664376,3.51617356083317e-07,1.35478143055003e-05
"chr7:14941675-14943860",12.423411539903,1.10140045968769,0.186748108465925,5.89778642865693,3.68410389335082e-09,4.70386834041816e-07
"chr7:15372571-15373208",4.46807111692967,1.12477204213926,0.291045192185994,3.8645958508755,0.000111273288102166,0.000939360934139013
"chr7:15447677-15448724",4.4011976914038,1.34076695637501,0.366128786354579,3.66200912450663,0.000250244944232133,0.00173488259334002
"chr7:16397123-16399095",6.40444173568752,1.0901096785831,0.374797065242088,2.90853312279534,0.00363128706996982,0.0137472701305938
"chr7:18150822-18152139",3.19349599894448,1.04599650840374,0.367393814642453,2.84707163462103,0.00441234323242981,0.0160117510440492
"chr7:18155260-18155709",2.88875873843806,1.09729268925724,0.385444837535579,2.84682160039554,0.00441581010861899,0.016020872619202
"chr7:19408877-19410123",4.09953874298663,1.20700792812502,0.349595334057787,3.45258592016993,0.000555240616659106,0.00319421975701586
"chr7:20998085-20999601",7.31428437232165,1.03537561336913,0.299275760895064,3.459603979529,0.000540970366369659,0.0031315758321711
"chr7:21003279-21005296",9.19587659301892,1.75385313134835,0.380426057838685,4.6102339606086,4.02216059057789e-06,8.06527577886195e-05
"chr7:21067446-21068976",5.79448922787605,1.10470684638394,0.305751936123827,3.61308209651546,0.00030257884961806,0.0020066725221897
"chr7:22290467-22292349",4.04561085883125,1.09390102355294,0.291137779045795,3.7573310723816,0.000171735223025529,0.00130305640448491
"chr7:22693371-22694682",5.58751534250362,1.03567371808911,0.30548561036686,3.39025369098519,0.000698279718784054,0.00381820102217907
"chr7:22888813-22889645",3.97471763047257,1.01040925005106,0.355045843609343,2.84585573451415,0.00442922562537516,0.0160583096333671
"chr7:25423944-25426457",7.09347152541219,1.04365637690937,0.364393464759078,2.86409191668515,0.00418206636963945,0.0153534148228766
"chr7:25534315-25535707",3.42208125400919,1.07158885354329,0.368187987456847,2.91043947670585,0.00360920861460104,0.0136802136377982
"chr7:25675898-25677126",5.84173289262751,1.25154328588755,0.359908283545167,3.477395056206,0.000506311209329484,0.00297428118217226
"chr7:25817132-25819340",6.66209984114741,1.08351171384743,0.298210302794742,3.63338122020957,0.000279731250806359,0.00188790117981269
"chr7:26667059-26668488",9.15048785495364,1.1048648382511,0.264411817940659,4.17857585510441,2.93340161578571e-05,0.000346497925296304
"chr7:26828645-26829849",3.86404958306241,1.31606545770863,0.431045915665852,3.05319087799651,0.00226421865711601,0.00950798854163833
"chr7:28394578-28396574",15.8633431497779,1.39083864819952,0.270406171862605,5.14351665355557,2.69642739346079e-07,1.12154788227104e-05
"chr7:28851929-28853806",5.64006593787828,1.02800175922606,0.354227057086749,2.90209835375254,0.00370672143522421,0.013973209994867
"chr7:28879816-28880935",2.98639974955494,1.18808858806331,0.310830752995004,3.8223006463019,0.000132212354961498,0.00107046958707423
"chr7:29059019-29059967",8.23517540355592,1.73814399493046,0.400523811934311,4.33967705075054,1.42692262404254e-05,0.00020325857454753
"chr7:29370615-29373152",11.4562762849918,1.07907298407573,0.203729039614452,5.29660860384866,1.17973185283696e-07,6.13921982731646e-06
"chr7:30211917-30213971",10.7593367753935,1.00283345140621,0.191166595988894,5.24586131912123,1.55553881066686e-07,7.51301493446947e-06
"chr7:30698830-30701152",8.69988670679679,1.10796268339442,0.23370261467796,4.74090837589125,2.1276214027153e-06,5.07697619296568e-05
"chr7:31082489-31083303",6.71307415696243,1.0759060513484,0.311378556149291,3.45529912095987,0.000549682624879315,0.0031691511981865
"chr7:31592469-31594333",8.89183269490568,1.09707054090696,0.230695124309815,4.75549946791954,1.97956381750121e-06,4.81029129759636e-05
"chr7:32176758-32177694",2.68043184083277,1.60707612705694,0.571898351859672,2.81007301705123,0.00495302616020255,0.0175315144226716
"chr7:32328100-32328490",3.15467956579458,1.01202945309167,0.341708259094476,2.96167688710113,0.003059686863807,0.0120258397907782
"chr7:32329372-32330318",14.1628465808442,1.9764054296415,0.333091533758598,5.93352045709413,2.96507035650907e-09,4.00276174197399e-07
"chr7:33486058-33487244",4.62253064077873,1.18070323086598,0.280092178561151,4.21540950172659,2.49325360133337e-05,0.000306717304525357
"chr7:33826655-33827807",3.64205285394464,1.22140261270676,0.350745110047851,3.48230831369288,0.000497110980219485,0.00293210214329898
"chr7:34177438-34178581",5.51814842286824,1.02531545909053,0.328424309759326,3.12192316044417,0.00179673827312163,0.00793415844113378
"chr7:36342232-36344115",12.4385733099701,1.0859992863327,0.229682130202463,4.72827069905438,2.26440160174579e-06,5.31783066642951e-05
"chr7:37039123-37040426",3.25227355560256,1.18500400392959,0.450512031264824,2.63034929522894,0.00852971787029311,0.0268853325102342
"chr7:39141562-39142741",3.55618959256057,1.07667930981811,0.341085007964576,3.15663041375871,0.00159603498726918,0.00723580749109615
"chr7:41094529-41095557",5.01664024294769,1.08628878742845,0.351776039381593,3.08801244490129,0.0020150003248302,0.00867372904329983
"chr7:43679166-43680558",11.4377230197485,1.09861932626825,0.181954884325878,6.03786664116497,1.56165039948561e-09,2.4490301175993e-07
"chr7:45498907-45500018",4.64812675452132,1.02199567433302,0.285886224594706,3.57483357507651,0.000350450744855251,0.00224428774812872
"chr7:47065748-47067021",4.05337275585185,1.19735563138252,0.35382029556851,3.3840784329758,0.000714175985207938,0.00388601221334462
"chr7:48491771-48492592",2.62362290315401,1.00044768398364,0.389409453888004,2.56914071806632,0.0101951048773811,0.0309633899538702
"chr7:50625289-50627179",11.2196723684013,1.05475707221565,0.295343244466601,3.57129235889776,0.000355224106542953,0.00226671704161414
"chr7:55166667-55169006",8.76546626359346,1.49109527538506,0.327612747243336,4.55139578032822,5.32911937686272e-06,9.87776979174939e-05
"chr7:55194863-55195957",8.52594305297172,1.13835549045424,0.287550070584901,3.95880789783404,7.53247905735305e-05,0.000700821333124786
"chr7:55480904-55482004",4.96173303828674,1.23167480370524,0.3638165262655,3.38542840906134,0.000710672445727265,0.00387027129207442
"chr7:55497494-55498015",5.31859318914129,1.27181218025571,0.341611279237179,3.72298064365931,0.000196884621341793,0.00144422756308469
"chr7:55505842-55508372",12.532556254331,1.23133971511168,0.221504913354484,5.5589724691168,2.71367493738196e-08,2.08206554326069e-06
"chr7:55536912-55537957",4.3239338863995,1.11840918288806,0.309555523522297,3.61295179023839,0.000302731005551866,0.00200747742157102
"chr7:55556842-55558204",4.73859959715575,1.02844412280986,0.292262948950129,3.5189001086325,0.000433339836926638,0.00263666903626638
"chr7:55569312-55572360",7.31251685580069,1.13344194049282,0.254259794189227,4.45781034357826,8.28011100490955e-06,0.000136303115603599
"chr7:55580062-55581148",7.63595328760294,1.42549404527389,0.321443516184196,4.43466417427142,9.22159236246801e-06,0.000147401280512356
"chr7:55593754-55595236",8.08337176069336,1.14909347876723,0.229726802641448,5.0020000520388,5.6738575196314e-07,1.91984694726226e-05
"chr7:64586538-64588483",3.79862755064021,1.38837886916362,0.338907081878635,4.09663575475477,4.19197701359585e-05,0.000452235384574747
"chr7:65032891-65034565",8.996325076793,1.36415872001711,0.288403200607372,4.73004015608778,2.24475431593289e-06,5.28316148449043e-05
"chr7:65097887-65099561",9.28775286744253,1.46348504128977,0.286600895120515,5.1063519556503,3.28437703661778e-07,1.29007990610767e-05
"chr7:66808028-66809556",4.20925498443815,1.08312230972556,0.293282026166472,3.69310838404655,0.000221529549510761,0.00158000850024174
"chr7:66977236-66978352",3.20699670841134,1.16212272990083,0.331134138955168,3.5095225565316,0.000448911980132719,0.00271064833969254
"chr7:66990251-66991290",4.18554637701529,1.07051416072139,0.300564964724433,3.56167313679714,0.000368498978391442,0.00233062240331447
"chr7:67015637-67016670",4.76551940749072,1.17268934357717,0.254457094498723,4.60859362513493,4.05401814356322e-06,8.1079090140849e-05
"chr7:67650545-67651446",6.28972268282514,1.20717320406714,0.236945828987896,5.09472232207477,3.49252770216285e-07,1.34799427673855e-05
"chr7:67688782-67690065",4.40002063067345,1.44525399319684,0.354491875285653,4.0769735329822,4.56256839158869e-05,0.000480864561933483
"chr7:68149303-68150796",8.64675583265145,1.01861090189721,0.233025520110167,4.37124183400875,1.23541865424976e-05,0.000182870976886713
"chr7:68631687-68633101",6.57480783580816,1.11783725313147,0.239189837733794,4.67343121146965,2.96208944717487e-06,6.46373606615274e-05
"chr7:68697325-68698984",10.3646595738643,1.47048126705583,0.274231342901198,5.36219256157608,8.22178247805915e-08,4.73409755023784e-06
"chr7:69301814-69303489",6.02475536176428,1.15342779598559,0.277085953186164,4.16270757403082,3.14496024545141e-05,0.000364851208024306
"chr7:69897140-69898319",7.2385630471916,1.25597942388049,0.28917182922699,4.34336715038236,1.40315342410106e-05,0.000200665602584772
"chr7:69963147-69964065",4.82507025559741,1.02583434950498,0.322987437431301,3.17608126700957,0.00149279125905952,0.00687141727658072
"chr7:70078779-70080359",10.1088880807464,1.45698228631787,0.250962625069947,5.80557477796459,6.41455678934137e-09,7.09107786608866e-07
"chr7:70095243-70097500",5.15213366183091,1.19451929530016,0.309155832003447,3.86380967669029,0.000111632212280179,0.000941490156986458
"chr7:70755344-70755967",5.5150745041494,1.32834115834977,0.393003024671226,3.3799769339206,0.000724919133111158,0.00393206532990219
"chr7:71294369-71295172",3.36144407528514,1.13227347907309,0.382128100507014,2.96307305736158,0.00304584268585458,0.0119839292917471
"chr7:72863157-72864669",7.81832107076944,1.08878192589765,0.273968140457945,3.97411875730411,7.0640312497412e-05,0.000666690567376914
"chr7:73135421-73136433",11.933871931379,1.41150141564674,0.304927592491211,4.62897241969804,3.67484702955767e-06,7.55812809161224e-05
"chr7:74041760-74043244",8.09939064000677,1.04133248277539,0.248246006622946,4.19476025794461,2.7316034992932e-05,0.000328140831238945
"chr7:75228131-75229481",10.1016253994956,1.30711926893354,0.266039137368837,4.91325931162282,8.95746785149261e-07,2.69550482946621e-05
"chr7:75275592-75276344",7.587344653147,1.24416422811269,0.359978308942138,3.45621999216813,0.000547808030762318,0.00316089796617051
"chr7:75939312-75940366",17.9271710622395,1.17275583264255,0.213444761324414,5.49442312552279,3.91989629491348e-08,2.72505533677991e-06
"chr7:80240333-80241688",8.0285147907916,1.00166622148769,0.275644251756737,3.63390934185591,0.000279158986074681,0.00188520731783133
"chr7:80860630-80862252",7.59463358449823,1.17165060840443,0.246183934193387,4.7592488609921,1.94314733872676e-06,4.74449450121626e-05
"chr7:81893340-81895086",3.94371058399331,1.2919869179923,0.282408884767788,4.57488056388396,4.76491734914766e-06,9.10013447346218e-05
"chr7:81948221-81949929",6.01637727456215,1.28434927172441,0.266196287439114,4.82482037627279,1.4012949924882e-06,3.73785015742373e-05
"chr7:81964668-81965988",9.44460681112569,1.27746646160883,0.232571508369112,5.49279002646089,3.95633077213235e-08,2.74412542806519e-06
"chr7:82042665-82043547",3.77062176820794,1.05595618031344,0.265506040179135,3.97714560316969,6.9747460929376e-05,0.000660641104883535
"chr7:82743637-82745478",4.04637432727139,1.29846552078263,0.36598074522769,3.54790665277979,0.000388305814919709,0.00242397795745377
"chr7:83669489-83670487",6.66878732409292,1.10063098097795,0.366930776320221,2.99956027677937,0.00270369620835955,0.0109260725147553
"chr7:83806717-83807795",8.24419504423329,1.00918322710191,0.430516711454057,2.34412091389768,0.0190719873215258,0.0505978626934408
"chr7:84241397-84242024",1.09677140380452,1.203775358869,0.560578240178805,2.14738152962383,0.0317629198810144,0.0755401499568421
"chr7:86336606-86338082",6.36712389317034,1.29911462568958,0.414782911755185,3.13203506912153,0.00173599138004477,0.00772449072851234
"chr7:94043766-94044378",3.01556446157685,1.23986535483763,0.415368615925769,2.98497601238897,0.00283600562640855,0.0113359082337959
"chr7:94073488-94075509",4.71432580204661,1.06946269162819,0.313727335722024,3.40889227636759,0.00065227231153476,0.00362390559561661
"chr7:95137933-95139344",6.01683049309174,1.34749662218574,0.360830739960141,3.734428564303,0.000188141882729002,0.00139518104074936
"chr7:95663990-95666207",5.86453522367135,1.27773200693369,0.284937601207845,4.48425199593668,7.31701511008395e-06,0.000124748670915785
"chr7:96224721-96226650",9.9673934877575,1.02921878586852,0.214945502953713,4.78827782728796,1.68218658317635e-06,4.26703718489962e-05
"chr7:96299201-96300361",3.35310957046268,1.10128305574418,0.301742741971708,3.64974165922916,0.000262504181056742,0.00179830623088394
"chr7:96659560-96660459",5.05684869185169,1.12610777172533,0.279751181722954,4.0253905802641,5.68808250140313e-05,0.000567140173360262
"chr7:98423834-98425081",11.3387050948124,1.29490603712754,0.304130867614785,4.25772644284065,2.06516436221169e-05,0.000267159822778469
"chr7:103326251-103327565",3.62878884736093,1.04748031714149,0.362334906054252,2.89091748997722,0.00384118954548634,0.0143649589578726
"chr7:103766189-103768192",5.36651388664128,1.32395139368579,0.304171689384512,4.35264503532459,1.34504832386381e-05,0.000194479521502286
"chr7:104122206-104123693",4.36601120701875,1.01438253522231,0.271088923462589,3.74188115938383,0.000182647889422092,0.00136415498415206
"chr7:105313214-105314861",10.7691300909974,1.14979655144976,0.218875425983768,5.25320074778533,1.49478457088877e-07,7.30776098807291e-06
"chr7:105536648-105537866",8.87292309112515,1.17853946682873,0.206684116917964,5.70212885442236,1.18320330198638e-08,1.12048452115635e-06
"chr7:107818425-107819911",10.8621701972971,1.0640259957586,0.18544004957401,5.73784356832771,9.58896203238969e-09,9.54874933743949e-07
"chr7:107903352-107904578",12.8739313868389,1.53372983956534,0.2589564382171,5.92273298986106,3.16634730653802e-09,4.18756961349191e-07
"chr7:109704849-109706353",7.33384730900353,1.15539824957777,0.303630088819191,3.80528245428863,0.000141642460308149,0.00112707895685175
"chr7:113053518-113055062",6.3883383936628,1.35906533336601,0.413426462174513,3.28732061856342,0.00101145604958531,0.00508347937332655
"chr7:115445208-115446446",3.43218277665017,1.11225514599565,0.37643083297793,2.95473975178026,0.00312932902505283,0.0122461596927089
"chr7:116350544-116352138",8.69362711193396,1.25186388575114,0.28375829219746,4.41172617743273,1.02549753552658e-05,0.000159323950554485
"chr7:116708446-116709958",8.65081498031301,1.89502468162995,0.302663954709507,6.26115086432664,3.82146592831148e-10,8.76996350562422e-08
"chr7:116711607-116713468",9.78834349925508,1.760904478619,0.250169681984455,7.03884045680812,1.93846166860628e-12,2.42751375059571e-09
"chr7:120914848-120916052",4.61749381964902,1.60352961882994,0.350187273987162,4.57906308408206,4.67063328446339e-06,8.97197160773037e-05
"chr7:126217781-126219281",4.62239206567463,1.06692666455457,0.288525616333985,3.69785767416762,0.000217426733496362,0.00155792009889337
"chr7:126527307-126529082",11.3732464592331,1.13694305812311,0.252807521085057,4.49726753873192,6.88323528518294e-06,0.00011929423096756
"chr7:127376596-127377725",5.26858137109924,1.14048380959802,0.281488014790705,4.05162475726013,5.08631930246973e-05,0.000521982895564162
"chr7:129792866-129795091",18.9359459140853,1.09014014044783,0.231810509763596,4.70272094893184,2.56717171952087e-06,5.83171169199592e-05
"chr7:129911721-129915921",12.2498041685129,1.05715828270527,0.209561259439669,5.04462649982124,4.54408121955015e-07,1.63176170498076e-05
"chr7:135598823-135599891",5.81908699374065,1.20952122924361,0.308982510730441,3.91452974598555,9.05805709856624e-05,0.000804412090706947
"chr7:141081516-141082582",5.74694702773074,1.30145296537779,0.327917138717449,3.968847040042,7.2221219905078e-05,0.000677927948137792
"chr7:141109162-141110504",5.87447707156749,1.16584787540653,0.243973356423466,4.77858686086593,1.76531499037233e-06,4.42434543647748e-05
"chr7:142396988-142398403",4.41434148805743,1.11437805597519,0.481870362644993,2.31260966094357,0.0207441098867259,0.0540591568140879
"chr7:145178565-145179507",3.73211666091106,1.0681057567064,0.385721061725696,2.76911442669931,0.00562088904415675,0.0193517193554852
"chr7:146546473-146547481",2.39318846073506,1.12703797356354,0.472480257921043,2.38536521826883,0.017062173252136,0.0463420600534822
"chr7:147089991-147091170",3.53400498329992,1.08092778302325,0.496726067367192,2.17610440449102,0.0295474546590821,0.0713990730194034
"chr7:147493045-147493907",3.95599122890243,1.17835503018353,0.358828252617829,3.28389702200662,0.00102382324793692,0.00513063878449599
"chr7:147850085-147851593",9.92999003680299,1.08814894176123,0.250308651683281,4.3472286492841,1.37868474911249e-05,0.000198087269523666
"chr7:151524476-151525911",8.28546034318499,1.21840449534234,0.294195160987603,4.14148380704903,3.45066238086232e-05,0.000390879992011407
"chr7:151622334-151623745",8.50100353185375,1.17418591267038,0.256900028899526,4.5705947083782,4.86342063262482e-06,9.23146839374723e-05
"chr7:152311852-152313166",9.9573738799704,1.4410561195554,0.237802866925925,6.05987698207308,1.36225694432567e-09,2.21614947282419e-07
"chr7:152374374-152375651",11.0634769036203,1.04533275935533,0.247036530834042,4.23149060515904,2.32147692583548e-05,0.000290933451263185
"chr7:152432483-152434580",4.37580366438535,1.04155960714728,0.270427087363973,3.8515357958407,0.000117379368060815,0.000978612829679098
"chr7:152719316-152720639",3.91842544332383,1.06482051498421,0.346232627852625,3.07544820829959,0.00210186429423619,0.00896511647015399
"chr7:154379425-154380861",3.43577747492626,1.02156101763208,0.377447453378242,2.70649863574087,0.00679968617773348,0.0224850896419897
"chr7:154586912-154587914",5.3792348410248,1.22230530873491,0.339762025602732,3.59753361655577,0.000321248986584196,0.0021008822528911
"chr7:154633222-154634892",3.69384381840008,1.15905963551413,0.335982381681527,3.44976313851119,0.00056107861235569,0.00322095205594484
"chr7:154858205-154858560",6.1195206902084,1.10602777420041,0.29902141235593,3.6988246610376,0.0002166001626422,0.00155330956350211
"chr7:156785721-156787378",4.62372773465505,1.14262356280064,0.269761332564836,4.23568326837952,2.27857771298193e-05,0.000286923864568013
"chr7:157808186-157810339",7.5760539288693,1.14413943501662,0.221935230964776,5.15528530573051,2.53245046772097e-07,1.07352059890812e-05
"chr7:157979685-157980221",3.55017217459247,1.64231923622583,0.354905483157851,4.62748341223957,3.70135867357708e-06,7.59615695197445e-05
"chr7:157982171-157983558",4.84104671084155,1.12997455641626,0.324182914464464,3.48560798857315,0.000491019989658121,0.00290455549994693
"chr7:158206717-158208070",11.3574694397374,1.16057135415898,0.236409519334148,4.90915660853145,9.14689125632998e-07,2.73507792343919e-05
"chr7:158239758-158240913",8.14821383198686,1.02436025694334,0.272533246994488,3.7586616247377,0.000170824675534796,0.00129826288756513
"chr8:2584502-2586225",3.96496414504291,1.1120705619002,0.423366839981057,2.62673043063543,0.00862095998492794,0.0271072889135205
"chr8:3048051-3049171",2.18642184682956,1.02947604200618,0.513061201299397,2.00653652897334,0.0447990354592144,0.0988156980714517
"chr8:3637547-3638524",4.36701203482002,1.84877197580831,0.445549575334261,4.14941922999549,3.33319871195589e-05,0.000380813445738498
"chr8:3745243-3746373",3.43170764489955,1.70240483921937,0.419923471885425,4.05408354902311,5.03312269202985e-05,0.00051793801521248
"chr8:3751312-3753360",1.818464320584,1.00792020122079,0.460086061503914,2.19072100973051,0.0284719877669922,0.0693509272080261
"chr8:4462915-4464988",4.14425478413315,1.18715524539035,0.382530166553832,3.10342908661371,0.00191292071950499,0.00833057581017767
"chr8:4545429-4546682",2.96553558562973,1.02438304320881,0.445375830907365,2.30004183460479,0.021445850056516,0.0554836607182691
"chr8:4937584-4938372",1.88599754240064,1.35928103421852,0.444268316084283,3.0595948101792,0.00221636623303887,0.00934813950163708
"chr8:5099227-5099699",0.875917084215459,1.25723242398264,0.493952806856045,2.54524806121619,0.0109200132525702,0.0326970423067723
"chr8:5924555-5927297",5.89676641851328,1.00611589014566,0.352526972618319,2.85401109218097,0.00431710239621956,0.0157410975827705
"chr8:6649124-6650844",8.12984085115175,1.24141035362567,0.279252433592115,4.44547729685649,8.7696942417743e-06,0.000142095068039241
"chr8:6734592-6736089",9.95300511763457,1.38186761852094,0.30952332634843,4.46450235212765,8.0255067098425e-06,0.000133177732924012
"chr8:8067177-8068326",5.15911104665591,1.29002434338284,0.282734967348091,4.56266289056005,5.05088788883608e-06,9.49538603012094e-05
"chr8:8360707-8361651",8.52271552499554,1.60248651593949,0.372279485259174,4.30452544228664,1.67344060942279e-05,0.000228640812979685
"chr8:8661767-8663086",4.36382023717694,1.03126404014405,0.270271882690404,3.81565418451377,0.000135822613301045,0.00109218371950501
"chr8:8674380-8675516",3.98812975479996,1.34960789884107,0.381305948368846,3.53943573294472,0.000400983391659598,0.00248374135272055
"chr8:8951897-8954348",6.84071823593195,1.05907375040853,0.28965712896232,3.65630134567238,0.000255880536117067,0.00176475723940387
"chr8:10450095-10451402",11.0351128373891,1.2756607673319,0.311737527464282,4.09209881693844,4.27486401001914e-05,0.000458879655575892
"chr8:11280836-11282288",7.03891116382069,1.08483350071075,0.342578601334063,3.1666703538581,0.00154195001974244,0.00704389450203255
"chr8:11284744-11285081",8.22891192562117,1.31750874637764,0.286989121322758,4.59079682290789,4.41557015713531e-06,8.62252584068482e-05
"chr8:11286613-11288060",8.69325040682842,1.32505588782569,0.295020028452298,4.49140993842707,7.07532188669384e-06,0.000121764895032588
"chr8:11318508-11319844",6.86622636007317,1.26707403901785,0.322101262469642,3.93377545093377,8.36219087877626e-05,0.000758116500922893
"chr8:11362859-11364704",4.91283745286746,1.04133911353466,0.365278606881698,2.85080783247708,0.00436083159554424,0.0158639697940351
"chr8:12069555-12071994",5.39233740087288,1.00249051528172,0.26669290067818,3.758969634109,0.00017061454126234,0.00129707748476901
"chr8:12312265-12313625",10.5159379459446,1.18418899642468,0.229928605305261,5.15024650739958,2.60144316839955e-07,1.09425752985365e-05
"chr8:12729496-12731361",7.8033214785664,1.10771447950863,0.291247977824256,3.80333792455392,0.000142759406343175,0.00113371662325889
"chr8:12804498-12804654",5.67087233706275,1.04031309299736,0.411054783663832,2.53083806427161,0.0113790369836546,0.0337537560352431
"chr8:12811209-12812773",3.98435878920435,1.09124792582129,0.321257858841637,3.39679760599793,0.000681793741821957,0.00374847927502296
"chr8:13911563-13912331",2.11793568129337,1.00629017818689,0.410599327438225,2.45078379564149,0.014254554448441,0.0402769275335098
"chr8:16459420-16460772",3.84639633712265,1.02948579485607,0.335030745787079,3.07280990715501,0.00212053520707176,0.00902626678653626
"chr8:17041298-17043625",3.15768203772848,1.03157910837037,0.289742220988517,3.56033409577286,0.000370383257148899,0.00233883386110214
"chr8:18184514-18185080",2.32644118444874,1.18753635244227,0.378112124449967,3.14069895052892,0.00168545187160874,0.00755231777741924
"chr8:18458922-18460742",4.20474285611681,1.26630580932359,0.353624590706829,3.5809325556022,0.000342370030874169,0.00220328099250574
"chr8:20016640-20018102",3.6462390955369,1.24108354819947,0.378345154808062,3.28029454699659,0.00103698761814239,0.00518251135822154
"chr8:20044441-20045070",6.71940932284808,1.01417782258959,0.28382131313618,3.57329691481971,0.000352514661154765,0.00225428975832765
"chr8:20091668-20092836",7.45402678514121,1.01551630593435,0.232516625214911,4.36749976478339,1.2567693174807e-05,0.000185091659017601
"chr8:20215642-20216478",7.03775690443648,1.38410256778491,0.264805001658903,5.2268747157872,1.72399230759636e-07,8.09350537400238e-06
"chr8:20218819-20219573",3.65623425743156,1.00724390985818,0.374892431778593,2.68675445134898,0.00721499708930111,0.0235587038299793
"chr8:20399180-20400999",7.75361028886328,1.01325514222762,0.262286435486263,3.86316257777154,0.000111928461427088,0.000943371709483556
"chr8:20433982-20435299",4.69555693498166,1.13835807657494,0.306192827570858,3.71778165284262,0.00020097985992367,0.00146663768933285
"chr8:20587643-20589736",5.23802456055749,1.21970387870261,0.320309115614155,3.80789624536277,0.000140154050639248,0.00111840377301407
"chr8:20593384-20593647",7.8998293286824,1.82119565535681,0.351402333667468,5.18265099821507,2.18754137380867e-07,9.65326040040866e-06
"chr8:20676360-20677453",3.24858613033851,1.49705007304353,0.408866489081148,3.66146434844263,0.000250777762782109,0.00173764232630738
"chr8:21069816-21070350",1.59687114066747,1.01566284507161,0.403212552572003,2.51892665194305,0.0117713175052952,0.0346631551076787
"chr8:21091366-21092440",7.1503783557955,1.27006946997606,0.290696660474699,4.36905421583475,1.24785787197471e-05,0.000184092458170961
"chr8:21221613-21222778",4.61949960721453,1.12616255429765,0.306808272963036,3.67057427565954,0.000242006130893325,0.00169108731638867
"chr8:22058784-22059809",7.19907229168311,1.34798251701183,0.305764630910363,4.40856260254312,1.04058942861269e-05,0.000161015413647063
"chr8:22448410-22449029",4.87762871101959,1.0278256784999,0.2561489596133,4.01260922570824,6.00512777158337e-05,0.000590003891542708
"chr8:22493474-22495371",4.94310562236812,1.01190430553518,0.31265072583347,3.23653272461666,0.00120991352842591,0.0058416780012509
"chr8:23248919-23250200",5.33126719226559,1.18338786669704,0.323368577461797,3.65956357289184,0.000252645161779795,0.00174801673551019
"chr8:24940546-24941392",2.78893059690062,1.03712701888228,0.356897979737364,2.90594813578235,0.0036614213214224,0.0138374471022461
"chr8:25001602-25002670",4.29528399876964,1.34474696971792,0.358821838677759,3.74767314797017,0.000178482624628922,0.0013409313042615
"chr8:25542759-25543335",15.2970344863296,1.59381070446388,0.334289105084805,4.76776143829021,1.86284178400769e-06,4.60848886649723e-05
"chr8:25545937-25548009",13.3010931530736,1.35921151009303,0.258755599511234,5.25287766780875,1.49740998482542e-07,7.31444637226319e-06
"chr8:25692138-25693340",4.3049487455195,1.72661563977697,0.395622398507306,4.36430203722422,1.27529275621016e-05,0.000187148230941012
"chr8:25855667-25856961",5.31136803166056,1.18243127867752,0.312983537691118,3.77793441597703,0.000158134507245872,0.00122565483865679
"chr8:25858177-25858377",2.80755967818342,1.0300752185587,0.408645853237242,2.52070395526731,0.0117120342272297,0.0345201133291084
"chr8:26319347-26320375",4.95523096470281,1.12927335908888,0.276077111469855,4.09042731965914,4.30579130097735e-05,0.000461239665725909
"chr8:26893725-26894285",3.25288749082821,1.05969715254149,0.438812399539914,2.41492071247886,0.0157386352756423,0.0435221656794303
"chr8:27197614-27199189",10.5945160637535,1.17452761147504,0.23181798521681,5.06659399345807,4.04996815444349e-07,1.50227428096808e-05
"chr8:27467797-27469698",7.68652719082049,1.261719351736,0.29202284900543,4.32061859554195,1.55592405428817e-05,0.000216762647739299
"chr8:28513051-28513969",9.94313432915629,1.48926780130413,0.300740739024212,4.9519988749653,7.34550291515525e-07,2.32732792678464e-05
"chr8:28514497-28517922",10.940113049024,1.12196683113972,0.174672030335226,6.4232769779253,1.33371493229082e-10,4.11766677917059e-08
"chr8:28530889-28531090",4.75379674950706,1.14374269786089,0.247287993941506,4.62514447074787,3.74337389579671e-06,7.65740534045957e-05
"chr8:28543824-28544065",2.53850645436466,1.221785955567,0.342260699476797,3.56975240638117,0.000357318788282074,0.00227742104499107
"chr8:29627774-29628232",9.90605875815491,1.15896320677036,0.253308079518523,4.57531085851375,4.75513398060604e-06,9.08662579556273e-05
"chr8:29630161-29632413",16.8903215627242,1.17730255163248,0.224212286557314,5.25083870161384,1.51408221745866e-07,7.36835290534941e-06
"chr8:29657561-29658632",8.33806929695508,1.18117649080158,0.215806209663283,5.47332021930481,4.4168094584743e-08,2.97609165939094e-06
"chr8:29762485-29763660",12.1766142937514,1.24739545026176,0.232684849030619,5.36087955644079,8.28177233127063e-08,4.75883270164022e-06
"chr8:29877142-29878053",6.94633203141131,1.02772408332827,0.252513312129728,4.06997981476826,4.70172112520904e-05,0.000491973495811593
"chr8:30632452-30633837",10.278026281871,1.19498549765818,0.262019164573727,4.56067974875913,5.09882942118218e-06,9.56299333763681e-05
"chr8:30687407-30688780",5.7895557902767,1.25420300200134,0.321889661897665,3.89637553007242,9.76429523438668e-05,0.000851102537447886
"chr8:31685348-31687213",4.7761536063196,1.07795478897354,0.285795644717613,3.77176772598701,0.000162095112444809,0.00124867423460988
"chr8:31805853-31806598",3.58652731821834,1.03807353050312,0.320131663406034,3.24264560230798,0.00118425419508252,0.0057459145416422
"chr8:32535487-32536465",2.05998428270361,1.21093662315342,0.389862030374527,3.10606452746915,0.00189595337586613,0.00827161837671634
"chr8:32613464-32614979",1.83292748536597,1.19478336905287,0.434314923078814,2.75096089395955,0.00594207364357886,0.0202182462736784
"chr8:33209557-33211367",6.45854365379236,1.38194571458491,0.314877462362328,4.38883654681741,1.1395867696193e-05,0.000172345407673485
"chr8:33303697-33304773",4.14177752202507,1.14899202183584,0.340196281282094,3.37743851139598,0.000731643088762762,0.00396103967229803
"chr8:34460139-34461231",5.64349352485285,2.02610915723676,0.428630425193931,4.72693732909899,2.27931575236964e-06,5.34329632001691e-05
"chr8:34764448-34765457",4.83413069707089,1.36756234971394,0.374589846686049,3.65082599491843,0.000261398295909474,0.00179270821327693
"chr8:34778121-34778340",1.13001736591285,1.25613197784656,0.47556040389358,2.64137208977486,0.00825709794721251,0.0261970652585635
"chr8:34785254-34786465",2.71739223901766,1.26966299550186,0.422652007941601,3.00403871659185,0.00266421419377276,0.0107994938135653
"chr8:35577743-35579354",4.13963099540771,1.05366653929105,0.271819711097923,3.87634338597124,0.000106038008667051,0.000905995665181119
"chr8:37467926-37469833",7.5978154574322,1.11824289594256,0.341807189609568,3.27156048771205,0.00106955706224923,0.00530966772216673
"chr8:38238318-38241196",28.2078120238056,1.20816240400467,0.231463931597026,5.21965731623384,1.79254496154665e-07,8.33359421889978e-06
"chr8:38242598-38244701",25.2066064855767,1.31620080292927,0.252125071941719,5.22042807084857,1.78510030255105e-07,8.30358920979104e-06
"chr8:38311675-38313019",4.01540684743813,1.13746741261741,0.402143182997893,2.82851347656282,0.00467647320994453,0.0167537354776296
"chr8:38367305-38368911",9.7849370578867,1.06198018806458,0.307128416410511,3.45777248642836,0.000544661135409498,0.00314723554966273
"chr8:38371226-38372149",12.6015395153861,1.41241754850542,0.333962313983201,4.22927225428337,2.34448483715877e-05,0.000293061041673672
"chr8:38388025-38389824",7.01036477217927,1.06696468163614,0.322524873493377,3.30816246846166,0.000939103117127797,0.00480035988498079
"chr8:38429175-38429603",7.97326715233241,1.05221324551656,0.352894267740471,2.98166714991922,0.00286683500752527,0.0114328323045273
"chr8:38431057-38432379",6.44597866198988,1.00565324940991,0.310779937410255,3.23590144778995,0.00121259241906338,0.00585173494195266
"chr8:40227699-40229754",3.98810226034736,1.04533381629964,0.299227120651971,3.49344609546758,0.00047682923906138,0.00283954890336948
"chr8:40351268-40351873",2.26611939100722,1.23666633878306,0.423063046234695,2.9231254059874,0.00346536915531398,0.013249292358138
"chr8:40695256-40695835",3.9041059389117,1.0040806664662,0.294736271197118,3.40670886005297,0.0006575122221766,0.00364643153840927
"chr8:40759368-40760932",9.78618804181391,1.23058566791074,0.255078382465407,4.82434323135018,1.40465347625599e-06,3.74377609641395e-05
"chr8:41341948-41343468",4.90745703167351,1.19881007992497,0.29922976611471,4.00631961014669,6.16721853594596e-05,0.000601557679781302
"chr8:41400033-41401353",10.2220763081114,1.20731017300706,0.228458279927775,5.28459801670894,1.25981082899918e-07,6.44196207462983e-06
"chr8:48297191-48297536",5.73006163794225,1.00178490413466,0.227190709819102,4.40944484451993,1.03635948406871e-05,0.000160557665046867
"chr8:53085828-53087772",7.41010118332088,1.07725670441854,0.291370149520689,3.69721025366069,0.000217981796405609,0.0015610496368109
"chr8:53166605-53168400",20.6094356818004,1.26054500173414,0.1614832123902,7.80604363188057,5.90111582720999e-15,9.71538472945912e-11
"chr8:56130693-56132218",5.91916381124583,1.03328355406794,0.326070269842423,3.16889839287489,0.00153017878630307,0.00700161833208667
"chr8:58767413-58768983",6.55943767613415,1.04287743450445,0.287694885025019,3.6249425651546,0.000289025677672359,0.00193716824418611
"chr8:58795368-58797226",3.44988741435027,1.22314260335218,0.418001015949266,2.92617136485773,0.00343161854472321,0.0131508442996783
"chr8:59941176-59943829",11.9486647502122,1.13158546869643,0.205390319422692,5.50943915894901,3.5997878731894e-08,2.55334393151244e-06
"chr8:60555206-60557131",10.1033336016653,1.87988027909098,0.353806580263834,5.31329936738076,1.07657956463203e-07,5.73687554142314e-06
"chr8:60621605-60623310",4.92891845132082,1.6515184306732,0.405707541385125,4.07071168811591,4.68697280209269e-05,0.000490828540109334
"chr8:60698686-60700241",7.74683782773297,1.00175738137553,0.309152196461189,3.24033726055474,0.00119388399162498,0.00578194018083507
"chr8:60959116-60960849",6.15381741956652,1.18895987112424,0.373394009928407,3.18419642391211,0.00145156477238105,0.00672589170135982
"chr8:60968584-60970261",5.98427706263227,1.32433470897764,0.332750451883523,3.97996366791175,6.89258014867615e-05,0.000654423449536675
"chr8:60972022-60973648",8.94193133760554,1.58799727748282,0.368486403350855,4.30951390076339,1.6361377485127e-05,0.000224955857222721
"chr8:60986428-60988131",6.14236286083048,1.38639398985536,0.364823083362015,3.80018165813165,0.000144590055386025,0.00114513547868831
"chr8:61377446-61379325",9.19399321137041,1.11749788589691,0.299929562520837,3.72586775543098,0.000194644439139154,0.00143175279126449
"chr8:61777491-61780435",6.77294793642402,1.12442352700856,0.285552691945488,3.93770942710361,8.22631254980409e-05,0.000748591093010914
"chr8:61873494-61874790",12.9472890184475,1.04499391327303,0.223473382212479,4.67614488547656,2.92318115502608e-06,6.39756894978057e-05
"chr8:61879453-61880569",9.33695911015428,1.05970689963322,0.307943788296379,3.44123486138746,0.000579065671358811,0.00330244035343085
"chr8:61932143-61933519",7.53728291566553,1.28445801309506,0.283845944795718,4.52519416481176,6.0340082152872e-06,0.000108206158554165
"chr8:62601983-62603093",6.85291124661847,1.13604906974481,0.242936241564811,4.676326028703,2.92060148123211e-06,6.39442751364342e-05
"chr8:62657885-62659809",3.46404791723491,1.04797264626549,0.295208512037639,3.54994047777279,0.000385318261071014,0.00240975463185869
"chr8:63464876-63466180",5.25325014185677,1.10790000735446,0.310084971933993,3.57289165109974,0.00035306086958596,0.0022566066727999
"chr8:65149808-65150754",3.34946812578382,1.06440299783447,0.342221060455293,3.11027905885857,0.00186910667886791,0.00817993082302301
"chr8:65526543-65528033",5.28421352499238,1.17196555164997,0.418436076088683,2.80082339602474,0.0050972405743228,0.0179218402171638
"chr8:67383446-67385047",5.30296723422999,1.28705167715538,0.321262168284766,4.00623479579625,6.16943234609352e-05,0.000601721102032465
"chr8:67391876-67393161",6.61098314433661,1.14233033326811,0.271834938272866,4.20229401167502,2.64223647086857e-05,0.000320193068470645
"chr8:68411468-68412570",7.90860588582734,1.04598476484872,0.286996407408486,3.64459184103987,0.000267816488456758,0.00182622848854361
"chr8:68722674-68723394",1.57311152031939,1.44792959916646,0.494974338902696,2.92526194868275,0.00344166382357033,0.013178796268627
"chr8:69796527-69797464",4.43675010512871,1.00545157416355,0.309783024158651,3.24566388650342,0.00117177096610557,0.0057001196036794
"chr8:70310210-70311446",4.00053352359757,1.02492181649706,0.318052154957252,3.22249606085775,0.00127078913087527,0.00606675512747617
"chr8:70514988-70516444",5.66668409772634,1.07685571911332,0.320153341596782,3.36356232842189,0.000769434596643503,0.00411908139802026
"chr8:72969267-72970212",4.48702403572387,1.20049813988566,0.268456234554173,4.47185792454898,7.75429404289558e-06,0.000130041601613283
"chr8:73733620-73737037",16.1448765844204,1.07909128320524,0.227856660636252,4.73583383602681,2.18156277224364e-06,5.1699561716495e-05
"chr8:73785074-73787598",13.3635870137666,1.29586285456463,0.214144488736817,6.05134814446351,1.43638647054827e-09,2.29929372938499e-07
"chr8:73798201-73799746",10.3879660609396,1.31736108967499,0.231893337987088,5.68089234951777,1.33993797430101e-08,1.22985251444686e-06
"chr8:74082692-74083570",8.5055887380051,1.17192536523753,0.315479736358198,3.71474053695454,0.00020341230052662,0.00148025886278205
"chr8:75400520-75401782",6.13642707986245,1.02520445117658,0.263600101006468,3.88924149597129,0.00010055801626663,0.000869952940396478
"chr8:78451717-78453743",3.01424825820716,1.08547999007586,0.462782313200212,2.34555202114273,0.0189989271241887,0.0504395549806399
"chr8:78665967-78666850",4.36925374784586,1.67255337711305,0.523921412725633,3.1923745365012,0.00141108231600071,0.00657913794036109
"chr8:79006264-79007386",3.65466783911751,1.5234627798386,0.508461588717155,2.99621999703516,0.00273349147556702,0.011019681253576
"chr8:79812041-79813051",5.8946852186529,1.12066938720479,0.388105303743049,2.88753948064248,0.00388267875498828,0.0144864093964356
"chr8:81609442-81611427",12.2339415815444,1.02543656895809,0.205712289477437,4.98480947133967,6.20228999153907e-07,2.04819765731825e-05
"chr8:82281061-82283006",7.1736931800218,1.17570221588994,0.247774590755337,4.74504755433488,2.08457356999787e-06,4.99594355351998e-05
"chr8:84864236-84865328",3.03167498053297,1.01920201439357,0.391393245268181,2.60403577914385,0.00921331381347503,0.0285758250871533
"chr8:85169634-85170303",5.63886066249127,1.02180691574356,0.270636782936287,3.77556555564033,0.000159645029974515,0.00123399642229973
"chr8:85239635-85241431",5.30587372139986,1.00917952978424,0.295223090795935,3.41836245621388,0.000629991502331059,0.00352700146660616
"chr8:85419258-85420633",3.83102061185776,1.21515875944908,0.394447138719686,3.08066313624001,0.00206540175399354,0.00884176123302502
"chr8:90215198-90216653",8.88424813863314,1.86044334174277,0.39448447639425,4.71613828444654,2.40363100628823e-06,5.55224686762914e-05
"chr8:91800704-91800850",3.31646070443237,1.1880575448649,0.428553137346867,2.77225258977232,0.00556698202285579,0.0192036609777705
"chr8:93370664-93371875",6.83615928451903,1.47526012173458,0.32423674711563,4.54994732971606,5.36593453142423e-06,9.92844466184078e-05
"chr8:94530142-94532363",6.86672307417985,1.06423960151758,0.277070880728691,3.84103735014899,0.000122515469353461,0.00101077673938443
"chr8:94564271-94565824",6.79519534946298,1.08078180440001,0.323040228204936,3.34565701122017,0.000820878686780747,0.00432895725213267
"chr8:96179133-96180407",8.37595960212483,1.35885246394368,0.321644117588274,4.22470796025285,2.39250831072871e-05,0.0002975221891876
"chr8:99080630-99081703",4.61171531531634,1.06696970995521,0.361852174357094,2.94863423675955,0.0031918148864713,0.0124359680396861
"chr8:99091889-99092591",8.6942297011688,1.21031314145454,0.298363143367326,4.05651022373254,4.98113830772693e-05,0.000514214077071691
"chr8:101377291-101378607",5.76296659811726,1.05388608235105,0.344261090378969,3.06129885660594,0.00220379006996909,0.00930629619723842
"chr8:101678568-101680522",4.76410304649958,1.21111389856118,0.32639811941366,3.710541901212,0.000206816060022164,0.00149930687854511
"chr8:102243555-102244791",11.457827333854,1.33151520111412,0.227296870601681,5.85804458103379,4.68348940705751e-09,5.5892153205118e-07
"chr8:102245409-102246806",11.9059307197012,1.1139516674926,0.221493000051834,5.02928610489682,4.92309341905615e-07,1.72759508767818e-05
"chr8:102256693-102258496",6.52181067974817,1.05391423274593,0.25916708538049,4.06654352422356,4.77155769654055e-05,0.000497572866282364
"chr8:102261794-102262005",4.96968192776932,1.17886907770171,0.268747404809556,4.38653195009304,1.15172254002711e-05,0.00017365595494024
"chr8:102865525-102867351",6.20886995770463,1.22259090545779,0.249297125619676,4.90415163198856,9.38319872273827e-07,2.78660224388793e-05
"chr8:103093851-103097283",6.35509651411987,1.06537117542542,0.264912733900993,4.02159292132626,5.78058957500705e-05,0.000573981199817859
"chr8:103117578-103117781",6.49864010980439,1.51115335170536,0.341426434615437,4.42599985969871,9.59965859466487e-06,0.0001518374531035
"chr8:103740241-103742642",9.52701829843648,1.11532591083476,0.259305603945353,4.3012024956846,1.69873733396772e-05,0.000231080105173389
"chr8:105095058-105095849",3.44863499551046,1.11950369973668,0.322834651691872,3.46773090766349,0.000524872590490371,0.00306026294856772
"chr8:105681731-105682997",3.88911488072978,1.14609722683734,0.437392928055964,2.62029208366784,0.00878544841829931,0.0275161176743521
"chr8:109772155-109773707",17.0111155132464,1.11960318168187,0.217101761253103,5.15704329259959,2.50879813410453e-07,1.06589776846507e-05
"chr8:112162648-112163684",2.31698771983956,1.0452180194098,0.486624674049103,2.14789359263837,0.0317222095117712,0.0754668836627907
"chr8:113589197-113590016",2.58278616733591,1.22418785552872,0.558708698064453,2.19110219649291,0.0284443978249078,0.0692979804243278
"chr8:113810666-113811123",3.05024623564632,1.18081334566261,0.431340599780818,2.73754278234562,0.00619000681789156,0.0208737478975462
"chr8:114200629-114201681",2.03333417271335,1.60025629324224,0.544408553078121,2.93944002935716,0.00328805894747438,0.0127228388406457
"chr8:114306792-114307974",2.10060493180879,1.27250642761295,0.563700730418185,2.25741489933663,0.0239821615841918,0.0605966343615519
"chr8:114613765-114614738",5.97056818542983,1.22744065939567,0.38639121104629,3.17667851727773,0.00148972072837505,0.00686032014684959
"chr8:115493678-115494372",4.13242827227217,1.12398874782816,0.447920312876243,2.50934980066133,0.0120953641955731,0.0354031468389813
"chr8:116912537-116914136",5.21658603429532,1.26783829830097,0.375172119851686,3.3793510530638,0.000726571658227138,0.00393911710341602
"chr8:118182695-118185058",8.62177038969713,1.00447010499044,0.255334582584626,3.93393677747324,8.35657724977121e-05,0.000757710009443801
"chr8:118243277-118245189",6.01752802482637,1.45659199553434,0.321217129632544,4.53460248897874,5.77120733968285e-06,0.000104805100282055
"chr8:118257035-118258140",7.3386549084913,1.21011310310711,0.364815268042889,3.31705717690754,0.000909709973777133,0.00468669562065407
"chr8:119083025-119084198",5.37570070254846,1.60846807591213,0.425124234971797,3.78352477604303,0.000154622924727674,0.00120520762474643
"chr8:120779587-120781629",9.34069075215945,1.01136173302303,0.239005089133901,4.23154894604118,2.32087474523933e-05,0.000290868856420515
"chr8:120983359-120984941",6.86403118502444,1.14370276460003,0.265706138710762,4.30438969212157,1.67446696838133e-05,0.000228703618688044
"chr8:123692863-123694039",11.0717727539111,1.16559245126661,0.340573268327316,3.42244256864689,0.000620612070214044,0.00348432317143212
"chr8:123695235-123696052",8.28844677194365,1.06853099768941,0.362196908109424,2.95013837436346,0.00317631636584846,0.0123896920747885
"chr8:123926161-123927448",6.78988401753992,1.38978520723994,0.384850580708771,3.61123323415651,0.000304744443537419,0.00201779602244904
"chr8:124933972-124935220",8.67025534661168,1.01372882788783,0.23308444409474,4.34919126338514,1.3664050258881e-05,0.000196710694856148
"chr8:125498091-125500077",4.77593482229156,1.3726274184239,0.375815072806699,3.65240118809688,0.000259799577669128,0.00178448151754674
"chr8:125501035-125501539",4.64203878770469,1.26815620644413,0.392579659307174,3.23031562226677,0.00123653630599844,0.00594138497536014
"chr8:125573750-125576758",9.23662557117834,1.56087523425269,0.27907867781616,5.59295767941436,2.2323371846631e-08,1.80922376111027e-06
"chr8:125598145-125599095",7.75184291597227,1.12742505463511,0.315297334262939,3.57575193989718,0.000349222673874023,0.00223796200072388
"chr8:125675111-125676866",7.41871212398909,1.3346418699318,0.351507774628784,3.79690569103705,0.000146513496885124,0.0011563536872939
"chr8:125678036-125678774",8.74841678229952,1.22074879624779,0.310028010743731,3.93754355717511,8.23199925809029e-05,0.000748981911964395
"chr8:125685221-125686438",9.36008342490232,1.14865935827898,0.246526331138604,4.6593779778971,3.17166341634632e-06,6.79024764408355e-05
"chr8:125688723-125690213",5.33881103213772,1.36693976205069,0.330736334684259,4.13301962530259,3.58028142107441e-05,0.000402125618755593
"chr8:125699146-125701111",10.4251231062526,1.6593834954093,0.295758360129003,5.61060554530229,2.01619859071533e-08,1.67369941342848e-06
"chr8:125701845-125702930",8.77704576889983,1.39319729944728,0.324298211025354,4.29603757307919,1.7387812421852e-05,0.000234992335495099
"chr8:125751274-125752707",4.39358246772928,1.279674228588,0.30157768129025,4.24326569231888,2.20290362776333e-05,0.000279998162002166
"chr8:125783938-125786424",4.51910844427655,1.05626788977322,0.327080385553346,3.22938316214303,0.00124057560769139,0.00595643994660947
"chr8:125790734-125794280",7.35135530931126,1.00831583102784,0.305023864565232,3.30569489198837,0.000947411909558501,0.00483229652446225
"chr8:126439453-126439590",30.7435282358712,1.23486076327396,0.177290866696018,6.96516851819136,3.28010876825227e-12,3.45843115940179e-09
"chr8:126941684-126943239",5.89143735012775,1.19116764777215,0.337178616881896,3.53274967074613,0.000411261689295481,0.00253290061132445
"chr8:127226091-127228326",5.59509520604817,1.54851056404076,0.482391831670252,3.21006796213596,0.00132703592296343,0.00627302260765783
"chr8:127420708-127425135",6.86511353044171,1.20080881787506,0.31012890646248,3.87196676237705,0.000107960676842474,0.000917983348984563
"chr8:127436578-127439464",14.6838411802651,1.05239872686546,0.349795549552429,3.00861096778399,0.00262444939430902,0.0106728422469245
"chr8:127775963-127778118",6.50582119962549,1.62968902708257,0.36999702258926,4.40460038212717,1.05979058517827e-05,0.000163335423767203
"chr8:127786607-127787998",6.39578005831718,1.68751054877568,0.479231319355873,3.52128602747383,0.000429459106722423,0.00261914045827797
"chr8:128212306-128213359",4.79013151486489,1.00698748135426,0.377796920741089,2.66542003407266,0.00768922162320235,0.0247692149646949
"chr8:128311723-128313795",7.26972013397305,1.09004872503035,0.313125027671394,3.48119322539203,0.000499185239024244,0.00294128392418742
"chr8:128650176-128653367",5.59505589731551,1.23324853656733,0.349468643741106,3.52892472230197,0.000417251802139993,0.00256137099243695
"chr8:128956534-128958030",8.22250244740023,1.30278224302224,0.310051558771491,4.20182452294133,2.6477234192209e-05,0.000320649385893136
"chr8:129806228-129807625",13.6093509883268,1.07879798159016,0.23128245274604,4.66441776616205,3.09492063460064e-06,6.66852869181917e-05
"chr8:130974454-130976678",5.94061590512038,1.03942643611539,0.272180852445802,3.81888155164174,0.000134058109528489,0.00108113230132503
"chr8:132545566-132546962",5.16597839626579,1.33343358179419,0.410022418735929,3.25209920449004,0.00114556031075168,0.00560244793417705
"chr8:134259596-134260243",14.5719434720801,1.90725266407221,0.305454211353864,6.24398876551316,4.26550643477131e-10,9.48390664125732e-08
"chr8:134993532-134994668",6.57012851730518,1.84609685007522,0.36391645907584,5.07285890493482,3.91883070325207e-07,1.46840866927521e-05
"chr8:135111251-135112063",4.98692546056351,1.31913104204536,0.316870633178333,4.16299556956091,3.14099464514537e-05,0.000364489065579571
"chr8:135291768-135294026",4.98244913323073,1.16099076559325,0.273085930644935,4.25137524606774,2.12461846742919e-05,0.000272767298478863
"chr8:135295023-135296187",6.02951942227438,1.19652510032472,0.327274324287551,3.65603107707718,0.000256150315504902,0.00176621821628363
"chr8:135297860-135301330",4.74973701236213,1.42047107424415,0.356007174078673,3.99000688095752,6.60713784571067e-05,0.000633085857913992
"chr8:136493673-136494734",4.1219697080049,1.23427676668377,0.311402809669008,3.96360189555029,7.38273302771687e-05,0.000689587082515359
"chr8:138408139-138409008",6.0914873562421,1.68552951256331,0.349468985207318,4.82311616741437,1.41332600806637e-06,3.76028607040593e-05
"chr8:138537458-138539030",7.27252466735469,1.67916369945099,0.344689355831058,4.87152756835926,1.10738707368876e-06,3.14733260818126e-05
"chr8:138599626-138600551",4.36453484510974,1.16185509728705,0.325810593791446,3.56604456523832,0.000362409769818336,0.0023015660921164
"chr8:138749483-138751054",6.58397566258457,1.55704114178205,0.348317732491017,4.47017477590581,7.81557039997874e-06,0.000130761824763876
"chr8:138760346-138762911",6.6165663889506,1.36143598647985,0.29242248294828,4.65571584220712,3.22856969371299e-06,6.87782372111088e-05
"chr8:139288008-139289320",11.382012501246,1.51918424071477,0.336960213660506,4.50849738077795,6.52883749997816e-06,0.000114801807619712
"chr8:139594453-139595281",5.68646704876165,1.13091374296357,0.313391685602169,3.60862714270982,0.000307821646075369,0.00203343258076519
"chr8:139939762-139941013",6.32684404793438,1.03852825092672,0.297321703972033,3.49294463556689,0.000477725544062724,0.00284377527239596
"chr8:139969766-139970146",3.57522934151146,1.04489570023242,0.326717332294296,3.19816427520047,0.00138305469011442,0.00647818782569757
"chr8:140328779-140329746",4.36138565648626,1.16793681384129,0.2919149578488,4.00094884636311,6.30889964035538e-05,0.000611870742129379
"chr8:140336126-140337444",9.71189769518044,1.66407044046151,0.33164639234755,5.01760452957874,5.23197362006661e-07,1.8090316294987e-05
"chr8:140762341-140763579",12.2444922825285,1.06365984854161,0.266903782610722,3.98518086981539,6.74287446579639e-05,0.000643389081615282
"chr8:140833569-140835647",11.9240217150525,1.07647928593283,0.236149085342133,4.55847323894239,5.152682863028e-06,9.6389465995175e-05
"chr8:141223382-141224697",7.88243681145868,1.0873775530669,0.238116811975002,4.56657194444992,4.95764935183823e-06,9.36473428664302e-05
"chr8:141266491-141268240",6.67835275928529,1.0211417028749,0.232212713771971,4.39744097680044,1.0953465793632e-05,0.000167398953416987
"chr8:141272229-141274443",6.53227368733993,1.41079615803115,0.287223958478927,4.91183314060012,9.02288237419884e-07,2.70911093890963e-05
"chr8:142388407-142389014",9.91546470037169,1.08528846891943,0.359474419820945,3.01909790816274,0.00253528583847495,0.0103915664434927
"chr8:142403945-142404641",11.9177184911067,1.26272671236633,0.32594749117988,3.87401881142099,0.000107055143656862,0.000912192628067355
"chr8:142408988-142409869",11.5159171678179,1.22303541668689,0.290038961701505,4.2167969762131,2.47796882418522e-05,0.000305318687021687
"chr8:142752462-142752818",3.76759116854461,1.02643908908641,0.36807435724031,2.78867318218601,0.00529244426649426,0.0184585375956928
"chr8:142823983-142824289",3.08922727168191,1.09176218354268,0.381903602262708,2.85873758999443,0.00425330464706421,0.0155585595359415
"chr8:142877023-142878591",7.62894790773319,1.03644763061045,0.277329683990506,3.73724015293628,0.000186051204154918,0.00138377853013962
"chr8:142978221-142978913",3.42490148711219,1.14247214273978,0.345916394932459,3.30274066068145,0.000957448911519274,0.00487200085726557
"chr8:143052687-143054202",6.20437048230599,1.06068416817829,0.333899356682278,3.17665831619911,0.00148982448923329,0.0068605625938652
"chr8:143097195-143098148",8.1347698679285,1.32599313361064,0.369472668401289,3.58888017170044,0.000332101434713104,0.00215338965832036
"chr8:143369973-143371067",11.3953969822054,1.04100452132195,0.271359343313578,3.83625825670938,0.00012492304284337,0.00102566783037118
"chr8:143371384-143372871",16.8570951820263,1.0418637163975,0.218565425343519,4.76682766617824,1.8714925550845e-06,4.6237491401457e-05
"chr8:143374424-143376291",12.7043474886897,1.20357450244347,0.25046401697937,4.80537890016594,1.5445870673215e-06,4.01285779162589e-05
"chr8:143419899-143422957",14.0238566407441,1.06725178387339,0.222190724480609,4.80331384835341,1.56060976631409e-06,4.04214800497556e-05
"chr8:143433482-143436060",6.27987169859311,1.02332022414108,0.266819714990178,3.83524967103256,0.000125436807133307,0.00102905447002966
"chr8:144676107-144676676",14.8242153312415,1.14690360440662,0.245721401430507,4.66749578070828,3.04893008829101e-06,6.59528820285752e-05
"chr8:146111591-146113475",7.40336294194485,1.5261418771805,0.281220441719924,5.42685257105326,5.73564657598541e-08,3.62710952314032e-06
"chr9:8095378-8097465",7.17258814059792,1.35594425417454,0.265487354242731,5.10737793158622,3.26659986902618e-07,1.28475277054082e-05
"chr9:8179079-8180253",3.84976618192539,1.67612808773916,0.497749128615562,3.3674154134657,0.00075876298838029,0.00407535642527914
"chr9:8627466-8628977",3.83630208507025,1.03395671580436,0.280859218407442,3.6814056582056,0.000231951616921026,0.0016356593443203
"chr9:8845028-8846589",4.07152062984639,1.00637950098807,0.293554441054491,3.42825507041558,0.000607474411163059,0.0034277255578001
"chr9:9099204-9100503",3.38410114459356,1.00352142937666,0.345871351710247,2.90142974957163,0.00371464058387932,0.0139964534706718
"chr9:10014253-10016288",3.85937542546919,1.02903250219756,0.403385931565481,2.55098758205085,0.0107418153084748,0.0322755985907922
"chr9:13168765-13169586",3.28314941587062,1.07692981391272,0.431084947179192,2.49818468717041,0.0124831139378936,0.0363038824693463
"chr9:14326086-14327505",14.7597934413629,1.04144636887185,0.177306655385026,5.87370150663728,4.26170438326454e-09,5.24174005596478e-07
"chr9:14400110-14401287",5.44629297264934,1.10813121693838,0.315707043744174,3.50999839533618,0.000448109398249515,0.00270693470597224
"chr9:15181512-15183591",4.72770515168057,1.02191061572909,0.255701357662214,3.99650054685691,6.4285733270214e-05,0.000620507133168432
"chr9:15183717-15183975",3.91217778959377,1.00600415810039,0.259388607189469,3.87836678333973,0.000105160086152655,0.000900219954705531
"chr9:16448947-16449789",3.03906698211024,1.10976369436318,0.428959793060482,2.58710422822008,0.00967863106297465,0.0297208353727334
"chr9:18007114-18008638",5.40978768191384,1.18904629654532,0.447212597552912,2.65879428050916,0.00784208306663749,0.0251567436660426
"chr9:18390496-18390688",9.27476869362094,1.30311501200847,0.213450329413356,6.10500351810153,1.0279841740066e-09,1.78032416185086e-07
"chr9:18392897-18395210",10.8170054504408,1.04769736055699,0.225299343902008,4.65024594573467,3.31539421099104e-06,7.0084603380289e-05
"chr9:20040795-20042502",8.96049466660054,1.14686746929098,0.260704594216059,4.39910724526975,1.08697104120402e-05,0.000166464329593368
"chr9:23320478-23321515",3.67550035130626,1.22074328090363,0.461236219966742,2.64667696953993,0.0081286960455394,0.02588373955057
"chr9:28597887-28599238",4.91596799456389,1.3097317290378,0.350605005041189,3.7356332916124,0.000187243366099469,0.00139054783673161
"chr9:29571758-29573011",3.35299872588232,1.00524158873516,0.367990998877694,2.7317015682475,0.00630081854222105,0.0211754390011047
"chr9:30881624-30882622",2.49799325631061,1.49240423751,0.554578719794814,2.69105932889413,0.00712255269714224,0.0233195301999788
"chr9:31355321-31356629",3.60322421762314,1.01782069923971,0.305089478743183,3.33613831402062,0.000849508874701541,0.00444533089210803
"chr9:31587165-31588644",7.30441392328008,1.36234624600169,0.384097920819066,3.54687222231396,0.000389833616051159,0.00243102580550089
"chr9:31682680-31683814",3.77936755150382,1.23427998463755,0.398208398432631,3.09958300602333,0.00193793267580255,0.00841349196551149
"chr9:33689789-33690762",5.33214913187578,1.21641672244786,0.466478332116249,2.60765964611775,0.00911635487011375,0.0283325861506512
"chr9:34430580-34432326",7.72793278860862,1.13146298735344,0.238196741406202,4.75011950488414,2.0329647248895e-06,4.90727052235117e-05
"chr9:34498594-34499131",6.37430011568256,1.66813322200455,0.35990150931213,4.63497145425372,3.56986739084025e-06,7.39578409379663e-05
"chr9:36867896-36868795",10.1837745123324,1.03103896826263,0.2522542649954,4.08730043982184,4.36421795865423e-05,0.000465979845526164
"chr9:37675372-37677123",11.8745608593919,1.44132845238987,0.207874611783413,6.93364350761415,4.10137437843293e-12,3.98591771766962e-09
"chr9:38421484-38422529",6.93198881549054,1.00661905373135,0.244746101445236,4.11291149394094,3.90700203250168e-05,0.000428964207699726
"chr9:39165456-39167106",4.00274378645473,1.06527450913448,0.299216056488509,3.56021839748893,0.000370546488129845,0.00233964428669503
"chr9:72147043-72148105",4.62032619008291,1.01716789237783,0.288995164159366,3.51967097905108,0.000432082439752143,0.00263107146597684
"chr9:72722748-72722978",6.25076567926799,1.07492554132031,0.286447550822692,3.75260859530154,0.00017500398182122,0.00132142903920532
"chr9:74056192-74057386",3.47375058934625,1.11809991052805,0.343879563308445,3.25142878445836,0.00114826538326124,0.00561199370031768
"chr9:76457083-76458303",2.74706875553447,1.119166679014,0.37119998318055,3.01499657792182,0.00256982155126276,0.0105013049607889
"chr9:80054627-80055845",5.86752209884439,1.04704640958486,0.256104259467849,4.08835999744981,4.34433608613425e-05,0.000464300573010258
"chr9:80511400-80512892",6.29143389802897,1.21715895602901,0.291309737662004,4.17822955661454,2.9378705744481e-05,0.000346928027741187
"chr9:81553838-81555293",3.89084244806506,1.03833055808638,0.369208973923081,2.81231126928865,0.00491868790500758,0.0174364787199909
"chr9:81586323-81588063",11.5065389757701,1.53205980846883,0.251978806677962,6.08011375507011,1.20097314413264e-09,2.00733740553312e-07
"chr9:81629235-81631544",4.4946443263048,1.14452109480558,0.347792306627056,3.29081774667565,0.000998966116362822,0.00503413820337057
"chr9:85919355-85920545",10.0811408001388,1.08716141878111,0.292777948592067,3.71326264156551,0.000204604357339646,0.00148684285758172
"chr9:85998563-86000078",5.60088775404256,1.28374167781827,0.27286346416197,4.70470343752674,2.54235242419463e-06,5.79207895361399e-05
"chr9:86765830-86767367",6.31480547160933,1.59392561211438,0.32915938659608,4.84241275510191,1.28271962012274e-06,3.5068533593584e-05
"chr9:86785199-86786208",8.3271451167402,1.00482573155694,0.267112561603695,3.76180635431052,0.00016869063443425,0.00128621334056922
"chr9:92289713-92293848",17.6253426337269,1.32681838252724,0.192596431252158,6.88911198354503,5.61417331395715e-12,4.88925958984432e-09
"chr9:92299830-92302806",11.0811573700758,1.07063967414422,0.216889656802216,4.9363334791043,7.96049451728135e-07,2.47184246499303e-05
"chr9:92448210-92448444",7.21188542768187,1.2041917899625,0.303684321561852,3.96527480829214,7.3311436202737e-05,0.000685857440819869
"chr9:92451423-92452657",7.15496802612397,1.1303612077501,0.258861984706547,4.36665588047433,1.26163258443913e-05,0.000185612227280135
"chr9:92503546-92505036",6.50297997108151,1.18244754520884,0.270749113595677,4.36731825085363,1.25781386159515e-05,0.000185221087455099
"chr9:92716061-92717511",6.33333576713113,1.09182889657382,0.291160227787328,3.74992458575533,0.000176887759396337,0.00133193368380522
"chr9:92857650-92858651",11.942927886566,1.02696928582646,0.179725635088372,5.71409462718826,1.1028961822945e-08,1.06352561164555e-06
"chr9:92887165-92889378",3.72471612092158,1.01444832872476,0.282288195285334,3.59366188763,0.000326062902811833,0.00212409369830332
"chr9:92941510-92942132",3.48448160097487,1.01868289203078,0.33041910383863,3.08300240572131,0.00204923498331656,0.00878916134630749
"chr9:93069126-93070419",7.18059100722978,1.02747470001251,0.270047940701265,3.80478628107421,0.000141926679539956,0.00112865406123032
"chr9:93596971-93598057",5.59460685082511,1.47183520213996,0.342154686863443,4.30166605529324,1.69518663115575e-05,0.000230718788385203
"chr9:95532457-95533654",10.8866756350294,1.20829205856242,0.255382731176784,4.7312989918884,2.23087651325698e-06,5.2594002562729e-05
"chr9:95917983-95919004",5.87960532199023,1.29490463818113,0.322496377645239,4.01525328016423,5.93819893057931e-05,0.000585263189110813
"chr9:96736503-96736681",4.73610096866241,1.24350238072397,0.324824032362098,3.82823392617014,0.000129066058058286,0.00105111247204874
"chr9:100934550-100935773",11.9503373198672,1.10194817567523,0.199901161730392,5.51246509093045,3.53842388988765e-08,2.52001368043977e-06
"chr9:102227225-102228788",7.08412932021625,1.05262054424365,0.332992524328925,3.16109362023961,0.00157177971014978,0.0071480878250402
"chr9:102452329-102453478",6.30322427227673,1.05052125222954,0.27703823723443,3.79197204947774,0.000149455738405167,0.0011744543707961
"chr9:103780474-103781520",6.38108486799925,1.69190762245362,0.382432572886395,4.42406777666455,9.68596110296562e-06,0.00015286356913585
"chr9:104204760-104206359",6.29822732222005,1.49884989054115,0.317158612019653,4.7258684889448,2.29133912030758e-06,5.36456822577939e-05
"chr9:104588989-104589102",3.21640441370168,1.12083913304053,0.400533796744786,2.79836343936467,0.00513622833352044,0.0180282835075259
"chr9:107081612-107082819",7.50427625808997,1.20159061887499,0.246964337048121,4.86544184167312,1.14201390034814e-06,3.21967645733784e-05
"chr9:108639789-108641026",9.25714379884864,1.41200795626266,0.271520195259757,5.20037912801226,1.98882423054495e-07,8.99539860530089e-06
"chr9:109493836-109495432",5.15676612567741,1.2049571422772,0.288541739837197,4.1760236940315,2.96648934030941e-05,0.000349311047950292
"chr9:110415512-110416275",5.08496215458506,1.09396663460456,0.285885000770292,3.82659681919991,0.000129927060339178,0.00105676404451404
"chr9:111606484-111607940",4.5080163066896,1.05433520882484,0.308487333721792,3.4177585060127,0.000631391025842326,0.00353306687816255
"chr9:112861495-112862250",9.50670698900857,1.31477419083903,0.292561806399625,4.49400489769712,6.98960194959713e-06,0.000120660321902496
"chr9:116330758-116331819",11.6571490916001,1.16100189635561,0.256783815710524,4.52132036882117,6.14550972427261e-06,0.000109706935599612
"chr9:116410977-116412137",12.0506137564558,1.6446774135376,0.316568917819883,5.19532184291499,2.04365968627225e-07,9.17534237936327e-06
"chr9:116834082-116835363",5.78111262149614,1.14165910969863,0.311640833251929,3.66338100750655,0.00024890787299864,0.00172746118345507
"chr9:118131420-118132236",5.19348337216586,1.15288492821591,0.323291318448476,3.56608687715086,0.000362351293595161,0.00230129071139989
"chr9:118534718-118535982",5.48966873340696,1.24437854434133,0.431943742283924,2.88088105585606,0.00396565264234643,0.0147226918144549
"chr9:120040015-120041538",5.42235622328272,1.02323377393453,0.24632878713261,4.15393501443938,3.26806023894253e-05,0.000375112588201213
"chr9:120753582-120754839",8.22756252249134,1.17439526200558,0.263570756461699,4.45571154315916,8.36153984952796e-06,0.000137306492950756
"chr9:121432319-121433954",3.07657029755117,1.07743482748614,0.413648939992326,2.60470830048817,0.00919525081170423,0.0285291278017775
"chr9:121448973-121450475",5.86925331620362,1.02676591881689,0.346558253723535,2.96275130597809,0.00304902804017405,0.0119929437781126
"chr9:122437943-122439148",3.45574730986134,1.04854431625039,0.318634174171773,3.29074657160011,0.000999218887128515,0.00503526064427597
"chr9:122478682-122480089",2.00275820540557,1.0248821189989,0.454238326925915,2.25626517677373,0.0240540288823072,0.060737487185232
"chr9:122630710-122631728",7.54685744507317,1.19704829352807,0.279506613486494,4.28271903335808,1.8462324234077e-05,0.000245799946340812
"chr9:122701103-122701679",2.42813765229135,1.0315993027981,0.368583147925788,2.79882384369294,0.00512891096625279,0.0180071236353571
"chr9:122913787-122915105",11.5764243198082,1.23659474752425,0.281236348621923,4.3969947468869,1.09760000337753e-05,0.000167648969148197
"chr9:123027304-123028768",5.09324223024251,1.01372169087662,0.248817042580114,4.07416501846019,4.61797298400079e-05,0.000485236903295723
"chr9:123174531-123176576",10.5001683319479,1.18584067989822,0.28021659477869,4.23187170922113,2.31754594608864e-05,0.000290571836527825
"chr9:125082429-125083217",4.02795273800685,1.14737926200813,0.299634083729519,3.82926817846221,0.000128524889257549,0.00104788091081561
"chr9:126157111-126158769",11.171442198756,1.28976888530323,0.251051938937968,5.13745837120152,2.78479129802747e-07,1.14818876627279e-05
"chr9:126766545-126767496",3.89073538613241,1.41292054168457,0.299784022533959,4.71312823726126,2.43942569712499e-06,5.6130253673132e-05
"chr9:126770725-126771554",10.8779924350978,1.00739924713323,0.175694081445677,5.73382574326905,9.81902132447918e-09,9.73447670562381e-07
"chr9:126982910-126983819",8.63942525043617,1.04590145358123,0.241202617324176,4.33619446249846,1.44970701216891e-05,0.000205684393873916
"chr9:127104868-127106926",10.7252992189993,1.0248726295545,0.204723452693554,5.00613200915782,5.55346779876363e-07,1.89017471455879e-05
"chr9:127190713-127192081",10.9086359342072,1.31795887915039,0.279639680262382,4.7130610287988,2.44023073382664e-06,5.61397064830016e-05
"chr9:127208812-127209670",6.42746708930818,1.07345809831584,0.272006109510421,3.94644848326362,7.93189784665462e-05,0.000728299699239569
"chr9:128288043-128288706",2.98138992536052,1.02056991566015,0.321985711560154,3.1696124362633,0.00152642388264967,0.0069890152778424
"chr9:128819093-128822579",7.48381756418386,1.10164880674054,0.30391449391259,3.6248643246919,0.000289113190761862,0.00193761247027208
"chr9:129179194-129179596",10.2627364654251,1.09220517914285,0.256486778036293,4.25832936693642,2.05960340872173e-05,0.000266605014170138
"chr9:130336183-130337851",17.0600138014139,1.00581448988016,0.170052811063167,5.91471839596082,3.32443861492121e-09,4.34574536867617e-07
"chr9:130340679-130342121",16.1913202219238,1.11338306951808,0.179773490309611,6.19325500996051,5.89342624273385e-10,1.19323375487545e-07
"chr9:130422944-130424309",5.58128141960809,1.31682570852606,0.286663361789596,4.59363101132044,4.35599329851717e-06,8.53302337621655e-05
"chr9:131369578-131371037",10.016480793532,1.3305518076222,0.318224457660767,4.18117393428193,2.90007907490301e-05,0.000343432950540769
"chr9:131371642-131372406",4.18726367156592,1.01476963774925,0.29269292334964,3.46701118064628,0.000526279998756242,0.00306636859354076
"chr9:134760349-134761459",6.95244296554803,1.18458890094557,0.324097879559025,3.65503440675806,0.00025714748889512,0.00177134542582625
"chr9:135088916-135090050",13.979047339452,1.33113026325222,0.24954592789769,5.3342095159251,9.59616721618633e-08,5.26851107512802e-06
"chr9:135363713-135364447",6.10660241553406,1.20701719270773,0.295171776114276,4.08920259449341,4.3285866920129e-05,0.000463060166802253
"chr9:135406348-135407814",8.2850823761214,1.10329600500698,0.269761128912434,4.08989986605933,4.31559461806307e-05,0.000462009351608012
"chr9:136654032-136654905",7.21263995923313,1.02499214815955,0.24318424853057,4.21487885976589,2.49912296555393e-05,0.000307236439289644
"chr9:136746349-136748157",10.3445394452017,1.07024534429469,0.224737594787788,4.7621998682743,1.91493878115323e-06,4.69793863926434e-05
"chr9:138167043-138168098",7.77272020879036,1.22311003801561,0.353724700771429,3.45780217029844,0.000544601130815504,0.00314701130054906
"chr9:139131010-139132378",10.6745129332917,1.00732029698566,0.195289853455087,5.15807800130958,2.49497685353968e-07,1.06160898262699e-05
"chrX:3280821-3281713",1.29983288975734,1.06067717850677,0.46191854084256,2.29624291887492,0.0216619958177802,0.0559213364266117
"chrX:3889871-3891289",3.60333598627186,1.00671409992952,0.307762717978582,3.27107229407684,0.00107140517576874,0.00531679565711758
"chrX:5747047-5748037",1.53400302740545,1.1037136646672,0.462461070700057,2.38660880795098,0.0170045745913157,0.0462254015342874
"chrX:5970241-5972108",3.57022616004915,1.18586535861571,0.437722700048652,2.70917034570951,0.00674516982535923,0.0223426367061636
"chrX:6066942-6068171",3.80649326657411,1.45531907327602,0.389203858020447,3.73922057370656,0.000184591706573259,0.00137548635686583
"chrX:7265437-7266277",2.18027739889059,1.04920361520584,0.362486922641233,2.8944592195517,0.00379812241784352,0.0142361337152909
"chrX:7523806-7524993",3.46823852994414,1.05550552903407,0.352363988536882,2.99549773351369,0.00273997337578487,0.0110387776602641
"chrX:7532256-7533436",4.86715625368897,1.30102916187079,0.305088831824631,4.26442736067976,2.00415529245062e-05,0.000261354758545053
"chrX:8694016-8694887",6.9641941392157,1.02747744720782,0.206830869903728,4.96771805720329,6.77453613859292e-07,2.1874236063526e-05
"chrX:9510325-9511407",4.85768357514134,1.06581380267193,0.240555028606444,4.43064445106918,9.39518869529654e-06,0.000149463885605824
"chrX:10039274-10041499",4.33703145318521,1.0354469831015,0.278593618636785,3.71669311080475,0.000201847374385772,0.00147165508650394
"chrX:11496719-11499363",1.09142277802331,1.02228719321414,0.473636102816641,2.15838105907627,0.0308982171264184,0.0739309875533981
"chrX:11897639-11898361",1.8817291850262,1.20578757767123,0.453944989216268,2.65624162908596,0.00790169747673648,0.0253065655132297
"chrX:11904198-11905846",1.59236355894778,1.32366539053449,0.427147001764026,3.09885211664376,0.00194271963895717,0.00843001737209029
"chrX:11908901-11909721",3.91403006002805,1.47528039376706,0.450796355432211,3.27260940775042,0.00106559622464661,0.00529408074102141
"chrX:12089770-12091005",2.37361085067161,1.35428806252051,0.514358558125134,2.63296496408451,0.00846430782575696,0.0267260033363695
"chrX:13311275-13312341",3.96094005043469,1.11364364601143,0.333273028639432,3.34153546885512,0.000833163707309201,0.00437797444045084
"chrX:13394527-13396379",7.58126499089479,1.30299255249977,0.291965755844348,4.46282663777328,8.08854930504893e-06,0.000133952065563136
"chrX:15221934-15223143",2.61037499450512,1.01667297977877,0.348518372918386,2.91712879084527,0.00353269870644778,0.013450732272172
"chrX:17474399-17475350",3.16461209979608,1.06025652458841,0.3516129607756,3.01540797088269,0.00256633805942098,0.0104907566997128
"chrX:17626625-17627875",4.65634419580271,1.05075174897081,0.270887665530721,3.87892061054969,0.000104920986987076,0.000898723855732126
"chrX:17634552-17636424",2.30628651737767,1.1129412601155,0.337753176044798,3.29513188639234,0.000983754978356278,0.00497655726826174
"chrX:18034542-18036265",2.96061535169094,1.44294245103119,0.348685072686975,4.1382398159802,3.49980455759019e-05,0.000395075657379229
"chrX:18083398-18085088",2.00452903147358,1.31997247019168,0.384925317011874,3.4291651181545,0.000605441071446723,0.00341941727526242
"chrX:18191273-18192294",3.3092495903385,1.10322375199211,0.324272095779646,3.40215444483323,0.000668568437930704,0.00369375929928231
"chrX:20550662-20551574",2.9355864140678,1.2295614364069,0.340875454435019,3.60706944548067,0.000309674800126956,0.00204281669948978
"chrX:21194798-21195981",3.73657277526759,1.61144816401959,0.368445891170814,4.37363586522535,1.22194136031254e-05,0.000181460835688046
"chrX:22384571-22385823",2.30278488113901,1.33021562407657,0.418193304293686,3.18086303730583,0.00146837032249203,0.00678407282092995
"chrX:22692477-22693894",3.39577701096637,1.03072878474604,0.316305409068618,3.25865051685676,0.00111943476137747,0.00550373984211289
"chrX:22704154-22705192",5.08483975735895,1.14315030971862,0.273129580218764,4.18537717080299,2.8469298291984e-05,0.000338742115963048
"chrX:22956486-22956787",1.54121713112632,1.91562832323852,0.612348844489272,3.12832846910367,0.00175803592171955,0.00780075365088078
"chrX:24902309-24903609",2.25682731693067,1.19488831032828,0.412728419787003,2.89509578949016,0.00379042846509227,0.0142135715357326
"chrX:24946188-24947328",4.61327459475057,1.75011292487565,0.419007699137694,4.17680374006809,2.95633890673325e-05,0.000348556494606082
"chrX:28613378-28614327",3.98942584603858,1.17073014505089,0.320063170581662,3.65780962215452,0.000254379875699774,0.00175726305759901
"chrX:28669363-28671130",2.58197799005169,1.04657675464565,0.365464890743168,2.86368617384136,0.00418742655219945,0.0153697275674766
"chrX:29268520-29269054",1.49761204775916,1.09826765963715,0.446826856081195,2.4579266995482,0.0139741693053692,0.0396628399056854
"chrX:30382000-30383199",4.84481799143363,1.36390846732509,0.373400377512593,3.65267029565093,0.000259527369685545,0.00178305013579621
"chrX:31150629-31152030",3.68379170804755,1.16106423167991,0.411175794598338,2.82376600698031,0.00474630220493431,0.0169445166869471
"chrX:31337622-31339035",1.75868682670625,1.00771333101994,0.440930805824549,2.28542283212781,0.0222880464855727,0.0572043412948122
"chrX:31467262-31467598",2.15887688020227,1.17054942934897,0.438980079941531,2.66652060727876,0.00766409076504363,0.024707013676422
"chrX:37842756-37843052",1.79651283619777,1.15104349772703,0.461563726689929,2.49379106538906,0.0126386914827029,0.0366485763816073
"chrX:38468188-38468831",1.31852195488482,1.26757008408457,0.470383845754768,2.69475683641017,0.00704400158954322,0.0231181096989533
"chrX:38924315-38925628",12.1283022203545,1.28341958323066,0.201945664277236,6.3552717896867,2.08058420907376e-10,5.67150340074733e-08
"chrX:38984298-38985566",1.44412711513252,1.04941803617204,0.414601698794338,2.53114745844928,0.0113690041547181,0.0337329486648653
"chrX:39017464-39018898",7.96156208567038,1.31300664375203,0.235048168426266,5.58611731605096,2.32202406408126e-08,1.86420174855042e-06
"chrX:39159795-39160944",5.92418434761136,1.30252944663791,0.348714419047109,3.73523254414652,0.000187541805213538,0.00139193174956141
"chrX:39179318-39180269",3.75666077782624,1.22403002304059,0.368634239541222,3.32044582880835,0.000898737989701481,0.00464358348498344
"chrX:39318821-39319918",3.59240820271753,1.00561364437826,0.292013250559004,3.44372607220119,0.000573756691430358,0.00327974995407556
"chrX:39434510-39436528",8.11804253865663,1.10419740246278,0.244204819627008,4.52160364463445,6.13728967929764e-06,0.000109601042982282
"chrX:39828159-39829515",7.07052164025717,1.19364783708137,0.235090788639898,5.07739092623381,3.82653043261784e-07,1.44218910992978e-05
"chrX:40414119-40415246",3.35967453201321,1.03277242030692,0.317666501161626,3.25112158987595,0.00114950685166967,0.00561647889179494
"chrX:40771164-40772359",6.28991856052953,1.21204905361163,0.411749312710554,2.94365774561393,0.00324358478152788,0.012595229072082
"chrX:42499402-42499929",2.46355334070215,1.1580335637506,0.398447463290763,2.90636450333112,0.00365655224231047,0.0138223654581564
"chrX:44038008-44038308",1.3951236884528,1.18318935545283,0.449192409459432,2.63403684153236,0.00843763320865218,0.0266588500118976
"chrX:44918549-44920070",1.95457930289922,1.03160599775656,0.364977566007215,2.82649152670432,0.00470609891035761,0.0168361252169309
"chrX:45888572-45890155",6.24568767974114,1.72653045962734,0.411328812356079,4.19744595506897,2.6994204854118e-05,0.000325300397409608
"chrX:45895204-45896020",0.942560622555295,1.19789800246987,0.483423083752638,2.47794952853932,0.0132139835891243,0.0379594135327016
"chrX:45987802-45990383",1.62690298581062,1.30871252956719,0.545398976560412,2.39955076157396,0.0164152036664313,0.0449530020575032
"chrX:52008832-52009373",2.20761217117793,1.07829969057264,0.422410576291674,2.55272891138046,0.0106882649135824,0.0321499068537034
"chrX:54976762-54978202",8.38933471694847,1.04733236459809,0.223320354212465,4.68982045228919,2.73444882712461e-06,6.09795728865284e-05
"chrX:64895789-64896539",2.88838969196428,1.17719821642692,0.524357668668781,2.24502908370836,0.0247662655476916,0.0621618882685276
"chrX:68398668-68400240",7.52820780620993,1.2513411486601,0.250619738786365,4.99298720332151,5.94524981497346e-07,1.98508092618326e-05
"chrX:68457590-68459013",8.3592402421308,1.32474364344235,0.3788200711836,3.49702601370426,0.000470475951923081,0.0028103999887471
"chrX:68576874-68577857",2.91457641182143,1.18578032012238,0.429300023374094,2.76212498383464,0.00574264907300585,0.0196817029959417
"chrX:68755148-68756350",4.0537381891436,1.38006109815373,0.363516974655975,3.79641445756361,0.000146803987050645,0.00115812840192552
"chrX:71154927-71156170",3.07033694979377,1.00020533143636,0.353019442064151,2.83328681725863,0.00460720270652116,0.016559063918248
"chrX:81342587-81343947",3.02987183879355,1.00170523182489,0.364253815017062,2.75001987769977,0.00595916496177946,0.0202650895248756
"chrX:81464112-81465098",1.3819155064256,1.94668316475126,0.883222858533818,2.20406791552341,0.0275195681486895,0.0675247059221478
"chrX:83227553-83228589",1.56915277923887,1.77693602872258,0.801352228086973,2.21742196058351,0.0265942704149289,0.0657291236875815
"chrX:84596139-84597169",1.99103871817584,1.40558861786534,0.438721100080356,3.20383181389701,0.00135611671536035,0.00637972893967731
"chrX:85083046-85084866",4.72101597855912,1.35567747248056,0.440604773188825,3.07685607368482,0.00209196282380942,0.00893197370707791
"chrX:95009446-95009830",1.54368593916405,1.39116067188508,0.589220146987136,2.36102020441513,0.0182247376644089,0.0488151644633147
"chrX:99613454-99614601",2.46732346878859,1.10460124599926,0.380179240092065,2.90547491686228,0.00366696238849319,0.0138523959244585
"chrX:102318011-102319466",13.1716827855918,1.0643282596519,0.212916311989755,4.99881032930493,5.76851097981154e-07,1.94285535851236e-05
"chrX:105851178-105851604",3.76773569501357,1.08497022593024,0.390892035989401,2.77562632654827,0.00550954908274639,0.019048699102425
"chrX:106553159-106554478",3.89251000129308,1.01216838676441,0.402091657205888,2.51725786552727,0.0118272232364159,0.0347898936218925
"chrX:106555219-106556785",2.54481356581283,1.23944819083042,0.417097181702089,2.97160528817884,0.0029624727659658,0.0117258091673275
"chrX:106979951-106980872",5.70197553344816,1.22922537423935,0.288856531201794,4.25548755683358,2.08593965712179e-05,0.000269130925369243
"chrX:107243883-107244931",5.20521865730182,1.02522664195869,0.272546004984651,3.76166453812607,0.000168786329706655,0.00128679667374622
"chrX:107467443-107469295",4.97065710805355,1.15087334973823,0.327338510577755,3.5158507555586,0.000438347317095771,0.00266033962661824
"chrX:107555802-107556604",3.45389032641415,1.27368800564076,0.34265018776091,3.71716710258888,0.000201469194743907,0.00146950494620812
"chrX:109255762-109256949",9.98309926705223,1.39773418160812,0.241213397279993,5.79459597754296,6.84858493923245e-09,7.44809713624836e-07
"chrX:109287873-109289952",6.48114394875447,1.70659953851212,0.300984566605968,5.67005663365558,1.42750324149186e-08,1.28766399470896e-06
"chrX:109565807-109566236",5.22943105475733,1.19494967039515,0.301071987733974,3.96898323018679,7.2179960780277e-05,0.000677578595349483
"chrX:110419295-110419805",3.93843059937703,1.33376684379231,0.349980042401362,3.81097971941706,0.000138417123900709,0.00110794501142143
"chrX:110423995-110426930",2.8244870622806,1.35548037073653,0.374161367557486,3.62271599439853,0.000291525850179351,0.0019490940847262
"chrX:110595081-110596278",5.05609888240883,1.05567924028924,0.277842840851392,3.79955530635351,0.000144955961237549,0.00114735586240357
"chrX:110673945-110674721",3.77007210032125,1.31125769906051,0.313473325787469,4.1829960994816,2.87692329749305e-05,0.000341329744716862
"chrX:115035628-115036919",1.93843803580205,1.2443634692793,0.465131745418262,2.67529249838736,0.00746640769311608,0.0242014395070525
"chrX:115510157-115510336",1.3065876999445,1.23762864226509,0.52400676040368,2.36185625031185,0.0181836915144777,0.0487250736098508
"chrX:117349718-117351157",4.82805469500573,1.10545203202603,0.286011524314641,3.86506115330485,0.000111061369561931,0.000937855294740734
"chrX:117814495-117815105",1.7731902100535,1.0266641755236,0.454054114572012,2.26110532329682,0.0237527358277346,0.0601330848877099
"chrX:118035203-118036567",6.59686302004696,1.3148342052986,0.349614217276408,3.76081446441601,0.000169361017021526,0.00129015123994895
"chrX:119173194-119174919",4.28869918293468,1.21774225486498,0.269148709347694,4.52442167683541,6.05608744852866e-06,0.000108504684711261
"chrX:119329081-119330946",4.28393069313173,1.10626387691733,0.261862830206911,4.22459299031947,2.39372997449037e-05,0.000297607881818053
"chrX:122122285-122124129",5.11202289985524,1.56011625175559,0.406639822134025,3.83660469741547,0.000124747027276824,0.00102452373010635
"chrX:127887430-127888880",2.17843375214987,1.04799326234714,0.378905270904225,2.76584503521473,0.00567755075782225,0.0195063025742412
"chrX:128241803-128243976",5.95292624104251,1.21527146059704,0.263760594112979,4.60747923579704,4.07579890235721e-06,8.13626138588678e-05
"chrX:128273860-128275222",5.27615555153297,1.23011187473927,0.318312976902524,3.86447290559556,0.000111329346296332,0.00093973952974509
"chrX:128840198-128841238",5.27777956158038,1.04478355575642,0.301525797965439,3.46498894226017,0.000530253281337686,0.00308412660363512
"chrX:128925880-128928186",6.98715894049117,1.122985645855,0.26769507959477,4.19501788211777,2.72850061047611e-05,0.000327885564203905
"chrX:131725867-131728397",5.38008210005,1.21388498605388,0.310851169537437,3.9050359304107,9.42113863886583e-05,0.00082890593364859
"chrX:132872447-132874169",2.91212344324176,1.04836984121672,0.350221849084029,2.99344499481865,0.00275847226707552,0.0110966387853724
"chrX:133791732-133794039",3.40318645984811,1.04962582659528,0.28717666141221,3.65498303878063,0.000257198981310213,0.00177153195791987
"chrX:133839797-133840822",1.57853585011843,1.16594310998879,0.405161510365673,2.87772426590197,0.00400555082283079,0.0148391041852416
"chrX:134615357-134616422",2.68632572945951,1.00072047274957,0.418295501292608,2.39237684760454,0.0167396448290316,0.0456543516275935
"chrX:135539298-135540400",2.58049725736604,1.1649521012827,0.391896245972414,2.9726033695273,0.00295285759955624,0.0116965730506555
"chrX:135664413-135664634",1.83042204138387,1.33751735525336,0.521527477624095,2.56461531297765,0.0103290251198839,0.0312837877555252
"chrX:136447770-136449023",4.98582010657311,1.65750296326959,0.434648624011036,3.81343198092697,0.000137050256901285,0.00109947137234814
"chrX:146457735-146459017",7.63772419161712,1.4839216548925,0.383886465408426,3.86552220150227,0.000110851764152313,0.000936651452813707
"chrX:149200508-149201474",3.05873106842274,1.06425217073664,0.349100874706853,3.04855200271358,0.00229947110757888,0.009624200385948
"chrX:149680491-149682116",4.23918485236416,1.02786566943295,0.318790126821221,3.22427071277959,0.00126293947861562,0.0060381361762762
"chrX:149868842-149869290",2.27006011465038,1.0334359421155,0.354323935595703,2.916641632968,0.00353822041485102,0.0134690030025042
"chrX:150126496-150127120",3.18107347260986,1.04646253749906,0.392063258757393,2.66911656250505,0.00760510523298072,0.0245555798555078
"chrX:150553019-150553993",4.24194133484621,1.09884781716458,0.279765868204637,3.92774080775577,8.57475486000326e-05,0.000772499773625164
"chrX:152858092-152859026",5.0011404006472,1.17707646455479,0.308376545204113,3.81701034939505,0.000135078506157289,0.00108753036793048
