TF_name	sample_id	outdegree
ALX3	2705010_S40_L003	6
ALX3	270502_S0_L001	7
ALX3	2781020_S37_L003	8
ALX3	278106_S0_L001	9
ALX3	2781080_S30_L003	6
ALX3	2781090_S41_L003	4
ALX3	2792010_S0_L001	7
ALX3	2792020_S32_L003	6
ALX3	2792040_S0_L001	8
ALX3	2811610_S33_L003	7
ALX3	2811630_S35_L003	13
ALX3	2858490_S0_L001	10
ALX3	2858800_S38_L003	5
ALX3	2858810_S31_L003	8
ALX3	3013500_S34_L003	3
ALX3	3049380_S0_L001	9
ALX3	3049400_S39_L003	9
ALX3	3049430_S42_L003	9
ALX3	304944_S0_L001	5
ALX3	3049450_S36_L003	9
ALX3	304955_S0_L001	7
ALX3	313308_S0_L001	11
ALX3	m313309_S193	9
ALX3	m318978_S195	10
ALX3	m318979_S197	8
ALX3	m318986_S33	12
ALX3	m329861_S198	8
ALX3	m329865_S206	12
ALX3	m329883_S194	6
ALX3	m329885_S199	6
ALX3	m334087_S35	12
ALX3	m344001_S207	10
ALX3	m344004_S196	9
ALX3	m357484_S37	12
ALX3	m357486_S34	14
ALX3	m357488_S36	14
ALX3	m364088_S38	22
ARGFX	2705010_S40_L003	9
ARGFX	270502_S0_L001	5
ARGFX	2781020_S37_L003	8
ARGFX	278106_S0_L001	5
ARGFX	2781080_S30_L003	5
ARGFX	2781090_S41_L003	4
ARGFX	2792010_S0_L001	7
ARGFX	2792020_S32_L003	4
ARGFX	2792040_S0_L001	8
ARGFX	2811610_S33_L003	6
ARGFX	2811630_S35_L003	7
ARGFX	2858490_S0_L001	9
ARGFX	2858800_S38_L003	5
ARGFX	2858810_S31_L003	9
ARGFX	3013500_S34_L003	4
ARGFX	3049380_S0_L001	5
ARGFX	3049400_S39_L003	7
ARGFX	3049430_S42_L003	9
ARGFX	304944_S0_L001	5
ARGFX	3049450_S36_L003	4
ARGFX	304955_S0_L001	7
ARGFX	313308_S0_L001	8
ARGFX	m313309_S193	8
ARGFX	m318978_S195	8
ARGFX	m318979_S197	6
ARGFX	m318986_S33	9
ARGFX	m329861_S198	4
ARGFX	m329865_S206	6
ARGFX	m329883_S194	6
ARGFX	m329885_S199	4
ARGFX	m334087_S35	10
ARGFX	m344001_S207	5
ARGFX	m344004_S196	5
ARGFX	m357484_S37	13
ARGFX	m357486_S34	8
ARGFX	m357488_S36	10
ARGFX	m364088_S38	10
ARNT2	2705010_S40_L003	16
ARNT2	270502_S0_L001	24
ARNT2	2781020_S37_L003	18
ARNT2	278106_S0_L001	21
ARNT2	2781080_S30_L003	22
ARNT2	2781090_S41_L003	21
ARNT2	2792010_S0_L001	12
ARNT2	2792020_S32_L003	21
ARNT2	2792040_S0_L001	15
ARNT2	2811610_S33_L003	18
ARNT2	2811630_S35_L003	19
ARNT2	2858490_S0_L001	18
ARNT2	2858800_S38_L003	16
ARNT2	2858810_S31_L003	16
ARNT2	3013500_S34_L003	18
ARNT2	3049380_S0_L001	23
ARNT2	3049400_S39_L003	17
ARNT2	3049430_S42_L003	18
ARNT2	304944_S0_L001	19
ARNT2	3049450_S36_L003	18
ARNT2	304955_S0_L001	20
ARNT2	313308_S0_L001	23
ARNT2	m313309_S193	19
ARNT2	m318978_S195	24
ARNT2	m318979_S197	19
ARNT2	m318986_S33	24
ARNT2	m329861_S198	11
ARNT2	m329865_S206	26
ARNT2	m329883_S194	6
ARNT2	m329885_S199	14
ARNT2	m334087_S35	32
ARNT2	m344001_S207	23
ARNT2	m344004_S196	14
ARNT2	m357484_S37	23
ARNT2	m357486_S34	26
ARNT2	m357488_S36	22
ARNT2	m364088_S38	21
ASCL1	2705010_S40_L003	95
ASCL1	270502_S0_L001	99
ASCL1	2781020_S37_L003	79
ASCL1	278106_S0_L001	108
ASCL1	2781080_S30_L003	85
ASCL1	2781090_S41_L003	84
ASCL1	2792010_S0_L001	84
ASCL1	2792020_S32_L003	101
ASCL1	2792040_S0_L001	96
ASCL1	2811610_S33_L003	79
ASCL1	2811630_S35_L003	84
ASCL1	2858490_S0_L001	80
ASCL1	2858800_S38_L003	75
ASCL1	2858810_S31_L003	99
ASCL1	3013500_S34_L003	86
ASCL1	3049380_S0_L001	74
ASCL1	3049400_S39_L003	85
ASCL1	3049430_S42_L003	84
ASCL1	304944_S0_L001	76
ASCL1	3049450_S36_L003	83
ASCL1	304955_S0_L001	93
ASCL1	313308_S0_L001	99
ASCL1	m313309_S193	98
ASCL1	m318978_S195	96
ASCL1	m318979_S197	87
ASCL1	m318986_S33	89
ASCL1	m329861_S198	84
ASCL1	m329865_S206	90
ASCL1	m329883_S194	78
ASCL1	m329885_S199	77
ASCL1	m334087_S35	92
ASCL1	m344001_S207	88
ASCL1	m344004_S196	108
ASCL1	m357484_S37	116
ASCL1	m357486_S34	85
ASCL1	m357488_S36	81
ASCL1	m364088_S38	107
ATF2	2705010_S40_L003	18
ATF2	270502_S0_L001	26
ATF2	2781020_S37_L003	17
ATF2	278106_S0_L001	19
ATF2	2781080_S30_L003	15
ATF2	2781090_S41_L003	13
ATF2	2792010_S0_L001	6
ATF2	2792020_S32_L003	13
ATF2	2792040_S0_L001	17
ATF2	2811610_S33_L003	14
ATF2	2811630_S35_L003	16
ATF2	2858490_S0_L001	14
ATF2	2858800_S38_L003	13
ATF2	2858810_S31_L003	13
ATF2	3013500_S34_L003	13
ATF2	3049380_S0_L001	15
ATF2	3049400_S39_L003	15
ATF2	3049430_S42_L003	14
ATF2	304944_S0_L001	13
ATF2	3049450_S36_L003	18
ATF2	304955_S0_L001	6
ATF2	313308_S0_L001	14
ATF2	m313309_S193	16
ATF2	m318978_S195	11
ATF2	m318979_S197	16
ATF2	m318986_S33	17
ATF2	m329861_S198	13
ATF2	m329865_S206	19
ATF2	m329883_S194	8
ATF2	m329885_S199	14
ATF2	m334087_S35	20
ATF2	m344001_S207	15
ATF2	m344004_S196	13
ATF2	m357484_S37	22
ATF2	m357486_S34	18
ATF2	m357488_S36	15
ATF2	m364088_S38	19
ATF3	2705010_S40_L003	5
ATF3	270502_S0_L001	8
ATF3	2781020_S37_L003	4
ATF3	278106_S0_L001	9
ATF3	2781080_S30_L003	8
ATF3	2781090_S41_L003	3
ATF3	2792010_S0_L001	3
ATF3	2792020_S32_L003	6
ATF3	2792040_S0_L001	7
ATF3	2811610_S33_L003	5
ATF3	2811630_S35_L003	6
ATF3	2858490_S0_L001	6
ATF3	2858800_S38_L003	3
ATF3	2858810_S31_L003	6
ATF3	3013500_S34_L003	3
ATF3	3049380_S0_L001	7
ATF3	3049400_S39_L003	2
ATF3	3049430_S42_L003	3
ATF3	304944_S0_L001	7
ATF3	3049450_S36_L003	6
ATF3	304955_S0_L001	3
ATF3	313308_S0_L001	5
ATF3	m313309_S193	5
ATF3	m318978_S195	6
ATF3	m318979_S197	7
ATF3	m318986_S33	9
ATF3	m329861_S198	7
ATF3	m329865_S206	5
ATF3	m329883_S194	3
ATF3	m329885_S199	3
ATF3	m334087_S35	8
ATF3	m344001_S207	4
ATF3	m344004_S196	2
ATF3	m357484_S37	9
ATF3	m357486_S34	7
ATF3	m357488_S36	5
ATF3	m364088_S38	6
ATF4	2705010_S40_L003	7
ATF4	270502_S0_L001	6
ATF4	2781020_S37_L003	8
ATF4	278106_S0_L001	8
ATF4	2781080_S30_L003	7
ATF4	2781090_S41_L003	6
ATF4	2792010_S0_L001	8
ATF4	2792020_S32_L003	9
ATF4	2792040_S0_L001	7
ATF4	2811610_S33_L003	5
ATF4	2811630_S35_L003	9
ATF4	2858490_S0_L001	6
ATF4	2858800_S38_L003	6
ATF4	2858810_S31_L003	9
ATF4	3013500_S34_L003	5
ATF4	3049380_S0_L001	6
ATF4	3049400_S39_L003	4
ATF4	3049430_S42_L003	7
ATF4	304944_S0_L001	4
ATF4	3049450_S36_L003	6
ATF4	304955_S0_L001	6
ATF4	313308_S0_L001	10
ATF4	m313309_S193	7
ATF4	m318978_S195	6
ATF4	m318979_S197	11
ATF4	m318986_S33	7
ATF4	m329861_S198	9
ATF4	m329865_S206	8
ATF4	m329883_S194	4
ATF4	m329885_S199	11
ATF4	m334087_S35	13
ATF4	m344001_S207	4
ATF4	m344004_S196	9
ATF4	m357484_S37	8
ATF4	m357486_S34	7
ATF4	m357488_S36	12
ATF4	m364088_S38	10
ATF6	2705010_S40_L003	4
ATF6	270502_S0_L001	1
ATF6	2781020_S37_L003	1
ATF6	278106_S0_L001	4
ATF6	2781080_S30_L003	3
ATF6	2781090_S41_L003	2
ATF6	2792010_S0_L001	4
ATF6	2792020_S32_L003	1
ATF6	2792040_S0_L001	3
ATF6	2811610_S33_L003	4
ATF6	2811630_S35_L003	4
ATF6	2858490_S0_L001	2
ATF6	2858800_S38_L003	6
ATF6	2858810_S31_L003	2
ATF6	3013500_S34_L003	2
ATF6	3049380_S0_L001	2
ATF6	3049400_S39_L003	3
ATF6	3049430_S42_L003	3
ATF6	304944_S0_L001	3
ATF6	3049450_S36_L003	2
ATF6	304955_S0_L001	5
ATF6	313308_S0_L001	1
ATF6	m313309_S193	4
ATF6	m318978_S195	4
ATF6	m318979_S197	3
ATF6	m318986_S33	5
ATF6	m329861_S198	2
ATF6	m329865_S206	4
ATF6	m329883_S194	2
ATF6	m329885_S199	3
ATF6	m334087_S35	4
ATF6	m344001_S207	4
ATF6	m344004_S196	2
ATF6	m357484_S37	4
ATF6	m357486_S34	1
ATF6	m357488_S36	3
ATF6	m364088_S38	5
ATF7	2705010_S40_L003	4
ATF7	270502_S0_L001	7
ATF7	2781020_S37_L003	2
ATF7	278106_S0_L001	6
ATF7	2781080_S30_L003	6
ATF7	2781090_S41_L003	2
ATF7	2792010_S0_L001	3
ATF7	2792020_S32_L003	3
ATF7	2792040_S0_L001	6
ATF7	2811610_S33_L003	4
ATF7	2811630_S35_L003	2
ATF7	2858490_S0_L001	2
ATF7	2858800_S38_L003	2
ATF7	2858810_S31_L003	4
ATF7	3013500_S34_L003	1
ATF7	3049380_S0_L001	5
ATF7	3049400_S39_L003	1
ATF7	3049430_S42_L003	2
ATF7	304944_S0_L001	5
ATF7	3049450_S36_L003	4
ATF7	304955_S0_L001	1
ATF7	313308_S0_L001	2
ATF7	m313309_S193	4
ATF7	m318978_S195	4
ATF7	m318979_S197	7
ATF7	m318986_S33	6
ATF7	m329861_S198	3
ATF7	m329865_S206	3
ATF7	m329883_S194	1
ATF7	m329885_S199	3
ATF7	m334087_S35	2
ATF7	m344001_S207	4
ATF7	m344004_S196	3
ATF7	m357484_S37	4
ATF7	m357486_S34	3
ATF7	m357488_S36	2
ATF7	m364088_S38	5
ATOH1	2705010_S40_L003	36
ATOH1	270502_S0_L001	37
ATOH1	2781020_S37_L003	39
ATOH1	278106_S0_L001	34
ATOH1	2781080_S30_L003	33
ATOH1	2781090_S41_L003	41
ATOH1	2792010_S0_L001	34
ATOH1	2792020_S32_L003	42
ATOH1	2792040_S0_L001	46
ATOH1	2811610_S33_L003	40
ATOH1	2811630_S35_L003	38
ATOH1	2858490_S0_L001	32
ATOH1	2858800_S38_L003	39
ATOH1	2858810_S31_L003	45
ATOH1	3013500_S34_L003	41
ATOH1	3049380_S0_L001	27
ATOH1	3049400_S39_L003	35
ATOH1	3049430_S42_L003	32
ATOH1	304944_S0_L001	39
ATOH1	3049450_S36_L003	34
ATOH1	304955_S0_L001	43
ATOH1	313308_S0_L001	45
ATOH1	m313309_S193	41
ATOH1	m318978_S195	30
ATOH1	m318979_S197	39
ATOH1	m318986_S33	45
ATOH1	m329861_S198	37
ATOH1	m329865_S206	46
ATOH1	m329883_S194	31
ATOH1	m329885_S199	29
ATOH1	m334087_S35	45
ATOH1	m344001_S207	41
ATOH1	m344004_S196	46
ATOH1	m357484_S37	56
ATOH1	m357486_S34	42
ATOH1	m357488_S36	46
ATOH1	m364088_S38	39
ATOH7	2705010_S40_L003	18
ATOH7	270502_S0_L001	18
ATOH7	2781020_S37_L003	12
ATOH7	278106_S0_L001	10
ATOH7	2781080_S30_L003	11
ATOH7	2781090_S41_L003	14
ATOH7	2792010_S0_L001	9
ATOH7	2792020_S32_L003	13
ATOH7	2792040_S0_L001	15
ATOH7	2811610_S33_L003	12
ATOH7	2811630_S35_L003	12
ATOH7	2858490_S0_L001	7
ATOH7	2858800_S38_L003	13
ATOH7	2858810_S31_L003	16
ATOH7	3013500_S34_L003	6
ATOH7	3049380_S0_L001	15
ATOH7	3049400_S39_L003	14
ATOH7	3049430_S42_L003	16
ATOH7	304944_S0_L001	9
ATOH7	3049450_S36_L003	11
ATOH7	304955_S0_L001	15
ATOH7	313308_S0_L001	14
ATOH7	m313309_S193	15
ATOH7	m318978_S195	9
ATOH7	m318979_S197	8
ATOH7	m318986_S33	15
ATOH7	m329861_S198	6
ATOH7	m329865_S206	16
ATOH7	m329883_S194	5
ATOH7	m329885_S199	12
ATOH7	m334087_S35	15
ATOH7	m344001_S207	12
ATOH7	m344004_S196	18
ATOH7	m357484_S37	16
ATOH7	m357486_S34	10
ATOH7	m357488_S36	24
ATOH7	m364088_S38	10
Alx1	2705010_S40_L003	7
Alx1	270502_S0_L001	5
Alx1	2781020_S37_L003	5
Alx1	278106_S0_L001	1
Alx1	2781080_S30_L003	3
Alx1	2781090_S41_L003	3
Alx1	2792010_S0_L001	2
Alx1	2792020_S32_L003	4
Alx1	2792040_S0_L001	2
Alx1	2811610_S33_L003	5
Alx1	2811630_S35_L003	6
Alx1	2858490_S0_L001	7
Alx1	2858800_S38_L003	7
Alx1	2858810_S31_L003	6
Alx1	3013500_S34_L003	5
Alx1	3049380_S0_L001	6
Alx1	3049400_S39_L003	6
Alx1	3049430_S42_L003	6
Alx1	304944_S0_L001	1
Alx1	3049450_S36_L003	6
Alx1	304955_S0_L001	3
Alx1	313308_S0_L001	3
Alx1	m313309_S193	3
Alx1	m318978_S195	7
Alx1	m318979_S197	7
Alx1	m318986_S33	3
Alx1	m329865_S206	6
Alx1	m329883_S194	4
Alx1	m329885_S199	4
Alx1	m334087_S35	7
Alx1	m344001_S207	2
Alx1	m344004_S196	1
Alx1	m357484_S37	9
Alx1	m357486_S34	6
Alx1	m357488_S36	6
Alx1	m364088_S38	10
Alx4	2705010_S40_L003	6
Alx4	270502_S0_L001	4
Alx4	2781020_S37_L003	6
Alx4	278106_S0_L001	3
Alx4	2781080_S30_L003	4
Alx4	2781090_S41_L003	2
Alx4	2792010_S0_L001	2
Alx4	2792020_S32_L003	3
Alx4	2792040_S0_L001	3
Alx4	2811610_S33_L003	5
Alx4	2811630_S35_L003	5
Alx4	2858490_S0_L001	9
Alx4	2858800_S38_L003	7
Alx4	2858810_S31_L003	5
Alx4	3013500_S34_L003	3
Alx4	3049380_S0_L001	6
Alx4	3049400_S39_L003	5
Alx4	3049430_S42_L003	6
Alx4	304944_S0_L001	1
Alx4	3049450_S36_L003	7
Alx4	304955_S0_L001	3
Alx4	313308_S0_L001	3
Alx4	m313309_S193	3
Alx4	m318978_S195	8
Alx4	m318979_S197	6
Alx4	m318986_S33	3
Alx4	m329861_S198	1
Alx4	m329865_S206	9
Alx4	m329883_S194	5
Alx4	m329885_S199	4
Alx4	m334087_S35	6
Alx4	m344001_S207	3
Alx4	m344004_S196	2
Alx4	m357484_S37	6
Alx4	m357486_S34	7
Alx4	m357488_S36	5
Alx4	m364088_S38	11
Ar	2705010_S40_L003	2
Ar	270502_S0_L001	2
Ar	2781020_S37_L003	1
Ar	278106_S0_L001	1
Ar	2781090_S41_L003	2
Ar	2792010_S0_L001	1
Ar	2792020_S32_L003	4
Ar	2792040_S0_L001	3
Ar	2811610_S33_L003	3
Ar	2811630_S35_L003	1
Ar	2858490_S0_L001	3
Ar	2858800_S38_L003	3
Ar	2858810_S31_L003	2
Ar	3013500_S34_L003	2
Ar	3049380_S0_L001	2
Ar	304944_S0_L001	1
Ar	3049450_S36_L003	3
Ar	304955_S0_L001	1
Ar	313308_S0_L001	1
Ar	m313309_S193	1
Ar	m329861_S198	3
Ar	m329865_S206	2
Ar	m329883_S194	1
Ar	m334087_S35	2
Ar	m344004_S196	2
Ar	m357484_S37	2
Ar	m357486_S34	1
Ar	m357488_S36	3
Ar	m364088_S38	1
Arid3b	2705010_S40_L003	14
Arid3b	270502_S0_L001	10
Arid3b	2781020_S37_L003	13
Arid3b	278106_S0_L001	7
Arid3b	2781080_S30_L003	6
Arid3b	2781090_S41_L003	12
Arid3b	2792010_S0_L001	1
Arid3b	2792020_S32_L003	12
Arid3b	2792040_S0_L001	7
Arid3b	2811610_S33_L003	11
Arid3b	2811630_S35_L003	15
Arid3b	2858490_S0_L001	14
Arid3b	2858800_S38_L003	15
Arid3b	2858810_S31_L003	8
Arid3b	3013500_S34_L003	5
Arid3b	3049380_S0_L001	10
Arid3b	3049400_S39_L003	7
Arid3b	3049430_S42_L003	10
Arid3b	304944_S0_L001	7
Arid3b	3049450_S36_L003	9
Arid3b	304955_S0_L001	10
Arid3b	313308_S0_L001	10
Arid3b	m313309_S193	9
Arid3b	m318978_S195	9
Arid3b	m318979_S197	8
Arid3b	m318986_S33	17
Arid3b	m329861_S198	9
Arid3b	m329865_S206	13
Arid3b	m329883_S194	14
Arid3b	m329885_S199	15
Arid3b	m334087_S35	15
Arid3b	m344001_S207	5
Arid3b	m344004_S196	5
Arid3b	m357484_S37	24
Arid3b	m357486_S34	22
Arid3b	m357488_S36	18
Arid3b	m364088_S38	21
Arid5a	2705010_S40_L003	9
Arid5a	270502_S0_L001	12
Arid5a	2781020_S37_L003	7
Arid5a	278106_S0_L001	15
Arid5a	2781080_S30_L003	5
Arid5a	2781090_S41_L003	6
Arid5a	2792010_S0_L001	4
Arid5a	2792020_S32_L003	7
Arid5a	2792040_S0_L001	6
Arid5a	2811610_S33_L003	9
Arid5a	2811630_S35_L003	6
Arid5a	2858490_S0_L001	6
Arid5a	2858800_S38_L003	7
Arid5a	2858810_S31_L003	5
Arid5a	3013500_S34_L003	3
Arid5a	3049380_S0_L001	5
Arid5a	3049400_S39_L003	4
Arid5a	3049430_S42_L003	9
Arid5a	304944_S0_L001	6
Arid5a	3049450_S36_L003	5
Arid5a	304955_S0_L001	6
Arid5a	313308_S0_L001	9
Arid5a	m313309_S193	4
Arid5a	m318978_S195	7
Arid5a	m318979_S197	4
Arid5a	m318986_S33	14
Arid5a	m329861_S198	5
Arid5a	m329865_S206	8
Arid5a	m329883_S194	3
Arid5a	m329885_S199	4
Arid5a	m334087_S35	8
Arid5a	m344001_S207	5
Arid5a	m344004_S196	11
Arid5a	m357484_S37	11
Arid5a	m357486_S34	10
Arid5a	m357488_S36	11
Arid5a	m364088_S38	14
Arntl	2705010_S40_L003	19
Arntl	270502_S0_L001	29
Arntl	2781020_S37_L003	21
Arntl	278106_S0_L001	23
Arntl	2781080_S30_L003	21
Arntl	2781090_S41_L003	20
Arntl	2792010_S0_L001	14
Arntl	2792020_S32_L003	23
Arntl	2792040_S0_L001	17
Arntl	2811610_S33_L003	19
Arntl	2811630_S35_L003	19
Arntl	2858490_S0_L001	18
Arntl	2858800_S38_L003	15
Arntl	2858810_S31_L003	14
Arntl	3013500_S34_L003	18
Arntl	3049380_S0_L001	25
Arntl	3049400_S39_L003	19
Arntl	3049430_S42_L003	21
Arntl	304944_S0_L001	21
Arntl	3049450_S36_L003	18
Arntl	304955_S0_L001	16
Arntl	313308_S0_L001	21
Arntl	m313309_S193	17
Arntl	m318978_S195	24
Arntl	m318979_S197	20
Arntl	m318986_S33	24
Arntl	m329861_S198	13
Arntl	m329865_S206	29
Arntl	m329883_S194	10
Arntl	m329885_S199	16
Arntl	m334087_S35	32
Arntl	m344001_S207	22
Arntl	m344004_S196	17
Arntl	m357484_S37	23
Arntl	m357486_S34	22
Arntl	m357488_S36	24
Arntl	m364088_S38	20
Arx	2705010_S40_L003	4
Arx	270502_S0_L001	5
Arx	2781020_S37_L003	4
Arx	278106_S0_L001	1
Arx	2781080_S30_L003	2
Arx	2781090_S41_L003	1
Arx	2792010_S0_L001	3
Arx	2792020_S32_L003	2
Arx	2792040_S0_L001	1
Arx	2811610_S33_L003	3
Arx	2811630_S35_L003	7
Arx	2858490_S0_L001	5
Arx	2858800_S38_L003	7
Arx	2858810_S31_L003	5
Arx	3013500_S34_L003	3
Arx	3049380_S0_L001	6
Arx	3049400_S39_L003	3
Arx	3049430_S42_L003	6
Arx	3049450_S36_L003	6
Arx	304955_S0_L001	2
Arx	313308_S0_L001	3
Arx	m313309_S193	3
Arx	m318978_S195	5
Arx	m318979_S197	6
Arx	m318986_S33	1
Arx	m329865_S206	2
Arx	m329883_S194	3
Arx	m329885_S199	2
Arx	m334087_S35	3
Arx	m344001_S207	3
Arx	m344004_S196	2
Arx	m357484_S37	8
Arx	m357486_S34	7
Arx	m357488_S36	2
Arx	m364088_S38	9
Ascl2	2705010_S40_L003	43
Ascl2	270502_S0_L001	46
Ascl2	2781020_S37_L003	45
Ascl2	278106_S0_L001	54
Ascl2	2781080_S30_L003	46
Ascl2	2781090_S41_L003	49
Ascl2	2792010_S0_L001	49
Ascl2	2792020_S32_L003	51
Ascl2	2792040_S0_L001	60
Ascl2	2811610_S33_L003	49
Ascl2	2811630_S35_L003	36
Ascl2	2858490_S0_L001	39
Ascl2	2858800_S38_L003	45
Ascl2	2858810_S31_L003	53
Ascl2	3013500_S34_L003	49
Ascl2	3049380_S0_L001	29
Ascl2	3049400_S39_L003	42
Ascl2	3049430_S42_L003	41
Ascl2	304944_S0_L001	40
Ascl2	3049450_S36_L003	48
Ascl2	304955_S0_L001	61
Ascl2	313308_S0_L001	52
Ascl2	m313309_S193	54
Ascl2	m318978_S195	43
Ascl2	m318979_S197	56
Ascl2	m318986_S33	41
Ascl2	m329861_S198	39
Ascl2	m329865_S206	46
Ascl2	m329883_S194	38
Ascl2	m329885_S199	39
Ascl2	m334087_S35	51
Ascl2	m344001_S207	50
Ascl2	m344004_S196	57
Ascl2	m357484_S37	66
Ascl2	m357486_S34	46
Ascl2	m357488_S36	47
Ascl2	m364088_S38	53
Atoh1	2705010_S40_L003	14
Atoh1	270502_S0_L001	12
Atoh1	2781020_S37_L003	11
Atoh1	278106_S0_L001	4
Atoh1	2781080_S30_L003	7
Atoh1	2781090_S41_L003	6
Atoh1	2792010_S0_L001	4
Atoh1	2792020_S32_L003	7
Atoh1	2792040_S0_L001	11
Atoh1	2811610_S33_L003	5
Atoh1	2811630_S35_L003	9
Atoh1	2858490_S0_L001	8
Atoh1	2858800_S38_L003	9
Atoh1	2858810_S31_L003	11
Atoh1	3013500_S34_L003	7
Atoh1	3049380_S0_L001	8
Atoh1	3049400_S39_L003	9
Atoh1	3049430_S42_L003	10
Atoh1	304944_S0_L001	9
Atoh1	3049450_S36_L003	7
Atoh1	304955_S0_L001	10
Atoh1	313308_S0_L001	9
Atoh1	m313309_S193	8
Atoh1	m318978_S195	5
Atoh1	m318979_S197	5
Atoh1	m318986_S33	8
Atoh1	m329861_S198	8
Atoh1	m329865_S206	9
Atoh1	m329883_S194	5
Atoh1	m329885_S199	9
Atoh1	m334087_S35	14
Atoh1	m344001_S207	12
Atoh1	m344004_S196	10
Atoh1	m357484_S37	11
Atoh1	m357486_S34	7
Atoh1	m357488_S36	17
Atoh1	m364088_S38	11
BACH1	2705010_S40_L003	14
BACH1	270502_S0_L001	16
BACH1	2781020_S37_L003	15
BACH1	278106_S0_L001	17
BACH1	2781080_S30_L003	13
BACH1	2781090_S41_L003	19
BACH1	2792010_S0_L001	20
BACH1	2792020_S32_L003	14
BACH1	2792040_S0_L001	23
BACH1	2811610_S33_L003	15
BACH1	2811630_S35_L003	12
BACH1	2858490_S0_L001	19
BACH1	2858800_S38_L003	7
BACH1	2858810_S31_L003	18
BACH1	3013500_S34_L003	17
BACH1	3049380_S0_L001	18
BACH1	3049400_S39_L003	16
BACH1	3049430_S42_L003	16
BACH1	304944_S0_L001	15
BACH1	3049450_S36_L003	16
BACH1	304955_S0_L001	25
BACH1	313308_S0_L001	15
BACH1	m313309_S193	17
BACH1	m318978_S195	25
BACH1	m318979_S197	19
BACH1	m318986_S33	19
BACH1	m329861_S198	12
BACH1	m329865_S206	23
BACH1	m329883_S194	11
BACH1	m329885_S199	10
BACH1	m334087_S35	16
BACH1	m344001_S207	24
BACH1	m344004_S196	20
BACH1	m357484_S37	24
BACH1	m357486_S34	22
BACH1	m357488_S36	14
BACH1	m364088_S38	25
BACH2	2705010_S40_L003	4
BACH2	270502_S0_L001	5
BACH2	2781020_S37_L003	3
BACH2	278106_S0_L001	1
BACH2	2781080_S30_L003	2
BACH2	2781090_S41_L003	2
BACH2	2792010_S0_L001	1
BACH2	2792020_S32_L003	2
BACH2	2792040_S0_L001	3
BACH2	2811610_S33_L003	2
BACH2	2811630_S35_L003	2
BACH2	2858490_S0_L001	3
BACH2	2858810_S31_L003	4
BACH2	3013500_S34_L003	3
BACH2	3049380_S0_L001	3
BACH2	3049400_S39_L003	5
BACH2	3049430_S42_L003	1
BACH2	304944_S0_L001	3
BACH2	3049450_S36_L003	1
BACH2	304955_S0_L001	8
BACH2	313308_S0_L001	5
BACH2	m313309_S193	2
BACH2	m318978_S195	3
BACH2	m318979_S197	4
BACH2	m318986_S33	4
BACH2	m329861_S198	1
BACH2	m329865_S206	7
BACH2	m329883_S194	2
BACH2	m329885_S199	2
BACH2	m334087_S35	4
BACH2	m344001_S207	5
BACH2	m344004_S196	7
BACH2	m357484_S37	8
BACH2	m357486_S34	3
BACH2	m357488_S36	2
BACH2	m364088_S38	3
BARHL2	270502_S0_L001	4
BARHL2	2781020_S37_L003	4
BARHL2	278106_S0_L001	6
BARHL2	2781080_S30_L003	3
BARHL2	2781090_S41_L003	3
BARHL2	2792010_S0_L001	2
BARHL2	2792020_S32_L003	2
BARHL2	2792040_S0_L001	3
BARHL2	2811610_S33_L003	2
BARHL2	2811630_S35_L003	8
BARHL2	2858490_S0_L001	2
BARHL2	2858800_S38_L003	3
BARHL2	2858810_S31_L003	1
BARHL2	3013500_S34_L003	4
BARHL2	3049380_S0_L001	2
BARHL2	3049400_S39_L003	4
BARHL2	3049430_S42_L003	1
BARHL2	3049450_S36_L003	5
BARHL2	304955_S0_L001	4
BARHL2	313308_S0_L001	2
BARHL2	m313309_S193	3
BARHL2	m318978_S195	5
BARHL2	m318979_S197	8
BARHL2	m318986_S33	5
BARHL2	m329861_S198	3
BARHL2	m329865_S206	5
BARHL2	m329883_S194	3
BARHL2	m329885_S199	1
BARHL2	m334087_S35	3
BARHL2	m344001_S207	2
BARHL2	m344004_S196	1
BARHL2	m357484_S37	5
BARHL2	m357486_S34	6
BARHL2	m357488_S36	3
BARHL2	m364088_S38	6
BARX2	2705010_S40_L003	9
BARX2	270502_S0_L001	8
BARX2	2781020_S37_L003	7
BARX2	278106_S0_L001	8
BARX2	2781080_S30_L003	11
BARX2	2781090_S41_L003	13
BARX2	2792010_S0_L001	10
BARX2	2792020_S32_L003	8
BARX2	2792040_S0_L001	15
BARX2	2811610_S33_L003	11
BARX2	2811630_S35_L003	17
BARX2	2858490_S0_L001	15
BARX2	2858800_S38_L003	10
BARX2	2858810_S31_L003	7
BARX2	3013500_S34_L003	12
BARX2	3049380_S0_L001	12
BARX2	3049400_S39_L003	5
BARX2	3049430_S42_L003	12
BARX2	304944_S0_L001	9
BARX2	3049450_S36_L003	10
BARX2	304955_S0_L001	11
BARX2	313308_S0_L001	12
BARX2	m313309_S193	10
BARX2	m318978_S195	14
BARX2	m318979_S197	10
BARX2	m318986_S33	19
BARX2	m329861_S198	10
BARX2	m329865_S206	13
BARX2	m329883_S194	8
BARX2	m329885_S199	11
BARX2	m334087_S35	11
BARX2	m344001_S207	9
BARX2	m344004_S196	14
BARX2	m357484_S37	15
BARX2	m357486_S34	13
BARX2	m357488_S36	11
BARX2	m364088_S38	12
BATF	2705010_S40_L003	16
BATF	270502_S0_L001	20
BATF	2781020_S37_L003	14
BATF	278106_S0_L001	12
BATF	2781080_S30_L003	11
BATF	2781090_S41_L003	13
BATF	2792010_S0_L001	12
BATF	2792020_S32_L003	15
BATF	2792040_S0_L001	16
BATF	2811610_S33_L003	18
BATF	2811630_S35_L003	15
BATF	2858490_S0_L001	16
BATF	2858800_S38_L003	12
BATF	2858810_S31_L003	15
BATF	3013500_S34_L003	11
BATF	3049380_S0_L001	13
BATF	3049400_S39_L003	14
BATF	3049430_S42_L003	16
BATF	304944_S0_L001	13
BATF	3049450_S36_L003	14
BATF	304955_S0_L001	23
BATF	313308_S0_L001	18
BATF	m313309_S193	15
BATF	m318978_S195	14
BATF	m318979_S197	16
BATF	m318986_S33	18
BATF	m329861_S198	10
BATF	m329865_S206	21
BATF	m329883_S194	8
BATF	m329885_S199	10
BATF	m334087_S35	23
BATF	m344001_S207	19
BATF	m344004_S196	17
BATF	m357484_S37	32
BATF	m357486_S34	21
BATF	m357488_S36	14
BATF	m364088_S38	21
BATF3	2705010_S40_L003	17
BATF3	270502_S0_L001	21
BATF3	2781020_S37_L003	15
BATF3	278106_S0_L001	13
BATF3	2781080_S30_L003	11
BATF3	2781090_S41_L003	13
BATF3	2792010_S0_L001	13
BATF3	2792020_S32_L003	16
BATF3	2792040_S0_L001	19
BATF3	2811610_S33_L003	19
BATF3	2811630_S35_L003	16
BATF3	2858490_S0_L001	17
BATF3	2858800_S38_L003	14
BATF3	2858810_S31_L003	16
BATF3	3013500_S34_L003	12
BATF3	3049380_S0_L001	14
BATF3	3049400_S39_L003	15
BATF3	3049430_S42_L003	15
BATF3	304944_S0_L001	13
BATF3	3049450_S36_L003	16
BATF3	304955_S0_L001	25
BATF3	313308_S0_L001	18
BATF3	m313309_S193	16
BATF3	m318978_S195	17
BATF3	m318979_S197	18
BATF3	m318986_S33	21
BATF3	m329861_S198	12
BATF3	m329865_S206	22
BATF3	m329883_S194	8
BATF3	m329885_S199	12
BATF3	m334087_S35	25
BATF3	m344001_S207	21
BATF3	m344004_S196	19
BATF3	m357484_S37	34
BATF3	m357486_S34	21
BATF3	m357488_S36	15
BATF3	m364088_S38	22
BCL6	2705010_S40_L003	3
BCL6	270502_S0_L001	5
BCL6	2781020_S37_L003	3
BCL6	278106_S0_L001	4
BCL6	2781080_S30_L003	3
BCL6	2781090_S41_L003	2
BCL6	2792010_S0_L001	5
BCL6	2792020_S32_L003	6
BCL6	2792040_S0_L001	5
BCL6	2811610_S33_L003	5
BCL6	2811630_S35_L003	6
BCL6	2858490_S0_L001	3
BCL6	2858800_S38_L003	7
BCL6	2858810_S31_L003	7
BCL6	3013500_S34_L003	3
BCL6	3049380_S0_L001	5
BCL6	3049400_S39_L003	4
BCL6	3049430_S42_L003	5
BCL6	304944_S0_L001	5
BCL6	3049450_S36_L003	2
BCL6	304955_S0_L001	4
BCL6	313308_S0_L001	7
BCL6	m313309_S193	3
BCL6	m318978_S195	3
BCL6	m318979_S197	5
BCL6	m318986_S33	5
BCL6	m329861_S198	3
BCL6	m329865_S206	4
BCL6	m329883_S194	2
BCL6	m334087_S35	5
BCL6	m344001_S207	3
BCL6	m344004_S196	7
BCL6	m357484_S37	6
BCL6	m357486_S34	5
BCL6	m357488_S36	1
BCL6	m364088_S38	7
BCL6B	m329865_S206	1
BCL6B	m357484_S37	1
BHLHA15	2705010_S40_L003	32
BHLHA15	270502_S0_L001	41
BHLHA15	2781020_S37_L003	40
BHLHA15	278106_S0_L001	45
BHLHA15	2781080_S30_L003	37
BHLHA15	2781090_S41_L003	40
BHLHA15	2792010_S0_L001	37
BHLHA15	2792020_S32_L003	42
BHLHA15	2792040_S0_L001	44
BHLHA15	2811610_S33_L003	38
BHLHA15	2811630_S35_L003	36
BHLHA15	2858490_S0_L001	29
BHLHA15	2858800_S38_L003	34
BHLHA15	2858810_S31_L003	37
BHLHA15	3013500_S34_L003	37
BHLHA15	3049380_S0_L001	21
BHLHA15	3049400_S39_L003	34
BHLHA15	3049430_S42_L003	27
BHLHA15	304944_S0_L001	36
BHLHA15	3049450_S36_L003	34
BHLHA15	304955_S0_L001	47
BHLHA15	313308_S0_L001	44
BHLHA15	m313309_S193	38
BHLHA15	m318978_S195	28
BHLHA15	m318979_S197	41
BHLHA15	m318986_S33	37
BHLHA15	m329861_S198	33
BHLHA15	m329865_S206	43
BHLHA15	m329883_S194	34
BHLHA15	m329885_S199	31
BHLHA15	m334087_S35	37
BHLHA15	m344001_S207	39
BHLHA15	m344004_S196	45
BHLHA15	m357484_S37	56
BHLHA15	m357486_S34	33
BHLHA15	m357488_S36	43
BHLHA15	m364088_S38	37
BHLHE22	2705010_S40_L003	43
BHLHE22	270502_S0_L001	49
BHLHE22	2781020_S37_L003	59
BHLHE22	278106_S0_L001	65
BHLHE22	2781080_S30_L003	43
BHLHE22	2781090_S41_L003	41
BHLHE22	2792010_S0_L001	48
BHLHE22	2792020_S32_L003	57
BHLHE22	2792040_S0_L001	69
BHLHE22	2811610_S33_L003	42
BHLHE22	2811630_S35_L003	51
BHLHE22	2858490_S0_L001	46
BHLHE22	2858800_S38_L003	39
BHLHE22	2858810_S31_L003	47
BHLHE22	3013500_S34_L003	50
BHLHE22	3049380_S0_L001	45
BHLHE22	3049400_S39_L003	51
BHLHE22	3049430_S42_L003	52
BHLHE22	304944_S0_L001	46
BHLHE22	3049450_S36_L003	53
BHLHE22	304955_S0_L001	62
BHLHE22	313308_S0_L001	55
BHLHE22	m313309_S193	56
BHLHE22	m318978_S195	46
BHLHE22	m318979_S197	65
BHLHE22	m318986_S33	50
BHLHE22	m329861_S198	47
BHLHE22	m329865_S206	50
BHLHE22	m329883_S194	46
BHLHE22	m329885_S199	48
BHLHE22	m334087_S35	62
BHLHE22	m344001_S207	62
BHLHE22	m344004_S196	62
BHLHE22	m357484_S37	68
BHLHE22	m357486_S34	50
BHLHE22	m357488_S36	58
BHLHE22	m364088_S38	58
BHLHE23	270502_S0_L001	6
BHLHE23	2781020_S37_L003	2
BHLHE23	278106_S0_L001	2
BHLHE23	2781080_S30_L003	2
BHLHE23	2792010_S0_L001	2
BHLHE23	2792020_S32_L003	1
BHLHE23	2792040_S0_L001	3
BHLHE23	2811610_S33_L003	2
BHLHE23	2811630_S35_L003	2
BHLHE23	2858490_S0_L001	3
BHLHE23	2858800_S38_L003	2
BHLHE23	2858810_S31_L003	3
BHLHE23	3013500_S34_L003	1
BHLHE23	3049380_S0_L001	2
BHLHE23	3049400_S39_L003	2
BHLHE23	3049430_S42_L003	2
BHLHE23	304944_S0_L001	1
BHLHE23	3049450_S36_L003	2
BHLHE23	304955_S0_L001	2
BHLHE23	313308_S0_L001	4
BHLHE23	m313309_S193	3
BHLHE23	m318979_S197	1
BHLHE23	m318986_S33	1
BHLHE23	m329861_S198	1
BHLHE23	m329865_S206	2
BHLHE23	m329885_S199	2
BHLHE23	m334087_S35	4
BHLHE23	m344001_S207	5
BHLHE23	m344004_S196	2
BHLHE23	m357484_S37	2
BHLHE23	m357486_S34	3
BHLHE23	m357488_S36	1
BHLHE23	m364088_S38	1
BHLHE40	2705010_S40_L003	19
BHLHE40	270502_S0_L001	24
BHLHE40	2781020_S37_L003	19
BHLHE40	278106_S0_L001	24
BHLHE40	2781080_S30_L003	20
BHLHE40	2781090_S41_L003	19
BHLHE40	2792010_S0_L001	11
BHLHE40	2792020_S32_L003	19
BHLHE40	2792040_S0_L001	14
BHLHE40	2811610_S33_L003	16
BHLHE40	2811630_S35_L003	13
BHLHE40	2858490_S0_L001	15
BHLHE40	2858800_S38_L003	14
BHLHE40	2858810_S31_L003	13
BHLHE40	3013500_S34_L003	18
BHLHE40	3049380_S0_L001	21
BHLHE40	3049400_S39_L003	15
BHLHE40	3049430_S42_L003	15
BHLHE40	304944_S0_L001	16
BHLHE40	3049450_S36_L003	14
BHLHE40	304955_S0_L001	17
BHLHE40	313308_S0_L001	20
BHLHE40	m313309_S193	18
BHLHE40	m318978_S195	21
BHLHE40	m318979_S197	18
BHLHE40	m318986_S33	25
BHLHE40	m329861_S198	9
BHLHE40	m329865_S206	24
BHLHE40	m329883_S194	7
BHLHE40	m329885_S199	13
BHLHE40	m334087_S35	29
BHLHE40	m344001_S207	19
BHLHE40	m344004_S196	15
BHLHE40	m357484_S37	19
BHLHE40	m357486_S34	23
BHLHE40	m357488_S36	23
BHLHE40	m364088_S38	18
BHLHE41	2705010_S40_L003	10
BHLHE41	270502_S0_L001	11
BHLHE41	2781020_S37_L003	10
BHLHE41	278106_S0_L001	16
BHLHE41	2781080_S30_L003	11
BHLHE41	2781090_S41_L003	12
BHLHE41	2792010_S0_L001	4
BHLHE41	2792020_S32_L003	9
BHLHE41	2792040_S0_L001	10
BHLHE41	2811610_S33_L003	10
BHLHE41	2811630_S35_L003	8
BHLHE41	2858490_S0_L001	7
BHLHE41	2858800_S38_L003	8
BHLHE41	2858810_S31_L003	10
BHLHE41	3013500_S34_L003	12
BHLHE41	3049380_S0_L001	12
BHLHE41	3049400_S39_L003	14
BHLHE41	3049430_S42_L003	7
BHLHE41	304944_S0_L001	11
BHLHE41	3049450_S36_L003	6
BHLHE41	304955_S0_L001	9
BHLHE41	313308_S0_L001	10
BHLHE41	m313309_S193	11
BHLHE41	m318978_S195	13
BHLHE41	m318979_S197	12
BHLHE41	m318986_S33	13
BHLHE41	m329861_S198	7
BHLHE41	m329865_S206	13
BHLHE41	m329883_S194	5
BHLHE41	m329885_S199	8
BHLHE41	m334087_S35	15
BHLHE41	m344001_S207	13
BHLHE41	m344004_S196	9
BHLHE41	m357484_S37	7
BHLHE41	m357486_S34	12
BHLHE41	m357488_S36	12
BHLHE41	m364088_S38	11
Bach1	2705010_S40_L003	7
Bach1	270502_S0_L001	9
Bach1	2781020_S37_L003	8
Bach1	278106_S0_L001	7
Bach1	2781080_S30_L003	6
Bach1	2781090_S41_L003	12
Bach1	2792010_S0_L001	11
Bach1	2792020_S32_L003	3
Bach1	2792040_S0_L001	16
Bach1	2811610_S33_L003	7
Bach1	2811630_S35_L003	6
Bach1	2858490_S0_L001	10
Bach1	2858800_S38_L003	4
Bach1	2858810_S31_L003	8
Bach1	3013500_S34_L003	10
Bach1	3049380_S0_L001	7
Bach1	3049400_S39_L003	7
Bach1	3049430_S42_L003	9
Bach1	304944_S0_L001	7
Bach1	3049450_S36_L003	8
Bach1	304955_S0_L001	12
Bach1	313308_S0_L001	7
Bach1	m313309_S193	7
Bach1	m318978_S195	12
Bach1	m318979_S197	12
Bach1	m318986_S33	9
Bach1	m329861_S198	5
Bach1	m329865_S206	8
Bach1	m329883_S194	5
Bach1	m329885_S199	6
Bach1	m334087_S35	6
Bach1	m344001_S207	11
Bach1	m344004_S196	9
Bach1	m357484_S37	10
Bach1	m357486_S34	11
Bach1	m357488_S36	8
Bach1	m364088_S38	9
CDX1	2705010_S40_L003	7
CDX1	270502_S0_L001	5
CDX1	2781020_S37_L003	2
CDX1	278106_S0_L001	8
CDX1	2781080_S30_L003	3
CDX1	2781090_S41_L003	8
CDX1	2792010_S0_L001	7
CDX1	2792020_S32_L003	5
CDX1	2792040_S0_L001	6
CDX1	2811610_S33_L003	4
CDX1	2811630_S35_L003	5
CDX1	2858490_S0_L001	3
CDX1	2858800_S38_L003	7
CDX1	2858810_S31_L003	9
CDX1	3013500_S34_L003	4
CDX1	3049380_S0_L001	9
CDX1	3049400_S39_L003	4
CDX1	3049430_S42_L003	7
CDX1	304944_S0_L001	6
CDX1	3049450_S36_L003	5
CDX1	304955_S0_L001	7
CDX1	313308_S0_L001	6
CDX1	m313309_S193	5
CDX1	m318978_S195	5
CDX1	m318979_S197	6
CDX1	m318986_S33	6
CDX1	m329861_S198	9
CDX1	m329865_S206	6
CDX1	m329883_S194	2
CDX1	m329885_S199	5
CDX1	m334087_S35	13
CDX1	m344001_S207	7
CDX1	m344004_S196	7
CDX1	m357484_S37	10
CDX1	m357486_S34	7
CDX1	m357488_S36	11
CDX1	m364088_S38	11
CDX2	2705010_S40_L003	13
CDX2	270502_S0_L001	7
CDX2	2781020_S37_L003	11
CDX2	278106_S0_L001	15
CDX2	2781080_S30_L003	12
CDX2	2781090_S41_L003	10
CDX2	2792010_S0_L001	9
CDX2	2792020_S32_L003	11
CDX2	2792040_S0_L001	9
CDX2	2811610_S33_L003	12
CDX2	2811630_S35_L003	10
CDX2	2858490_S0_L001	11
CDX2	2858800_S38_L003	11
CDX2	2858810_S31_L003	16
CDX2	3013500_S34_L003	7
CDX2	3049380_S0_L001	11
CDX2	3049400_S39_L003	12
CDX2	3049430_S42_L003	10
CDX2	304944_S0_L001	10
CDX2	3049450_S36_L003	11
CDX2	304955_S0_L001	13
CDX2	313308_S0_L001	10
CDX2	m313309_S193	15
CDX2	m318978_S195	9
CDX2	m318979_S197	6
CDX2	m318986_S33	13
CDX2	m329861_S198	11
CDX2	m329865_S206	11
CDX2	m329883_S194	8
CDX2	m329885_S199	6
CDX2	m334087_S35	18
CDX2	m344001_S207	9
CDX2	m344004_S196	12
CDX2	m357484_S37	13
CDX2	m357486_S34	12
CDX2	m357488_S36	13
CDX2	m364088_S38	18
CDX4	2705010_S40_L003	11
CDX4	270502_S0_L001	7
CDX4	2781020_S37_L003	4
CDX4	278106_S0_L001	12
CDX4	2781080_S30_L003	6
CDX4	2781090_S41_L003	9
CDX4	2792010_S0_L001	10
CDX4	2792020_S32_L003	8
CDX4	2792040_S0_L001	8
CDX4	2811610_S33_L003	9
CDX4	2811630_S35_L003	8
CDX4	2858490_S0_L001	4
CDX4	2858800_S38_L003	8
CDX4	2858810_S31_L003	9
CDX4	3013500_S34_L003	6
CDX4	3049380_S0_L001	10
CDX4	3049400_S39_L003	8
CDX4	3049430_S42_L003	9
CDX4	304944_S0_L001	6
CDX4	3049450_S36_L003	6
CDX4	304955_S0_L001	8
CDX4	313308_S0_L001	11
CDX4	m313309_S193	8
CDX4	m318978_S195	6
CDX4	m318979_S197	6
CDX4	m318986_S33	12
CDX4	m329861_S198	11
CDX4	m329865_S206	9
CDX4	m329883_S194	3
CDX4	m329885_S199	7
CDX4	m334087_S35	17
CDX4	m344001_S207	6
CDX4	m344004_S196	9
CDX4	m357484_S37	11
CDX4	m357486_S34	9
CDX4	m357488_S36	13
CDX4	m364088_S38	14
CEBPA	2705010_S40_L003	12
CEBPA	270502_S0_L001	9
CEBPA	2781020_S37_L003	10
CEBPA	278106_S0_L001	6
CEBPA	2781080_S30_L003	5
CEBPA	2781090_S41_L003	7
CEBPA	2792010_S0_L001	8
CEBPA	2792020_S32_L003	11
CEBPA	2792040_S0_L001	5
CEBPA	2811610_S33_L003	4
CEBPA	2811630_S35_L003	17
CEBPA	2858490_S0_L001	11
CEBPA	2858800_S38_L003	11
CEBPA	2858810_S31_L003	8
CEBPA	3013500_S34_L003	7
CEBPA	3049380_S0_L001	13
CEBPA	3049400_S39_L003	8
CEBPA	3049430_S42_L003	12
CEBPA	304944_S0_L001	9
CEBPA	3049450_S36_L003	4
CEBPA	304955_S0_L001	5
CEBPA	313308_S0_L001	10
CEBPA	m313309_S193	13
CEBPA	m318978_S195	9
CEBPA	m318979_S197	9
CEBPA	m318986_S33	13
CEBPA	m329861_S198	3
CEBPA	m329865_S206	7
CEBPA	m329883_S194	6
CEBPA	m329885_S199	10
CEBPA	m334087_S35	10
CEBPA	m344001_S207	14
CEBPA	m344004_S196	15
CEBPA	m357484_S37	12
CEBPA	m357486_S34	9
CEBPA	m357488_S36	14
CEBPA	m364088_S38	10
CEBPB	2705010_S40_L003	5
CEBPB	270502_S0_L001	2
CEBPB	2781020_S37_L003	4
CEBPB	278106_S0_L001	4
CEBPB	2781080_S30_L003	2
CEBPB	2781090_S41_L003	1
CEBPB	2792010_S0_L001	3
CEBPB	2792020_S32_L003	9
CEBPB	2792040_S0_L001	7
CEBPB	2811610_S33_L003	6
CEBPB	2811630_S35_L003	12
CEBPB	2858490_S0_L001	6
CEBPB	2858800_S38_L003	4
CEBPB	2858810_S31_L003	7
CEBPB	3013500_S34_L003	4
CEBPB	3049380_S0_L001	6
CEBPB	3049400_S39_L003	7
CEBPB	3049430_S42_L003	5
CEBPB	304944_S0_L001	4
CEBPB	3049450_S36_L003	4
CEBPB	304955_S0_L001	5
CEBPB	313308_S0_L001	6
CEBPB	m313309_S193	7
CEBPB	m318978_S195	7
CEBPB	m318979_S197	4
CEBPB	m318986_S33	2
CEBPB	m329861_S198	6
CEBPB	m329865_S206	4
CEBPB	m329883_S194	1
CEBPB	m329885_S199	6
CEBPB	m334087_S35	7
CEBPB	m344001_S207	2
CEBPB	m344004_S196	4
CEBPB	m357484_S37	6
CEBPB	m357486_S34	3
CEBPB	m357488_S36	3
CEBPB	m364088_S38	7
CEBPD	2705010_S40_L003	14
CEBPD	270502_S0_L001	12
CEBPD	2781020_S37_L003	14
CEBPD	278106_S0_L001	3
CEBPD	2781080_S30_L003	4
CEBPD	2781090_S41_L003	11
CEBPD	2792010_S0_L001	13
CEBPD	2792020_S32_L003	14
CEBPD	2792040_S0_L001	9
CEBPD	2811610_S33_L003	7
CEBPD	2811630_S35_L003	14
CEBPD	2858490_S0_L001	10
CEBPD	2858800_S38_L003	10
CEBPD	2858810_S31_L003	12
CEBPD	3013500_S34_L003	6
CEBPD	3049380_S0_L001	15
CEBPD	3049400_S39_L003	9
CEBPD	3049430_S42_L003	11
CEBPD	304944_S0_L001	9
CEBPD	3049450_S36_L003	6
CEBPD	304955_S0_L001	6
CEBPD	313308_S0_L001	11
CEBPD	m313309_S193	13
CEBPD	m318978_S195	12
CEBPD	m318979_S197	6
CEBPD	m318986_S33	14
CEBPD	m329861_S198	4
CEBPD	m329865_S206	9
CEBPD	m329883_S194	6
CEBPD	m329885_S199	10
CEBPD	m334087_S35	9
CEBPD	m344001_S207	13
CEBPD	m344004_S196	16
CEBPD	m357484_S37	17
CEBPD	m357486_S34	11
CEBPD	m357488_S36	12
CEBPD	m364088_S38	12
CEBPE	2705010_S40_L003	5
CEBPE	270502_S0_L001	2
CEBPE	2781020_S37_L003	4
CEBPE	278106_S0_L001	4
CEBPE	2781080_S30_L003	2
CEBPE	2781090_S41_L003	1
CEBPE	2792010_S0_L001	3
CEBPE	2792020_S32_L003	9
CEBPE	2792040_S0_L001	7
CEBPE	2811610_S33_L003	6
CEBPE	2811630_S35_L003	12
CEBPE	2858490_S0_L001	6
CEBPE	2858800_S38_L003	4
CEBPE	2858810_S31_L003	7
CEBPE	3013500_S34_L003	4
CEBPE	3049380_S0_L001	6
CEBPE	3049400_S39_L003	7
CEBPE	3049430_S42_L003	5
CEBPE	304944_S0_L001	4
CEBPE	3049450_S36_L003	4
CEBPE	304955_S0_L001	5
CEBPE	313308_S0_L001	6
CEBPE	m313309_S193	7
CEBPE	m318978_S195	7
CEBPE	m318979_S197	4
CEBPE	m318986_S33	2
CEBPE	m329861_S198	6
CEBPE	m329865_S206	4
CEBPE	m329883_S194	1
CEBPE	m329885_S199	6
CEBPE	m334087_S35	7
CEBPE	m344001_S207	2
CEBPE	m344004_S196	4
CEBPE	m357484_S37	6
CEBPE	m357486_S34	3
CEBPE	m357488_S36	3
CEBPE	m364088_S38	7
CEBPG	2705010_S40_L003	11
CEBPG	270502_S0_L001	13
CEBPG	2781020_S37_L003	12
CEBPG	278106_S0_L001	12
CEBPG	2781080_S30_L003	8
CEBPG	2781090_S41_L003	9
CEBPG	2792010_S0_L001	13
CEBPG	2792020_S32_L003	15
CEBPG	2792040_S0_L001	10
CEBPG	2811610_S33_L003	12
CEBPG	2811630_S35_L003	22
CEBPG	2858490_S0_L001	10
CEBPG	2858800_S38_L003	11
CEBPG	2858810_S31_L003	12
CEBPG	3013500_S34_L003	11
CEBPG	3049380_S0_L001	10
CEBPG	3049400_S39_L003	9
CEBPG	3049430_S42_L003	13
CEBPG	304944_S0_L001	10
CEBPG	3049450_S36_L003	10
CEBPG	304955_S0_L001	10
CEBPG	313308_S0_L001	14
CEBPG	m313309_S193	13
CEBPG	m318978_S195	14
CEBPG	m318979_S197	10
CEBPG	m318986_S33	16
CEBPG	m329861_S198	12
CEBPG	m329865_S206	12
CEBPG	m329883_S194	7
CEBPG	m329885_S199	16
CEBPG	m334087_S35	15
CEBPG	m344001_S207	11
CEBPG	m344004_S196	10
CEBPG	m357484_S37	17
CEBPG	m357486_S34	10
CEBPG	m357488_S36	13
CEBPG	m364088_S38	13
CENPB	2705010_S40_L003	5
CENPB	270502_S0_L001	6
CENPB	2781020_S37_L003	4
CENPB	278106_S0_L001	6
CENPB	2781080_S30_L003	4
CENPB	2781090_S41_L003	3
CENPB	2792010_S0_L001	6
CENPB	2792020_S32_L003	5
CENPB	2792040_S0_L001	3
CENPB	2811610_S33_L003	3
CENPB	2811630_S35_L003	7
CENPB	2858490_S0_L001	4
CENPB	2858800_S38_L003	3
CENPB	2858810_S31_L003	3
CENPB	3013500_S34_L003	5
CENPB	3049380_S0_L001	4
CENPB	3049400_S39_L003	5
CENPB	3049430_S42_L003	4
CENPB	304944_S0_L001	3
CENPB	3049450_S36_L003	8
CENPB	304955_S0_L001	7
CENPB	313308_S0_L001	7
CENPB	m313309_S193	4
CENPB	m318978_S195	4
CENPB	m318979_S197	7
CENPB	m318986_S33	5
CENPB	m329861_S198	3
CENPB	m329865_S206	5
CENPB	m329883_S194	2
CENPB	m329885_S199	3
CENPB	m334087_S35	4
CENPB	m344004_S196	10
CENPB	m357484_S37	6
CENPB	m357486_S34	4
CENPB	m357488_S36	5
CENPB	m364088_S38	7
CLOCK	2705010_S40_L003	9
CLOCK	270502_S0_L001	9
CLOCK	2781020_S37_L003	5
CLOCK	278106_S0_L001	10
CLOCK	2781080_S30_L003	9
CLOCK	2781090_S41_L003	6
CLOCK	2792010_S0_L001	6
CLOCK	2792020_S32_L003	8
CLOCK	2792040_S0_L001	10
CLOCK	2811610_S33_L003	6
CLOCK	2811630_S35_L003	6
CLOCK	2858490_S0_L001	9
CLOCK	2858800_S38_L003	6
CLOCK	2858810_S31_L003	4
CLOCK	3013500_S34_L003	5
CLOCK	3049380_S0_L001	9
CLOCK	3049430_S42_L003	5
CLOCK	304944_S0_L001	5
CLOCK	3049450_S36_L003	6
CLOCK	304955_S0_L001	6
CLOCK	313308_S0_L001	6
CLOCK	m313309_S193	7
CLOCK	m318978_S195	8
CLOCK	m318979_S197	6
CLOCK	m318986_S33	10
CLOCK	m329861_S198	4
CLOCK	m329865_S206	10
CLOCK	m329883_S194	3
CLOCK	m329885_S199	6
CLOCK	m334087_S35	13
CLOCK	m344001_S207	4
CLOCK	m344004_S196	8
CLOCK	m357484_S37	12
CLOCK	m357486_S34	10
CLOCK	m357488_S36	10
CLOCK	m364088_S38	11
CREB1	2705010_S40_L003	23
CREB1	270502_S0_L001	25
CREB1	2781020_S37_L003	20
CREB1	278106_S0_L001	20
CREB1	2781080_S30_L003	17
CREB1	2781090_S41_L003	18
CREB1	2792010_S0_L001	12
CREB1	2792020_S32_L003	18
CREB1	2792040_S0_L001	18
CREB1	2811610_S33_L003	15
CREB1	2811630_S35_L003	23
CREB1	2858490_S0_L001	21
CREB1	2858800_S38_L003	19
CREB1	2858810_S31_L003	17
CREB1	3013500_S34_L003	17
CREB1	3049380_S0_L001	14
CREB1	3049400_S39_L003	19
CREB1	3049430_S42_L003	19
CREB1	304944_S0_L001	18
CREB1	3049450_S36_L003	20
CREB1	304955_S0_L001	12
CREB1	313308_S0_L001	22
CREB1	m313309_S193	17
CREB1	m318978_S195	14
CREB1	m318979_S197	14
CREB1	m318986_S33	24
CREB1	m329861_S198	18
CREB1	m329865_S206	26
CREB1	m329883_S194	8
CREB1	m329885_S199	18
CREB1	m334087_S35	25
CREB1	m344001_S207	19
CREB1	m344004_S196	13
CREB1	m357484_S37	29
CREB1	m357486_S34	21
CREB1	m357488_S36	26
CREB1	m364088_S38	24
CREB3	2705010_S40_L003	10
CREB3	270502_S0_L001	7
CREB3	2781020_S37_L003	6
CREB3	278106_S0_L001	8
CREB3	2781080_S30_L003	11
CREB3	2781090_S41_L003	8
CREB3	2792010_S0_L001	8
CREB3	2792020_S32_L003	8
CREB3	2792040_S0_L001	6
CREB3	2811610_S33_L003	7
CREB3	2811630_S35_L003	9
CREB3	2858490_S0_L001	6
CREB3	2858800_S38_L003	10
CREB3	2858810_S31_L003	7
CREB3	3013500_S34_L003	7
CREB3	3049380_S0_L001	10
CREB3	3049400_S39_L003	9
CREB3	3049430_S42_L003	7
CREB3	304944_S0_L001	6
CREB3	3049450_S36_L003	7
CREB3	304955_S0_L001	5
CREB3	313308_S0_L001	7
CREB3	m313309_S193	11
CREB3	m318978_S195	10
CREB3	m318979_S197	7
CREB3	m318986_S33	14
CREB3	m329861_S198	9
CREB3	m329865_S206	7
CREB3	m329883_S194	4
CREB3	m329885_S199	6
CREB3	m334087_S35	9
CREB3	m344001_S207	10
CREB3	m344004_S196	7
CREB3	m357484_S37	5
CREB3	m357486_S34	10
CREB3	m357488_S36	8
CREB3	m364088_S38	12
CREB3L1	2705010_S40_L003	8
CREB3L1	270502_S0_L001	6
CREB3L1	2781020_S37_L003	5
CREB3L1	278106_S0_L001	7
CREB3L1	2781080_S30_L003	7
CREB3L1	2781090_S41_L003	7
CREB3L1	2792010_S0_L001	5
CREB3L1	2792020_S32_L003	4
CREB3L1	2792040_S0_L001	5
CREB3L1	2811610_S33_L003	7
CREB3L1	2811630_S35_L003	9
CREB3L1	2858490_S0_L001	5
CREB3L1	2858800_S38_L003	8
CREB3L1	2858810_S31_L003	6
CREB3L1	3013500_S34_L003	3
CREB3L1	3049380_S0_L001	7
CREB3L1	3049400_S39_L003	9
CREB3L1	3049430_S42_L003	8
CREB3L1	304944_S0_L001	5
CREB3L1	3049450_S36_L003	2
CREB3L1	304955_S0_L001	4
CREB3L1	313308_S0_L001	9
CREB3L1	m313309_S193	5
CREB3L1	m318978_S195	9
CREB3L1	m318979_S197	6
CREB3L1	m318986_S33	7
CREB3L1	m329861_S198	8
CREB3L1	m329865_S206	7
CREB3L1	m329883_S194	3
CREB3L1	m329885_S199	6
CREB3L1	m334087_S35	5
CREB3L1	m344001_S207	9
CREB3L1	m344004_S196	4
CREB3L1	m357484_S37	10
CREB3L1	m357486_S34	8
CREB3L1	m357488_S36	8
CREB3L1	m364088_S38	7
CREB3L4	2705010_S40_L003	26
CREB3L4	270502_S0_L001	41
CREB3L4	2781020_S37_L003	34
CREB3L4	278106_S0_L001	45
CREB3L4	2781080_S30_L003	34
CREB3L4	2781090_S41_L003	33
CREB3L4	2792010_S0_L001	28
CREB3L4	2792020_S32_L003	33
CREB3L4	2792040_S0_L001	34
CREB3L4	2811610_S33_L003	37
CREB3L4	2811630_S35_L003	34
CREB3L4	2858490_S0_L001	36
CREB3L4	2858800_S38_L003	27
CREB3L4	2858810_S31_L003	33
CREB3L4	3013500_S34_L003	29
CREB3L4	3049380_S0_L001	34
CREB3L4	3049400_S39_L003	26
CREB3L4	3049430_S42_L003	34
CREB3L4	304944_S0_L001	31
CREB3L4	3049450_S36_L003	33
CREB3L4	304955_S0_L001	36
CREB3L4	313308_S0_L001	39
CREB3L4	m313309_S193	34
CREB3L4	m318978_S195	40
CREB3L4	m318979_S197	30
CREB3L4	m318986_S33	39
CREB3L4	m329861_S198	37
CREB3L4	m329865_S206	32
CREB3L4	m329883_S194	21
CREB3L4	m329885_S199	32
CREB3L4	m334087_S35	39
CREB3L4	m344001_S207	38
CREB3L4	m344004_S196	28
CREB3L4	m357484_S37	44
CREB3L4	m357486_S34	39
CREB3L4	m357488_S36	35
CREB3L4	m364088_S38	42
CREM	2705010_S40_L003	7
CREM	270502_S0_L001	15
CREM	2781020_S37_L003	12
CREM	278106_S0_L001	10
CREM	2781080_S30_L003	14
CREM	2781090_S41_L003	8
CREM	2792010_S0_L001	12
CREM	2792020_S32_L003	17
CREM	2792040_S0_L001	10
CREM	2811610_S33_L003	11
CREM	2811630_S35_L003	11
CREM	2858490_S0_L001	12
CREM	2858800_S38_L003	9
CREM	2858810_S31_L003	11
CREM	3013500_S34_L003	13
CREM	3049380_S0_L001	9
CREM	3049400_S39_L003	4
CREM	3049430_S42_L003	11
CREM	304944_S0_L001	12
CREM	3049450_S36_L003	8
CREM	304955_S0_L001	10
CREM	313308_S0_L001	11
CREM	m313309_S193	9
CREM	m318978_S195	9
CREM	m318979_S197	11
CREM	m318986_S33	14
CREM	m329861_S198	15
CREM	m329865_S206	10
CREM	m329883_S194	4
CREM	m329885_S199	6
CREM	m334087_S35	11
CREM	m344001_S207	10
CREM	m344004_S196	9
CREM	m357484_S37	18
CREM	m357486_S34	12
CREM	m357488_S36	12
CREM	m364088_S38	14
CTCF	2705010_S40_L003	34
CTCF	270502_S0_L001	25
CTCF	2781020_S37_L003	31
CTCF	278106_S0_L001	37
CTCF	2781080_S30_L003	27
CTCF	2781090_S41_L003	31
CTCF	2792010_S0_L001	28
CTCF	2792020_S32_L003	30
CTCF	2792040_S0_L001	36
CTCF	2811610_S33_L003	23
CTCF	2811630_S35_L003	25
CTCF	2858490_S0_L001	29
CTCF	2858800_S38_L003	32
CTCF	2858810_S31_L003	29
CTCF	3013500_S34_L003	22
CTCF	3049380_S0_L001	32
CTCF	3049400_S39_L003	31
CTCF	3049430_S42_L003	37
CTCF	304944_S0_L001	22
CTCF	3049450_S36_L003	36
CTCF	304955_S0_L001	24
CTCF	313308_S0_L001	36
CTCF	m313309_S193	24
CTCF	m318978_S195	34
CTCF	m318979_S197	29
CTCF	m318986_S33	32
CTCF	m329861_S198	33
CTCF	m329865_S206	35
CTCF	m329883_S194	17
CTCF	m329885_S199	25
CTCF	m334087_S35	32
CTCF	m344001_S207	31
CTCF	m344004_S196	29
CTCF	m357484_S37	38
CTCF	m357486_S34	28
CTCF	m357488_S36	38
CTCF	m364088_S38	23
CTCFL	2705010_S40_L003	109
CTCFL	270502_S0_L001	119
CTCFL	2781020_S37_L003	127
CTCFL	278106_S0_L001	112
CTCFL	2781080_S30_L003	110
CTCFL	2781090_S41_L003	102
CTCFL	2792010_S0_L001	130
CTCFL	2792020_S32_L003	112
CTCFL	2792040_S0_L001	131
CTCFL	2811610_S33_L003	110
CTCFL	2811630_S35_L003	108
CTCFL	2858490_S0_L001	112
CTCFL	2858800_S38_L003	112
CTCFL	2858810_S31_L003	113
CTCFL	3013500_S34_L003	107
CTCFL	3049380_S0_L001	104
CTCFL	3049400_S39_L003	105
CTCFL	3049430_S42_L003	93
CTCFL	304944_S0_L001	106
CTCFL	3049450_S36_L003	105
CTCFL	304955_S0_L001	109
CTCFL	313308_S0_L001	122
CTCFL	m313309_S193	112
CTCFL	m318978_S195	114
CTCFL	m318979_S197	119
CTCFL	m318986_S33	121
CTCFL	m329861_S198	108
CTCFL	m329865_S206	118
CTCFL	m329883_S194	73
CTCFL	m329885_S199	116
CTCFL	m334087_S35	125
CTCFL	m344001_S207	112
CTCFL	m344004_S196	120
CTCFL	m357484_S37	141
CTCFL	m357486_S34	116
CTCFL	m357488_S36	109
CTCFL	m364088_S38	139
CUX1	2705010_S40_L003	4
CUX1	270502_S0_L001	5
CUX1	2781020_S37_L003	3
CUX1	278106_S0_L001	3
CUX1	2781080_S30_L003	3
CUX1	2781090_S41_L003	3
CUX1	2792010_S0_L001	2
CUX1	2792020_S32_L003	3
CUX1	2792040_S0_L001	2
CUX1	2811610_S33_L003	5
CUX1	2811630_S35_L003	4
CUX1	2858490_S0_L001	1
CUX1	2858800_S38_L003	1
CUX1	2858810_S31_L003	3
CUX1	3013500_S34_L003	3
CUX1	3049380_S0_L001	3
CUX1	3049400_S39_L003	2
CUX1	3049430_S42_L003	1
CUX1	304944_S0_L001	3
CUX1	3049450_S36_L003	1
CUX1	304955_S0_L001	2
CUX1	313308_S0_L001	7
CUX1	m313309_S193	3
CUX1	m318978_S195	1
CUX1	m318979_S197	2
CUX1	m318986_S33	2
CUX1	m329861_S198	1
CUX1	m329865_S206	3
CUX1	m329883_S194	2
CUX1	m329885_S199	2
CUX1	m334087_S35	2
CUX1	m344001_S207	4
CUX1	m344004_S196	2
CUX1	m357484_S37	1
CUX1	m357486_S34	7
CUX1	m357488_S36	5
CUX1	m364088_S38	5
CUX2	2705010_S40_L003	3
CUX2	270502_S0_L001	4
CUX2	2781020_S37_L003	3
CUX2	278106_S0_L001	3
CUX2	2781080_S30_L003	3
CUX2	2781090_S41_L003	3
CUX2	2792010_S0_L001	2
CUX2	2792020_S32_L003	3
CUX2	2792040_S0_L001	2
CUX2	2811610_S33_L003	5
CUX2	2811630_S35_L003	4
CUX2	2858490_S0_L001	1
CUX2	2858800_S38_L003	2
CUX2	2858810_S31_L003	2
CUX2	3013500_S34_L003	4
CUX2	3049380_S0_L001	2
CUX2	3049400_S39_L003	3
CUX2	3049430_S42_L003	1
CUX2	304944_S0_L001	3
CUX2	3049450_S36_L003	2
CUX2	304955_S0_L001	2
CUX2	313308_S0_L001	6
CUX2	m313309_S193	3
CUX2	m318978_S195	1
CUX2	m318979_S197	2
CUX2	m318986_S33	2
CUX2	m329861_S198	1
CUX2	m329865_S206	4
CUX2	m329883_S194	2
CUX2	m329885_S199	2
CUX2	m334087_S35	4
CUX2	m344001_S207	5
CUX2	m344004_S196	2
CUX2	m357484_S37	1
CUX2	m357486_S34	7
CUX2	m357488_S36	5
CUX2	m364088_S38	6
Cebpa	2705010_S40_L003	20
Cebpa	270502_S0_L001	12
Cebpa	2781020_S37_L003	9
Cebpa	278106_S0_L001	11
Cebpa	2781080_S30_L003	13
Cebpa	2781090_S41_L003	10
Cebpa	2792010_S0_L001	10
Cebpa	2792020_S32_L003	11
Cebpa	2792040_S0_L001	11
Cebpa	2811610_S33_L003	7
Cebpa	2811630_S35_L003	13
Cebpa	2858490_S0_L001	14
Cebpa	2858800_S38_L003	8
Cebpa	2858810_S31_L003	15
Cebpa	3013500_S34_L003	10
Cebpa	3049380_S0_L001	8
Cebpa	3049400_S39_L003	9
Cebpa	3049430_S42_L003	11
Cebpa	304944_S0_L001	13
Cebpa	3049450_S36_L003	8
Cebpa	304955_S0_L001	8
Cebpa	313308_S0_L001	14
Cebpa	m313309_S193	8
Cebpa	m318978_S195	8
Cebpa	m318979_S197	12
Cebpa	m318986_S33	10
Cebpa	m329861_S198	9
Cebpa	m329865_S206	12
Cebpa	m329883_S194	5
Cebpa	m329885_S199	13
Cebpa	m334087_S35	13
Cebpa	m344001_S207	10
Cebpa	m344004_S196	9
Cebpa	m357484_S37	20
Cebpa	m357486_S34	12
Cebpa	m357488_S36	13
Cebpa	m364088_S38	24
Creb5	2705010_S40_L003	5
Creb5	270502_S0_L001	10
Creb5	2781020_S37_L003	6
Creb5	278106_S0_L001	11
Creb5	2781080_S30_L003	9
Creb5	2781090_S41_L003	5
Creb5	2792010_S0_L001	4
Creb5	2792020_S32_L003	7
Creb5	2792040_S0_L001	10
Creb5	2811610_S33_L003	8
Creb5	2811630_S35_L003	6
Creb5	2858490_S0_L001	8
Creb5	2858800_S38_L003	4
Creb5	2858810_S31_L003	8
Creb5	3013500_S34_L003	6
Creb5	3049380_S0_L001	9
Creb5	3049400_S39_L003	3
Creb5	3049430_S42_L003	5
Creb5	304944_S0_L001	8
Creb5	3049450_S36_L003	8
Creb5	304955_S0_L001	4
Creb5	313308_S0_L001	8
Creb5	m313309_S193	5
Creb5	m318978_S195	6
Creb5	m318979_S197	10
Creb5	m318986_S33	11
Creb5	m329861_S198	10
Creb5	m329865_S206	8
Creb5	m329883_S194	5
Creb5	m329885_S199	8
Creb5	m334087_S35	9
Creb5	m344001_S207	8
Creb5	m344004_S196	5
Creb5	m357484_S37	11
Creb5	m357486_S34	7
Creb5	m357488_S36	4
Creb5	m364088_S38	8
Crx	2705010_S40_L003	15
Crx	270502_S0_L001	16
Crx	2781020_S37_L003	6
Crx	278106_S0_L001	10
Crx	2781080_S30_L003	6
Crx	2781090_S41_L003	10
Crx	2792010_S0_L001	9
Crx	2792020_S32_L003	11
Crx	2792040_S0_L001	3
Crx	2811610_S33_L003	11
Crx	2811630_S35_L003	12
Crx	2858490_S0_L001	11
Crx	2858800_S38_L003	13
Crx	2858810_S31_L003	11
Crx	3013500_S34_L003	10
Crx	3049380_S0_L001	6
Crx	3049400_S39_L003	13
Crx	3049430_S42_L003	15
Crx	304944_S0_L001	8
Crx	3049450_S36_L003	6
Crx	304955_S0_L001	8
Crx	313308_S0_L001	19
Crx	m313309_S193	11
Crx	m318978_S195	11
Crx	m318979_S197	13
Crx	m318986_S33	11
Crx	m329861_S198	7
Crx	m329865_S206	7
Crx	m329883_S194	4
Crx	m329885_S199	18
Crx	m334087_S35	12
Crx	m344001_S207	7
Crx	m344004_S196	9
Crx	m357484_S37	13
Crx	m357486_S34	19
Crx	m357488_S36	14
Crx	m364088_S38	20
DBP	2705010_S40_L003	4
DBP	270502_S0_L001	9
DBP	2781020_S37_L003	4
DBP	278106_S0_L001	7
DBP	2781080_S30_L003	8
DBP	2781090_S41_L003	3
DBP	2792010_S0_L001	3
DBP	2792020_S32_L003	7
DBP	2792040_S0_L001	6
DBP	2811610_S33_L003	7
DBP	2811630_S35_L003	6
DBP	2858490_S0_L001	6
DBP	2858800_S38_L003	5
DBP	2858810_S31_L003	2
DBP	3013500_S34_L003	5
DBP	3049380_S0_L001	7
DBP	3049400_S39_L003	4
DBP	3049430_S42_L003	4
DBP	304944_S0_L001	3
DBP	3049450_S36_L003	5
DBP	304955_S0_L001	3
DBP	313308_S0_L001	10
DBP	m313309_S193	2
DBP	m318978_S195	3
DBP	m318979_S197	6
DBP	m318986_S33	7
DBP	m329861_S198	8
DBP	m329865_S206	4
DBP	m329883_S194	4
DBP	m329885_S199	5
DBP	m334087_S35	6
DBP	m344001_S207	4
DBP	m344004_S196	3
DBP	m357484_S37	7
DBP	m357486_S34	4
DBP	m357488_S36	7
DBP	m364088_S38	5
DMRT3	2705010_S40_L003	4
DMRT3	270502_S0_L001	2
DMRT3	2781020_S37_L003	3
DMRT3	278106_S0_L001	6
DMRT3	2781080_S30_L003	3
DMRT3	2781090_S41_L003	5
DMRT3	2792010_S0_L001	6
DMRT3	2792020_S32_L003	3
DMRT3	2792040_S0_L001	7
DMRT3	2811610_S33_L003	6
DMRT3	2811630_S35_L003	4
DMRT3	2858490_S0_L001	8
DMRT3	2858800_S38_L003	3
DMRT3	2858810_S31_L003	1
DMRT3	3013500_S34_L003	3
DMRT3	3049380_S0_L001	5
DMRT3	3049400_S39_L003	3
DMRT3	3049430_S42_L003	5
DMRT3	304944_S0_L001	5
DMRT3	3049450_S36_L003	10
DMRT3	304955_S0_L001	4
DMRT3	313308_S0_L001	6
DMRT3	m313309_S193	4
DMRT3	m318978_S195	9
DMRT3	m318979_S197	5
DMRT3	m318986_S33	4
DMRT3	m329861_S198	4
DMRT3	m329865_S206	6
DMRT3	m329883_S194	2
DMRT3	m329885_S199	4
DMRT3	m334087_S35	7
DMRT3	m344001_S207	3
DMRT3	m344004_S196	3
DMRT3	m357484_S37	8
DMRT3	m357486_S34	10
DMRT3	m357488_S36	7
DMRT3	m364088_S38	5
DMRTA2	2705010_S40_L003	3
DMRTA2	270502_S0_L001	4
DMRTA2	2781020_S37_L003	8
DMRTA2	278106_S0_L001	7
DMRTA2	2781080_S30_L003	7
DMRTA2	2781090_S41_L003	9
DMRTA2	2792010_S0_L001	8
DMRTA2	2792020_S32_L003	2
DMRTA2	2792040_S0_L001	10
DMRTA2	2811610_S33_L003	6
DMRTA2	2811630_S35_L003	6
DMRTA2	2858490_S0_L001	9
DMRTA2	2858800_S38_L003	3
DMRTA2	2858810_S31_L003	5
DMRTA2	3013500_S34_L003	5
DMRTA2	3049380_S0_L001	5
DMRTA2	3049400_S39_L003	2
DMRTA2	3049430_S42_L003	8
DMRTA2	304944_S0_L001	5
DMRTA2	3049450_S36_L003	5
DMRTA2	304955_S0_L001	5
DMRTA2	313308_S0_L001	4
DMRTA2	m313309_S193	4
DMRTA2	m318978_S195	8
DMRTA2	m318979_S197	7
DMRTA2	m318986_S33	4
DMRTA2	m329861_S198	4
DMRTA2	m329865_S206	6
DMRTA2	m329883_S194	3
DMRTA2	m329885_S199	8
DMRTA2	m334087_S35	12
DMRTA2	m344001_S207	6
DMRTA2	m344004_S196	6
DMRTA2	m357484_S37	10
DMRTA2	m357486_S34	9
DMRTA2	m357488_S36	9
DMRTA2	m364088_S38	9
DMRTC2	2705010_S40_L003	5
DMRTC2	270502_S0_L001	7
DMRTC2	2781020_S37_L003	7
DMRTC2	278106_S0_L001	7
DMRTC2	2781080_S30_L003	7
DMRTC2	2781090_S41_L003	8
DMRTC2	2792010_S0_L001	6
DMRTC2	2792020_S32_L003	4
DMRTC2	2792040_S0_L001	13
DMRTC2	2811610_S33_L003	5
DMRTC2	2811630_S35_L003	6
DMRTC2	2858490_S0_L001	11
DMRTC2	2858800_S38_L003	6
DMRTC2	2858810_S31_L003	6
DMRTC2	3013500_S34_L003	6
DMRTC2	3049380_S0_L001	6
DMRTC2	3049400_S39_L003	2
DMRTC2	3049430_S42_L003	9
DMRTC2	304944_S0_L001	4
DMRTC2	3049450_S36_L003	10
DMRTC2	304955_S0_L001	5
DMRTC2	313308_S0_L001	8
DMRTC2	m313309_S193	4
DMRTC2	m318978_S195	10
DMRTC2	m318979_S197	7
DMRTC2	m318986_S33	5
DMRTC2	m329861_S198	8
DMRTC2	m329865_S206	5
DMRTC2	m329883_S194	3
DMRTC2	m329885_S199	8
DMRTC2	m334087_S35	10
DMRTC2	m344001_S207	5
DMRTC2	m344004_S196	6
DMRTC2	m357484_S37	11
DMRTC2	m357486_S34	10
DMRTC2	m357488_S36	9
DMRTC2	m364088_S38	6
DPRX	2705010_S40_L003	9
DPRX	270502_S0_L001	4
DPRX	2781020_S37_L003	4
DPRX	278106_S0_L001	10
DPRX	2781080_S30_L003	10
DPRX	2781090_S41_L003	5
DPRX	2792010_S0_L001	9
DPRX	2792020_S32_L003	6
DPRX	2792040_S0_L001	6
DPRX	2811610_S33_L003	6
DPRX	2811630_S35_L003	9
DPRX	2858490_S0_L001	3
DPRX	2858800_S38_L003	5
DPRX	2858810_S31_L003	3
DPRX	3013500_S34_L003	2
DPRX	3049380_S0_L001	9
DPRX	3049400_S39_L003	7
DPRX	3049430_S42_L003	7
DPRX	304944_S0_L001	5
DPRX	3049450_S36_L003	5
DPRX	304955_S0_L001	7
DPRX	313308_S0_L001	9
DPRX	m313309_S193	4
DPRX	m318978_S195	5
DPRX	m318979_S197	8
DPRX	m318986_S33	8
DPRX	m329861_S198	6
DPRX	m329865_S206	7
DPRX	m329883_S194	3
DPRX	m329885_S199	8
DPRX	m334087_S35	6
DPRX	m344001_S207	4
DPRX	m344004_S196	5
DPRX	m357484_S37	7
DPRX	m357486_S34	12
DPRX	m357488_S36	7
DPRX	m364088_S38	9
DUX4	2705010_S40_L003	4
DUX4	270502_S0_L001	3
DUX4	2781020_S37_L003	8
DUX4	278106_S0_L001	8
DUX4	2781080_S30_L003	11
DUX4	2781090_S41_L003	5
DUX4	2792010_S0_L001	3
DUX4	2792020_S32_L003	7
DUX4	2792040_S0_L001	9
DUX4	2811610_S33_L003	5
DUX4	2811630_S35_L003	8
DUX4	2858490_S0_L001	7
DUX4	2858800_S38_L003	6
DUX4	2858810_S31_L003	5
DUX4	3013500_S34_L003	8
DUX4	3049380_S0_L001	9
DUX4	3049400_S39_L003	6
DUX4	3049430_S42_L003	5
DUX4	304944_S0_L001	4
DUX4	3049450_S36_L003	4
DUX4	304955_S0_L001	8
DUX4	313308_S0_L001	3
DUX4	m313309_S193	7
DUX4	m318978_S195	9
DUX4	m318979_S197	9
DUX4	m318986_S33	5
DUX4	m329861_S198	8
DUX4	m329865_S206	6
DUX4	m329883_S194	5
DUX4	m329885_S199	7
DUX4	m334087_S35	6
DUX4	m344001_S207	9
DUX4	m344004_S196	6
DUX4	m357484_S37	11
DUX4	m357486_S34	10
DUX4	m357488_S36	6
DUX4	m364088_S38	8
DUXA	2705010_S40_L003	4
DUXA	270502_S0_L001	1
DUXA	2781020_S37_L003	7
DUXA	278106_S0_L001	15
DUXA	2781080_S30_L003	16
DUXA	2781090_S41_L003	9
DUXA	2792010_S0_L001	3
DUXA	2792020_S32_L003	7
DUXA	2792040_S0_L001	14
DUXA	2811610_S33_L003	11
DUXA	2811630_S35_L003	7
DUXA	2858490_S0_L001	9
DUXA	2858800_S38_L003	8
DUXA	2858810_S31_L003	7
DUXA	3013500_S34_L003	10
DUXA	3049380_S0_L001	11
DUXA	3049400_S39_L003	8
DUXA	3049430_S42_L003	9
DUXA	304944_S0_L001	6
DUXA	3049450_S36_L003	11
DUXA	304955_S0_L001	7
DUXA	313308_S0_L001	7
DUXA	m313309_S193	13
DUXA	m318978_S195	11
DUXA	m318979_S197	13
DUXA	m318986_S33	10
DUXA	m329861_S198	10
DUXA	m329865_S206	4
DUXA	m329883_S194	8
DUXA	m329885_S199	6
DUXA	m334087_S35	10
DUXA	m344001_S207	9
DUXA	m344004_S196	6
DUXA	m357484_S37	15
DUXA	m357486_S34	18
DUXA	m357488_S36	10
DUXA	m364088_S38	13
Ddit3	2705010_S40_L003	20
Ddit3	270502_S0_L001	12
Ddit3	2781020_S37_L003	9
Ddit3	278106_S0_L001	11
Ddit3	2781080_S30_L003	13
Ddit3	2781090_S41_L003	10
Ddit3	2792010_S0_L001	10
Ddit3	2792020_S32_L003	11
Ddit3	2792040_S0_L001	11
Ddit3	2811610_S33_L003	7
Ddit3	2811630_S35_L003	13
Ddit3	2858490_S0_L001	14
Ddit3	2858800_S38_L003	8
Ddit3	2858810_S31_L003	15
Ddit3	3013500_S34_L003	10
Ddit3	3049380_S0_L001	8
Ddit3	3049400_S39_L003	9
Ddit3	3049430_S42_L003	11
Ddit3	304944_S0_L001	13
Ddit3	3049450_S36_L003	8
Ddit3	304955_S0_L001	8
Ddit3	313308_S0_L001	14
Ddit3	m313309_S193	8
Ddit3	m318978_S195	8
Ddit3	m318979_S197	12
Ddit3	m318986_S33	10
Ddit3	m329861_S198	9
Ddit3	m329865_S206	12
Ddit3	m329883_S194	5
Ddit3	m329885_S199	13
Ddit3	m334087_S35	13
Ddit3	m344001_S207	10
Ddit3	m344004_S196	9
Ddit3	m357484_S37	20
Ddit3	m357486_S34	12
Ddit3	m357488_S36	13
Ddit3	m364088_S38	24
Dlx1	2705010_S40_L003	7
Dlx1	270502_S0_L001	3
Dlx1	2781020_S37_L003	9
Dlx1	278106_S0_L001	7
Dlx1	2781080_S30_L003	4
Dlx1	2781090_S41_L003	4
Dlx1	2792010_S0_L001	2
Dlx1	2792020_S32_L003	4
Dlx1	2792040_S0_L001	8
Dlx1	2811610_S33_L003	9
Dlx1	2811630_S35_L003	12
Dlx1	2858490_S0_L001	8
Dlx1	2858800_S38_L003	4
Dlx1	2858810_S31_L003	6
Dlx1	3013500_S34_L003	5
Dlx1	3049380_S0_L001	8
Dlx1	3049400_S39_L003	7
Dlx1	3049430_S42_L003	7
Dlx1	304944_S0_L001	4
Dlx1	3049450_S36_L003	8
Dlx1	304955_S0_L001	5
Dlx1	313308_S0_L001	5
Dlx1	m313309_S193	8
Dlx1	m318978_S195	4
Dlx1	m318979_S197	2
Dlx1	m318986_S33	11
Dlx1	m329861_S198	4
Dlx1	m329865_S206	9
Dlx1	m329883_S194	9
Dlx1	m329885_S199	4
Dlx1	m334087_S35	6
Dlx1	m344001_S207	7
Dlx1	m344004_S196	8
Dlx1	m357484_S37	9
Dlx1	m357486_S34	12
Dlx1	m357488_S36	11
Dlx1	m364088_S38	10
Dmbx1	2705010_S40_L003	8
Dmbx1	270502_S0_L001	5
Dmbx1	2781020_S37_L003	4
Dmbx1	278106_S0_L001	4
Dmbx1	2781080_S30_L003	1
Dmbx1	2781090_S41_L003	4
Dmbx1	2792010_S0_L001	3
Dmbx1	2792020_S32_L003	5
Dmbx1	2792040_S0_L001	5
Dmbx1	2811610_S33_L003	5
Dmbx1	2811630_S35_L003	3
Dmbx1	2858490_S0_L001	3
Dmbx1	2858800_S38_L003	2
Dmbx1	2858810_S31_L003	5
Dmbx1	3013500_S34_L003	3
Dmbx1	3049380_S0_L001	3
Dmbx1	3049400_S39_L003	4
Dmbx1	3049430_S42_L003	4
Dmbx1	304944_S0_L001	3
Dmbx1	3049450_S36_L003	1
Dmbx1	304955_S0_L001	3
Dmbx1	313308_S0_L001	7
Dmbx1	m313309_S193	3
Dmbx1	m318978_S195	2
Dmbx1	m318979_S197	4
Dmbx1	m318986_S33	2
Dmbx1	m329861_S198	2
Dmbx1	m329865_S206	5
Dmbx1	m329883_S194	3
Dmbx1	m329885_S199	5
Dmbx1	m334087_S35	9
Dmbx1	m344001_S207	1
Dmbx1	m344004_S196	5
Dmbx1	m357484_S37	10
Dmbx1	m357486_S34	10
Dmbx1	m357488_S36	8
Dmbx1	m364088_S38	2
Dmrt1	2705010_S40_L003	7
Dmrt1	270502_S0_L001	5
Dmrt1	2781020_S37_L003	5
Dmrt1	278106_S0_L001	8
Dmrt1	2781080_S30_L003	2
Dmrt1	2781090_S41_L003	7
Dmrt1	2792010_S0_L001	7
Dmrt1	2792020_S32_L003	10
Dmrt1	2792040_S0_L001	10
Dmrt1	2811610_S33_L003	6
Dmrt1	2811630_S35_L003	11
Dmrt1	2858490_S0_L001	2
Dmrt1	2858800_S38_L003	3
Dmrt1	2858810_S31_L003	8
Dmrt1	3013500_S34_L003	3
Dmrt1	3049380_S0_L001	6
Dmrt1	3049400_S39_L003	9
Dmrt1	3049430_S42_L003	4
Dmrt1	304944_S0_L001	4
Dmrt1	3049450_S36_L003	4
Dmrt1	304955_S0_L001	5
Dmrt1	313308_S0_L001	5
Dmrt1	m313309_S193	6
Dmrt1	m318978_S195	3
Dmrt1	m318979_S197	5
Dmrt1	m318986_S33	15
Dmrt1	m329861_S198	9
Dmrt1	m329865_S206	8
Dmrt1	m329883_S194	3
Dmrt1	m329885_S199	6
Dmrt1	m334087_S35	6
Dmrt1	m344001_S207	9
Dmrt1	m344004_S196	4
Dmrt1	m357484_S37	16
Dmrt1	m357486_S34	15
Dmrt1	m357488_S36	6
Dmrt1	m364088_S38	7
E2F1	2705010_S40_L003	13
E2F1	270502_S0_L001	10
E2F1	2781020_S37_L003	8
E2F1	278106_S0_L001	8
E2F1	2781080_S30_L003	12
E2F1	2781090_S41_L003	10
E2F1	2792010_S0_L001	7
E2F1	2792020_S32_L003	4
E2F1	2792040_S0_L001	9
E2F1	2811610_S33_L003	4
E2F1	2811630_S35_L003	10
E2F1	2858490_S0_L001	10
E2F1	2858800_S38_L003	6
E2F1	2858810_S31_L003	6
E2F1	3013500_S34_L003	11
E2F1	3049380_S0_L001	11
E2F1	3049400_S39_L003	3
E2F1	3049430_S42_L003	9
E2F1	304944_S0_L001	10
E2F1	3049450_S36_L003	6
E2F1	304955_S0_L001	11
E2F1	313308_S0_L001	10
E2F1	m313309_S193	6
E2F1	m318978_S195	10
E2F1	m318979_S197	9
E2F1	m318986_S33	10
E2F1	m329861_S198	13
E2F1	m329865_S206	11
E2F1	m329883_S194	5
E2F1	m329885_S199	10
E2F1	m334087_S35	9
E2F1	m344001_S207	7
E2F1	m344004_S196	8
E2F1	m357484_S37	14
E2F1	m357486_S34	12
E2F1	m357488_S36	13
E2F1	m364088_S38	18
E2F2	2705010_S40_L003	7
E2F2	270502_S0_L001	6
E2F2	2781020_S37_L003	4
E2F2	278106_S0_L001	3
E2F2	2781080_S30_L003	9
E2F2	2781090_S41_L003	5
E2F2	2792010_S0_L001	11
E2F2	2792020_S32_L003	4
E2F2	2792040_S0_L001	9
E2F2	2811610_S33_L003	3
E2F2	2811630_S35_L003	7
E2F2	2858490_S0_L001	7
E2F2	2858800_S38_L003	3
E2F2	2858810_S31_L003	6
E2F2	3013500_S34_L003	9
E2F2	3049380_S0_L001	7
E2F2	3049400_S39_L003	5
E2F2	3049430_S42_L003	5
E2F2	304944_S0_L001	4
E2F2	3049450_S36_L003	2
E2F2	304955_S0_L001	10
E2F2	313308_S0_L001	4
E2F2	m313309_S193	7
E2F2	m318978_S195	7
E2F2	m318979_S197	7
E2F2	m318986_S33	8
E2F2	m329861_S198	6
E2F2	m329865_S206	7
E2F2	m329883_S194	3
E2F2	m329885_S199	5
E2F2	m334087_S35	5
E2F2	m344001_S207	6
E2F2	m344004_S196	4
E2F2	m357484_S37	10
E2F2	m357486_S34	9
E2F2	m357488_S36	9
E2F2	m364088_S38	9
E2F3	2705010_S40_L003	1
E2F3	2781080_S30_L003	1
E2F3	2781090_S41_L003	1
E2F3	2792020_S32_L003	1
E2F3	2792040_S0_L001	2
E2F3	2811630_S35_L003	1
E2F3	2858490_S0_L001	2
E2F3	2858810_S31_L003	1
E2F3	3013500_S34_L003	1
E2F3	3049380_S0_L001	1
E2F3	3049430_S42_L003	1
E2F3	m318978_S195	1
E2F3	m318979_S197	1
E2F3	m318986_S33	3
E2F3	m329865_S206	1
E2F3	m357484_S37	3
E2F3	m357486_S34	1
E2F3	m364088_S38	1
E2F4	2705010_S40_L003	8
E2F4	270502_S0_L001	5
E2F4	2781020_S37_L003	2
E2F4	278106_S0_L001	4
E2F4	2781080_S30_L003	8
E2F4	2781090_S41_L003	6
E2F4	2792010_S0_L001	7
E2F4	2792020_S32_L003	6
E2F4	2792040_S0_L001	10
E2F4	2811610_S33_L003	2
E2F4	2811630_S35_L003	6
E2F4	2858490_S0_L001	6
E2F4	2858800_S38_L003	2
E2F4	2858810_S31_L003	5
E2F4	3013500_S34_L003	7
E2F4	3049380_S0_L001	6
E2F4	3049400_S39_L003	3
E2F4	3049430_S42_L003	8
E2F4	304944_S0_L001	4
E2F4	3049450_S36_L003	1
E2F4	304955_S0_L001	10
E2F4	313308_S0_L001	6
E2F4	m313309_S193	5
E2F4	m318978_S195	7
E2F4	m318979_S197	10
E2F4	m318986_S33	10
E2F4	m329861_S198	6
E2F4	m329865_S206	7
E2F4	m329883_S194	2
E2F4	m329885_S199	7
E2F4	m334087_S35	7
E2F4	m344001_S207	6
E2F4	m344004_S196	7
E2F4	m357484_S37	10
E2F4	m357486_S34	11
E2F4	m357488_S36	8
E2F4	m364088_S38	9
E2F6	2705010_S40_L003	108
E2F6	270502_S0_L001	122
E2F6	2781020_S37_L003	115
E2F6	278106_S0_L001	131
E2F6	2781080_S30_L003	127
E2F6	2781090_S41_L003	117
E2F6	2792010_S0_L001	123
E2F6	2792020_S32_L003	129
E2F6	2792040_S0_L001	126
E2F6	2811610_S33_L003	111
E2F6	2811630_S35_L003	123
E2F6	2858490_S0_L001	118
E2F6	2858800_S38_L003	106
E2F6	2858810_S31_L003	103
E2F6	3013500_S34_L003	110
E2F6	3049380_S0_L001	99
E2F6	3049400_S39_L003	96
E2F6	3049430_S42_L003	111
E2F6	304944_S0_L001	106
E2F6	3049450_S36_L003	127
E2F6	304955_S0_L001	111
E2F6	313308_S0_L001	127
E2F6	m313309_S193	117
E2F6	m318978_S195	142
E2F6	m318979_S197	115
E2F6	m318986_S33	127
E2F6	m329861_S198	119
E2F6	m329865_S206	131
E2F6	m329883_S194	76
E2F6	m329885_S199	130
E2F6	m334087_S35	113
E2F6	m344001_S207	112
E2F6	m344004_S196	124
E2F6	m357484_S37	152
E2F6	m357486_S34	132
E2F6	m357488_S36	138
E2F6	m364088_S38	142
E2F7	2781090_S41_L003	1
E2F7	2811610_S33_L003	1
E2F7	m357484_S37	1
E2F8	2705010_S40_L003	2
E2F8	270502_S0_L001	2
E2F8	278106_S0_L001	3
E2F8	2781080_S30_L003	4
E2F8	2781090_S41_L003	1
E2F8	2792010_S0_L001	3
E2F8	2792020_S32_L003	3
E2F8	2792040_S0_L001	4
E2F8	2811610_S33_L003	1
E2F8	2811630_S35_L003	3
E2F8	2858490_S0_L001	1
E2F8	2858800_S38_L003	1
E2F8	2858810_S31_L003	2
E2F8	3013500_S34_L003	4
E2F8	3049380_S0_L001	2
E2F8	3049400_S39_L003	1
E2F8	3049430_S42_L003	1
E2F8	304944_S0_L001	4
E2F8	3049450_S36_L003	3
E2F8	304955_S0_L001	2
E2F8	313308_S0_L001	1
E2F8	m313309_S193	3
E2F8	m318978_S195	2
E2F8	m318979_S197	2
E2F8	m318986_S33	2
E2F8	m329861_S198	2
E2F8	m329865_S206	2
E2F8	m329885_S199	1
E2F8	m334087_S35	2
E2F8	m344001_S207	3
E2F8	m344004_S196	1
E2F8	m357484_S37	5
E2F8	m357486_S34	2
E2F8	m357488_S36	2
E2F8	m364088_S38	5
EBF1	2705010_S40_L003	36
EBF1	270502_S0_L001	43
EBF1	2781020_S37_L003	41
EBF1	278106_S0_L001	42
EBF1	2781080_S30_L003	39
EBF1	2781090_S41_L003	35
EBF1	2792010_S0_L001	46
EBF1	2792020_S32_L003	48
EBF1	2792040_S0_L001	44
EBF1	2811610_S33_L003	41
EBF1	2811630_S35_L003	44
EBF1	2858490_S0_L001	29
EBF1	2858800_S38_L003	28
EBF1	2858810_S31_L003	40
EBF1	3013500_S34_L003	39
EBF1	3049380_S0_L001	34
EBF1	3049400_S39_L003	39
EBF1	3049430_S42_L003	33
EBF1	304944_S0_L001	26
EBF1	3049450_S36_L003	34
EBF1	304955_S0_L001	35
EBF1	313308_S0_L001	44
EBF1	m313309_S193	34
EBF1	m318978_S195	42
EBF1	m318979_S197	46
EBF1	m318986_S33	45
EBF1	m329861_S198	40
EBF1	m329865_S206	25
EBF1	m329883_S194	21
EBF1	m329885_S199	43
EBF1	m334087_S35	47
EBF1	m344001_S207	38
EBF1	m344004_S196	47
EBF1	m357484_S37	59
EBF1	m357486_S34	54
EBF1	m357488_S36	43
EBF1	m364088_S38	50
EBF3	2705010_S40_L003	40
EBF3	270502_S0_L001	48
EBF3	2781020_S37_L003	45
EBF3	278106_S0_L001	54
EBF3	2781080_S30_L003	45
EBF3	2781090_S41_L003	45
EBF3	2792010_S0_L001	48
EBF3	2792020_S32_L003	59
EBF3	2792040_S0_L001	54
EBF3	2811610_S33_L003	46
EBF3	2811630_S35_L003	50
EBF3	2858490_S0_L001	45
EBF3	2858800_S38_L003	43
EBF3	2858810_S31_L003	44
EBF3	3013500_S34_L003	39
EBF3	3049380_S0_L001	36
EBF3	3049400_S39_L003	42
EBF3	3049430_S42_L003	39
EBF3	304944_S0_L001	36
EBF3	3049450_S36_L003	49
EBF3	304955_S0_L001	44
EBF3	313308_S0_L001	56
EBF3	m313309_S193	38
EBF3	m318978_S195	45
EBF3	m318979_S197	58
EBF3	m318986_S33	46
EBF3	m329861_S198	44
EBF3	m329865_S206	40
EBF3	m329883_S194	26
EBF3	m329885_S199	48
EBF3	m334087_S35	63
EBF3	m344001_S207	41
EBF3	m344004_S196	62
EBF3	m357484_S37	68
EBF3	m357486_S34	59
EBF3	m357488_S36	61
EBF3	m364088_S38	59
EGR1	2705010_S40_L003	125
EGR1	270502_S0_L001	147
EGR1	2781020_S37_L003	125
EGR1	278106_S0_L001	130
EGR1	2781080_S30_L003	129
EGR1	2781090_S41_L003	131
EGR1	2792010_S0_L001	125
EGR1	2792020_S32_L003	125
EGR1	2792040_S0_L001	131
EGR1	2811610_S33_L003	128
EGR1	2811630_S35_L003	111
EGR1	2858490_S0_L001	134
EGR1	2858800_S38_L003	123
EGR1	2858810_S31_L003	117
EGR1	3013500_S34_L003	130
EGR1	3049380_S0_L001	125
EGR1	3049400_S39_L003	105
EGR1	3049430_S42_L003	116
EGR1	304944_S0_L001	128
EGR1	3049450_S36_L003	125
EGR1	304955_S0_L001	129
EGR1	313308_S0_L001	145
EGR1	m313309_S193	137
EGR1	m318978_S195	138
EGR1	m318979_S197	133
EGR1	m318986_S33	131
EGR1	m329861_S198	136
EGR1	m329865_S206	126
EGR1	m329883_S194	94
EGR1	m329885_S199	124
EGR1	m334087_S35	139
EGR1	m344001_S207	115
EGR1	m344004_S196	136
EGR1	m357484_S37	162
EGR1	m357486_S34	150
EGR1	m357488_S36	144
EGR1	m364088_S38	172
EGR2	2705010_S40_L003	39
EGR2	270502_S0_L001	49
EGR2	2781020_S37_L003	35
EGR2	278106_S0_L001	45
EGR2	2781080_S30_L003	35
EGR2	2781090_S41_L003	46
EGR2	2792010_S0_L001	33
EGR2	2792020_S32_L003	42
EGR2	2792040_S0_L001	48
EGR2	2811610_S33_L003	34
EGR2	2811630_S35_L003	41
EGR2	2858490_S0_L001	45
EGR2	2858800_S38_L003	41
EGR2	2858810_S31_L003	39
EGR2	3013500_S34_L003	49
EGR2	3049380_S0_L001	37
EGR2	3049400_S39_L003	44
EGR2	3049430_S42_L003	36
EGR2	304944_S0_L001	41
EGR2	3049450_S36_L003	49
EGR2	304955_S0_L001	51
EGR2	313308_S0_L001	46
EGR2	m313309_S193	45
EGR2	m318978_S195	42
EGR2	m318979_S197	50
EGR2	m318986_S33	42
EGR2	m329861_S198	44
EGR2	m329865_S206	43
EGR2	m329883_S194	24
EGR2	m329885_S199	42
EGR2	m334087_S35	45
EGR2	m344001_S207	51
EGR2	m344004_S196	55
EGR2	m357484_S37	58
EGR2	m357486_S34	54
EGR2	m357488_S36	42
EGR2	m364088_S38	66
EGR3	2705010_S40_L003	26
EGR3	270502_S0_L001	24
EGR3	2781020_S37_L003	26
EGR3	278106_S0_L001	28
EGR3	2781080_S30_L003	19
EGR3	2781090_S41_L003	26
EGR3	2792010_S0_L001	24
EGR3	2792020_S32_L003	24
EGR3	2792040_S0_L001	28
EGR3	2811610_S33_L003	20
EGR3	2811630_S35_L003	27
EGR3	2858490_S0_L001	32
EGR3	2858800_S38_L003	18
EGR3	2858810_S31_L003	22
EGR3	3013500_S34_L003	27
EGR3	3049380_S0_L001	24
EGR3	3049400_S39_L003	24
EGR3	3049430_S42_L003	22
EGR3	304944_S0_L001	30
EGR3	3049450_S36_L003	27
EGR3	304955_S0_L001	32
EGR3	313308_S0_L001	37
EGR3	m313309_S193	19
EGR3	m318978_S195	23
EGR3	m318979_S197	31
EGR3	m318986_S33	27
EGR3	m329861_S198	30
EGR3	m329865_S206	21
EGR3	m329883_S194	19
EGR3	m329885_S199	26
EGR3	m334087_S35	22
EGR3	m344001_S207	24
EGR3	m344004_S196	34
EGR3	m357484_S37	37
EGR3	m357486_S34	35
EGR3	m357488_S36	24
EGR3	m364088_S38	42
EGR4	2705010_S40_L003	51
EGR4	270502_S0_L001	55
EGR4	2781020_S37_L003	44
EGR4	278106_S0_L001	56
EGR4	2781080_S30_L003	52
EGR4	2781090_S41_L003	51
EGR4	2792010_S0_L001	54
EGR4	2792020_S32_L003	49
EGR4	2792040_S0_L001	60
EGR4	2811610_S33_L003	51
EGR4	2811630_S35_L003	53
EGR4	2858490_S0_L001	54
EGR4	2858800_S38_L003	36
EGR4	2858810_S31_L003	46
EGR4	3013500_S34_L003	55
EGR4	3049380_S0_L001	53
EGR4	3049400_S39_L003	47
EGR4	3049430_S42_L003	48
EGR4	304944_S0_L001	53
EGR4	3049450_S36_L003	42
EGR4	304955_S0_L001	54
EGR4	313308_S0_L001	59
EGR4	m313309_S193	44
EGR4	m318978_S195	48
EGR4	m318979_S197	49
EGR4	m318986_S33	52
EGR4	m329861_S198	58
EGR4	m329865_S206	57
EGR4	m329883_S194	39
EGR4	m329885_S199	53
EGR4	m334087_S35	54
EGR4	m344001_S207	50
EGR4	m344004_S196	63
EGR4	m357484_S37	81
EGR4	m357486_S34	61
EGR4	m357488_S36	59
EGR4	m364088_S38	77
EHF	2705010_S40_L003	35
EHF	270502_S0_L001	47
EHF	2781020_S37_L003	44
EHF	278106_S0_L001	35
EHF	2781080_S30_L003	42
EHF	2781090_S41_L003	32
EHF	2792010_S0_L001	41
EHF	2792020_S32_L003	51
EHF	2792040_S0_L001	57
EHF	2811610_S33_L003	46
EHF	2811630_S35_L003	30
EHF	2858490_S0_L001	47
EHF	2858800_S38_L003	40
EHF	2858810_S31_L003	51
EHF	3013500_S34_L003	26
EHF	3049380_S0_L001	35
EHF	3049400_S39_L003	35
EHF	3049430_S42_L003	55
EHF	304944_S0_L001	41
EHF	3049450_S36_L003	48
EHF	304955_S0_L001	46
EHF	313308_S0_L001	50
EHF	m313309_S193	41
EHF	m318978_S195	54
EHF	m318979_S197	44
EHF	m318986_S33	41
EHF	m329861_S198	47
EHF	m329865_S206	41
EHF	m329883_S194	36
EHF	m329885_S199	41
EHF	m334087_S35	64
EHF	m344001_S207	48
EHF	m344004_S196	54
EHF	m357484_S37	66
EHF	m357486_S34	51
EHF	m357488_S36	53
EHF	m364088_S38	58
ELF1	2705010_S40_L003	42
ELF1	270502_S0_L001	53
ELF1	2781020_S37_L003	49
ELF1	278106_S0_L001	40
ELF1	2781080_S30_L003	48
ELF1	2781090_S41_L003	37
ELF1	2792010_S0_L001	45
ELF1	2792020_S32_L003	52
ELF1	2792040_S0_L001	69
ELF1	2811610_S33_L003	59
ELF1	2811630_S35_L003	38
ELF1	2858490_S0_L001	51
ELF1	2858800_S38_L003	45
ELF1	2858810_S31_L003	52
ELF1	3013500_S34_L003	36
ELF1	3049380_S0_L001	44
ELF1	3049400_S39_L003	44
ELF1	3049430_S42_L003	57
ELF1	304944_S0_L001	54
ELF1	3049450_S36_L003	49
ELF1	304955_S0_L001	59
ELF1	313308_S0_L001	60
ELF1	m313309_S193	52
ELF1	m318978_S195	67
ELF1	m318979_S197	56
ELF1	m318986_S33	44
ELF1	m329861_S198	52
ELF1	m329865_S206	54
ELF1	m329883_S194	34
ELF1	m329885_S199	45
ELF1	m334087_S35	73
ELF1	m344001_S207	53
ELF1	m344004_S196	52
ELF1	m357484_S37	69
ELF1	m357486_S34	59
ELF1	m357488_S36	53
ELF1	m364088_S38	70
ELF2	2705010_S40_L003	15
ELF2	270502_S0_L001	15
ELF2	2781020_S37_L003	17
ELF2	278106_S0_L001	16
ELF2	2781080_S30_L003	16
ELF2	2781090_S41_L003	12
ELF2	2792010_S0_L001	14
ELF2	2792020_S32_L003	20
ELF2	2792040_S0_L001	22
ELF2	2811610_S33_L003	20
ELF2	2811630_S35_L003	13
ELF2	2858490_S0_L001	15
ELF2	2858800_S38_L003	14
ELF2	2858810_S31_L003	10
ELF2	3013500_S34_L003	15
ELF2	3049380_S0_L001	13
ELF2	3049400_S39_L003	17
ELF2	3049430_S42_L003	14
ELF2	304944_S0_L001	17
ELF2	3049450_S36_L003	15
ELF2	304955_S0_L001	20
ELF2	313308_S0_L001	20
ELF2	m313309_S193	14
ELF2	m318978_S195	18
ELF2	m318979_S197	19
ELF2	m318986_S33	14
ELF2	m329861_S198	18
ELF2	m329865_S206	11
ELF2	m329883_S194	8
ELF2	m329885_S199	14
ELF2	m334087_S35	19
ELF2	m344001_S207	17
ELF2	m344004_S196	15
ELF2	m357484_S37	22
ELF2	m357486_S34	16
ELF2	m357488_S36	17
ELF2	m364088_S38	21
ELF3	2705010_S40_L003	47
ELF3	270502_S0_L001	65
ELF3	2781020_S37_L003	48
ELF3	278106_S0_L001	46
ELF3	2781080_S30_L003	54
ELF3	2781090_S41_L003	58
ELF3	2792010_S0_L001	48
ELF3	2792020_S32_L003	49
ELF3	2792040_S0_L001	63
ELF3	2811610_S33_L003	67
ELF3	2811630_S35_L003	46
ELF3	2858490_S0_L001	58
ELF3	2858800_S38_L003	51
ELF3	2858810_S31_L003	62
ELF3	3013500_S34_L003	47
ELF3	3049380_S0_L001	58
ELF3	3049400_S39_L003	41
ELF3	3049430_S42_L003	64
ELF3	304944_S0_L001	52
ELF3	3049450_S36_L003	53
ELF3	304955_S0_L001	60
ELF3	313308_S0_L001	55
ELF3	m313309_S193	58
ELF3	m318978_S195	67
ELF3	m318979_S197	60
ELF3	m318986_S33	51
ELF3	m329861_S198	54
ELF3	m329865_S206	53
ELF3	m329883_S194	41
ELF3	m329885_S199	49
ELF3	m334087_S35	87
ELF3	m344001_S207	59
ELF3	m344004_S196	54
ELF3	m357484_S37	83
ELF3	m357486_S34	74
ELF3	m357488_S36	71
ELF3	m364088_S38	76
ELF4	2705010_S40_L003	17
ELF4	270502_S0_L001	12
ELF4	2781020_S37_L003	18
ELF4	278106_S0_L001	15
ELF4	2781080_S30_L003	13
ELF4	2781090_S41_L003	12
ELF4	2792010_S0_L001	13
ELF4	2792020_S32_L003	20
ELF4	2792040_S0_L001	23
ELF4	2811610_S33_L003	19
ELF4	2811630_S35_L003	12
ELF4	2858490_S0_L001	15
ELF4	2858800_S38_L003	14
ELF4	2858810_S31_L003	10
ELF4	3013500_S34_L003	12
ELF4	3049380_S0_L001	10
ELF4	3049400_S39_L003	17
ELF4	3049430_S42_L003	12
ELF4	304944_S0_L001	20
ELF4	3049450_S36_L003	15
ELF4	304955_S0_L001	16
ELF4	313308_S0_L001	17
ELF4	m313309_S193	15
ELF4	m318978_S195	17
ELF4	m318979_S197	19
ELF4	m318986_S33	12
ELF4	m329861_S198	19
ELF4	m329865_S206	10
ELF4	m329883_S194	8
ELF4	m329885_S199	14
ELF4	m334087_S35	18
ELF4	m344001_S207	15
ELF4	m344004_S196	13
ELF4	m357484_S37	20
ELF4	m357486_S34	15
ELF4	m357488_S36	17
ELF4	m364088_S38	20
ELF5	2705010_S40_L003	27
ELF5	270502_S0_L001	36
ELF5	2781020_S37_L003	30
ELF5	278106_S0_L001	32
ELF5	2781080_S30_L003	30
ELF5	2781090_S41_L003	28
ELF5	2792010_S0_L001	27
ELF5	2792020_S32_L003	38
ELF5	2792040_S0_L001	38
ELF5	2811610_S33_L003	37
ELF5	2811630_S35_L003	28
ELF5	2858490_S0_L001	39
ELF5	2858800_S38_L003	29
ELF5	2858810_S31_L003	28
ELF5	3013500_S34_L003	27
ELF5	3049380_S0_L001	31
ELF5	3049400_S39_L003	30
ELF5	3049430_S42_L003	29
ELF5	304944_S0_L001	37
ELF5	3049450_S36_L003	31
ELF5	304955_S0_L001	37
ELF5	313308_S0_L001	37
ELF5	m313309_S193	35
ELF5	m318978_S195	38
ELF5	m318979_S197	38
ELF5	m318986_S33	33
ELF5	m329861_S198	31
ELF5	m329865_S206	25
ELF5	m329883_S194	22
ELF5	m329885_S199	27
ELF5	m334087_S35	42
ELF5	m344001_S207	45
ELF5	m344004_S196	38
ELF5	m357484_S37	46
ELF5	m357486_S34	40
ELF5	m357488_S36	41
ELF5	m364088_S38	45
ELK1	2705010_S40_L003	26
ELK1	270502_S0_L001	26
ELK1	2781020_S37_L003	28
ELK1	278106_S0_L001	32
ELK1	2781080_S30_L003	25
ELK1	2781090_S41_L003	23
ELK1	2792010_S0_L001	29
ELK1	2792020_S32_L003	24
ELK1	2792040_S0_L001	34
ELK1	2811610_S33_L003	25
ELK1	2811630_S35_L003	22
ELK1	2858490_S0_L001	26
ELK1	2858800_S38_L003	17
ELK1	2858810_S31_L003	23
ELK1	3013500_S34_L003	20
ELK1	3049380_S0_L001	25
ELK1	3049400_S39_L003	25
ELK1	3049430_S42_L003	28
ELK1	304944_S0_L001	32
ELK1	3049450_S36_L003	26
ELK1	304955_S0_L001	34
ELK1	313308_S0_L001	31
ELK1	m313309_S193	20
ELK1	m318978_S195	25
ELK1	m318979_S197	22
ELK1	m318986_S33	29
ELK1	m329861_S198	28
ELK1	m329865_S206	27
ELK1	m329883_S194	14
ELK1	m329885_S199	27
ELK1	m334087_S35	31
ELK1	m344001_S207	32
ELK1	m344004_S196	23
ELK1	m357484_S37	34
ELK1	m357486_S34	28
ELK1	m357488_S36	34
ELK1	m364088_S38	33
ELK3	2705010_S40_L003	24
ELK3	270502_S0_L001	23
ELK3	2781020_S37_L003	29
ELK3	278106_S0_L001	30
ELK3	2781080_S30_L003	25
ELK3	2781090_S41_L003	23
ELK3	2792010_S0_L001	30
ELK3	2792020_S32_L003	23
ELK3	2792040_S0_L001	33
ELK3	2811610_S33_L003	24
ELK3	2811630_S35_L003	23
ELK3	2858490_S0_L001	26
ELK3	2858800_S38_L003	19
ELK3	2858810_S31_L003	23
ELK3	3013500_S34_L003	20
ELK3	3049380_S0_L001	22
ELK3	3049400_S39_L003	25
ELK3	3049430_S42_L003	28
ELK3	304944_S0_L001	30
ELK3	3049450_S36_L003	22
ELK3	304955_S0_L001	34
ELK3	313308_S0_L001	26
ELK3	m313309_S193	20
ELK3	m318978_S195	25
ELK3	m318979_S197	22
ELK3	m318986_S33	27
ELK3	m329861_S198	25
ELK3	m329865_S206	24
ELK3	m329883_S194	13
ELK3	m329885_S199	28
ELK3	m334087_S35	27
ELK3	m344001_S207	30
ELK3	m344004_S196	25
ELK3	m357484_S37	33
ELK3	m357486_S34	29
ELK3	m357488_S36	31
ELK3	m364088_S38	31
ELK4	2705010_S40_L003	50
ELK4	270502_S0_L001	45
ELK4	2781020_S37_L003	51
ELK4	278106_S0_L001	45
ELK4	2781080_S30_L003	52
ELK4	2781090_S41_L003	34
ELK4	2792010_S0_L001	56
ELK4	2792020_S32_L003	49
ELK4	2792040_S0_L001	60
ELK4	2811610_S33_L003	57
ELK4	2811630_S35_L003	35
ELK4	2858490_S0_L001	49
ELK4	2858800_S38_L003	43
ELK4	2858810_S31_L003	48
ELK4	3013500_S34_L003	41
ELK4	3049380_S0_L001	41
ELK4	3049400_S39_L003	44
ELK4	3049430_S42_L003	50
ELK4	304944_S0_L001	48
ELK4	3049450_S36_L003	43
ELK4	304955_S0_L001	53
ELK4	313308_S0_L001	48
ELK4	m313309_S193	45
ELK4	m318978_S195	64
ELK4	m318979_S197	45
ELK4	m318986_S33	54
ELK4	m329861_S198	59
ELK4	m329865_S206	49
ELK4	m329883_S194	29
ELK4	m329885_S199	51
ELK4	m334087_S35	72
ELK4	m344001_S207	50
ELK4	m344004_S196	52
ELK4	m357484_S37	56
ELK4	m357486_S34	56
ELK4	m357488_S36	59
ELK4	m364088_S38	69
EMX2	2705010_S40_L003	5
EMX2	270502_S0_L001	4
EMX2	2781020_S37_L003	5
EMX2	278106_S0_L001	3
EMX2	2781080_S30_L003	2
EMX2	2781090_S41_L003	3
EMX2	2792010_S0_L001	6
EMX2	2792020_S32_L003	1
EMX2	2792040_S0_L001	4
EMX2	2811610_S33_L003	5
EMX2	2811630_S35_L003	6
EMX2	2858490_S0_L001	6
EMX2	2858800_S38_L003	3
EMX2	2858810_S31_L003	8
EMX2	3013500_S34_L003	2
EMX2	3049380_S0_L001	3
EMX2	3049400_S39_L003	4
EMX2	3049430_S42_L003	5
EMX2	304944_S0_L001	2
EMX2	3049450_S36_L003	1
EMX2	304955_S0_L001	7
EMX2	313308_S0_L001	7
EMX2	m313309_S193	8
EMX2	m318978_S195	4
EMX2	m318979_S197	4
EMX2	m318986_S33	5
EMX2	m329861_S198	6
EMX2	m329865_S206	3
EMX2	m329883_S194	4
EMX2	m329885_S199	1
EMX2	m334087_S35	4
EMX2	m344001_S207	8
EMX2	m344004_S196	3
EMX2	m357484_S37	11
EMX2	m357486_S34	7
EMX2	m357488_S36	4
EMX2	m364088_S38	4
EN2	2705010_S40_L003	11
EN2	270502_S0_L001	5
EN2	2781020_S37_L003	9
EN2	278106_S0_L001	2
EN2	2781080_S30_L003	5
EN2	2781090_S41_L003	7
EN2	2792010_S0_L001	6
EN2	2792020_S32_L003	4
EN2	2792040_S0_L001	10
EN2	2811610_S33_L003	6
EN2	2811630_S35_L003	8
EN2	2858490_S0_L001	11
EN2	2858800_S38_L003	4
EN2	2858810_S31_L003	7
EN2	3013500_S34_L003	5
EN2	3049380_S0_L001	10
EN2	3049400_S39_L003	5
EN2	3049430_S42_L003	10
EN2	304944_S0_L001	6
EN2	3049450_S36_L003	9
EN2	304955_S0_L001	10
EN2	313308_S0_L001	7
EN2	m313309_S193	9
EN2	m318978_S195	9
EN2	m318979_S197	5
EN2	m318986_S33	8
EN2	m329861_S198	9
EN2	m329865_S206	8
EN2	m329883_S194	6
EN2	m329885_S199	10
EN2	m334087_S35	8
EN2	m344001_S207	5
EN2	m344004_S196	11
EN2	m357484_S37	8
EN2	m357486_S34	11
EN2	m357488_S36	11
EN2	m364088_S38	16
EOMES	2705010_S40_L003	11
EOMES	270502_S0_L001	10
EOMES	2781020_S37_L003	10
EOMES	278106_S0_L001	13
EOMES	2781080_S30_L003	5
EOMES	2781090_S41_L003	5
EOMES	2792010_S0_L001	11
EOMES	2792020_S32_L003	8
EOMES	2792040_S0_L001	11
EOMES	2811610_S33_L003	9
EOMES	2811630_S35_L003	13
EOMES	2858490_S0_L001	10
EOMES	2858800_S38_L003	9
EOMES	2858810_S31_L003	11
EOMES	3013500_S34_L003	8
EOMES	3049380_S0_L001	16
EOMES	3049400_S39_L003	8
EOMES	3049430_S42_L003	10
EOMES	304944_S0_L001	3
EOMES	3049450_S36_L003	8
EOMES	304955_S0_L001	9
EOMES	313308_S0_L001	8
EOMES	m313309_S193	7
EOMES	m318978_S195	14
EOMES	m318979_S197	9
EOMES	m318986_S33	10
EOMES	m329861_S198	13
EOMES	m329865_S206	12
EOMES	m329883_S194	2
EOMES	m329885_S199	13
EOMES	m334087_S35	10
EOMES	m344001_S207	8
EOMES	m344004_S196	10
EOMES	m357484_S37	16
EOMES	m357486_S34	18
EOMES	m357488_S36	16
EOMES	m364088_S38	13
ERF	2705010_S40_L003	22
ERF	270502_S0_L001	16
ERF	2781020_S37_L003	20
ERF	278106_S0_L001	24
ERF	2781080_S30_L003	22
ERF	2781090_S41_L003	22
ERF	2792010_S0_L001	21
ERF	2792020_S32_L003	29
ERF	2792040_S0_L001	31
ERF	2811610_S33_L003	26
ERF	2811630_S35_L003	22
ERF	2858490_S0_L001	19
ERF	2858800_S38_L003	21
ERF	2858810_S31_L003	24
ERF	3013500_S34_L003	12
ERF	3049380_S0_L001	18
ERF	3049400_S39_L003	22
ERF	3049430_S42_L003	22
ERF	304944_S0_L001	22
ERF	3049450_S36_L003	21
ERF	304955_S0_L001	26
ERF	313308_S0_L001	31
ERF	m313309_S193	18
ERF	m318978_S195	27
ERF	m318979_S197	25
ERF	m318986_S33	21
ERF	m329861_S198	21
ERF	m329865_S206	24
ERF	m329883_S194	19
ERF	m329885_S199	25
ERF	m334087_S35	32
ERF	m344001_S207	27
ERF	m344004_S196	20
ERF	m357484_S37	34
ERF	m357486_S34	28
ERF	m357488_S36	27
ERF	m364088_S38	35
ERG	2705010_S40_L003	20
ERG	270502_S0_L001	21
ERG	2781020_S37_L003	21
ERG	278106_S0_L001	28
ERG	2781080_S30_L003	23
ERG	2781090_S41_L003	25
ERG	2792010_S0_L001	20
ERG	2792020_S32_L003	23
ERG	2792040_S0_L001	30
ERG	2811610_S33_L003	26
ERG	2811630_S35_L003	20
ERG	2858490_S0_L001	23
ERG	2858800_S38_L003	17
ERG	2858810_S31_L003	23
ERG	3013500_S34_L003	14
ERG	3049380_S0_L001	24
ERG	3049400_S39_L003	25
ERG	3049430_S42_L003	23
ERG	304944_S0_L001	24
ERG	3049450_S36_L003	23
ERG	304955_S0_L001	26
ERG	313308_S0_L001	29
ERG	m313309_S193	19
ERG	m318978_S195	23
ERG	m318979_S197	17
ERG	m318986_S33	20
ERG	m329861_S198	16
ERG	m329865_S206	25
ERG	m329883_S194	15
ERG	m329885_S199	24
ERG	m334087_S35	33
ERG	m344001_S207	27
ERG	m344004_S196	21
ERG	m357484_S37	31
ERG	m357486_S34	25
ERG	m357488_S36	26
ERG	m364088_S38	33
ESR1	278106_S0_L001	2
ESR1	2781090_S41_L003	1
ESR1	2792010_S0_L001	2
ESR1	2792040_S0_L001	1
ESR1	2858490_S0_L001	2
ESR1	3013500_S34_L003	1
ESR1	304944_S0_L001	2
ESR1	3049450_S36_L003	1
ESR1	313308_S0_L001	1
ESR1	m318978_S195	1
ESR1	m318979_S197	2
ESR1	m329865_S206	1
ESR1	m329885_S199	1
ESR1	m344001_S207	1
ESR1	m344004_S196	1
ESR1	m357484_S37	2
ESR1	m357486_S34	1
ESR1	m364088_S38	1
ESR2	2705010_S40_L003	20
ESR2	270502_S0_L001	23
ESR2	2781020_S37_L003	24
ESR2	278106_S0_L001	25
ESR2	2781080_S30_L003	27
ESR2	2781090_S41_L003	15
ESR2	2792010_S0_L001	20
ESR2	2792020_S32_L003	21
ESR2	2792040_S0_L001	16
ESR2	2811610_S33_L003	18
ESR2	2811630_S35_L003	28
ESR2	2858490_S0_L001	25
ESR2	2858800_S38_L003	18
ESR2	2858810_S31_L003	24
ESR2	3013500_S34_L003	17
ESR2	3049380_S0_L001	15
ESR2	3049400_S39_L003	21
ESR2	3049430_S42_L003	26
ESR2	304944_S0_L001	24
ESR2	3049450_S36_L003	28
ESR2	304955_S0_L001	21
ESR2	313308_S0_L001	36
ESR2	m313309_S193	22
ESR2	m318978_S195	25
ESR2	m318979_S197	29
ESR2	m318986_S33	28
ESR2	m329861_S198	18
ESR2	m329865_S206	31
ESR2	m329883_S194	15
ESR2	m329885_S199	19
ESR2	m334087_S35	20
ESR2	m344001_S207	15
ESR2	m344004_S196	24
ESR2	m357484_S37	30
ESR2	m357486_S34	25
ESR2	m357488_S36	22
ESR2	m364088_S38	34
ESRRA	2705010_S40_L003	12
ESRRA	270502_S0_L001	16
ESRRA	2781020_S37_L003	15
ESRRA	278106_S0_L001	15
ESRRA	2781080_S30_L003	13
ESRRA	2781090_S41_L003	11
ESRRA	2792010_S0_L001	17
ESRRA	2792020_S32_L003	21
ESRRA	2792040_S0_L001	17
ESRRA	2811610_S33_L003	9
ESRRA	2811630_S35_L003	22
ESRRA	2858490_S0_L001	10
ESRRA	2858800_S38_L003	15
ESRRA	2858810_S31_L003	13
ESRRA	3013500_S34_L003	16
ESRRA	3049380_S0_L001	14
ESRRA	3049400_S39_L003	13
ESRRA	3049430_S42_L003	15
ESRRA	304944_S0_L001	14
ESRRA	3049450_S36_L003	13
ESRRA	304955_S0_L001	11
ESRRA	313308_S0_L001	17
ESRRA	m313309_S193	15
ESRRA	m318978_S195	15
ESRRA	m318979_S197	13
ESRRA	m318986_S33	14
ESRRA	m329861_S198	20
ESRRA	m329865_S206	20
ESRRA	m329883_S194	15
ESRRA	m329885_S199	16
ESRRA	m334087_S35	18
ESRRA	m344001_S207	9
ESRRA	m344004_S196	16
ESRRA	m357484_S37	29
ESRRA	m357486_S34	17
ESRRA	m357488_S36	22
ESRRA	m364088_S38	24
ESRRB	2705010_S40_L003	5
ESRRB	270502_S0_L001	7
ESRRB	2781020_S37_L003	7
ESRRB	278106_S0_L001	9
ESRRB	2781080_S30_L003	7
ESRRB	2781090_S41_L003	5
ESRRB	2792010_S0_L001	8
ESRRB	2792020_S32_L003	11
ESRRB	2792040_S0_L001	11
ESRRB	2811610_S33_L003	4
ESRRB	2811630_S35_L003	11
ESRRB	2858490_S0_L001	5
ESRRB	2858800_S38_L003	7
ESRRB	2858810_S31_L003	2
ESRRB	3013500_S34_L003	4
ESRRB	3049380_S0_L001	8
ESRRB	3049400_S39_L003	5
ESRRB	3049430_S42_L003	6
ESRRB	304944_S0_L001	11
ESRRB	3049450_S36_L003	4
ESRRB	304955_S0_L001	3
ESRRB	313308_S0_L001	9
ESRRB	m313309_S193	8
ESRRB	m318978_S195	9
ESRRB	m318979_S197	6
ESRRB	m318986_S33	5
ESRRB	m329861_S198	9
ESRRB	m329865_S206	11
ESRRB	m329883_S194	8
ESRRB	m329885_S199	7
ESRRB	m334087_S35	9
ESRRB	m344001_S207	5
ESRRB	m344004_S196	6
ESRRB	m357484_S37	17
ESRRB	m357486_S34	7
ESRRB	m357488_S36	6
ESRRB	m364088_S38	14
ESX1	2705010_S40_L003	11
ESX1	270502_S0_L001	4
ESX1	2781020_S37_L003	9
ESX1	278106_S0_L001	4
ESX1	2781080_S30_L003	7
ESX1	2781090_S41_L003	9
ESX1	2792010_S0_L001	6
ESX1	2792020_S32_L003	3
ESX1	2792040_S0_L001	8
ESX1	2811610_S33_L003	4
ESX1	2811630_S35_L003	10
ESX1	2858490_S0_L001	8
ESX1	2858800_S38_L003	8
ESX1	2858810_S31_L003	8
ESX1	3013500_S34_L003	7
ESX1	3049380_S0_L001	8
ESX1	3049400_S39_L003	9
ESX1	3049430_S42_L003	9
ESX1	304944_S0_L001	3
ESX1	3049450_S36_L003	12
ESX1	304955_S0_L001	10
ESX1	313308_S0_L001	14
ESX1	m313309_S193	8
ESX1	m318978_S195	7
ESX1	m318979_S197	7
ESX1	m318986_S33	7
ESX1	m329861_S198	6
ESX1	m329865_S206	11
ESX1	m329883_S194	6
ESX1	m329885_S199	5
ESX1	m334087_S35	7
ESX1	m344001_S207	9
ESX1	m344004_S196	8
ESX1	m357484_S37	15
ESX1	m357486_S34	11
ESX1	m357488_S36	9
ESX1	m364088_S38	15
ETS1	2705010_S40_L003	28
ETS1	270502_S0_L001	26
ETS1	2781020_S37_L003	26
ETS1	278106_S0_L001	33
ETS1	2781080_S30_L003	30
ETS1	2781090_S41_L003	28
ETS1	2792010_S0_L001	28
ETS1	2792020_S32_L003	30
ETS1	2792040_S0_L001	36
ETS1	2811610_S33_L003	30
ETS1	2811630_S35_L003	26
ETS1	2858490_S0_L001	27
ETS1	2858800_S38_L003	26
ETS1	2858810_S31_L003	26
ETS1	3013500_S34_L003	21
ETS1	3049380_S0_L001	24
ETS1	3049400_S39_L003	28
ETS1	3049430_S42_L003	28
ETS1	304944_S0_L001	31
ETS1	3049450_S36_L003	24
ETS1	304955_S0_L001	29
ETS1	313308_S0_L001	40
ETS1	m313309_S193	23
ETS1	m318978_S195	37
ETS1	m318979_S197	27
ETS1	m318986_S33	32
ETS1	m329861_S198	26
ETS1	m329865_S206	34
ETS1	m329883_S194	20
ETS1	m329885_S199	34
ETS1	m334087_S35	33
ETS1	m344001_S207	36
ETS1	m344004_S196	31
ETS1	m357484_S37	37
ETS1	m357486_S34	39
ETS1	m357488_S36	33
ETS1	m364088_S38	40
ETS2	2705010_S40_L003	20
ETS2	270502_S0_L001	22
ETS2	2781020_S37_L003	22
ETS2	278106_S0_L001	29
ETS2	2781080_S30_L003	25
ETS2	2781090_S41_L003	27
ETS2	2792010_S0_L001	25
ETS2	2792020_S32_L003	28
ETS2	2792040_S0_L001	26
ETS2	2811610_S33_L003	24
ETS2	2811630_S35_L003	26
ETS2	2858490_S0_L001	23
ETS2	2858800_S38_L003	26
ETS2	2858810_S31_L003	22
ETS2	3013500_S34_L003	24
ETS2	3049380_S0_L001	25
ETS2	3049400_S39_L003	30
ETS2	3049430_S42_L003	23
ETS2	304944_S0_L001	30
ETS2	3049450_S36_L003	21
ETS2	304955_S0_L001	29
ETS2	313308_S0_L001	31
ETS2	m313309_S193	23
ETS2	m318978_S195	28
ETS2	m318979_S197	25
ETS2	m318986_S33	32
ETS2	m329861_S198	24
ETS2	m329865_S206	23
ETS2	m329883_S194	13
ETS2	m329885_S199	29
ETS2	m334087_S35	30
ETS2	m344001_S207	30
ETS2	m344004_S196	24
ETS2	m357484_S37	36
ETS2	m357486_S34	28
ETS2	m357488_S36	28
ETS2	m364088_S38	35
ETV1	2705010_S40_L003	39
ETV1	270502_S0_L001	44
ETV1	2781020_S37_L003	46
ETV1	278106_S0_L001	41
ETV1	2781080_S30_L003	40
ETV1	2781090_S41_L003	39
ETV1	2792010_S0_L001	48
ETV1	2792020_S32_L003	47
ETV1	2792040_S0_L001	65
ETV1	2811610_S33_L003	55
ETV1	2811630_S35_L003	38
ETV1	2858490_S0_L001	50
ETV1	2858800_S38_L003	40
ETV1	2858810_S31_L003	46
ETV1	3013500_S34_L003	32
ETV1	3049380_S0_L001	40
ETV1	3049400_S39_L003	38
ETV1	3049430_S42_L003	55
ETV1	304944_S0_L001	55
ETV1	3049450_S36_L003	42
ETV1	304955_S0_L001	52
ETV1	313308_S0_L001	51
ETV1	m313309_S193	51
ETV1	m318978_S195	65
ETV1	m318979_S197	46
ETV1	m318986_S33	49
ETV1	m329861_S198	55
ETV1	m329865_S206	51
ETV1	m329883_S194	37
ETV1	m329885_S199	38
ETV1	m334087_S35	66
ETV1	m344001_S207	52
ETV1	m344004_S196	50
ETV1	m357484_S37	63
ETV1	m357486_S34	53
ETV1	m357488_S36	52
ETV1	m364088_S38	68
ETV2	2705010_S40_L003	14
ETV2	270502_S0_L001	14
ETV2	2781020_S37_L003	18
ETV2	278106_S0_L001	16
ETV2	2781080_S30_L003	17
ETV2	2781090_S41_L003	19
ETV2	2792010_S0_L001	14
ETV2	2792020_S32_L003	18
ETV2	2792040_S0_L001	23
ETV2	2811610_S33_L003	18
ETV2	2811630_S35_L003	14
ETV2	2858490_S0_L001	15
ETV2	2858800_S38_L003	14
ETV2	2858810_S31_L003	15
ETV2	3013500_S34_L003	14
ETV2	3049380_S0_L001	16
ETV2	3049400_S39_L003	15
ETV2	3049430_S42_L003	13
ETV2	304944_S0_L001	19
ETV2	3049450_S36_L003	15
ETV2	304955_S0_L001	19
ETV2	313308_S0_L001	22
ETV2	m313309_S193	14
ETV2	m318978_S195	18
ETV2	m318979_S197	13
ETV2	m318986_S33	20
ETV2	m329861_S198	13
ETV2	m329865_S206	19
ETV2	m329883_S194	15
ETV2	m329885_S199	16
ETV2	m334087_S35	28
ETV2	m344001_S207	17
ETV2	m344004_S196	16
ETV2	m357484_S37	26
ETV2	m357486_S34	17
ETV2	m357488_S36	18
ETV2	m364088_S38	22
ETV3	2705010_S40_L003	20
ETV3	270502_S0_L001	17
ETV3	2781020_S37_L003	18
ETV3	278106_S0_L001	25
ETV3	2781080_S30_L003	20
ETV3	2781090_S41_L003	19
ETV3	2792010_S0_L001	20
ETV3	2792020_S32_L003	19
ETV3	2792040_S0_L001	32
ETV3	2811610_S33_L003	20
ETV3	2811630_S35_L003	20
ETV3	2858490_S0_L001	20
ETV3	2858800_S38_L003	16
ETV3	2858810_S31_L003	19
ETV3	3013500_S34_L003	12
ETV3	3049380_S0_L001	18
ETV3	3049400_S39_L003	24
ETV3	3049430_S42_L003	22
ETV3	304944_S0_L001	23
ETV3	3049450_S36_L003	20
ETV3	304955_S0_L001	31
ETV3	313308_S0_L001	21
ETV3	m313309_S193	16
ETV3	m318978_S195	18
ETV3	m318979_S197	19
ETV3	m318986_S33	19
ETV3	m329861_S198	21
ETV3	m329865_S206	21
ETV3	m329883_S194	13
ETV3	m329885_S199	23
ETV3	m334087_S35	22
ETV3	m344001_S207	24
ETV3	m344004_S196	17
ETV3	m357484_S37	26
ETV3	m357486_S34	24
ETV3	m357488_S36	21
ETV3	m364088_S38	22
ETV4	2705010_S40_L003	73
ETV4	270502_S0_L001	80
ETV4	2781020_S37_L003	77
ETV4	278106_S0_L001	79
ETV4	2781080_S30_L003	82
ETV4	2781090_S41_L003	74
ETV4	2792010_S0_L001	71
ETV4	2792020_S32_L003	101
ETV4	2792040_S0_L001	109
ETV4	2811610_S33_L003	93
ETV4	2811630_S35_L003	82
ETV4	2858490_S0_L001	88
ETV4	2858800_S38_L003	73
ETV4	2858810_S31_L003	86
ETV4	3013500_S34_L003	72
ETV4	3049380_S0_L001	65
ETV4	3049400_S39_L003	77
ETV4	3049430_S42_L003	81
ETV4	304944_S0_L001	83
ETV4	3049450_S36_L003	78
ETV4	304955_S0_L001	79
ETV4	313308_S0_L001	94
ETV4	m313309_S193	85
ETV4	m318978_S195	102
ETV4	m318979_S197	89
ETV4	m318986_S33	91
ETV4	m329861_S198	95
ETV4	m329865_S206	76
ETV4	m329883_S194	61
ETV4	m329885_S199	80
ETV4	m334087_S35	108
ETV4	m344001_S207	87
ETV4	m344004_S196	84
ETV4	m357484_S37	111
ETV4	m357486_S34	97
ETV4	m357488_S36	100
ETV4	m364088_S38	122
ETV5	2705010_S40_L003	44
ETV5	270502_S0_L001	43
ETV5	2781020_S37_L003	41
ETV5	278106_S0_L001	42
ETV5	2781080_S30_L003	47
ETV5	2781090_S41_L003	36
ETV5	2792010_S0_L001	51
ETV5	2792020_S32_L003	41
ETV5	2792040_S0_L001	60
ETV5	2811610_S33_L003	49
ETV5	2811630_S35_L003	37
ETV5	2858490_S0_L001	46
ETV5	2858800_S38_L003	40
ETV5	2858810_S31_L003	44
ETV5	3013500_S34_L003	34
ETV5	3049380_S0_L001	36
ETV5	3049400_S39_L003	43
ETV5	3049430_S42_L003	48
ETV5	304944_S0_L001	36
ETV5	3049450_S36_L003	41
ETV5	304955_S0_L001	39
ETV5	313308_S0_L001	48
ETV5	m313309_S193	37
ETV5	m318978_S195	46
ETV5	m318979_S197	42
ETV5	m318986_S33	48
ETV5	m329861_S198	48
ETV5	m329865_S206	41
ETV5	m329883_S194	25
ETV5	m329885_S199	44
ETV5	m334087_S35	52
ETV5	m344001_S207	49
ETV5	m344004_S196	44
ETV5	m357484_S37	61
ETV5	m357486_S34	49
ETV5	m357488_S36	53
ETV5	m364088_S38	54
ETV6	2705010_S40_L003	29
ETV6	270502_S0_L001	41
ETV6	2781020_S37_L003	37
ETV6	278106_S0_L001	43
ETV6	2781080_S30_L003	45
ETV6	2781090_S41_L003	27
ETV6	2792010_S0_L001	47
ETV6	2792020_S32_L003	40
ETV6	2792040_S0_L001	52
ETV6	2811610_S33_L003	40
ETV6	2811630_S35_L003	40
ETV6	2858490_S0_L001	48
ETV6	2858800_S38_L003	32
ETV6	2858810_S31_L003	35
ETV6	3013500_S34_L003	24
ETV6	3049380_S0_L001	33
ETV6	3049400_S39_L003	34
ETV6	3049430_S42_L003	39
ETV6	304944_S0_L001	43
ETV6	3049450_S36_L003	39
ETV6	304955_S0_L001	50
ETV6	313308_S0_L001	45
ETV6	m313309_S193	33
ETV6	m318978_S195	46
ETV6	m318979_S197	37
ETV6	m318986_S33	37
ETV6	m329861_S198	53
ETV6	m329865_S206	34
ETV6	m329883_S194	25
ETV6	m329885_S199	42
ETV6	m334087_S35	50
ETV6	m344001_S207	41
ETV6	m344004_S196	38
ETV6	m357484_S37	54
ETV6	m357486_S34	46
ETV6	m357488_S36	46
ETV6	m364088_S38	54
EVX1	2705010_S40_L003	7
EVX1	270502_S0_L001	3
EVX1	2781020_S37_L003	7
EVX1	278106_S0_L001	3
EVX1	2781080_S30_L003	3
EVX1	2781090_S41_L003	4
EVX1	2792010_S0_L001	6
EVX1	2792020_S32_L003	5
EVX1	2792040_S0_L001	3
EVX1	2811610_S33_L003	6
EVX1	2811630_S35_L003	6
EVX1	2858490_S0_L001	5
EVX1	2858800_S38_L003	6
EVX1	2858810_S31_L003	5
EVX1	3013500_S34_L003	5
EVX1	3049380_S0_L001	3
EVX1	3049400_S39_L003	2
EVX1	3049430_S42_L003	7
EVX1	304944_S0_L001	3
EVX1	3049450_S36_L003	3
EVX1	304955_S0_L001	6
EVX1	313308_S0_L001	4
EVX1	m313309_S193	6
EVX1	m318978_S195	7
EVX1	m318979_S197	2
EVX1	m318986_S33	8
EVX1	m329861_S198	5
EVX1	m329865_S206	3
EVX1	m329883_S194	6
EVX1	m329885_S199	3
EVX1	m334087_S35	5
EVX1	m344001_S207	4
EVX1	m344004_S196	2
EVX1	m357484_S37	12
EVX1	m357486_S34	7
EVX1	m357488_S36	7
EVX1	m364088_S38	4
EVX2	2705010_S40_L003	6
EVX2	270502_S0_L001	3
EVX2	2781020_S37_L003	7
EVX2	278106_S0_L001	3
EVX2	2781080_S30_L003	3
EVX2	2781090_S41_L003	6
EVX2	2792010_S0_L001	7
EVX2	2792020_S32_L003	6
EVX2	2792040_S0_L001	2
EVX2	2811610_S33_L003	8
EVX2	2811630_S35_L003	7
EVX2	2858490_S0_L001	8
EVX2	2858800_S38_L003	6
EVX2	2858810_S31_L003	6
EVX2	3013500_S34_L003	4
EVX2	3049380_S0_L001	2
EVX2	3049400_S39_L003	3
EVX2	3049430_S42_L003	8
EVX2	304944_S0_L001	4
EVX2	3049450_S36_L003	4
EVX2	304955_S0_L001	6
EVX2	313308_S0_L001	4
EVX2	m313309_S193	6
EVX2	m318978_S195	7
EVX2	m318979_S197	2
EVX2	m318986_S33	11
EVX2	m329861_S198	5
EVX2	m329865_S206	4
EVX2	m329883_S194	6
EVX2	m329885_S199	3
EVX2	m334087_S35	6
EVX2	m344001_S207	6
EVX2	m344004_S196	3
EVX2	m357484_S37	13
EVX2	m357486_S34	8
EVX2	m357488_S36	8
EVX2	m364088_S38	4
EWSR1-FLI1	2705010_S40_L003	5
EWSR1-FLI1	270502_S0_L001	3
EWSR1-FLI1	2781020_S37_L003	6
EWSR1-FLI1	278106_S0_L001	11
EWSR1-FLI1	2781080_S30_L003	6
EWSR1-FLI1	2781090_S41_L003	2
EWSR1-FLI1	2792010_S0_L001	5
EWSR1-FLI1	2792020_S32_L003	6
EWSR1-FLI1	2792040_S0_L001	4
EWSR1-FLI1	2811610_S33_L003	7
EWSR1-FLI1	2811630_S35_L003	7
EWSR1-FLI1	2858490_S0_L001	6
EWSR1-FLI1	2858800_S38_L003	4
EWSR1-FLI1	2858810_S31_L003	6
EWSR1-FLI1	3013500_S34_L003	6
EWSR1-FLI1	3049380_S0_L001	2
EWSR1-FLI1	3049400_S39_L003	6
EWSR1-FLI1	3049430_S42_L003	5
EWSR1-FLI1	304944_S0_L001	5
EWSR1-FLI1	3049450_S36_L003	5
EWSR1-FLI1	304955_S0_L001	5
EWSR1-FLI1	313308_S0_L001	5
EWSR1-FLI1	m313309_S193	2
EWSR1-FLI1	m318978_S195	10
EWSR1-FLI1	m318979_S197	5
EWSR1-FLI1	m318986_S33	5
EWSR1-FLI1	m329861_S198	4
EWSR1-FLI1	m329865_S206	3
EWSR1-FLI1	m329883_S194	3
EWSR1-FLI1	m329885_S199	3
EWSR1-FLI1	m334087_S35	6
EWSR1-FLI1	m344001_S207	3
EWSR1-FLI1	m344004_S196	8
EWSR1-FLI1	m357484_S37	9
EWSR1-FLI1	m357486_S34	8
EWSR1-FLI1	m357488_S36	4
EWSR1-FLI1	m364088_S38	6
Ebf2	2705010_S40_L003	41
Ebf2	270502_S0_L001	50
Ebf2	2781020_S37_L003	51
Ebf2	278106_S0_L001	53
Ebf2	2781080_S30_L003	49
Ebf2	2781090_S41_L003	40
Ebf2	2792010_S0_L001	57
Ebf2	2792020_S32_L003	63
Ebf2	2792040_S0_L001	55
Ebf2	2811610_S33_L003	47
Ebf2	2811630_S35_L003	50
Ebf2	2858490_S0_L001	49
Ebf2	2858800_S38_L003	45
Ebf2	2858810_S31_L003	40
Ebf2	3013500_S34_L003	39
Ebf2	3049380_S0_L001	32
Ebf2	3049400_S39_L003	41
Ebf2	3049430_S42_L003	39
Ebf2	304944_S0_L001	33
Ebf2	3049450_S36_L003	49
Ebf2	304955_S0_L001	47
Ebf2	313308_S0_L001	58
Ebf2	m313309_S193	38
Ebf2	m318978_S195	41
Ebf2	m318979_S197	58
Ebf2	m318986_S33	53
Ebf2	m329861_S198	47
Ebf2	m329865_S206	41
Ebf2	m329883_S194	28
Ebf2	m329885_S199	50
Ebf2	m334087_S35	61
Ebf2	m344001_S207	43
Ebf2	m344004_S196	57
Ebf2	m357484_S37	72
Ebf2	m357486_S34	64
Ebf2	m357488_S36	65
Ebf2	m364088_S38	64
Esrrg	2705010_S40_L003	13
Esrrg	270502_S0_L001	15
Esrrg	2781020_S37_L003	14
Esrrg	278106_S0_L001	19
Esrrg	2781080_S30_L003	13
Esrrg	2781090_S41_L003	13
Esrrg	2792010_S0_L001	12
Esrrg	2792020_S32_L003	20
Esrrg	2792040_S0_L001	24
Esrrg	2811610_S33_L003	6
Esrrg	2811630_S35_L003	22
Esrrg	2858490_S0_L001	10
Esrrg	2858800_S38_L003	16
Esrrg	2858810_S31_L003	11
Esrrg	3013500_S34_L003	12
Esrrg	3049380_S0_L001	14
Esrrg	3049400_S39_L003	13
Esrrg	3049430_S42_L003	16
Esrrg	304944_S0_L001	20
Esrrg	3049450_S36_L003	8
Esrrg	304955_S0_L001	11
Esrrg	313308_S0_L001	17
Esrrg	m313309_S193	14
Esrrg	m318978_S195	17
Esrrg	m318979_S197	17
Esrrg	m318986_S33	11
Esrrg	m329861_S198	22
Esrrg	m329865_S206	18
Esrrg	m329883_S194	10
Esrrg	m329885_S199	17
Esrrg	m334087_S35	18
Esrrg	m344001_S207	14
Esrrg	m344004_S196	18
Esrrg	m357484_S37	26
Esrrg	m357486_S34	18
Esrrg	m357488_S36	17
Esrrg	m364088_S38	23
FERD3L	2705010_S40_L003	7
FERD3L	270502_S0_L001	10
FERD3L	2781020_S37_L003	9
FERD3L	278106_S0_L001	8
FERD3L	2781080_S30_L003	8
FERD3L	2781090_S41_L003	7
FERD3L	2792010_S0_L001	4
FERD3L	2792020_S32_L003	10
FERD3L	2792040_S0_L001	9
FERD3L	2811610_S33_L003	10
FERD3L	2811630_S35_L003	5
FERD3L	2858490_S0_L001	7
FERD3L	2858800_S38_L003	6
FERD3L	2858810_S31_L003	8
FERD3L	3013500_S34_L003	6
FERD3L	3049380_S0_L001	2
FERD3L	3049400_S39_L003	6
FERD3L	3049430_S42_L003	11
FERD3L	304944_S0_L001	8
FERD3L	3049450_S36_L003	2
FERD3L	304955_S0_L001	8
FERD3L	313308_S0_L001	8
FERD3L	m313309_S193	12
FERD3L	m318978_S195	7
FERD3L	m318979_S197	6
FERD3L	m318986_S33	7
FERD3L	m329861_S198	8
FERD3L	m329865_S206	12
FERD3L	m329883_S194	6
FERD3L	m329885_S199	5
FERD3L	m334087_S35	9
FERD3L	m344001_S207	9
FERD3L	m344004_S196	7
FERD3L	m357484_S37	16
FERD3L	m357486_S34	11
FERD3L	m357488_S36	13
FERD3L	m364088_S38	8
FEV	2705010_S40_L003	21
FEV	270502_S0_L001	20
FEV	2781020_S37_L003	23
FEV	278106_S0_L001	27
FEV	2781080_S30_L003	25
FEV	2781090_S41_L003	24
FEV	2792010_S0_L001	21
FEV	2792020_S32_L003	21
FEV	2792040_S0_L001	32
FEV	2811610_S33_L003	21
FEV	2811630_S35_L003	19
FEV	2858490_S0_L001	24
FEV	2858800_S38_L003	17
FEV	2858810_S31_L003	21
FEV	3013500_S34_L003	15
FEV	3049380_S0_L001	21
FEV	3049400_S39_L003	22
FEV	3049430_S42_L003	22
FEV	304944_S0_L001	26
FEV	3049450_S36_L003	18
FEV	304955_S0_L001	29
FEV	313308_S0_L001	26
FEV	m313309_S193	20
FEV	m318978_S195	22
FEV	m318979_S197	18
FEV	m318986_S33	23
FEV	m329861_S198	18
FEV	m329865_S206	25
FEV	m329883_S194	13
FEV	m329885_S199	25
FEV	m334087_S35	26
FEV	m344001_S207	29
FEV	m344004_S196	22
FEV	m357484_S37	28
FEV	m357486_S34	26
FEV	m357488_S36	24
FEV	m364088_S38	29
FIGLA	2705010_S40_L003	24
FIGLA	270502_S0_L001	36
FIGLA	2781020_S37_L003	26
FIGLA	278106_S0_L001	43
FIGLA	2781080_S30_L003	39
FIGLA	2781090_S41_L003	34
FIGLA	2792010_S0_L001	36
FIGLA	2792020_S32_L003	39
FIGLA	2792040_S0_L001	41
FIGLA	2811610_S33_L003	40
FIGLA	2811630_S35_L003	29
FIGLA	2858490_S0_L001	39
FIGLA	2858800_S38_L003	34
FIGLA	2858810_S31_L003	41
FIGLA	3013500_S34_L003	27
FIGLA	3049380_S0_L001	42
FIGLA	3049400_S39_L003	32
FIGLA	3049430_S42_L003	38
FIGLA	304944_S0_L001	28
FIGLA	3049450_S36_L003	36
FIGLA	304955_S0_L001	28
FIGLA	313308_S0_L001	37
FIGLA	m313309_S193	34
FIGLA	m318978_S195	36
FIGLA	m318979_S197	43
FIGLA	m318986_S33	34
FIGLA	m329861_S198	28
FIGLA	m329865_S206	31
FIGLA	m329883_S194	17
FIGLA	m329885_S199	28
FIGLA	m334087_S35	36
FIGLA	m344001_S207	46
FIGLA	m344004_S196	47
FIGLA	m357484_S37	49
FIGLA	m357486_S34	36
FIGLA	m357488_S36	25
FIGLA	m364088_S38	49
FLI1	2705010_S40_L003	23
FLI1	270502_S0_L001	25
FLI1	2781020_S37_L003	24
FLI1	278106_S0_L001	31
FLI1	2781080_S30_L003	30
FLI1	2781090_S41_L003	25
FLI1	2792010_S0_L001	22
FLI1	2792020_S32_L003	25
FLI1	2792040_S0_L001	32
FLI1	2811610_S33_L003	25
FLI1	2811630_S35_L003	22
FLI1	2858490_S0_L001	24
FLI1	2858800_S38_L003	18
FLI1	2858810_S31_L003	22
FLI1	3013500_S34_L003	17
FLI1	3049380_S0_L001	25
FLI1	3049400_S39_L003	26
FLI1	3049430_S42_L003	23
FLI1	304944_S0_L001	27
FLI1	3049450_S36_L003	23
FLI1	304955_S0_L001	26
FLI1	313308_S0_L001	32
FLI1	m313309_S193	20
FLI1	m318978_S195	26
FLI1	m318979_S197	18
FLI1	m318986_S33	24
FLI1	m329861_S198	21
FLI1	m329865_S206	26
FLI1	m329883_S194	16
FLI1	m329885_S199	29
FLI1	m334087_S35	30
FLI1	m344001_S207	28
FLI1	m344004_S196	22
FLI1	m357484_S37	33
FLI1	m357486_S34	30
FLI1	m357488_S36	28
FLI1	m364088_S38	33
FOS	2705010_S40_L003	29
FOS	270502_S0_L001	37
FOS	2781020_S37_L003	29
FOS	278106_S0_L001	27
FOS	2781080_S30_L003	24
FOS	2781090_S41_L003	25
FOS	2792010_S0_L001	30
FOS	2792020_S32_L003	32
FOS	2792040_S0_L001	32
FOS	2811610_S33_L003	29
FOS	2811630_S35_L003	32
FOS	2858490_S0_L001	29
FOS	2858800_S38_L003	28
FOS	2858810_S31_L003	37
FOS	3013500_S34_L003	26
FOS	3049380_S0_L001	27
FOS	3049400_S39_L003	21
FOS	3049430_S42_L003	28
FOS	304944_S0_L001	25
FOS	3049450_S36_L003	28
FOS	304955_S0_L001	30
FOS	313308_S0_L001	33
FOS	m313309_S193	30
FOS	m318978_S195	28
FOS	m318979_S197	36
FOS	m318986_S33	36
FOS	m329861_S198	24
FOS	m329865_S206	32
FOS	m329883_S194	16
FOS	m329885_S199	23
FOS	m334087_S35	38
FOS	m344001_S207	32
FOS	m344004_S196	27
FOS	m357484_S37	51
FOS	m357486_S34	35
FOS	m357488_S36	34
FOS	m364088_S38	45
FOSB	2705010_S40_L003	26
FOSB	270502_S0_L001	41
FOSB	2781020_S37_L003	30
FOSB	278106_S0_L001	27
FOSB	2781080_S30_L003	29
FOSB	2781090_S41_L003	26
FOSB	2792010_S0_L001	25
FOSB	2792020_S32_L003	34
FOSB	2792040_S0_L001	31
FOSB	2811610_S33_L003	31
FOSB	2811630_S35_L003	35
FOSB	2858490_S0_L001	36
FOSB	2858800_S38_L003	27
FOSB	2858810_S31_L003	35
FOSB	3013500_S34_L003	32
FOSB	3049380_S0_L001	32
FOSB	3049400_S39_L003	29
FOSB	3049430_S42_L003	34
FOSB	304944_S0_L001	26
FOSB	3049450_S36_L003	28
FOSB	304955_S0_L001	33
FOSB	313308_S0_L001	39
FOSB	m313309_S193	29
FOSB	m318978_S195	29
FOSB	m318979_S197	40
FOSB	m318986_S33	38
FOSB	m329861_S198	31
FOSB	m329865_S206	38
FOSB	m329883_S194	19
FOSB	m329885_S199	28
FOSB	m334087_S35	40
FOSB	m344001_S207	30
FOSB	m344004_S196	25
FOSB	m357484_S37	53
FOSB	m357486_S34	35
FOSB	m357488_S36	33
FOSB	m364088_S38	40
FOSL1	2705010_S40_L003	33
FOSL1	270502_S0_L001	42
FOSL1	2781020_S37_L003	33
FOSL1	278106_S0_L001	33
FOSL1	2781080_S30_L003	33
FOSL1	2781090_S41_L003	27
FOSL1	2792010_S0_L001	31
FOSL1	2792020_S32_L003	36
FOSL1	2792040_S0_L001	40
FOSL1	2811610_S33_L003	34
FOSL1	2811630_S35_L003	34
FOSL1	2858490_S0_L001	38
FOSL1	2858800_S38_L003	31
FOSL1	2858810_S31_L003	38
FOSL1	3013500_S34_L003	34
FOSL1	3049380_S0_L001	36
FOSL1	3049400_S39_L003	32
FOSL1	3049430_S42_L003	34
FOSL1	304944_S0_L001	32
FOSL1	3049450_S36_L003	34
FOSL1	304955_S0_L001	39
FOSL1	313308_S0_L001	36
FOSL1	m313309_S193	34
FOSL1	m318978_S195	33
FOSL1	m318979_S197	45
FOSL1	m318986_S33	42
FOSL1	m329861_S198	33
FOSL1	m329865_S206	39
FOSL1	m329883_S194	16
FOSL1	m329885_S199	32
FOSL1	m334087_S35	43
FOSL1	m344001_S207	36
FOSL1	m344004_S196	31
FOSL1	m357484_S37	54
FOSL1	m357486_S34	37
FOSL1	m357488_S36	36
FOSL1	m364088_S38	41
FOSL2	2705010_S40_L003	31
FOSL2	270502_S0_L001	50
FOSL2	2781020_S37_L003	36
FOSL2	278106_S0_L001	33
FOSL2	2781080_S30_L003	36
FOSL2	2781090_S41_L003	27
FOSL2	2792010_S0_L001	32
FOSL2	2792020_S32_L003	42
FOSL2	2792040_S0_L001	39
FOSL2	2811610_S33_L003	36
FOSL2	2811630_S35_L003	40
FOSL2	2858490_S0_L001	42
FOSL2	2858800_S38_L003	34
FOSL2	2858810_S31_L003	37
FOSL2	3013500_S34_L003	34
FOSL2	3049380_S0_L001	37
FOSL2	3049400_S39_L003	36
FOSL2	3049430_S42_L003	40
FOSL2	304944_S0_L001	29
FOSL2	3049450_S36_L003	31
FOSL2	304955_S0_L001	35
FOSL2	313308_S0_L001	42
FOSL2	m313309_S193	35
FOSL2	m318978_S195	38
FOSL2	m318979_S197	50
FOSL2	m318986_S33	45
FOSL2	m329861_S198	34
FOSL2	m329865_S206	46
FOSL2	m329883_S194	21
FOSL2	m329885_S199	31
FOSL2	m334087_S35	49
FOSL2	m344001_S207	41
FOSL2	m344004_S196	30
FOSL2	m357484_S37	62
FOSL2	m357486_S34	43
FOSL2	m357488_S36	40
FOSL2	m364088_S38	54
FOXA1	2705010_S40_L003	18
FOXA1	270502_S0_L001	11
FOXA1	2781020_S37_L003	16
FOXA1	278106_S0_L001	18
FOXA1	2781080_S30_L003	19
FOXA1	2781090_S41_L003	16
FOXA1	2792010_S0_L001	17
FOXA1	2792020_S32_L003	17
FOXA1	2792040_S0_L001	14
FOXA1	2811610_S33_L003	12
FOXA1	2811630_S35_L003	21
FOXA1	2858490_S0_L001	11
FOXA1	2858800_S38_L003	15
FOXA1	2858810_S31_L003	14
FOXA1	3013500_S34_L003	9
FOXA1	3049380_S0_L001	13
FOXA1	3049400_S39_L003	17
FOXA1	3049430_S42_L003	19
FOXA1	304944_S0_L001	10
FOXA1	3049450_S36_L003	18
FOXA1	304955_S0_L001	16
FOXA1	313308_S0_L001	17
FOXA1	m313309_S193	25
FOXA1	m318978_S195	20
FOXA1	m318979_S197	15
FOXA1	m318986_S33	29
FOXA1	m329861_S198	9
FOXA1	m329865_S206	20
FOXA1	m329883_S194	10
FOXA1	m329885_S199	15
FOXA1	m334087_S35	23
FOXA1	m344001_S207	10
FOXA1	m344004_S196	19
FOXA1	m357484_S37	26
FOXA1	m357486_S34	26
FOXA1	m357488_S36	17
FOXA1	m364088_S38	25
FOXA2	2705010_S40_L003	21
FOXA2	270502_S0_L001	15
FOXA2	2781020_S37_L003	18
FOXA2	278106_S0_L001	14
FOXA2	2781080_S30_L003	18
FOXA2	2781090_S41_L003	16
FOXA2	2792010_S0_L001	22
FOXA2	2792020_S32_L003	19
FOXA2	2792040_S0_L001	11
FOXA2	2811610_S33_L003	15
FOXA2	2811630_S35_L003	23
FOXA2	2858490_S0_L001	10
FOXA2	2858800_S38_L003	15
FOXA2	2858810_S31_L003	19
FOXA2	3013500_S34_L003	14
FOXA2	3049380_S0_L001	10
FOXA2	3049400_S39_L003	19
FOXA2	3049430_S42_L003	21
FOXA2	304944_S0_L001	15
FOXA2	3049450_S36_L003	16
FOXA2	304955_S0_L001	19
FOXA2	313308_S0_L001	19
FOXA2	m313309_S193	21
FOXA2	m318978_S195	19
FOXA2	m318979_S197	14
FOXA2	m318986_S33	26
FOXA2	m329861_S198	12
FOXA2	m329865_S206	21
FOXA2	m329883_S194	13
FOXA2	m329885_S199	17
FOXA2	m334087_S35	27
FOXA2	m344001_S207	14
FOXA2	m344004_S196	19
FOXA2	m357484_S37	27
FOXA2	m357486_S34	29
FOXA2	m357488_S36	20
FOXA2	m364088_S38	30
FOXA3	2705010_S40_L003	21
FOXA3	270502_S0_L001	14
FOXA3	2781020_S37_L003	20
FOXA3	278106_S0_L001	15
FOXA3	2781080_S30_L003	18
FOXA3	2781090_S41_L003	16
FOXA3	2792010_S0_L001	22
FOXA3	2792020_S32_L003	19
FOXA3	2792040_S0_L001	11
FOXA3	2811610_S33_L003	14
FOXA3	2811630_S35_L003	23
FOXA3	2858490_S0_L001	11
FOXA3	2858800_S38_L003	14
FOXA3	2858810_S31_L003	20
FOXA3	3013500_S34_L003	14
FOXA3	3049380_S0_L001	8
FOXA3	3049400_S39_L003	20
FOXA3	3049430_S42_L003	19
FOXA3	304944_S0_L001	17
FOXA3	3049450_S36_L003	16
FOXA3	304955_S0_L001	19
FOXA3	313308_S0_L001	18
FOXA3	m313309_S193	21
FOXA3	m318978_S195	19
FOXA3	m318979_S197	14
FOXA3	m318986_S33	26
FOXA3	m329861_S198	11
FOXA3	m329865_S206	20
FOXA3	m329883_S194	14
FOXA3	m329885_S199	16
FOXA3	m334087_S35	27
FOXA3	m344001_S207	14
FOXA3	m344004_S196	19
FOXA3	m357484_S37	29
FOXA3	m357486_S34	28
FOXA3	m357488_S36	21
FOXA3	m364088_S38	29
FOXB1	2705010_S40_L003	18
FOXB1	270502_S0_L001	18
FOXB1	2781020_S37_L003	26
FOXB1	278106_S0_L001	10
FOXB1	2781080_S30_L003	19
FOXB1	2781090_S41_L003	10
FOXB1	2792010_S0_L001	18
FOXB1	2792020_S32_L003	19
FOXB1	2792040_S0_L001	18
FOXB1	2811610_S33_L003	19
FOXB1	2811630_S35_L003	34
FOXB1	2858490_S0_L001	16
FOXB1	2858800_S38_L003	19
FOXB1	2858810_S31_L003	18
FOXB1	3013500_S34_L003	11
FOXB1	3049380_S0_L001	13
FOXB1	3049400_S39_L003	15
FOXB1	3049430_S42_L003	26
FOXB1	304944_S0_L001	11
FOXB1	3049450_S36_L003	18
FOXB1	304955_S0_L001	14
FOXB1	313308_S0_L001	17
FOXB1	m313309_S193	16
FOXB1	m318978_S195	20
FOXB1	m318979_S197	18
FOXB1	m318986_S33	36
FOXB1	m329861_S198	10
FOXB1	m329865_S206	12
FOXB1	m329883_S194	12
FOXB1	m329885_S199	11
FOXB1	m334087_S35	24
FOXB1	m344001_S207	16
FOXB1	m344004_S196	21
FOXB1	m357484_S37	26
FOXB1	m357486_S34	36
FOXB1	m357488_S36	25
FOXB1	m364088_S38	27
FOXC1	2705010_S40_L003	21
FOXC1	270502_S0_L001	18
FOXC1	2781020_S37_L003	25
FOXC1	278106_S0_L001	8
FOXC1	2781080_S30_L003	25
FOXC1	2781090_S41_L003	16
FOXC1	2792010_S0_L001	18
FOXC1	2792020_S32_L003	17
FOXC1	2792040_S0_L001	21
FOXC1	2811610_S33_L003	23
FOXC1	2811630_S35_L003	34
FOXC1	2858490_S0_L001	21
FOXC1	2858800_S38_L003	17
FOXC1	2858810_S31_L003	24
FOXC1	3013500_S34_L003	19
FOXC1	3049380_S0_L001	16
FOXC1	3049400_S39_L003	19
FOXC1	3049430_S42_L003	26
FOXC1	304944_S0_L001	15
FOXC1	3049450_S36_L003	24
FOXC1	304955_S0_L001	16
FOXC1	313308_S0_L001	19
FOXC1	m313309_S193	21
FOXC1	m318978_S195	20
FOXC1	m318979_S197	14
FOXC1	m318986_S33	35
FOXC1	m329861_S198	17
FOXC1	m329865_S206	18
FOXC1	m329883_S194	15
FOXC1	m329885_S199	11
FOXC1	m334087_S35	28
FOXC1	m344001_S207	16
FOXC1	m344004_S196	24
FOXC1	m357484_S37	31
FOXC1	m357486_S34	34
FOXC1	m357488_S36	30
FOXC1	m364088_S38	34
FOXC2	2705010_S40_L003	24
FOXC2	270502_S0_L001	21
FOXC2	2781020_S37_L003	20
FOXC2	278106_S0_L001	11
FOXC2	2781080_S30_L003	28
FOXC2	2781090_S41_L003	23
FOXC2	2792010_S0_L001	24
FOXC2	2792020_S32_L003	19
FOXC2	2792040_S0_L001	25
FOXC2	2811610_S33_L003	25
FOXC2	2811630_S35_L003	32
FOXC2	2858490_S0_L001	24
FOXC2	2858800_S38_L003	22
FOXC2	2858810_S31_L003	24
FOXC2	3013500_S34_L003	17
FOXC2	3049380_S0_L001	18
FOXC2	3049400_S39_L003	25
FOXC2	3049430_S42_L003	27
FOXC2	304944_S0_L001	20
FOXC2	3049450_S36_L003	25
FOXC2	304955_S0_L001	20
FOXC2	313308_S0_L001	22
FOXC2	m313309_S193	23
FOXC2	m318978_S195	21
FOXC2	m318979_S197	20
FOXC2	m318986_S33	38
FOXC2	m329861_S198	20
FOXC2	m329865_S206	21
FOXC2	m329883_S194	24
FOXC2	m329885_S199	17
FOXC2	m334087_S35	32
FOXC2	m344001_S207	14
FOXC2	m344004_S196	23
FOXC2	m357484_S37	37
FOXC2	m357486_S34	36
FOXC2	m357488_S36	32
FOXC2	m364088_S38	42
FOXD2	2705010_S40_L003	19
FOXD2	270502_S0_L001	15
FOXD2	2781020_S37_L003	19
FOXD2	278106_S0_L001	9
FOXD2	2781080_S30_L003	17
FOXD2	2781090_S41_L003	20
FOXD2	2792010_S0_L001	20
FOXD2	2792020_S32_L003	12
FOXD2	2792040_S0_L001	16
FOXD2	2811610_S33_L003	17
FOXD2	2811630_S35_L003	25
FOXD2	2858490_S0_L001	18
FOXD2	2858800_S38_L003	18
FOXD2	2858810_S31_L003	15
FOXD2	3013500_S34_L003	15
FOXD2	3049380_S0_L001	16
FOXD2	3049400_S39_L003	19
FOXD2	3049430_S42_L003	20
FOXD2	304944_S0_L001	14
FOXD2	3049450_S36_L003	22
FOXD2	304955_S0_L001	15
FOXD2	313308_S0_L001	16
FOXD2	m313309_S193	25
FOXD2	m318978_S195	19
FOXD2	m318979_S197	14
FOXD2	m318986_S33	36
FOXD2	m329861_S198	15
FOXD2	m329865_S206	17
FOXD2	m329883_S194	17
FOXD2	m329885_S199	14
FOXD2	m334087_S35	21
FOXD2	m344001_S207	13
FOXD2	m344004_S196	18
FOXD2	m357484_S37	28
FOXD2	m357486_S34	32
FOXD2	m357488_S36	22
FOXD2	m364088_S38	25
FOXE1	2705010_S40_L003	7
FOXE1	270502_S0_L001	8
FOXE1	2781020_S37_L003	10
FOXE1	278106_S0_L001	6
FOXE1	2781080_S30_L003	11
FOXE1	2781090_S41_L003	6
FOXE1	2792010_S0_L001	10
FOXE1	2792020_S32_L003	7
FOXE1	2792040_S0_L001	8
FOXE1	2811610_S33_L003	7
FOXE1	2811630_S35_L003	11
FOXE1	2858490_S0_L001	5
FOXE1	2858800_S38_L003	5
FOXE1	2858810_S31_L003	11
FOXE1	3013500_S34_L003	6
FOXE1	3049380_S0_L001	8
FOXE1	3049400_S39_L003	7
FOXE1	3049430_S42_L003	8
FOXE1	304944_S0_L001	1
FOXE1	3049450_S36_L003	13
FOXE1	304955_S0_L001	5
FOXE1	313308_S0_L001	5
FOXE1	m313309_S193	16
FOXE1	m318978_S195	9
FOXE1	m318979_S197	10
FOXE1	m318986_S33	14
FOXE1	m329861_S198	4
FOXE1	m329865_S206	7
FOXE1	m329883_S194	7
FOXE1	m329885_S199	5
FOXE1	m334087_S35	11
FOXE1	m344001_S207	8
FOXE1	m344004_S196	10
FOXE1	m357484_S37	15
FOXE1	m357486_S34	16
FOXE1	m357488_S36	10
FOXE1	m364088_S38	11
FOXF2	2705010_S40_L003	19
FOXF2	270502_S0_L001	14
FOXF2	2781020_S37_L003	9
FOXF2	278106_S0_L001	16
FOXF2	2781080_S30_L003	15
FOXF2	2781090_S41_L003	13
FOXF2	2792010_S0_L001	12
FOXF2	2792020_S32_L003	11
FOXF2	2792040_S0_L001	12
FOXF2	2811610_S33_L003	13
FOXF2	2811630_S35_L003	16
FOXF2	2858490_S0_L001	9
FOXF2	2858800_S38_L003	9
FOXF2	2858810_S31_L003	15
FOXF2	3013500_S34_L003	9
FOXF2	3049380_S0_L001	7
FOXF2	3049400_S39_L003	12
FOXF2	3049430_S42_L003	12
FOXF2	304944_S0_L001	12
FOXF2	3049450_S36_L003	13
FOXF2	304955_S0_L001	11
FOXF2	313308_S0_L001	16
FOXF2	m313309_S193	13
FOXF2	m318978_S195	9
FOXF2	m318979_S197	10
FOXF2	m318986_S33	17
FOXF2	m329861_S198	10
FOXF2	m329865_S206	13
FOXF2	m329883_S194	8
FOXF2	m329885_S199	13
FOXF2	m334087_S35	15
FOXF2	m344001_S207	9
FOXF2	m344004_S196	13
FOXF2	m357484_S37	20
FOXF2	m357486_S34	18
FOXF2	m357488_S36	16
FOXF2	m364088_S38	18
FOXH1	2705010_S40_L003	12
FOXH1	270502_S0_L001	16
FOXH1	2781020_S37_L003	10
FOXH1	278106_S0_L001	9
FOXH1	2781080_S30_L003	12
FOXH1	2781090_S41_L003	14
FOXH1	2792010_S0_L001	11
FOXH1	2792020_S32_L003	10
FOXH1	2792040_S0_L001	14
FOXH1	2811610_S33_L003	18
FOXH1	2811630_S35_L003	13
FOXH1	2858490_S0_L001	11
FOXH1	2858800_S38_L003	14
FOXH1	2858810_S31_L003	15
FOXH1	3013500_S34_L003	8
FOXH1	3049380_S0_L001	11
FOXH1	3049400_S39_L003	10
FOXH1	3049430_S42_L003	16
FOXH1	304944_S0_L001	12
FOXH1	3049450_S36_L003	17
FOXH1	304955_S0_L001	6
FOXH1	313308_S0_L001	10
FOXH1	m313309_S193	17
FOXH1	m318978_S195	9
FOXH1	m318979_S197	12
FOXH1	m318986_S33	17
FOXH1	m329861_S198	6
FOXH1	m329865_S206	8
FOXH1	m329883_S194	5
FOXH1	m329885_S199	5
FOXH1	m334087_S35	18
FOXH1	m344001_S207	8
FOXH1	m344004_S196	13
FOXH1	m357484_S37	18
FOXH1	m357486_S34	14
FOXH1	m357488_S36	10
FOXH1	m364088_S38	16
FOXK1	2705010_S40_L003	13
FOXK1	270502_S0_L001	12
FOXK1	2781020_S37_L003	16
FOXK1	278106_S0_L001	15
FOXK1	2781080_S30_L003	16
FOXK1	2781090_S41_L003	15
FOXK1	2792010_S0_L001	18
FOXK1	2792020_S32_L003	19
FOXK1	2792040_S0_L001	15
FOXK1	2811610_S33_L003	8
FOXK1	2811630_S35_L003	23
FOXK1	2858490_S0_L001	11
FOXK1	2858800_S38_L003	13
FOXK1	2858810_S31_L003	19
FOXK1	3013500_S34_L003	12
FOXK1	3049380_S0_L001	12
FOXK1	3049400_S39_L003	20
FOXK1	3049430_S42_L003	15
FOXK1	304944_S0_L001	17
FOXK1	3049450_S36_L003	12
FOXK1	304955_S0_L001	14
FOXK1	313308_S0_L001	19
FOXK1	m313309_S193	15
FOXK1	m318978_S195	13
FOXK1	m318979_S197	16
FOXK1	m318986_S33	24
FOXK1	m329861_S198	9
FOXK1	m329865_S206	14
FOXK1	m329883_S194	12
FOXK1	m329885_S199	13
FOXK1	m334087_S35	26
FOXK1	m344001_S207	11
FOXK1	m344004_S196	15
FOXK1	m357484_S37	22
FOXK1	m357486_S34	27
FOXK1	m357488_S36	21
FOXK1	m364088_S38	27
FOXK2	2705010_S40_L003	20
FOXK2	270502_S0_L001	11
FOXK2	2781020_S37_L003	20
FOXK2	278106_S0_L001	14
FOXK2	2781080_S30_L003	20
FOXK2	2781090_S41_L003	16
FOXK2	2792010_S0_L001	20
FOXK2	2792020_S32_L003	18
FOXK2	2792040_S0_L001	12
FOXK2	2811610_S33_L003	13
FOXK2	2811630_S35_L003	24
FOXK2	2858490_S0_L001	12
FOXK2	2858800_S38_L003	16
FOXK2	2858810_S31_L003	22
FOXK2	3013500_S34_L003	12
FOXK2	3049380_S0_L001	9
FOXK2	3049400_S39_L003	20
FOXK2	3049430_S42_L003	17
FOXK2	304944_S0_L001	16
FOXK2	3049450_S36_L003	17
FOXK2	304955_S0_L001	16
FOXK2	313308_S0_L001	21
FOXK2	m313309_S193	23
FOXK2	m318978_S195	17
FOXK2	m318979_S197	15
FOXK2	m318986_S33	30
FOXK2	m329861_S198	11
FOXK2	m329865_S206	20
FOXK2	m329883_S194	10
FOXK2	m329885_S199	14
FOXK2	m334087_S35	25
FOXK2	m344001_S207	14
FOXK2	m344004_S196	19
FOXK2	m357484_S37	29
FOXK2	m357486_S34	27
FOXK2	m357488_S36	17
FOXK2	m364088_S38	25
FOXP1	2705010_S40_L003	20
FOXP1	270502_S0_L001	13
FOXP1	2781020_S37_L003	22
FOXP1	278106_S0_L001	14
FOXP1	2781080_S30_L003	20
FOXP1	2781090_S41_L003	17
FOXP1	2792010_S0_L001	22
FOXP1	2792020_S32_L003	19
FOXP1	2792040_S0_L001	11
FOXP1	2811610_S33_L003	15
FOXP1	2811630_S35_L003	22
FOXP1	2858490_S0_L001	11
FOXP1	2858800_S38_L003	15
FOXP1	2858810_S31_L003	18
FOXP1	3013500_S34_L003	11
FOXP1	3049380_S0_L001	8
FOXP1	3049400_S39_L003	19
FOXP1	3049430_S42_L003	20
FOXP1	304944_S0_L001	15
FOXP1	3049450_S36_L003	14
FOXP1	304955_S0_L001	17
FOXP1	313308_S0_L001	21
FOXP1	m313309_S193	23
FOXP1	m318978_S195	21
FOXP1	m318979_S197	13
FOXP1	m318986_S33	28
FOXP1	m329861_S198	9
FOXP1	m329865_S206	20
FOXP1	m329883_S194	12
FOXP1	m329885_S199	16
FOXP1	m334087_S35	28
FOXP1	m344001_S207	15
FOXP1	m344004_S196	17
FOXP1	m357484_S37	30
FOXP1	m357486_S34	24
FOXP1	m357488_S36	20
FOXP1	m364088_S38	29
FOXP2	2705010_S40_L003	29
FOXP2	270502_S0_L001	19
FOXP2	2781020_S37_L003	27
FOXP2	278106_S0_L001	20
FOXP2	2781080_S30_L003	22
FOXP2	2781090_S41_L003	21
FOXP2	2792010_S0_L001	31
FOXP2	2792020_S32_L003	31
FOXP2	2792040_S0_L001	23
FOXP2	2811610_S33_L003	23
FOXP2	2811630_S35_L003	32
FOXP2	2858490_S0_L001	16
FOXP2	2858800_S38_L003	23
FOXP2	2858810_S31_L003	30
FOXP2	3013500_S34_L003	21
FOXP2	3049380_S0_L001	17
FOXP2	3049400_S39_L003	24
FOXP2	3049430_S42_L003	22
FOXP2	304944_S0_L001	24
FOXP2	3049450_S36_L003	24
FOXP2	304955_S0_L001	19
FOXP2	313308_S0_L001	28
FOXP2	m313309_S193	30
FOXP2	m318978_S195	21
FOXP2	m318979_S197	16
FOXP2	m318986_S33	36
FOXP2	m329861_S198	18
FOXP2	m329865_S206	28
FOXP2	m329883_S194	16
FOXP2	m329885_S199	19
FOXP2	m334087_S35	34
FOXP2	m344001_S207	23
FOXP2	m344004_S196	27
FOXP2	m357484_S37	35
FOXP2	m357486_S34	39
FOXP2	m357488_S36	23
FOXP2	m364088_S38	37
Foxd3	2705010_S40_L003	21
Foxd3	270502_S0_L001	33
Foxd3	2781020_S37_L003	28
Foxd3	278106_S0_L001	21
Foxd3	2781080_S30_L003	31
Foxd3	2781090_S41_L003	19
Foxd3	2792010_S0_L001	18
Foxd3	2792020_S32_L003	25
Foxd3	2792040_S0_L001	34
Foxd3	2811610_S33_L003	25
Foxd3	2811630_S35_L003	32
Foxd3	2858490_S0_L001	34
Foxd3	2858800_S38_L003	27
Foxd3	2858810_S31_L003	30
Foxd3	3013500_S34_L003	21
Foxd3	3049380_S0_L001	27
Foxd3	3049400_S39_L003	19
Foxd3	3049430_S42_L003	22
Foxd3	304944_S0_L001	13
Foxd3	3049450_S36_L003	28
Foxd3	304955_S0_L001	27
Foxd3	313308_S0_L001	34
Foxd3	m313309_S193	25
Foxd3	m318978_S195	29
Foxd3	m318979_S197	22
Foxd3	m318986_S33	38
Foxd3	m329861_S198	20
Foxd3	m329865_S206	20
Foxd3	m329883_S194	22
Foxd3	m329885_S199	18
Foxd3	m334087_S35	30
Foxd3	m344001_S207	22
Foxd3	m344004_S196	27
Foxd3	m357484_S37	42
Foxd3	m357486_S34	44
Foxd3	m357488_S36	35
Foxd3	m364088_S38	38
Foxf1	2705010_S40_L003	20
Foxf1	270502_S0_L001	13
Foxf1	2781020_S37_L003	21
Foxf1	278106_S0_L001	13
Foxf1	2781080_S30_L003	20
Foxf1	2781090_S41_L003	17
Foxf1	2792010_S0_L001	21
Foxf1	2792020_S32_L003	19
Foxf1	2792040_S0_L001	12
Foxf1	2811610_S33_L003	14
Foxf1	2811630_S35_L003	23
Foxf1	2858490_S0_L001	11
Foxf1	2858800_S38_L003	16
Foxf1	2858810_S31_L003	21
Foxf1	3013500_S34_L003	13
Foxf1	3049380_S0_L001	11
Foxf1	3049400_S39_L003	19
Foxf1	3049430_S42_L003	16
Foxf1	304944_S0_L001	16
Foxf1	3049450_S36_L003	17
Foxf1	304955_S0_L001	15
Foxf1	313308_S0_L001	22
Foxf1	m313309_S193	24
Foxf1	m318978_S195	19
Foxf1	m318979_S197	13
Foxf1	m318986_S33	29
Foxf1	m329861_S198	12
Foxf1	m329865_S206	19
Foxf1	m329883_S194	9
Foxf1	m329885_S199	13
Foxf1	m334087_S35	25
Foxf1	m344001_S207	14
Foxf1	m344004_S196	18
Foxf1	m357484_S37	25
Foxf1	m357486_S34	25
Foxf1	m357488_S36	14
Foxf1	m364088_S38	27
Foxj3	2705010_S40_L003	12
Foxj3	270502_S0_L001	18
Foxj3	2781020_S37_L003	21
Foxj3	278106_S0_L001	12
Foxj3	2781080_S30_L003	22
Foxj3	2781090_S41_L003	18
Foxj3	2792010_S0_L001	19
Foxj3	2792020_S32_L003	14
Foxj3	2792040_S0_L001	17
Foxj3	2811610_S33_L003	18
Foxj3	2811630_S35_L003	22
Foxj3	2858490_S0_L001	16
Foxj3	2858800_S38_L003	16
Foxj3	2858810_S31_L003	15
Foxj3	3013500_S34_L003	9
Foxj3	3049380_S0_L001	10
Foxj3	3049400_S39_L003	18
Foxj3	3049430_S42_L003	15
Foxj3	304944_S0_L001	12
Foxj3	3049450_S36_L003	16
Foxj3	304955_S0_L001	17
Foxj3	313308_S0_L001	17
Foxj3	m313309_S193	17
Foxj3	m318978_S195	13
Foxj3	m318979_S197	16
Foxj3	m318986_S33	27
Foxj3	m329861_S198	8
Foxj3	m329865_S206	15
Foxj3	m329883_S194	21
Foxj3	m329885_S199	14
Foxj3	m334087_S35	24
Foxj3	m344001_S207	9
Foxj3	m344004_S196	17
Foxj3	m357484_S37	27
Foxj3	m357486_S34	25
Foxj3	m357488_S36	22
Foxj3	m364088_S38	29
Foxl2	2705010_S40_L003	16
Foxl2	270502_S0_L001	14
Foxl2	2781020_S37_L003	18
Foxl2	278106_S0_L001	11
Foxl2	2781080_S30_L003	25
Foxl2	2781090_S41_L003	14
Foxl2	2792010_S0_L001	17
Foxl2	2792020_S32_L003	21
Foxl2	2792040_S0_L001	11
Foxl2	2811610_S33_L003	11
Foxl2	2811630_S35_L003	28
Foxl2	2858490_S0_L001	13
Foxl2	2858800_S38_L003	14
Foxl2	2858810_S31_L003	21
Foxl2	3013500_S34_L003	16
Foxl2	3049380_S0_L001	12
Foxl2	3049400_S39_L003	18
Foxl2	3049430_S42_L003	15
Foxl2	304944_S0_L001	10
Foxl2	3049450_S36_L003	18
Foxl2	304955_S0_L001	15
Foxl2	313308_S0_L001	21
Foxl2	m313309_S193	19
Foxl2	m318978_S195	12
Foxl2	m318979_S197	18
Foxl2	m318986_S33	24
Foxl2	m329861_S198	10
Foxl2	m329865_S206	13
Foxl2	m329883_S194	13
Foxl2	m329885_S199	15
Foxl2	m334087_S35	25
Foxl2	m344001_S207	13
Foxl2	m344004_S196	20
Foxl2	m357484_S37	22
Foxl2	m357486_S34	30
Foxl2	m357488_S36	24
Foxl2	m364088_S38	27
Foxo1	2705010_S40_L003	19
Foxo1	270502_S0_L001	27
Foxo1	2781020_S37_L003	31
Foxo1	278106_S0_L001	26
Foxo1	2781080_S30_L003	24
Foxo1	2781090_S41_L003	25
Foxo1	2792010_S0_L001	33
Foxo1	2792020_S32_L003	33
Foxo1	2792040_S0_L001	34
Foxo1	2811610_S33_L003	24
Foxo1	2811630_S35_L003	37
Foxo1	2858490_S0_L001	20
Foxo1	2858800_S38_L003	23
Foxo1	2858810_S31_L003	33
Foxo1	3013500_S34_L003	19
Foxo1	3049380_S0_L001	25
Foxo1	3049400_S39_L003	24
Foxo1	3049430_S42_L003	27
Foxo1	304944_S0_L001	21
Foxo1	3049450_S36_L003	23
Foxo1	304955_S0_L001	22
Foxo1	313308_S0_L001	30
Foxo1	m313309_S193	31
Foxo1	m318978_S195	31
Foxo1	m318979_S197	17
Foxo1	m318986_S33	33
Foxo1	m329861_S198	24
Foxo1	m329865_S206	32
Foxo1	m329883_S194	18
Foxo1	m329885_S199	18
Foxo1	m334087_S35	38
Foxo1	m344001_S207	23
Foxo1	m344004_S196	30
Foxo1	m357484_S37	41
Foxo1	m357486_S34	30
Foxo1	m357488_S36	25
Foxo1	m364088_S38	38
Foxq1	2705010_S40_L003	14
Foxq1	270502_S0_L001	6
Foxq1	2781020_S37_L003	14
Foxq1	278106_S0_L001	7
Foxq1	2781080_S30_L003	17
Foxq1	2781090_S41_L003	13
Foxq1	2792010_S0_L001	9
Foxq1	2792020_S32_L003	8
Foxq1	2792040_S0_L001	13
Foxq1	2811610_S33_L003	11
Foxq1	2811630_S35_L003	17
Foxq1	2858490_S0_L001	10
Foxq1	2858800_S38_L003	12
Foxq1	2858810_S31_L003	16
Foxq1	3013500_S34_L003	10
Foxq1	3049380_S0_L001	8
Foxq1	3049400_S39_L003	11
Foxq1	3049430_S42_L003	10
Foxq1	304944_S0_L001	8
Foxq1	3049450_S36_L003	8
Foxq1	304955_S0_L001	11
Foxq1	313308_S0_L001	10
Foxq1	m313309_S193	12
Foxq1	m318978_S195	9
Foxq1	m318979_S197	12
Foxq1	m318986_S33	14
Foxq1	m329861_S198	4
Foxq1	m329865_S206	12
Foxq1	m329883_S194	11
Foxq1	m329885_S199	5
Foxq1	m334087_S35	13
Foxq1	m344001_S207	12
Foxq1	m344004_S196	12
Foxq1	m357484_S37	19
Foxq1	m357486_S34	19
Foxq1	m357488_S36	21
Foxq1	m364088_S38	18
GABPA	2705010_S40_L003	42
GABPA	270502_S0_L001	50
GABPA	2781020_S37_L003	48
GABPA	278106_S0_L001	37
GABPA	2781080_S30_L003	44
GABPA	2781090_S41_L003	40
GABPA	2792010_S0_L001	49
GABPA	2792020_S32_L003	52
GABPA	2792040_S0_L001	70
GABPA	2811610_S33_L003	54
GABPA	2811630_S35_L003	42
GABPA	2858490_S0_L001	51
GABPA	2858800_S38_L003	44
GABPA	2858810_S31_L003	44
GABPA	3013500_S34_L003	35
GABPA	3049380_S0_L001	44
GABPA	3049400_S39_L003	39
GABPA	3049430_S42_L003	56
GABPA	304944_S0_L001	49
GABPA	3049450_S36_L003	44
GABPA	304955_S0_L001	48
GABPA	313308_S0_L001	53
GABPA	m313309_S193	49
GABPA	m318978_S195	64
GABPA	m318979_S197	50
GABPA	m318986_S33	44
GABPA	m329861_S198	49
GABPA	m329865_S206	47
GABPA	m329883_S194	41
GABPA	m329885_S199	39
GABPA	m334087_S35	65
GABPA	m344001_S207	48
GABPA	m344004_S196	49
GABPA	m357484_S37	60
GABPA	m357486_S34	50
GABPA	m357488_S36	51
GABPA	m364088_S38	61
GATA1	2705010_S40_L003	11
GATA1	270502_S0_L001	16
GATA1	2781020_S37_L003	14
GATA1	278106_S0_L001	13
GATA1	2781080_S30_L003	17
GATA1	2781090_S41_L003	12
GATA1	2792010_S0_L001	13
GATA1	2792020_S32_L003	16
GATA1	2792040_S0_L001	10
GATA1	2811610_S33_L003	16
GATA1	2811630_S35_L003	17
GATA1	2858490_S0_L001	16
GATA1	2858800_S38_L003	11
GATA1	2858810_S31_L003	14
GATA1	3013500_S34_L003	10
GATA1	3049380_S0_L001	7
GATA1	3049400_S39_L003	13
GATA1	3049430_S42_L003	11
GATA1	304944_S0_L001	9
GATA1	3049450_S36_L003	17
GATA1	304955_S0_L001	19
GATA1	313308_S0_L001	17
GATA1	m313309_S193	12
GATA1	m318978_S195	22
GATA1	m318979_S197	15
GATA1	m318986_S33	18
GATA1	m329861_S198	12
GATA1	m329865_S206	8
GATA1	m329883_S194	13
GATA1	m329885_S199	13
GATA1	m334087_S35	16
GATA1	m344001_S207	21
GATA1	m344004_S196	14
GATA1	m357484_S37	16
GATA1	m357486_S34	19
GATA1	m357488_S36	21
GATA1	m364088_S38	18
GATA2	2705010_S40_L003	11
GATA2	270502_S0_L001	8
GATA2	2781020_S37_L003	5
GATA2	278106_S0_L001	15
GATA2	2781080_S30_L003	11
GATA2	2781090_S41_L003	5
GATA2	2792010_S0_L001	6
GATA2	2792020_S32_L003	9
GATA2	2792040_S0_L001	11
GATA2	2811610_S33_L003	7
GATA2	2811630_S35_L003	11
GATA2	2858490_S0_L001	13
GATA2	2858800_S38_L003	5
GATA2	2858810_S31_L003	6
GATA2	3013500_S34_L003	9
GATA2	3049380_S0_L001	7
GATA2	3049400_S39_L003	9
GATA2	3049430_S42_L003	5
GATA2	304944_S0_L001	7
GATA2	3049450_S36_L003	13
GATA2	304955_S0_L001	12
GATA2	313308_S0_L001	11
GATA2	m313309_S193	7
GATA2	m318978_S195	13
GATA2	m318979_S197	8
GATA2	m318986_S33	9
GATA2	m329861_S198	6
GATA2	m329865_S206	12
GATA2	m329883_S194	5
GATA2	m329885_S199	3
GATA2	m334087_S35	15
GATA2	m344001_S207	12
GATA2	m344004_S196	11
GATA2	m357484_S37	14
GATA2	m357486_S34	13
GATA2	m357488_S36	13
GATA2	m364088_S38	13
GATA4	2705010_S40_L003	15
GATA4	270502_S0_L001	15
GATA4	2781020_S37_L003	13
GATA4	278106_S0_L001	17
GATA4	2781080_S30_L003	11
GATA4	2781090_S41_L003	7
GATA4	2792010_S0_L001	5
GATA4	2792020_S32_L003	15
GATA4	2792040_S0_L001	14
GATA4	2811610_S33_L003	11
GATA4	2811630_S35_L003	15
GATA4	2858490_S0_L001	17
GATA4	2858800_S38_L003	8
GATA4	2858810_S31_L003	8
GATA4	3013500_S34_L003	9
GATA4	3049380_S0_L001	12
GATA4	3049400_S39_L003	14
GATA4	3049430_S42_L003	10
GATA4	304944_S0_L001	4
GATA4	3049450_S36_L003	16
GATA4	304955_S0_L001	12
GATA4	313308_S0_L001	17
GATA4	m313309_S193	10
GATA4	m318978_S195	23
GATA4	m318979_S197	10
GATA4	m318986_S33	15
GATA4	m329861_S198	13
GATA4	m329865_S206	19
GATA4	m329883_S194	8
GATA4	m329885_S199	7
GATA4	m334087_S35	21
GATA4	m344001_S207	14
GATA4	m344004_S196	13
GATA4	m357484_S37	17
GATA4	m357486_S34	17
GATA4	m357488_S36	16
GATA4	m364088_S38	18
GATA5	2705010_S40_L003	11
GATA5	270502_S0_L001	7
GATA5	2781020_S37_L003	3
GATA5	278106_S0_L001	13
GATA5	2781080_S30_L003	8
GATA5	2781090_S41_L003	7
GATA5	2792010_S0_L001	5
GATA5	2792020_S32_L003	8
GATA5	2792040_S0_L001	9
GATA5	2811610_S33_L003	9
GATA5	2811630_S35_L003	10
GATA5	2858490_S0_L001	8
GATA5	2858800_S38_L003	8
GATA5	2858810_S31_L003	6
GATA5	3013500_S34_L003	7
GATA5	3049380_S0_L001	9
GATA5	3049400_S39_L003	8
GATA5	3049430_S42_L003	3
GATA5	304944_S0_L001	4
GATA5	3049450_S36_L003	5
GATA5	304955_S0_L001	9
GATA5	313308_S0_L001	10
GATA5	m313309_S193	7
GATA5	m318978_S195	12
GATA5	m318979_S197	5
GATA5	m318986_S33	6
GATA5	m329861_S198	6
GATA5	m329865_S206	9
GATA5	m329883_S194	6
GATA5	m329885_S199	5
GATA5	m334087_S35	10
GATA5	m344001_S207	9
GATA5	m344004_S196	8
GATA5	m357484_S37	14
GATA5	m357486_S34	8
GATA5	m357488_S36	9
GATA5	m364088_S38	11
GATA6	2705010_S40_L003	10
GATA6	270502_S0_L001	6
GATA6	2781020_S37_L003	6
GATA6	278106_S0_L001	6
GATA6	2781080_S30_L003	5
GATA6	2781090_S41_L003	4
GATA6	2792010_S0_L001	5
GATA6	2792020_S32_L003	7
GATA6	2792040_S0_L001	10
GATA6	2811610_S33_L003	5
GATA6	2811630_S35_L003	10
GATA6	2858490_S0_L001	8
GATA6	2858800_S38_L003	4
GATA6	2858810_S31_L003	5
GATA6	3013500_S34_L003	7
GATA6	3049380_S0_L001	6
GATA6	3049400_S39_L003	8
GATA6	3049430_S42_L003	5
GATA6	304944_S0_L001	4
GATA6	3049450_S36_L003	8
GATA6	304955_S0_L001	10
GATA6	313308_S0_L001	12
GATA6	m313309_S193	6
GATA6	m318978_S195	10
GATA6	m318979_S197	4
GATA6	m318986_S33	11
GATA6	m329861_S198	4
GATA6	m329865_S206	10
GATA6	m329883_S194	6
GATA6	m329885_S199	3
GATA6	m334087_S35	12
GATA6	m344001_S207	6
GATA6	m344004_S196	13
GATA6	m357484_S37	11
GATA6	m357486_S34	16
GATA6	m357488_S36	14
GATA6	m364088_S38	17
GBX1	2705010_S40_L003	6
GBX1	270502_S0_L001	3
GBX1	2781020_S37_L003	8
GBX1	278106_S0_L001	2
GBX1	2781080_S30_L003	4
GBX1	2781090_S41_L003	5
GBX1	2792010_S0_L001	7
GBX1	2792020_S32_L003	1
GBX1	2792040_S0_L001	5
GBX1	2811610_S33_L003	6
GBX1	2811630_S35_L003	4
GBX1	2858490_S0_L001	8
GBX1	2858800_S38_L003	6
GBX1	2858810_S31_L003	4
GBX1	3013500_S34_L003	2
GBX1	3049380_S0_L001	6
GBX1	3049400_S39_L003	4
GBX1	3049430_S42_L003	8
GBX1	304944_S0_L001	4
GBX1	3049450_S36_L003	6
GBX1	304955_S0_L001	5
GBX1	313308_S0_L001	9
GBX1	m313309_S193	7
GBX1	m318978_S195	5
GBX1	m318979_S197	2
GBX1	m318986_S33	5
GBX1	m329861_S198	9
GBX1	m329865_S206	6
GBX1	m329883_S194	5
GBX1	m329885_S199	4
GBX1	m334087_S35	5
GBX1	m344001_S207	7
GBX1	m344004_S196	8
GBX1	m357484_S37	6
GBX1	m357486_S34	8
GBX1	m357488_S36	6
GBX1	m364088_S38	9
GBX2	2705010_S40_L003	7
GBX2	270502_S0_L001	6
GBX2	2781020_S37_L003	10
GBX2	278106_S0_L001	4
GBX2	2781080_S30_L003	6
GBX2	2781090_S41_L003	11
GBX2	2792010_S0_L001	8
GBX2	2792020_S32_L003	3
GBX2	2792040_S0_L001	6
GBX2	2811610_S33_L003	6
GBX2	2811630_S35_L003	6
GBX2	2858490_S0_L001	12
GBX2	2858800_S38_L003	9
GBX2	2858810_S31_L003	11
GBX2	3013500_S34_L003	8
GBX2	3049380_S0_L001	10
GBX2	3049400_S39_L003	6
GBX2	3049430_S42_L003	11
GBX2	304944_S0_L001	3
GBX2	3049450_S36_L003	7
GBX2	304955_S0_L001	9
GBX2	313308_S0_L001	10
GBX2	m313309_S193	10
GBX2	m318978_S195	7
GBX2	m318979_S197	5
GBX2	m318986_S33	10
GBX2	m329861_S198	7
GBX2	m329865_S206	9
GBX2	m329883_S194	4
GBX2	m329885_S199	5
GBX2	m334087_S35	10
GBX2	m344001_S207	7
GBX2	m344004_S196	5
GBX2	m357484_S37	11
GBX2	m357486_S34	7
GBX2	m357488_S36	9
GBX2	m364088_S38	11
GCM1	2705010_S40_L003	17
GCM1	270502_S0_L001	20
GCM1	2781020_S37_L003	12
GCM1	278106_S0_L001	11
GCM1	2781080_S30_L003	20
GCM1	2781090_S41_L003	14
GCM1	2792010_S0_L001	10
GCM1	2792020_S32_L003	13
GCM1	2792040_S0_L001	12
GCM1	2811610_S33_L003	13
GCM1	2811630_S35_L003	10
GCM1	2858490_S0_L001	17
GCM1	2858800_S38_L003	15
GCM1	2858810_S31_L003	14
GCM1	3013500_S34_L003	14
GCM1	3049380_S0_L001	18
GCM1	3049400_S39_L003	16
GCM1	3049430_S42_L003	10
GCM1	304944_S0_L001	15
GCM1	3049450_S36_L003	17
GCM1	304955_S0_L001	20
GCM1	313308_S0_L001	21
GCM1	m313309_S193	15
GCM1	m318978_S195	16
GCM1	m318979_S197	15
GCM1	m318986_S33	17
GCM1	m329861_S198	12
GCM1	m329865_S206	21
GCM1	m329883_S194	13
GCM1	m329885_S199	20
GCM1	m334087_S35	13
GCM1	m344001_S207	13
GCM1	m344004_S196	20
GCM1	m357484_S37	22
GCM1	m357486_S34	15
GCM1	m357488_S36	20
GCM1	m364088_S38	22
GCM2	2705010_S40_L003	15
GCM2	270502_S0_L001	10
GCM2	2781020_S37_L003	6
GCM2	278106_S0_L001	16
GCM2	2781080_S30_L003	22
GCM2	2781090_S41_L003	16
GCM2	2792010_S0_L001	10
GCM2	2792020_S32_L003	13
GCM2	2792040_S0_L001	11
GCM2	2811610_S33_L003	10
GCM2	2811630_S35_L003	9
GCM2	2858490_S0_L001	12
GCM2	2858800_S38_L003	15
GCM2	2858810_S31_L003	9
GCM2	3013500_S34_L003	10
GCM2	3049380_S0_L001	8
GCM2	3049400_S39_L003	5
GCM2	3049430_S42_L003	7
GCM2	304944_S0_L001	11
GCM2	3049450_S36_L003	16
GCM2	304955_S0_L001	15
GCM2	313308_S0_L001	17
GCM2	m313309_S193	9
GCM2	m318978_S195	10
GCM2	m318979_S197	13
GCM2	m318986_S33	12
GCM2	m329861_S198	13
GCM2	m329865_S206	12
GCM2	m329883_S194	8
GCM2	m329885_S199	13
GCM2	m334087_S35	11
GCM2	m344001_S207	9
GCM2	m344004_S196	12
GCM2	m357484_S37	18
GCM2	m357486_S34	17
GCM2	m357488_S36	13
GCM2	m364088_S38	22
GFI1	2705010_S40_L003	11
GFI1	270502_S0_L001	8
GFI1	2781020_S37_L003	13
GFI1	278106_S0_L001	10
GFI1	2781080_S30_L003	11
GFI1	2781090_S41_L003	6
GFI1	2792010_S0_L001	9
GFI1	2792020_S32_L003	14
GFI1	2792040_S0_L001	10
GFI1	2811610_S33_L003	9
GFI1	2811630_S35_L003	7
GFI1	2858490_S0_L001	8
GFI1	2858800_S38_L003	8
GFI1	2858810_S31_L003	7
GFI1	3013500_S34_L003	15
GFI1	3049380_S0_L001	9
GFI1	3049400_S39_L003	10
GFI1	3049430_S42_L003	12
GFI1	304944_S0_L001	13
GFI1	3049450_S36_L003	9
GFI1	304955_S0_L001	7
GFI1	313308_S0_L001	16
GFI1	m313309_S193	11
GFI1	m318978_S195	13
GFI1	m318979_S197	11
GFI1	m318986_S33	9
GFI1	m329861_S198	11
GFI1	m329865_S206	10
GFI1	m329883_S194	3
GFI1	m329885_S199	11
GFI1	m334087_S35	16
GFI1	m344001_S207	12
GFI1	m344004_S196	9
GFI1	m357484_S37	22
GFI1	m357486_S34	15
GFI1	m357488_S36	10
GFI1	m364088_S38	16
GLI2	2705010_S40_L003	14
GLI2	270502_S0_L001	10
GLI2	2781020_S37_L003	12
GLI2	278106_S0_L001	12
GLI2	2781080_S30_L003	7
GLI2	2781090_S41_L003	16
GLI2	2792010_S0_L001	18
GLI2	2792020_S32_L003	13
GLI2	2792040_S0_L001	7
GLI2	2811610_S33_L003	19
GLI2	2811630_S35_L003	11
GLI2	2858490_S0_L001	15
GLI2	2858800_S38_L003	8
GLI2	2858810_S31_L003	6
GLI2	3013500_S34_L003	16
GLI2	3049380_S0_L001	10
GLI2	3049400_S39_L003	10
GLI2	3049430_S42_L003	15
GLI2	304944_S0_L001	6
GLI2	3049450_S36_L003	12
GLI2	304955_S0_L001	12
GLI2	313308_S0_L001	18
GLI2	m313309_S193	14
GLI2	m318978_S195	10
GLI2	m318979_S197	8
GLI2	m318986_S33	17
GLI2	m329861_S198	12
GLI2	m329865_S206	15
GLI2	m329883_S194	8
GLI2	m329885_S199	14
GLI2	m334087_S35	18
GLI2	m344001_S207	14
GLI2	m344004_S196	10
GLI2	m357484_S37	18
GLI2	m357486_S34	20
GLI2	m357488_S36	15
GLI2	m364088_S38	11
GLI3	2705010_S40_L003	22
GLI3	270502_S0_L001	14
GLI3	2781020_S37_L003	15
GLI3	278106_S0_L001	27
GLI3	2781080_S30_L003	18
GLI3	2781090_S41_L003	21
GLI3	2792010_S0_L001	28
GLI3	2792020_S32_L003	16
GLI3	2792040_S0_L001	15
GLI3	2811610_S33_L003	27
GLI3	2811630_S35_L003	22
GLI3	2858490_S0_L001	21
GLI3	2858800_S38_L003	14
GLI3	2858810_S31_L003	12
GLI3	3013500_S34_L003	18
GLI3	3049380_S0_L001	22
GLI3	3049400_S39_L003	15
GLI3	3049430_S42_L003	19
GLI3	304944_S0_L001	12
GLI3	3049450_S36_L003	20
GLI3	304955_S0_L001	24
GLI3	313308_S0_L001	30
GLI3	m313309_S193	24
GLI3	m318978_S195	18
GLI3	m318979_S197	18
GLI3	m318986_S33	25
GLI3	m329861_S198	31
GLI3	m329865_S206	24
GLI3	m329883_S194	14
GLI3	m329885_S199	20
GLI3	m334087_S35	24
GLI3	m344001_S207	15
GLI3	m344004_S196	25
GLI3	m357484_S37	31
GLI3	m357486_S34	32
GLI3	m357488_S36	18
GLI3	m364088_S38	24
GLIS1	2792010_S0_L001	1
GLIS1	313308_S0_L001	1
GLIS1	m318986_S33	1
GLIS1	m329861_S198	1
GLIS1	m357484_S37	1
GLIS2	2705010_S40_L003	9
GLIS2	270502_S0_L001	18
GLIS2	2781020_S37_L003	13
GLIS2	278106_S0_L001	18
GLIS2	2781080_S30_L003	13
GLIS2	2781090_S41_L003	11
GLIS2	2792010_S0_L001	15
GLIS2	2792020_S32_L003	7
GLIS2	2792040_S0_L001	10
GLIS2	2811610_S33_L003	12
GLIS2	2811630_S35_L003	11
GLIS2	2858490_S0_L001	5
GLIS2	2858800_S38_L003	10
GLIS2	2858810_S31_L003	14
GLIS2	3013500_S34_L003	9
GLIS2	3049380_S0_L001	16
GLIS2	3049400_S39_L003	11
GLIS2	3049430_S42_L003	17
GLIS2	304944_S0_L001	14
GLIS2	3049450_S36_L003	12
GLIS2	304955_S0_L001	17
GLIS2	313308_S0_L001	21
GLIS2	m313309_S193	14
GLIS2	m318978_S195	16
GLIS2	m318979_S197	10
GLIS2	m318986_S33	13
GLIS2	m329861_S198	19
GLIS2	m329865_S206	12
GLIS2	m329883_S194	4
GLIS2	m329885_S199	14
GLIS2	m334087_S35	17
GLIS2	m344001_S207	14
GLIS2	m344004_S196	18
GLIS2	m357484_S37	24
GLIS2	m357486_S34	16
GLIS2	m357488_S36	17
GLIS2	m364088_S38	17
GLIS3	270502_S0_L001	3
GLIS3	2781020_S37_L003	2
GLIS3	278106_S0_L001	4
GLIS3	2781080_S30_L003	2
GLIS3	2781090_S41_L003	4
GLIS3	2792010_S0_L001	2
GLIS3	2792020_S32_L003	1
GLIS3	2792040_S0_L001	2
GLIS3	2811610_S33_L003	4
GLIS3	2811630_S35_L003	1
GLIS3	2858490_S0_L001	2
GLIS3	2858800_S38_L003	1
GLIS3	2858810_S31_L003	3
GLIS3	3013500_S34_L003	3
GLIS3	3049380_S0_L001	2
GLIS3	3049400_S39_L003	1
GLIS3	3049430_S42_L003	2
GLIS3	304944_S0_L001	3
GLIS3	3049450_S36_L003	2
GLIS3	304955_S0_L001	1
GLIS3	313308_S0_L001	3
GLIS3	m313309_S193	6
GLIS3	m318978_S195	4
GLIS3	m318979_S197	1
GLIS3	m318986_S33	2
GLIS3	m329861_S198	3
GLIS3	m329865_S206	1
GLIS3	m329883_S194	1
GLIS3	m334087_S35	5
GLIS3	m344001_S207	2
GLIS3	m344004_S196	1
GLIS3	m357484_S37	6
GLIS3	m357486_S34	3
GLIS3	m357488_S36	2
GLIS3	m364088_S38	3
GRHL1	2705010_S40_L003	8
GRHL1	270502_S0_L001	10
GRHL1	2781020_S37_L003	8
GRHL1	278106_S0_L001	9
GRHL1	2781080_S30_L003	8
GRHL1	2781090_S41_L003	5
GRHL1	2792010_S0_L001	3
GRHL1	2792020_S32_L003	7
GRHL1	2792040_S0_L001	9
GRHL1	2811610_S33_L003	7
GRHL1	2811630_S35_L003	6
GRHL1	2858490_S0_L001	5
GRHL1	2858800_S38_L003	7
GRHL1	2858810_S31_L003	10
GRHL1	3013500_S34_L003	8
GRHL1	3049380_S0_L001	5
GRHL1	3049400_S39_L003	2
GRHL1	3049430_S42_L003	7
GRHL1	304944_S0_L001	4
GRHL1	3049450_S36_L003	9
GRHL1	304955_S0_L001	5
GRHL1	313308_S0_L001	4
GRHL1	m313309_S193	4
GRHL1	m318978_S195	10
GRHL1	m318979_S197	5
GRHL1	m318986_S33	8
GRHL1	m329861_S198	6
GRHL1	m329865_S206	7
GRHL1	m329883_S194	6
GRHL1	m329885_S199	6
GRHL1	m334087_S35	6
GRHL1	m344001_S207	8
GRHL1	m344004_S196	8
GRHL1	m357484_S37	14
GRHL1	m357486_S34	7
GRHL1	m357488_S36	6
GRHL1	m364088_S38	9
GRHL2	2705010_S40_L003	12
GRHL2	270502_S0_L001	24
GRHL2	2781020_S37_L003	12
GRHL2	278106_S0_L001	18
GRHL2	2781080_S30_L003	19
GRHL2	2781090_S41_L003	23
GRHL2	2792010_S0_L001	7
GRHL2	2792020_S32_L003	15
GRHL2	2792040_S0_L001	27
GRHL2	2811610_S33_L003	14
GRHL2	2811630_S35_L003	18
GRHL2	2858490_S0_L001	19
GRHL2	2858800_S38_L003	16
GRHL2	2858810_S31_L003	18
GRHL2	3013500_S34_L003	18
GRHL2	3049380_S0_L001	14
GRHL2	3049400_S39_L003	11
GRHL2	3049430_S42_L003	19
GRHL2	304944_S0_L001	15
GRHL2	3049450_S36_L003	28
GRHL2	304955_S0_L001	15
GRHL2	313308_S0_L001	16
GRHL2	m313309_S193	19
GRHL2	m318978_S195	24
GRHL2	m318979_S197	14
GRHL2	m318986_S33	18
GRHL2	m329861_S198	24
GRHL2	m329865_S206	18
GRHL2	m329883_S194	12
GRHL2	m329885_S199	21
GRHL2	m334087_S35	13
GRHL2	m344001_S207	19
GRHL2	m344004_S196	16
GRHL2	m357484_S37	26
GRHL2	m357486_S34	22
GRHL2	m357488_S36	14
GRHL2	m364088_S38	20
GSC	2705010_S40_L003	7
GSC	270502_S0_L001	9
GSC	2781020_S37_L003	8
GSC	278106_S0_L001	11
GSC	2781080_S30_L003	5
GSC	2781090_S41_L003	7
GSC	2792010_S0_L001	7
GSC	2792020_S32_L003	5
GSC	2792040_S0_L001	8
GSC	2811610_S33_L003	5
GSC	2811630_S35_L003	4
GSC	2858490_S0_L001	8
GSC	2858800_S38_L003	7
GSC	2858810_S31_L003	10
GSC	3013500_S34_L003	7
GSC	3049380_S0_L001	10
GSC	3049400_S39_L003	6
GSC	3049430_S42_L003	9
GSC	304944_S0_L001	6
GSC	3049450_S36_L003	4
GSC	304955_S0_L001	8
GSC	313308_S0_L001	5
GSC	m313309_S193	4
GSC	m318978_S195	9
GSC	m318979_S197	8
GSC	m318986_S33	9
GSC	m329861_S198	9
GSC	m329865_S206	7
GSC	m329883_S194	6
GSC	m329885_S199	10
GSC	m334087_S35	9
GSC	m344001_S207	7
GSC	m344004_S196	6
GSC	m357484_S37	9
GSC	m357486_S34	18
GSC	m357488_S36	14
GSC	m364088_S38	11
GSC2	2705010_S40_L003	9
GSC2	270502_S0_L001	7
GSC2	2781020_S37_L003	9
GSC2	278106_S0_L001	10
GSC2	2781080_S30_L003	6
GSC2	2781090_S41_L003	6
GSC2	2792010_S0_L001	6
GSC2	2792020_S32_L003	4
GSC2	2792040_S0_L001	10
GSC2	2811610_S33_L003	4
GSC2	2811630_S35_L003	4
GSC2	2858490_S0_L001	5
GSC2	2858800_S38_L003	6
GSC2	2858810_S31_L003	8
GSC2	3013500_S34_L003	6
GSC2	3049380_S0_L001	8
GSC2	3049400_S39_L003	7
GSC2	3049430_S42_L003	7
GSC2	304944_S0_L001	7
GSC2	3049450_S36_L003	4
GSC2	304955_S0_L001	7
GSC2	313308_S0_L001	5
GSC2	m313309_S193	4
GSC2	m318978_S195	6
GSC2	m318979_S197	4
GSC2	m318986_S33	9
GSC2	m329861_S198	9
GSC2	m329865_S206	4
GSC2	m329883_S194	2
GSC2	m329885_S199	9
GSC2	m334087_S35	9
GSC2	m344001_S207	4
GSC2	m344004_S196	6
GSC2	m357484_S37	9
GSC2	m357486_S34	18
GSC2	m357488_S36	14
GSC2	m364088_S38	9
GSX1	2705010_S40_L003	5
GSX1	270502_S0_L001	3
GSX1	2781020_S37_L003	7
GSX1	278106_S0_L001	4
GSX1	2781080_S30_L003	4
GSX1	2781090_S41_L003	4
GSX1	2792010_S0_L001	5
GSX1	2792020_S32_L003	3
GSX1	2792040_S0_L001	5
GSX1	2811610_S33_L003	7
GSX1	2811630_S35_L003	7
GSX1	2858490_S0_L001	7
GSX1	2858800_S38_L003	4
GSX1	2858810_S31_L003	5
GSX1	3013500_S34_L003	3
GSX1	3049380_S0_L001	4
GSX1	3049400_S39_L003	4
GSX1	3049430_S42_L003	7
GSX1	304944_S0_L001	4
GSX1	3049450_S36_L003	6
GSX1	304955_S0_L001	6
GSX1	313308_S0_L001	11
GSX1	m313309_S193	6
GSX1	m318978_S195	7
GSX1	m318979_S197	6
GSX1	m318986_S33	8
GSX1	m329861_S198	3
GSX1	m329865_S206	10
GSX1	m329883_S194	4
GSX1	m329885_S199	2
GSX1	m334087_S35	6
GSX1	m344001_S207	8
GSX1	m344004_S196	3
GSX1	m357484_S37	8
GSX1	m357486_S34	6
GSX1	m357488_S36	5
GSX1	m364088_S38	9
Gfi1b	2705010_S40_L003	21
Gfi1b	270502_S0_L001	22
Gfi1b	2781020_S37_L003	21
Gfi1b	278106_S0_L001	34
Gfi1b	2781080_S30_L003	17
Gfi1b	2781090_S41_L003	16
Gfi1b	2792010_S0_L001	22
Gfi1b	2792020_S32_L003	26
Gfi1b	2792040_S0_L001	23
Gfi1b	2811610_S33_L003	20
Gfi1b	2811630_S35_L003	18
Gfi1b	2858490_S0_L001	20
Gfi1b	2858800_S38_L003	13
Gfi1b	2858810_S31_L003	26
Gfi1b	3013500_S34_L003	24
Gfi1b	3049380_S0_L001	24
Gfi1b	3049400_S39_L003	17
Gfi1b	3049430_S42_L003	26
Gfi1b	304944_S0_L001	22
Gfi1b	3049450_S36_L003	24
Gfi1b	304955_S0_L001	22
Gfi1b	313308_S0_L001	33
Gfi1b	m313309_S193	24
Gfi1b	m318978_S195	22
Gfi1b	m318979_S197	27
Gfi1b	m318986_S33	19
Gfi1b	m329861_S198	22
Gfi1b	m329865_S206	23
Gfi1b	m329883_S194	10
Gfi1b	m329885_S199	24
Gfi1b	m334087_S35	21
Gfi1b	m344001_S207	18
Gfi1b	m344004_S196	20
Gfi1b	m357484_S37	27
Gfi1b	m357486_S34	30
Gfi1b	m357488_S36	26
Gfi1b	m364088_S38	34
Gmeb1	2705010_S40_L003	4
Gmeb1	270502_S0_L001	5
Gmeb1	2781020_S37_L003	4
Gmeb1	278106_S0_L001	2
Gmeb1	2781080_S30_L003	7
Gmeb1	2781090_S41_L003	3
Gmeb1	2792010_S0_L001	5
Gmeb1	2792020_S32_L003	5
Gmeb1	2792040_S0_L001	2
Gmeb1	2811610_S33_L003	5
Gmeb1	2811630_S35_L003	2
Gmeb1	2858490_S0_L001	9
Gmeb1	2858800_S38_L003	4
Gmeb1	2858810_S31_L003	4
Gmeb1	3013500_S34_L003	2
Gmeb1	3049380_S0_L001	3
Gmeb1	3049400_S39_L003	1
Gmeb1	3049430_S42_L003	5
Gmeb1	304944_S0_L001	3
Gmeb1	3049450_S36_L003	6
Gmeb1	304955_S0_L001	4
Gmeb1	313308_S0_L001	7
Gmeb1	m313309_S193	1
Gmeb1	m318978_S195	3
Gmeb1	m318979_S197	1
Gmeb1	m318986_S33	5
Gmeb1	m329861_S198	7
Gmeb1	m329865_S206	3
Gmeb1	m329883_S194	2
Gmeb1	m329885_S199	4
Gmeb1	m334087_S35	4
Gmeb1	m344001_S207	3
Gmeb1	m344004_S196	3
Gmeb1	m357484_S37	4
Gmeb1	m357486_S34	4
Gmeb1	m357488_S36	4
Gmeb1	m364088_S38	7
HAND2	2705010_S40_L003	41
HAND2	270502_S0_L001	47
HAND2	2781020_S37_L003	35
HAND2	278106_S0_L001	37
HAND2	2781080_S30_L003	34
HAND2	2781090_S41_L003	37
HAND2	2792010_S0_L001	34
HAND2	2792020_S32_L003	36
HAND2	2792040_S0_L001	34
HAND2	2811610_S33_L003	36
HAND2	2811630_S35_L003	38
HAND2	2858490_S0_L001	27
HAND2	2858800_S38_L003	44
HAND2	2858810_S31_L003	31
HAND2	3013500_S34_L003	30
HAND2	3049380_S0_L001	25
HAND2	3049400_S39_L003	43
HAND2	3049430_S42_L003	32
HAND2	304944_S0_L001	33
HAND2	3049450_S36_L003	28
HAND2	304955_S0_L001	30
HAND2	313308_S0_L001	30
HAND2	m313309_S193	38
HAND2	m318978_S195	36
HAND2	m318979_S197	34
HAND2	m318986_S33	43
HAND2	m329861_S198	39
HAND2	m329865_S206	51
HAND2	m329883_S194	25
HAND2	m329885_S199	40
HAND2	m334087_S35	56
HAND2	m344001_S207	36
HAND2	m344004_S196	39
HAND2	m357484_S37	45
HAND2	m357486_S34	43
HAND2	m357488_S36	51
HAND2	m364088_S38	42
HES1	2705010_S40_L003	36
HES1	270502_S0_L001	52
HES1	2781020_S37_L003	48
HES1	278106_S0_L001	55
HES1	2781080_S30_L003	44
HES1	2781090_S41_L003	42
HES1	2792010_S0_L001	36
HES1	2792020_S32_L003	46
HES1	2792040_S0_L001	44
HES1	2811610_S33_L003	43
HES1	2811630_S35_L003	40
HES1	2858490_S0_L001	45
HES1	2858800_S38_L003	42
HES1	2858810_S31_L003	40
HES1	3013500_S34_L003	35
HES1	3049380_S0_L001	37
HES1	3049400_S39_L003	44
HES1	3049430_S42_L003	38
HES1	304944_S0_L001	46
HES1	3049450_S36_L003	51
HES1	304955_S0_L001	42
HES1	313308_S0_L001	51
HES1	m313309_S193	49
HES1	m318978_S195	47
HES1	m318979_S197	40
HES1	m318986_S33	51
HES1	m329861_S198	40
HES1	m329865_S206	50
HES1	m329883_S194	25
HES1	m329885_S199	43
HES1	m334087_S35	60
HES1	m344001_S207	40
HES1	m344004_S196	43
HES1	m357484_S37	55
HES1	m357486_S34	55
HES1	m357488_S36	51
HES1	m364088_S38	52
HES2	2705010_S40_L003	28
HES2	270502_S0_L001	30
HES2	2781020_S37_L003	34
HES2	278106_S0_L001	41
HES2	2781080_S30_L003	27
HES2	2781090_S41_L003	27
HES2	2792010_S0_L001	24
HES2	2792020_S32_L003	27
HES2	2792040_S0_L001	26
HES2	2811610_S33_L003	24
HES2	2811630_S35_L003	24
HES2	2858490_S0_L001	26
HES2	2858800_S38_L003	20
HES2	2858810_S31_L003	19
HES2	3013500_S34_L003	23
HES2	3049380_S0_L001	24
HES2	3049400_S39_L003	27
HES2	3049430_S42_L003	22
HES2	304944_S0_L001	25
HES2	3049450_S36_L003	26
HES2	304955_S0_L001	23
HES2	313308_S0_L001	33
HES2	m313309_S193	27
HES2	m318978_S195	30
HES2	m318979_S197	28
HES2	m318986_S33	34
HES2	m329861_S198	21
HES2	m329865_S206	28
HES2	m329883_S194	13
HES2	m329885_S199	23
HES2	m334087_S35	39
HES2	m344001_S207	23
HES2	m344004_S196	31
HES2	m357484_S37	30
HES2	m357486_S34	28
HES2	m357488_S36	37
HES2	m364088_S38	28
HES5	2705010_S40_L003	2
HES5	270502_S0_L001	4
HES5	2781020_S37_L003	3
HES5	278106_S0_L001	6
HES5	2781080_S30_L003	3
HES5	2781090_S41_L003	4
HES5	2792020_S32_L003	3
HES5	2792040_S0_L001	4
HES5	2811610_S33_L003	1
HES5	2811630_S35_L003	1
HES5	2858490_S0_L001	4
HES5	2858800_S38_L003	3
HES5	2858810_S31_L003	2
HES5	3013500_S34_L003	4
HES5	3049380_S0_L001	4
HES5	3049400_S39_L003	6
HES5	3049430_S42_L003	1
HES5	304944_S0_L001	3
HES5	3049450_S36_L003	4
HES5	304955_S0_L001	3
HES5	313308_S0_L001	3
HES5	m313309_S193	3
HES5	m318978_S195	7
HES5	m318979_S197	5
HES5	m318986_S33	5
HES5	m329861_S198	1
HES5	m329865_S206	1
HES5	m329883_S194	2
HES5	m329885_S199	2
HES5	m334087_S35	3
HES5	m344001_S207	5
HES5	m344004_S196	2
HES5	m357484_S37	2
HES5	m357486_S34	3
HES5	m357488_S36	5
HES5	m364088_S38	4
HES6	2705010_S40_L003	11
HES6	270502_S0_L001	19
HES6	2781020_S37_L003	9
HES6	278106_S0_L001	19
HES6	2781080_S30_L003	14
HES6	2781090_S41_L003	15
HES6	2792010_S0_L001	10
HES6	2792020_S32_L003	13
HES6	2792040_S0_L001	18
HES6	2811610_S33_L003	14
HES6	2811630_S35_L003	12
HES6	2858490_S0_L001	15
HES6	2858800_S38_L003	9
HES6	2858810_S31_L003	9
HES6	3013500_S34_L003	9
HES6	3049380_S0_L001	17
HES6	3049400_S39_L003	11
HES6	3049430_S42_L003	6
HES6	304944_S0_L001	12
HES6	3049450_S36_L003	13
HES6	304955_S0_L001	10
HES6	313308_S0_L001	21
HES6	m313309_S193	9
HES6	m318978_S195	13
HES6	m318979_S197	11
HES6	m318986_S33	15
HES6	m329861_S198	13
HES6	m329865_S206	15
HES6	m329883_S194	8
HES6	m329885_S199	12
HES6	m334087_S35	18
HES6	m344001_S207	9
HES6	m344004_S196	14
HES6	m357484_S37	15
HES6	m357486_S34	21
HES6	m357488_S36	14
HES6	m364088_S38	15
HES7	2705010_S40_L003	5
HES7	270502_S0_L001	5
HES7	2781020_S37_L003	4
HES7	278106_S0_L001	6
HES7	2781080_S30_L003	4
HES7	2781090_S41_L003	5
HES7	2792010_S0_L001	2
HES7	2792020_S32_L003	2
HES7	2792040_S0_L001	5
HES7	2811610_S33_L003	2
HES7	2811630_S35_L003	2
HES7	2858490_S0_L001	4
HES7	2858800_S38_L003	2
HES7	2858810_S31_L003	3
HES7	3013500_S34_L003	6
HES7	3049380_S0_L001	6
HES7	3049400_S39_L003	7
HES7	3049430_S42_L003	1
HES7	304944_S0_L001	3
HES7	3049450_S36_L003	5
HES7	304955_S0_L001	2
HES7	313308_S0_L001	5
HES7	m313309_S193	2
HES7	m318978_S195	7
HES7	m318979_S197	4
HES7	m318986_S33	6
HES7	m329861_S198	1
HES7	m329865_S206	2
HES7	m329883_S194	3
HES7	m329885_S199	3
HES7	m334087_S35	5
HES7	m344001_S207	6
HES7	m344004_S196	4
HES7	m357484_S37	3
HES7	m357486_S34	3
HES7	m357488_S36	5
HES7	m364088_S38	7
HESX1	2705010_S40_L003	8
HESX1	270502_S0_L001	4
HESX1	2781020_S37_L003	7
HESX1	278106_S0_L001	3
HESX1	2781080_S30_L003	6
HESX1	2781090_S41_L003	4
HESX1	2792010_S0_L001	8
HESX1	2792020_S32_L003	2
HESX1	2792040_S0_L001	5
HESX1	2811610_S33_L003	3
HESX1	2811630_S35_L003	6
HESX1	2858490_S0_L001	8
HESX1	2858800_S38_L003	8
HESX1	2858810_S31_L003	7
HESX1	3013500_S34_L003	6
HESX1	3049380_S0_L001	6
HESX1	3049400_S39_L003	4
HESX1	3049430_S42_L003	7
HESX1	304944_S0_L001	2
HESX1	3049450_S36_L003	7
HESX1	304955_S0_L001	5
HESX1	313308_S0_L001	9
HESX1	m313309_S193	9
HESX1	m318978_S195	6
HESX1	m318979_S197	2
HESX1	m318986_S33	6
HESX1	m329861_S198	3
HESX1	m329865_S206	8
HESX1	m329883_S194	5
HESX1	m329885_S199	5
HESX1	m334087_S35	9
HESX1	m344001_S207	7
HESX1	m344004_S196	3
HESX1	m357484_S37	10
HESX1	m357486_S34	8
HESX1	m357488_S36	8
HESX1	m364088_S38	9
HEY1	2705010_S40_L003	18
HEY1	270502_S0_L001	28
HEY1	2781020_S37_L003	22
HEY1	278106_S0_L001	26
HEY1	2781080_S30_L003	17
HEY1	2781090_S41_L003	22
HEY1	2792010_S0_L001	13
HEY1	2792020_S32_L003	23
HEY1	2792040_S0_L001	19
HEY1	2811610_S33_L003	20
HEY1	2811630_S35_L003	16
HEY1	2858490_S0_L001	18
HEY1	2858800_S38_L003	13
HEY1	2858810_S31_L003	12
HEY1	3013500_S34_L003	18
HEY1	3049380_S0_L001	21
HEY1	3049400_S39_L003	18
HEY1	3049430_S42_L003	15
HEY1	304944_S0_L001	17
HEY1	3049450_S36_L003	19
HEY1	304955_S0_L001	19
HEY1	313308_S0_L001	27
HEY1	m313309_S193	19
HEY1	m318978_S195	17
HEY1	m318979_S197	21
HEY1	m318986_S33	24
HEY1	m329861_S198	9
HEY1	m329865_S206	22
HEY1	m329883_S194	10
HEY1	m329885_S199	13
HEY1	m334087_S35	26
HEY1	m344001_S207	20
HEY1	m344004_S196	21
HEY1	m357484_S37	20
HEY1	m357486_S34	23
HEY1	m357488_S36	26
HEY1	m364088_S38	22
HEY2	2705010_S40_L003	22
HEY2	270502_S0_L001	28
HEY2	2781020_S37_L003	27
HEY2	278106_S0_L001	35
HEY2	2781080_S30_L003	21
HEY2	2781090_S41_L003	28
HEY2	2792010_S0_L001	20
HEY2	2792020_S32_L003	22
HEY2	2792040_S0_L001	26
HEY2	2811610_S33_L003	22
HEY2	2811630_S35_L003	20
HEY2	2858490_S0_L001	25
HEY2	2858800_S38_L003	19
HEY2	2858810_S31_L003	15
HEY2	3013500_S34_L003	22
HEY2	3049380_S0_L001	24
HEY2	3049400_S39_L003	27
HEY2	3049430_S42_L003	19
HEY2	304944_S0_L001	18
HEY2	3049450_S36_L003	24
HEY2	304955_S0_L001	16
HEY2	313308_S0_L001	34
HEY2	m313309_S193	24
HEY2	m318978_S195	24
HEY2	m318979_S197	25
HEY2	m318986_S33	26
HEY2	m329861_S198	15
HEY2	m329865_S206	25
HEY2	m329883_S194	12
HEY2	m329885_S199	17
HEY2	m334087_S35	30
HEY2	m344001_S207	24
HEY2	m344004_S196	20
HEY2	m357484_S37	24
HEY2	m357486_S34	25
HEY2	m357488_S36	33
HEY2	m364088_S38	23
HIF1A	2705010_S40_L003	13
HIF1A	270502_S0_L001	22
HIF1A	2781020_S37_L003	19
HIF1A	278106_S0_L001	23
HIF1A	2781080_S30_L003	19
HIF1A	2781090_S41_L003	14
HIF1A	2792010_S0_L001	18
HIF1A	2792020_S32_L003	24
HIF1A	2792040_S0_L001	19
HIF1A	2811610_S33_L003	14
HIF1A	2811630_S35_L003	9
HIF1A	2858490_S0_L001	15
HIF1A	2858800_S38_L003	10
HIF1A	2858810_S31_L003	10
HIF1A	3013500_S34_L003	19
HIF1A	3049380_S0_L001	21
HIF1A	3049400_S39_L003	18
HIF1A	3049430_S42_L003	13
HIF1A	304944_S0_L001	11
HIF1A	3049450_S36_L003	15
HIF1A	304955_S0_L001	18
HIF1A	313308_S0_L001	16
HIF1A	m313309_S193	19
HIF1A	m318978_S195	19
HIF1A	m318979_S197	19
HIF1A	m318986_S33	21
HIF1A	m329861_S198	16
HIF1A	m329865_S206	24
HIF1A	m329883_S194	8
HIF1A	m329885_S199	17
HIF1A	m334087_S35	17
HIF1A	m344001_S207	20
HIF1A	m344004_S196	19
HIF1A	m357484_S37	24
HIF1A	m357486_S34	14
HIF1A	m357488_S36	22
HIF1A	m364088_S38	16
HINFP	2705010_S40_L003	39
HINFP	270502_S0_L001	37
HINFP	2781020_S37_L003	26
HINFP	278106_S0_L001	36
HINFP	2781080_S30_L003	36
HINFP	2781090_S41_L003	31
HINFP	2792010_S0_L001	41
HINFP	2792020_S32_L003	39
HINFP	2792040_S0_L001	35
HINFP	2811610_S33_L003	37
HINFP	2811630_S35_L003	35
HINFP	2858490_S0_L001	33
HINFP	2858800_S38_L003	24
HINFP	2858810_S31_L003	28
HINFP	3013500_S34_L003	21
HINFP	3049380_S0_L001	28
HINFP	3049400_S39_L003	38
HINFP	3049430_S42_L003	27
HINFP	304944_S0_L001	29
HINFP	3049450_S36_L003	32
HINFP	304955_S0_L001	30
HINFP	313308_S0_L001	32
HINFP	m313309_S193	31
HINFP	m318978_S195	33
HINFP	m318979_S197	36
HINFP	m318986_S33	34
HINFP	m329861_S198	38
HINFP	m329865_S206	37
HINFP	m329883_S194	19
HINFP	m329885_S199	43
HINFP	m334087_S35	38
HINFP	m344001_S207	26
HINFP	m344004_S196	29
HINFP	m357484_S37	38
HINFP	m357486_S34	45
HINFP	m357488_S36	31
HINFP	m364088_S38	44
HLF	2705010_S40_L003	9
HLF	270502_S0_L001	7
HLF	2781020_S37_L003	8
HLF	278106_S0_L001	4
HLF	2781080_S30_L003	5
HLF	2781090_S41_L003	5
HLF	2792010_S0_L001	4
HLF	2792020_S32_L003	8
HLF	2792040_S0_L001	6
HLF	2811610_S33_L003	4
HLF	2811630_S35_L003	9
HLF	2858490_S0_L001	6
HLF	2858800_S38_L003	7
HLF	2858810_S31_L003	6
HLF	3013500_S34_L003	7
HLF	3049380_S0_L001	5
HLF	3049400_S39_L003	4
HLF	3049430_S42_L003	8
HLF	304944_S0_L001	3
HLF	3049450_S36_L003	6
HLF	304955_S0_L001	3
HLF	313308_S0_L001	8
HLF	m313309_S193	4
HLF	m318978_S195	3
HLF	m318979_S197	1
HLF	m318986_S33	8
HLF	m329861_S198	5
HLF	m329865_S206	2
HLF	m329883_S194	6
HLF	m329885_S199	6
HLF	m334087_S35	9
HLF	m344001_S207	4
HLF	m344004_S196	6
HLF	m357484_S37	8
HLF	m357486_S34	4
HLF	m357488_S36	8
HLF	m364088_S38	3
HMBOX1	2705010_S40_L003	3
HMBOX1	270502_S0_L001	5
HMBOX1	2781020_S37_L003	6
HMBOX1	278106_S0_L001	6
HMBOX1	2781080_S30_L003	4
HMBOX1	2781090_S41_L003	5
HMBOX1	2792010_S0_L001	5
HMBOX1	2792020_S32_L003	4
HMBOX1	2792040_S0_L001	7
HMBOX1	2811610_S33_L003	5
HMBOX1	2811630_S35_L003	7
HMBOX1	2858490_S0_L001	4
HMBOX1	2858800_S38_L003	4
HMBOX1	2858810_S31_L003	3
HMBOX1	3013500_S34_L003	4
HMBOX1	3049380_S0_L001	5
HMBOX1	3049400_S39_L003	7
HMBOX1	3049430_S42_L003	8
HMBOX1	304944_S0_L001	5
HMBOX1	3049450_S36_L003	4
HMBOX1	304955_S0_L001	3
HMBOX1	313308_S0_L001	6
HMBOX1	m313309_S193	6
HMBOX1	m318978_S195	3
HMBOX1	m318979_S197	4
HMBOX1	m318986_S33	11
HMBOX1	m329861_S198	3
HMBOX1	m329865_S206	7
HMBOX1	m329883_S194	9
HMBOX1	m329885_S199	7
HMBOX1	m334087_S35	3
HMBOX1	m344001_S207	5
HMBOX1	m344004_S196	5
HMBOX1	m357484_S37	11
HMBOX1	m357486_S34	4
HMBOX1	m357488_S36	4
HMBOX1	m364088_S38	6
HNF1A	2705010_S40_L003	5
HNF1A	270502_S0_L001	5
HNF1A	2781020_S37_L003	5
HNF1A	278106_S0_L001	3
HNF1A	2781080_S30_L003	4
HNF1A	2781090_S41_L003	3
HNF1A	2792010_S0_L001	4
HNF1A	2792020_S32_L003	4
HNF1A	2792040_S0_L001	3
HNF1A	2811610_S33_L003	3
HNF1A	2811630_S35_L003	10
HNF1A	2858490_S0_L001	6
HNF1A	2858800_S38_L003	6
HNF1A	2858810_S31_L003	1
HNF1A	3013500_S34_L003	6
HNF1A	3049380_S0_L001	1
HNF1A	3049400_S39_L003	3
HNF1A	3049430_S42_L003	6
HNF1A	304944_S0_L001	5
HNF1A	3049450_S36_L003	8
HNF1A	304955_S0_L001	6
HNF1A	313308_S0_L001	3
HNF1A	m313309_S193	3
HNF1A	m318978_S195	8
HNF1A	m318979_S197	7
HNF1A	m318986_S33	8
HNF1A	m329861_S198	5
HNF1A	m329865_S206	4
HNF1A	m329883_S194	9
HNF1A	m329885_S199	5
HNF1A	m334087_S35	8
HNF1A	m344001_S207	4
HNF1A	m344004_S196	5
HNF1A	m357484_S37	13
HNF1A	m357486_S34	12
HNF1A	m357488_S36	9
HNF1A	m364088_S38	6
HNF1B	2705010_S40_L003	5
HNF1B	270502_S0_L001	2
HNF1B	2781020_S37_L003	3
HNF1B	278106_S0_L001	3
HNF1B	2781080_S30_L003	6
HNF1B	2781090_S41_L003	3
HNF1B	2792010_S0_L001	3
HNF1B	2792020_S32_L003	3
HNF1B	2792040_S0_L001	1
HNF1B	2811610_S33_L003	3
HNF1B	2811630_S35_L003	4
HNF1B	2858490_S0_L001	4
HNF1B	2858800_S38_L003	3
HNF1B	2858810_S31_L003	2
HNF1B	3013500_S34_L003	6
HNF1B	3049380_S0_L001	1
HNF1B	3049400_S39_L003	3
HNF1B	3049430_S42_L003	4
HNF1B	304944_S0_L001	4
HNF1B	3049450_S36_L003	3
HNF1B	304955_S0_L001	4
HNF1B	313308_S0_L001	1
HNF1B	m313309_S193	1
HNF1B	m318978_S195	5
HNF1B	m318979_S197	7
HNF1B	m318986_S33	7
HNF1B	m329861_S198	2
HNF1B	m329865_S206	3
HNF1B	m329883_S194	5
HNF1B	m329885_S199	4
HNF1B	m334087_S35	4
HNF1B	m344001_S207	2
HNF1B	m344004_S196	3
HNF1B	m357484_S37	7
HNF1B	m357486_S34	8
HNF1B	m357488_S36	8
HNF1B	m364088_S38	4
HNF4A	2705010_S40_L003	16
HNF4A	270502_S0_L001	19
HNF4A	2781020_S37_L003	17
HNF4A	278106_S0_L001	21
HNF4A	2781080_S30_L003	19
HNF4A	2781090_S41_L003	16
HNF4A	2792010_S0_L001	19
HNF4A	2792020_S32_L003	16
HNF4A	2792040_S0_L001	24
HNF4A	2811610_S33_L003	24
HNF4A	2811630_S35_L003	25
HNF4A	2858490_S0_L001	11
HNF4A	2858800_S38_L003	18
HNF4A	2858810_S31_L003	13
HNF4A	3013500_S34_L003	13
HNF4A	3049380_S0_L001	17
HNF4A	3049400_S39_L003	9
HNF4A	3049430_S42_L003	11
HNF4A	304944_S0_L001	14
HNF4A	3049450_S36_L003	16
HNF4A	304955_S0_L001	19
HNF4A	313308_S0_L001	19
HNF4A	m313309_S193	17
HNF4A	m318978_S195	18
HNF4A	m318979_S197	22
HNF4A	m318986_S33	18
HNF4A	m329861_S198	18
HNF4A	m329865_S206	20
HNF4A	m329883_S194	16
HNF4A	m329885_S199	15
HNF4A	m334087_S35	24
HNF4A	m344001_S207	19
HNF4A	m344004_S196	15
HNF4A	m357484_S37	25
HNF4A	m357486_S34	26
HNF4A	m357488_S36	18
HNF4A	m364088_S38	18
HNF4G	2705010_S40_L003	16
HNF4G	270502_S0_L001	16
HNF4G	2781020_S37_L003	15
HNF4G	278106_S0_L001	21
HNF4G	2781080_S30_L003	17
HNF4G	2781090_S41_L003	15
HNF4G	2792010_S0_L001	16
HNF4G	2792020_S32_L003	13
HNF4G	2792040_S0_L001	22
HNF4G	2811610_S33_L003	21
HNF4G	2811630_S35_L003	22
HNF4G	2858490_S0_L001	13
HNF4G	2858800_S38_L003	17
HNF4G	2858810_S31_L003	14
HNF4G	3013500_S34_L003	10
HNF4G	3049380_S0_L001	20
HNF4G	3049400_S39_L003	8
HNF4G	3049430_S42_L003	10
HNF4G	304944_S0_L001	15
HNF4G	3049450_S36_L003	14
HNF4G	304955_S0_L001	17
HNF4G	313308_S0_L001	17
HNF4G	m313309_S193	13
HNF4G	m318978_S195	17
HNF4G	m318979_S197	20
HNF4G	m318986_S33	16
HNF4G	m329861_S198	18
HNF4G	m329865_S206	19
HNF4G	m329883_S194	14
HNF4G	m329885_S199	15
HNF4G	m334087_S35	23
HNF4G	m344001_S207	18
HNF4G	m344004_S196	13
HNF4G	m357484_S37	24
HNF4G	m357486_S34	23
HNF4G	m357488_S36	12
HNF4G	m364088_S38	17
HOXA10	2705010_S40_L003	11
HOXA10	270502_S0_L001	8
HOXA10	2781020_S37_L003	6
HOXA10	278106_S0_L001	15
HOXA10	2781080_S30_L003	8
HOXA10	2781090_S41_L003	9
HOXA10	2792010_S0_L001	13
HOXA10	2792020_S32_L003	8
HOXA10	2792040_S0_L001	12
HOXA10	2811610_S33_L003	9
HOXA10	2811630_S35_L003	6
HOXA10	2858490_S0_L001	11
HOXA10	2858800_S38_L003	10
HOXA10	2858810_S31_L003	11
HOXA10	3013500_S34_L003	9
HOXA10	3049380_S0_L001	12
HOXA10	3049400_S39_L003	10
HOXA10	3049430_S42_L003	12
HOXA10	304944_S0_L001	7
HOXA10	3049450_S36_L003	10
HOXA10	304955_S0_L001	9
HOXA10	313308_S0_L001	10
HOXA10	m313309_S193	12
HOXA10	m318978_S195	6
HOXA10	m318979_S197	7
HOXA10	m318986_S33	13
HOXA10	m329861_S198	10
HOXA10	m329865_S206	14
HOXA10	m329883_S194	4
HOXA10	m329885_S199	12
HOXA10	m334087_S35	23
HOXA10	m344001_S207	10
HOXA10	m344004_S196	10
HOXA10	m357484_S37	18
HOXA10	m357486_S34	12
HOXA10	m357488_S36	19
HOXA10	m364088_S38	17
HOXA13	2705010_S40_L003	11
HOXA13	270502_S0_L001	7
HOXA13	2781020_S37_L003	6
HOXA13	278106_S0_L001	16
HOXA13	2781080_S30_L003	8
HOXA13	2781090_S41_L003	9
HOXA13	2792010_S0_L001	5
HOXA13	2792020_S32_L003	6
HOXA13	2792040_S0_L001	5
HOXA13	2811610_S33_L003	11
HOXA13	2811630_S35_L003	9
HOXA13	2858490_S0_L001	7
HOXA13	2858800_S38_L003	6
HOXA13	2858810_S31_L003	10
HOXA13	3013500_S34_L003	3
HOXA13	3049380_S0_L001	8
HOXA13	3049400_S39_L003	6
HOXA13	3049430_S42_L003	8
HOXA13	304944_S0_L001	10
HOXA13	3049450_S36_L003	8
HOXA13	304955_S0_L001	10
HOXA13	313308_S0_L001	10
HOXA13	m313309_S193	10
HOXA13	m318978_S195	6
HOXA13	m318979_S197	7
HOXA13	m318986_S33	15
HOXA13	m329861_S198	9
HOXA13	m329865_S206	6
HOXA13	m329883_S194	4
HOXA13	m329885_S199	8
HOXA13	m334087_S35	14
HOXA13	m344001_S207	6
HOXA13	m344004_S196	12
HOXA13	m357484_S37	10
HOXA13	m357486_S34	9
HOXA13	m357488_S36	7
HOXA13	m364088_S38	12
HOXA6	2705010_S40_L003	6
HOXA6	270502_S0_L001	4
HOXA6	2781020_S37_L003	7
HOXA6	278106_S0_L001	4
HOXA6	2781080_S30_L003	5
HOXA6	2781090_S41_L003	7
HOXA6	2792010_S0_L001	6
HOXA6	2792020_S32_L003	5
HOXA6	2792040_S0_L001	5
HOXA6	2811610_S33_L003	9
HOXA6	2811630_S35_L003	9
HOXA6	2858490_S0_L001	5
HOXA6	2858800_S38_L003	5
HOXA6	2858810_S31_L003	7
HOXA6	3013500_S34_L003	6
HOXA6	3049380_S0_L001	5
HOXA6	3049400_S39_L003	6
HOXA6	3049430_S42_L003	6
HOXA6	304944_S0_L001	3
HOXA6	3049450_S36_L003	5
HOXA6	304955_S0_L001	6
HOXA6	313308_S0_L001	5
HOXA6	m313309_S193	13
HOXA6	m318978_S195	2
HOXA6	m318979_S197	2
HOXA6	m318986_S33	9
HOXA6	m329861_S198	8
HOXA6	m329865_S206	8
HOXA6	m329883_S194	7
HOXA6	m329885_S199	2
HOXA6	m334087_S35	5
HOXA6	m344001_S207	4
HOXA6	m344004_S196	5
HOXA6	m357484_S37	12
HOXA6	m357486_S34	8
HOXA6	m357488_S36	3
HOXA6	m364088_S38	6
HOXA9	2705010_S40_L003	2
HOXA9	270502_S0_L001	3
HOXA9	2781020_S37_L003	5
HOXA9	278106_S0_L001	3
HOXA9	2781080_S30_L003	3
HOXA9	2781090_S41_L003	2
HOXA9	2792010_S0_L001	1
HOXA9	2792020_S32_L003	5
HOXA9	2792040_S0_L001	6
HOXA9	2811610_S33_L003	4
HOXA9	2811630_S35_L003	3
HOXA9	2858490_S0_L001	2
HOXA9	2858800_S38_L003	5
HOXA9	2858810_S31_L003	4
HOXA9	3013500_S34_L003	3
HOXA9	3049380_S0_L001	3
HOXA9	3049400_S39_L003	2
HOXA9	3049430_S42_L003	2
HOXA9	304944_S0_L001	2
HOXA9	3049450_S36_L003	5
HOXA9	304955_S0_L001	3
HOXA9	313308_S0_L001	4
HOXA9	m313309_S193	4
HOXA9	m318978_S195	4
HOXA9	m318979_S197	3
HOXA9	m318986_S33	4
HOXA9	m329861_S198	5
HOXA9	m329865_S206	8
HOXA9	m329883_S194	1
HOXA9	m329885_S199	5
HOXA9	m334087_S35	6
HOXA9	m344001_S207	5
HOXA9	m344004_S196	5
HOXA9	m357484_S37	5
HOXA9	m357486_S34	4
HOXA9	m357488_S36	3
HOXA9	m364088_S38	3
HOXB13	2705010_S40_L003	23
HOXB13	270502_S0_L001	15
HOXB13	2781020_S37_L003	9
HOXB13	278106_S0_L001	17
HOXB13	2781080_S30_L003	13
HOXB13	2781090_S41_L003	15
HOXB13	2792010_S0_L001	15
HOXB13	2792020_S32_L003	16
HOXB13	2792040_S0_L001	17
HOXB13	2811610_S33_L003	22
HOXB13	2811630_S35_L003	21
HOXB13	2858490_S0_L001	17
HOXB13	2858800_S38_L003	12
HOXB13	2858810_S31_L003	14
HOXB13	3013500_S34_L003	12
HOXB13	3049380_S0_L001	16
HOXB13	3049400_S39_L003	13
HOXB13	3049430_S42_L003	15
HOXB13	304944_S0_L001	11
HOXB13	3049450_S36_L003	15
HOXB13	304955_S0_L001	15
HOXB13	313308_S0_L001	19
HOXB13	m313309_S193	20
HOXB13	m318978_S195	16
HOXB13	m318979_S197	16
HOXB13	m318986_S33	21
HOXB13	m329861_S198	13
HOXB13	m329865_S206	16
HOXB13	m329883_S194	8
HOXB13	m329885_S199	12
HOXB13	m334087_S35	25
HOXB13	m344001_S207	12
HOXB13	m344004_S196	17
HOXB13	m357484_S37	20
HOXB13	m357486_S34	19
HOXB13	m357488_S36	29
HOXB13	m364088_S38	32
HOXB3	2705010_S40_L003	11
HOXB3	270502_S0_L001	6
HOXB3	2781020_S37_L003	7
HOXB3	278106_S0_L001	9
HOXB3	2781080_S30_L003	4
HOXB3	2781090_S41_L003	10
HOXB3	2792010_S0_L001	8
HOXB3	2792020_S32_L003	4
HOXB3	2792040_S0_L001	6
HOXB3	2811610_S33_L003	7
HOXB3	2811630_S35_L003	10
HOXB3	2858490_S0_L001	13
HOXB3	2858800_S38_L003	9
HOXB3	2858810_S31_L003	13
HOXB3	3013500_S34_L003	9
HOXB3	3049380_S0_L001	10
HOXB3	3049400_S39_L003	5
HOXB3	3049430_S42_L003	10
HOXB3	304944_S0_L001	6
HOXB3	3049450_S36_L003	7
HOXB3	304955_S0_L001	11
HOXB3	313308_S0_L001	10
HOXB3	m313309_S193	10
HOXB3	m318978_S195	10
HOXB3	m318979_S197	8
HOXB3	m318986_S33	9
HOXB3	m329861_S198	6
HOXB3	m329865_S206	10
HOXB3	m329883_S194	5
HOXB3	m329885_S199	1
HOXB3	m334087_S35	10
HOXB3	m344001_S207	7
HOXB3	m344004_S196	8
HOXB3	m357484_S37	18
HOXB3	m357486_S34	11
HOXB3	m357488_S36	10
HOXB3	m364088_S38	11
HOXB7	2705010_S40_L003	7
HOXB7	270502_S0_L001	6
HOXB7	2781020_S37_L003	8
HOXB7	278106_S0_L001	5
HOXB7	2781080_S30_L003	6
HOXB7	2781090_S41_L003	9
HOXB7	2792010_S0_L001	8
HOXB7	2792020_S32_L003	4
HOXB7	2792040_S0_L001	7
HOXB7	2811610_S33_L003	8
HOXB7	2811630_S35_L003	9
HOXB7	2858490_S0_L001	8
HOXB7	2858800_S38_L003	6
HOXB7	2858810_S31_L003	10
HOXB7	3013500_S34_L003	6
HOXB7	3049380_S0_L001	5
HOXB7	3049400_S39_L003	6
HOXB7	3049430_S42_L003	9
HOXB7	304944_S0_L001	7
HOXB7	3049450_S36_L003	8
HOXB7	304955_S0_L001	8
HOXB7	313308_S0_L001	5
HOXB7	m313309_S193	13
HOXB7	m318978_S195	7
HOXB7	m318979_S197	4
HOXB7	m318986_S33	8
HOXB7	m329861_S198	7
HOXB7	m329865_S206	11
HOXB7	m329883_S194	9
HOXB7	m329885_S199	3
HOXB7	m334087_S35	7
HOXB7	m344001_S207	2
HOXB7	m344004_S196	9
HOXB7	m357484_S37	13
HOXB7	m357486_S34	12
HOXB7	m357488_S36	7
HOXB7	m364088_S38	11
HOXB9	2705010_S40_L003	6
HOXB9	270502_S0_L001	2
HOXB9	2781020_S37_L003	6
HOXB9	278106_S0_L001	6
HOXB9	2781080_S30_L003	3
HOXB9	2781090_S41_L003	3
HOXB9	2792010_S0_L001	3
HOXB9	2792020_S32_L003	7
HOXB9	2792040_S0_L001	6
HOXB9	2811610_S33_L003	5
HOXB9	2811630_S35_L003	3
HOXB9	2858490_S0_L001	3
HOXB9	2858800_S38_L003	5
HOXB9	2858810_S31_L003	3
HOXB9	3013500_S34_L003	2
HOXB9	3049380_S0_L001	7
HOXB9	3049400_S39_L003	3
HOXB9	3049430_S42_L003	1
HOXB9	304944_S0_L001	4
HOXB9	3049450_S36_L003	5
HOXB9	304955_S0_L001	5
HOXB9	313308_S0_L001	8
HOXB9	m313309_S193	3
HOXB9	m318978_S195	3
HOXB9	m318979_S197	6
HOXB9	m318986_S33	8
HOXB9	m329861_S198	7
HOXB9	m329865_S206	5
HOXB9	m329883_S194	1
HOXB9	m329885_S199	5
HOXB9	m334087_S35	12
HOXB9	m344001_S207	4
HOXB9	m344004_S196	8
HOXB9	m357484_S37	4
HOXB9	m357486_S34	4
HOXB9	m357488_S36	8
HOXB9	m364088_S38	8
HOXC10	2705010_S40_L003	7
HOXC10	270502_S0_L001	3
HOXC10	2781020_S37_L003	5
HOXC10	278106_S0_L001	7
HOXC10	2781080_S30_L003	3
HOXC10	2781090_S41_L003	6
HOXC10	2792010_S0_L001	5
HOXC10	2792020_S32_L003	4
HOXC10	2792040_S0_L001	6
HOXC10	2811610_S33_L003	7
HOXC10	2811630_S35_L003	3
HOXC10	2858490_S0_L001	5
HOXC10	2858800_S38_L003	5
HOXC10	2858810_S31_L003	4
HOXC10	3013500_S34_L003	3
HOXC10	3049380_S0_L001	7
HOXC10	3049400_S39_L003	5
HOXC10	3049430_S42_L003	2
HOXC10	304944_S0_L001	5
HOXC10	3049450_S36_L003	6
HOXC10	304955_S0_L001	4
HOXC10	313308_S0_L001	8
HOXC10	m313309_S193	3
HOXC10	m318978_S195	4
HOXC10	m318979_S197	7
HOXC10	m318986_S33	6
HOXC10	m329861_S198	8
HOXC10	m329865_S206	7
HOXC10	m329883_S194	2
HOXC10	m329885_S199	6
HOXC10	m334087_S35	11
HOXC10	m344001_S207	5
HOXC10	m344004_S196	8
HOXC10	m357484_S37	6
HOXC10	m357486_S34	6
HOXC10	m357488_S36	10
HOXC10	m364088_S38	8
HOXC11	2705010_S40_L003	6
HOXC11	270502_S0_L001	2
HOXC11	2781020_S37_L003	5
HOXC11	278106_S0_L001	5
HOXC11	2781080_S30_L003	3
HOXC11	2781090_S41_L003	5
HOXC11	2792010_S0_L001	3
HOXC11	2792020_S32_L003	7
HOXC11	2792040_S0_L001	6
HOXC11	2811610_S33_L003	7
HOXC11	2811630_S35_L003	4
HOXC11	2858490_S0_L001	4
HOXC11	2858800_S38_L003	7
HOXC11	2858810_S31_L003	3
HOXC11	3013500_S34_L003	4
HOXC11	3049380_S0_L001	7
HOXC11	3049400_S39_L003	2
HOXC11	3049430_S42_L003	2
HOXC11	304944_S0_L001	1
HOXC11	3049450_S36_L003	5
HOXC11	304955_S0_L001	3
HOXC11	313308_S0_L001	8
HOXC11	m313309_S193	5
HOXC11	m318978_S195	2
HOXC11	m318979_S197	6
HOXC11	m318986_S33	7
HOXC11	m329861_S198	8
HOXC11	m329865_S206	7
HOXC11	m329885_S199	5
HOXC11	m334087_S35	14
HOXC11	m344001_S207	3
HOXC11	m344004_S196	8
HOXC11	m357484_S37	3
HOXC11	m357486_S34	2
HOXC11	m357488_S36	8
HOXC11	m364088_S38	7
HOXC12	2705010_S40_L003	4
HOXC12	270502_S0_L001	1
HOXC12	2781020_S37_L003	6
HOXC12	278106_S0_L001	4
HOXC12	2781080_S30_L003	4
HOXC12	2781090_S41_L003	2
HOXC12	2792010_S0_L001	3
HOXC12	2792020_S32_L003	3
HOXC12	2792040_S0_L001	8
HOXC12	2811610_S33_L003	4
HOXC12	2811630_S35_L003	5
HOXC12	2858490_S0_L001	2
HOXC12	2858800_S38_L003	4
HOXC12	2858810_S31_L003	1
HOXC12	3013500_S34_L003	2
HOXC12	3049380_S0_L001	3
HOXC12	3049400_S39_L003	5
HOXC12	3049430_S42_L003	2
HOXC12	304944_S0_L001	1
HOXC12	3049450_S36_L003	5
HOXC12	304955_S0_L001	4
HOXC12	313308_S0_L001	6
HOXC12	m313309_S193	5
HOXC12	m318978_S195	3
HOXC12	m318979_S197	3
HOXC12	m318986_S33	4
HOXC12	m329861_S198	3
HOXC12	m329865_S206	4
HOXC12	m329883_S194	2
HOXC12	m329885_S199	6
HOXC12	m334087_S35	9
HOXC12	m344001_S207	3
HOXC12	m344004_S196	7
HOXC12	m357484_S37	3
HOXC12	m357486_S34	2
HOXC12	m357488_S36	4
HOXC12	m364088_S38	5
HOXC13	2705010_S40_L003	5
HOXC13	270502_S0_L001	2
HOXC13	2781020_S37_L003	6
HOXC13	278106_S0_L001	4
HOXC13	2781080_S30_L003	7
HOXC13	2781090_S41_L003	5
HOXC13	2792010_S0_L001	2
HOXC13	2792020_S32_L003	4
HOXC13	2792040_S0_L001	5
HOXC13	2811610_S33_L003	7
HOXC13	2811630_S35_L003	4
HOXC13	2858490_S0_L001	4
HOXC13	2858800_S38_L003	5
HOXC13	2858810_S31_L003	6
HOXC13	3013500_S34_L003	6
HOXC13	3049380_S0_L001	3
HOXC13	3049400_S39_L003	5
HOXC13	3049430_S42_L003	4
HOXC13	304944_S0_L001	4
HOXC13	3049450_S36_L003	4
HOXC13	304955_S0_L001	5
HOXC13	313308_S0_L001	4
HOXC13	m313309_S193	3
HOXC13	m318978_S195	6
HOXC13	m318979_S197	4
HOXC13	m318986_S33	9
HOXC13	m329861_S198	3
HOXC13	m329865_S206	5
HOXC13	m329883_S194	1
HOXC13	m329885_S199	5
HOXC13	m334087_S35	5
HOXC13	m344001_S207	5
HOXC13	m344004_S196	7
HOXC13	m357484_S37	7
HOXC13	m357486_S34	7
HOXC13	m357488_S36	7
HOXC13	m364088_S38	11
HOXC9	2705010_S40_L003	6
HOXC9	270502_S0_L001	2
HOXC9	2781020_S37_L003	6
HOXC9	278106_S0_L001	5
HOXC9	2781080_S30_L003	3
HOXC9	2781090_S41_L003	3
HOXC9	2792010_S0_L001	3
HOXC9	2792020_S32_L003	6
HOXC9	2792040_S0_L001	7
HOXC9	2811610_S33_L003	5
HOXC9	2811630_S35_L003	3
HOXC9	2858490_S0_L001	3
HOXC9	2858800_S38_L003	5
HOXC9	2858810_S31_L003	3
HOXC9	3013500_S34_L003	2
HOXC9	3049380_S0_L001	7
HOXC9	3049400_S39_L003	3
HOXC9	3049430_S42_L003	1
HOXC9	304944_S0_L001	4
HOXC9	3049450_S36_L003	5
HOXC9	304955_S0_L001	5
HOXC9	313308_S0_L001	8
HOXC9	m313309_S193	3
HOXC9	m318978_S195	3
HOXC9	m318979_S197	6
HOXC9	m318986_S33	8
HOXC9	m329861_S198	5
HOXC9	m329865_S206	5
HOXC9	m329883_S194	1
HOXC9	m329885_S199	5
HOXC9	m334087_S35	12
HOXC9	m344001_S207	4
HOXC9	m344004_S196	9
HOXC9	m357484_S37	4
HOXC9	m357486_S34	4
HOXC9	m357488_S36	8
HOXC9	m364088_S38	7
HOXD10	2705010_S40_L003	5
HOXD10	270502_S0_L001	2
HOXD10	2781020_S37_L003	2
HOXD10	278106_S0_L001	5
HOXD10	2781080_S30_L003	2
HOXD10	2781090_S41_L003	5
HOXD10	2792010_S0_L001	3
HOXD10	2792020_S32_L003	7
HOXD10	2792040_S0_L001	7
HOXD10	2811610_S33_L003	5
HOXD10	2811630_S35_L003	2
HOXD10	2858490_S0_L001	4
HOXD10	2858800_S38_L003	5
HOXD10	2858810_S31_L003	3
HOXD10	3013500_S34_L003	3
HOXD10	3049380_S0_L001	4
HOXD10	3049400_S39_L003	2
HOXD10	3049430_S42_L003	1
HOXD10	304944_S0_L001	2
HOXD10	3049450_S36_L003	5
HOXD10	304955_S0_L001	3
HOXD10	313308_S0_L001	5
HOXD10	m313309_S193	4
HOXD10	m318978_S195	2
HOXD10	m318979_S197	5
HOXD10	m318986_S33	7
HOXD10	m329861_S198	5
HOXD10	m329865_S206	3
HOXD10	m329885_S199	4
HOXD10	m334087_S35	10
HOXD10	m344001_S207	4
HOXD10	m344004_S196	5
HOXD10	m357484_S37	4
HOXD10	m357486_S34	2
HOXD10	m357488_S36	5
HOXD10	m364088_S38	6
HOXD11	2705010_S40_L003	8
HOXD11	270502_S0_L001	3
HOXD11	2781020_S37_L003	7
HOXD11	278106_S0_L001	6
HOXD11	2781080_S30_L003	2
HOXD11	2781090_S41_L003	6
HOXD11	2792010_S0_L001	4
HOXD11	2792020_S32_L003	5
HOXD11	2792040_S0_L001	5
HOXD11	2811610_S33_L003	7
HOXD11	2811630_S35_L003	8
HOXD11	2858490_S0_L001	3
HOXD11	2858800_S38_L003	6
HOXD11	2858810_S31_L003	4
HOXD11	3013500_S34_L003	2
HOXD11	3049380_S0_L001	7
HOXD11	3049400_S39_L003	5
HOXD11	3049430_S42_L003	2
HOXD11	304944_S0_L001	4
HOXD11	3049450_S36_L003	7
HOXD11	304955_S0_L001	3
HOXD11	313308_S0_L001	7
HOXD11	m313309_S193	5
HOXD11	m318978_S195	4
HOXD11	m318979_S197	7
HOXD11	m318986_S33	6
HOXD11	m329861_S198	6
HOXD11	m329865_S206	7
HOXD11	m329883_S194	2
HOXD11	m329885_S199	6
HOXD11	m334087_S35	12
HOXD11	m344001_S207	5
HOXD11	m344004_S196	8
HOXD11	m357484_S37	5
HOXD11	m357486_S34	5
HOXD11	m357488_S36	9
HOXD11	m364088_S38	7
HOXD12	2705010_S40_L003	4
HOXD12	2781020_S37_L003	5
HOXD12	278106_S0_L001	5
HOXD12	2781080_S30_L003	5
HOXD12	2781090_S41_L003	3
HOXD12	2792010_S0_L001	3
HOXD12	2792020_S32_L003	4
HOXD12	2792040_S0_L001	5
HOXD12	2811610_S33_L003	9
HOXD12	2811630_S35_L003	3
HOXD12	2858490_S0_L001	2
HOXD12	2858800_S38_L003	4
HOXD12	2858810_S31_L003	1
HOXD12	3013500_S34_L003	5
HOXD12	3049380_S0_L001	6
HOXD12	3049400_S39_L003	2
HOXD12	3049430_S42_L003	1
HOXD12	304944_S0_L001	1
HOXD12	3049450_S36_L003	4
HOXD12	304955_S0_L001	3
HOXD12	313308_S0_L001	7
HOXD12	m313309_S193	4
HOXD12	m318978_S195	2
HOXD12	m318979_S197	3
HOXD12	m318986_S33	6
HOXD12	m329861_S198	5
HOXD12	m329865_S206	5
HOXD12	m329885_S199	4
HOXD12	m334087_S35	12
HOXD12	m344001_S207	4
HOXD12	m344004_S196	5
HOXD12	m357484_S37	4
HOXD12	m357486_S34	2
HOXD12	m357488_S36	4
HOXD12	m364088_S38	6
HOXD13	2705010_S40_L003	4
HOXD13	270502_S0_L001	6
HOXD13	2781020_S37_L003	3
HOXD13	278106_S0_L001	9
HOXD13	2781080_S30_L003	6
HOXD13	2781090_S41_L003	7
HOXD13	2792010_S0_L001	5
HOXD13	2792020_S32_L003	10
HOXD13	2792040_S0_L001	8
HOXD13	2811610_S33_L003	8
HOXD13	2811630_S35_L003	7
HOXD13	2858490_S0_L001	4
HOXD13	2858800_S38_L003	5
HOXD13	2858810_S31_L003	9
HOXD13	3013500_S34_L003	5
HOXD13	3049380_S0_L001	8
HOXD13	3049400_S39_L003	5
HOXD13	3049430_S42_L003	5
HOXD13	304944_S0_L001	6
HOXD13	3049450_S36_L003	7
HOXD13	304955_S0_L001	4
HOXD13	313308_S0_L001	7
HOXD13	m313309_S193	7
HOXD13	m318978_S195	7
HOXD13	m318979_S197	2
HOXD13	m318986_S33	8
HOXD13	m329861_S198	8
HOXD13	m329865_S206	4
HOXD13	m329883_S194	5
HOXD13	m329885_S199	5
HOXD13	m334087_S35	6
HOXD13	m344001_S207	3
HOXD13	m344004_S196	7
HOXD13	m357484_S37	9
HOXD13	m357486_S34	4
HOXD13	m357488_S36	7
HOXD13	m364088_S38	7
HOXD9	2705010_S40_L003	5
HOXD9	270502_S0_L001	6
HOXD9	2781020_S37_L003	9
HOXD9	278106_S0_L001	13
HOXD9	2781080_S30_L003	6
HOXD9	2781090_S41_L003	13
HOXD9	2792010_S0_L001	9
HOXD9	2792020_S32_L003	9
HOXD9	2792040_S0_L001	8
HOXD9	2811610_S33_L003	8
HOXD9	2811630_S35_L003	5
HOXD9	2858490_S0_L001	8
HOXD9	2858800_S38_L003	7
HOXD9	2858810_S31_L003	11
HOXD9	3013500_S34_L003	7
HOXD9	3049380_S0_L001	11
HOXD9	3049400_S39_L003	6
HOXD9	3049430_S42_L003	9
HOXD9	304944_S0_L001	5
HOXD9	3049450_S36_L003	11
HOXD9	304955_S0_L001	10
HOXD9	313308_S0_L001	9
HOXD9	m313309_S193	7
HOXD9	m318978_S195	5
HOXD9	m318979_S197	5
HOXD9	m318986_S33	9
HOXD9	m329861_S198	8
HOXD9	m329865_S206	9
HOXD9	m329883_S194	2
HOXD9	m329885_S199	9
HOXD9	m334087_S35	15
HOXD9	m344001_S207	9
HOXD9	m344004_S196	8
HOXD9	m357484_S37	12
HOXD9	m357486_S34	12
HOXD9	m357488_S36	15
HOXD9	m364088_S38	15
HSF1	2705010_S40_L003	2
HSF1	270502_S0_L001	3
HSF1	2781020_S37_L003	4
HSF1	278106_S0_L001	3
HSF1	2781080_S30_L003	5
HSF1	2781090_S41_L003	2
HSF1	2792010_S0_L001	2
HSF1	2792020_S32_L003	7
HSF1	2792040_S0_L001	5
HSF1	2811610_S33_L003	1
HSF1	2811630_S35_L003	1
HSF1	2858490_S0_L001	2
HSF1	2858800_S38_L003	6
HSF1	2858810_S31_L003	3
HSF1	3013500_S34_L003	2
HSF1	3049380_S0_L001	1
HSF1	3049400_S39_L003	2
HSF1	3049430_S42_L003	4
HSF1	304944_S0_L001	5
HSF1	3049450_S36_L003	2
HSF1	304955_S0_L001	1
HSF1	313308_S0_L001	5
HSF1	m313309_S193	2
HSF1	m318978_S195	6
HSF1	m318979_S197	3
HSF1	m318986_S33	3
HSF1	m329865_S206	3
HSF1	m329883_S194	3
HSF1	m329885_S199	3
HSF1	m334087_S35	1
HSF1	m344001_S207	1
HSF1	m344004_S196	1
HSF1	m357484_S37	3
HSF1	m357486_S34	1
HSF1	m357488_S36	6
HSF1	m364088_S38	4
HSF2	2705010_S40_L003	8
HSF2	270502_S0_L001	3
HSF2	2781020_S37_L003	8
HSF2	278106_S0_L001	3
HSF2	2781080_S30_L003	4
HSF2	2781090_S41_L003	3
HSF2	2792010_S0_L001	4
HSF2	2792020_S32_L003	9
HSF2	2792040_S0_L001	7
HSF2	2811610_S33_L003	2
HSF2	2811630_S35_L003	5
HSF2	2858490_S0_L001	2
HSF2	2858800_S38_L003	5
HSF2	2858810_S31_L003	4
HSF2	3013500_S34_L003	2
HSF2	3049380_S0_L001	1
HSF2	3049400_S39_L003	2
HSF2	3049430_S42_L003	7
HSF2	304944_S0_L001	6
HSF2	3049450_S36_L003	5
HSF2	304955_S0_L001	3
HSF2	313308_S0_L001	5
HSF2	m313309_S193	4
HSF2	m318978_S195	7
HSF2	m318979_S197	4
HSF2	m318986_S33	5
HSF2	m329861_S198	2
HSF2	m329865_S206	4
HSF2	m329883_S194	2
HSF2	m329885_S199	5
HSF2	m334087_S35	1
HSF2	m344001_S207	2
HSF2	m344004_S196	4
HSF2	m357484_S37	5
HSF2	m357486_S34	1
HSF2	m357488_S36	6
HSF2	m364088_S38	7
HSF4	2705010_S40_L003	10
HSF4	270502_S0_L001	9
HSF4	2781020_S37_L003	11
HSF4	278106_S0_L001	13
HSF4	2781080_S30_L003	10
HSF4	2781090_S41_L003	8
HSF4	2792010_S0_L001	6
HSF4	2792020_S32_L003	20
HSF4	2792040_S0_L001	14
HSF4	2811610_S33_L003	11
HSF4	2811630_S35_L003	9
HSF4	2858490_S0_L001	6
HSF4	2858800_S38_L003	16
HSF4	2858810_S31_L003	6
HSF4	3013500_S34_L003	5
HSF4	3049380_S0_L001	12
HSF4	3049400_S39_L003	9
HSF4	3049430_S42_L003	14
HSF4	304944_S0_L001	6
HSF4	3049450_S36_L003	9
HSF4	304955_S0_L001	11
HSF4	313308_S0_L001	16
HSF4	m313309_S193	7
HSF4	m318978_S195	16
HSF4	m318979_S197	11
HSF4	m318986_S33	17
HSF4	m329861_S198	10
HSF4	m329865_S206	14
HSF4	m329883_S194	8
HSF4	m329885_S199	6
HSF4	m334087_S35	9
HSF4	m344001_S207	5
HSF4	m344004_S196	10
HSF4	m357484_S37	13
HSF4	m357486_S34	6
HSF4	m357488_S36	14
HSF4	m364088_S38	12
Hand1	2705010_S40_L003	18
Hand1	270502_S0_L001	24
Hand1	2781020_S37_L003	24
Hand1	278106_S0_L001	32
Hand1	2781080_S30_L003	19
Hand1	2781090_S41_L003	26
Hand1	2792010_S0_L001	28
Hand1	2792020_S32_L003	24
Hand1	2792040_S0_L001	32
Hand1	2811610_S33_L003	19
Hand1	2811630_S35_L003	20
Hand1	2858490_S0_L001	20
Hand1	2858800_S38_L003	23
Hand1	2858810_S31_L003	31
Hand1	3013500_S34_L003	17
Hand1	3049380_S0_L001	21
Hand1	3049400_S39_L003	28
Hand1	3049430_S42_L003	21
Hand1	304944_S0_L001	20
Hand1	3049450_S36_L003	25
Hand1	304955_S0_L001	23
Hand1	313308_S0_L001	24
Hand1	m313309_S193	27
Hand1	m318978_S195	34
Hand1	m318979_S197	34
Hand1	m318986_S33	32
Hand1	m329861_S198	22
Hand1	m329865_S206	18
Hand1	m329883_S194	16
Hand1	m329885_S199	28
Hand1	m334087_S35	20
Hand1	m344001_S207	22
Hand1	m344004_S196	23
Hand1	m357484_S37	32
Hand1	m357486_S34	31
Hand1	m357488_S36	30
Hand1	m364088_S38	26
Hmx1	2705010_S40_L003	7
Hmx1	270502_S0_L001	4
Hmx1	2781020_S37_L003	6
Hmx1	278106_S0_L001	8
Hmx1	2781080_S30_L003	5
Hmx1	2781090_S41_L003	9
Hmx1	2792010_S0_L001	2
Hmx1	2792020_S32_L003	4
Hmx1	2792040_S0_L001	7
Hmx1	2811610_S33_L003	2
Hmx1	2811630_S35_L003	9
Hmx1	2858490_S0_L001	8
Hmx1	2858800_S38_L003	9
Hmx1	2858810_S31_L003	8
Hmx1	3013500_S34_L003	6
Hmx1	3049380_S0_L001	9
Hmx1	3049400_S39_L003	3
Hmx1	3049430_S42_L003	7
Hmx1	304944_S0_L001	5
Hmx1	3049450_S36_L003	8
Hmx1	304955_S0_L001	7
Hmx1	313308_S0_L001	4
Hmx1	m313309_S193	7
Hmx1	m318978_S195	6
Hmx1	m318979_S197	6
Hmx1	m318986_S33	5
Hmx1	m329861_S198	3
Hmx1	m329865_S206	6
Hmx1	m329883_S194	3
Hmx1	m329885_S199	5
Hmx1	m334087_S35	7
Hmx1	m344001_S207	7
Hmx1	m344004_S196	5
Hmx1	m357484_S37	11
Hmx1	m357486_S34	7
Hmx1	m357488_S36	10
Hmx1	m364088_S38	5
Hmx2	2705010_S40_L003	11
Hmx2	270502_S0_L001	6
Hmx2	2781020_S37_L003	7
Hmx2	278106_S0_L001	8
Hmx2	2781080_S30_L003	5
Hmx2	2781090_S41_L003	15
Hmx2	2792010_S0_L001	4
Hmx2	2792020_S32_L003	8
Hmx2	2792040_S0_L001	7
Hmx2	2811610_S33_L003	3
Hmx2	2811630_S35_L003	8
Hmx2	2858490_S0_L001	13
Hmx2	2858800_S38_L003	10
Hmx2	2858810_S31_L003	11
Hmx2	3013500_S34_L003	9
Hmx2	3049380_S0_L001	13
Hmx2	3049400_S39_L003	7
Hmx2	3049430_S42_L003	10
Hmx2	304944_S0_L001	8
Hmx2	3049450_S36_L003	12
Hmx2	304955_S0_L001	6
Hmx2	313308_S0_L001	6
Hmx2	m313309_S193	5
Hmx2	m318978_S195	11
Hmx2	m318979_S197	9
Hmx2	m318986_S33	14
Hmx2	m329861_S198	6
Hmx2	m329865_S206	9
Hmx2	m329883_S194	3
Hmx2	m329885_S199	8
Hmx2	m334087_S35	11
Hmx2	m344001_S207	7
Hmx2	m344004_S196	5
Hmx2	m357484_S37	13
Hmx2	m357486_S34	9
Hmx2	m357488_S36	10
Hmx2	m364088_S38	9
Hmx3	2705010_S40_L003	12
Hmx3	270502_S0_L001	5
Hmx3	2781020_S37_L003	8
Hmx3	278106_S0_L001	7
Hmx3	2781080_S30_L003	4
Hmx3	2781090_S41_L003	11
Hmx3	2792020_S32_L003	9
Hmx3	2792040_S0_L001	5
Hmx3	2811610_S33_L003	2
Hmx3	2811630_S35_L003	10
Hmx3	2858490_S0_L001	9
Hmx3	2858800_S38_L003	11
Hmx3	2858810_S31_L003	10
Hmx3	3013500_S34_L003	8
Hmx3	3049380_S0_L001	10
Hmx3	3049400_S39_L003	4
Hmx3	3049430_S42_L003	10
Hmx3	304944_S0_L001	6
Hmx3	3049450_S36_L003	9
Hmx3	304955_S0_L001	6
Hmx3	313308_S0_L001	3
Hmx3	m313309_S193	6
Hmx3	m318978_S195	10
Hmx3	m318979_S197	9
Hmx3	m318986_S33	11
Hmx3	m329861_S198	7
Hmx3	m329865_S206	9
Hmx3	m329883_S194	3
Hmx3	m329885_S199	8
Hmx3	m334087_S35	9
Hmx3	m344001_S207	10
Hmx3	m344004_S196	6
Hmx3	m357484_S37	10
Hmx3	m357486_S34	7
Hmx3	m357488_S36	11
Hmx3	m364088_S38	10
Hoxa11	2705010_S40_L003	5
Hoxa11	270502_S0_L001	3
Hoxa11	2781020_S37_L003	4
Hoxa11	278106_S0_L001	5
Hoxa11	2781080_S30_L003	2
Hoxa11	2781090_S41_L003	3
Hoxa11	2792010_S0_L001	3
Hoxa11	2792020_S32_L003	5
Hoxa11	2792040_S0_L001	7
Hoxa11	2811610_S33_L003	6
Hoxa11	2811630_S35_L003	3
Hoxa11	2858490_S0_L001	3
Hoxa11	2858800_S38_L003	4
Hoxa11	2858810_S31_L003	3
Hoxa11	3013500_S34_L003	4
Hoxa11	3049380_S0_L001	7
Hoxa11	3049400_S39_L003	3
Hoxa11	3049430_S42_L003	1
Hoxa11	304944_S0_L001	1
Hoxa11	3049450_S36_L003	4
Hoxa11	304955_S0_L001	3
Hoxa11	313308_S0_L001	7
Hoxa11	m313309_S193	4
Hoxa11	m318978_S195	2
Hoxa11	m318979_S197	3
Hoxa11	m318986_S33	5
Hoxa11	m329861_S198	5
Hoxa11	m329865_S206	7
Hoxa11	m329885_S199	4
Hoxa11	m334087_S35	10
Hoxa11	m344001_S207	2
Hoxa11	m344004_S196	7
Hoxa11	m357484_S37	3
Hoxa11	m357486_S34	2
Hoxa11	m357488_S36	6
Hoxa11	m364088_S38	5
IKZF1	2705010_S40_L003	45
IKZF1	270502_S0_L001	50
IKZF1	2781020_S37_L003	40
IKZF1	278106_S0_L001	36
IKZF1	2781080_S30_L003	40
IKZF1	2781090_S41_L003	43
IKZF1	2792010_S0_L001	36
IKZF1	2792020_S32_L003	47
IKZF1	2792040_S0_L001	53
IKZF1	2811610_S33_L003	45
IKZF1	2811630_S35_L003	35
IKZF1	2858490_S0_L001	46
IKZF1	2858800_S38_L003	42
IKZF1	2858810_S31_L003	37
IKZF1	3013500_S34_L003	31
IKZF1	3049380_S0_L001	37
IKZF1	3049400_S39_L003	32
IKZF1	3049430_S42_L003	37
IKZF1	304944_S0_L001	39
IKZF1	3049450_S36_L003	39
IKZF1	304955_S0_L001	48
IKZF1	313308_S0_L001	52
IKZF1	m313309_S193	53
IKZF1	m318978_S195	55
IKZF1	m318979_S197	40
IKZF1	m318986_S33	53
IKZF1	m329861_S198	45
IKZF1	m329865_S206	47
IKZF1	m329883_S194	41
IKZF1	m329885_S199	34
IKZF1	m334087_S35	66
IKZF1	m344001_S207	45
IKZF1	m344004_S196	44
IKZF1	m357484_S37	60
IKZF1	m357486_S34	65
IKZF1	m357488_S36	46
IKZF1	m364088_S38	61
INSM1	2705010_S40_L003	48
INSM1	270502_S0_L001	60
INSM1	2781020_S37_L003	43
INSM1	278106_S0_L001	63
INSM1	2781080_S30_L003	67
INSM1	2781090_S41_L003	46
INSM1	2792010_S0_L001	57
INSM1	2792020_S32_L003	60
INSM1	2792040_S0_L001	65
INSM1	2811610_S33_L003	54
INSM1	2811630_S35_L003	46
INSM1	2858490_S0_L001	41
INSM1	2858800_S38_L003	42
INSM1	2858810_S31_L003	51
INSM1	3013500_S34_L003	45
INSM1	3049380_S0_L001	50
INSM1	3049400_S39_L003	36
INSM1	3049430_S42_L003	50
INSM1	304944_S0_L001	47
INSM1	3049450_S36_L003	50
INSM1	304955_S0_L001	64
INSM1	313308_S0_L001	73
INSM1	m313309_S193	47
INSM1	m318978_S195	56
INSM1	m318979_S197	54
INSM1	m318986_S33	48
INSM1	m329861_S198	77
INSM1	m329865_S206	49
INSM1	m329883_S194	24
INSM1	m329885_S199	63
INSM1	m334087_S35	53
INSM1	m344001_S207	43
INSM1	m344004_S196	57
INSM1	m357484_S37	67
INSM1	m357486_S34	71
INSM1	m357488_S36	58
INSM1	m364088_S38	83
IRF2	2705010_S40_L003	11
IRF2	270502_S0_L001	13
IRF2	2781020_S37_L003	6
IRF2	278106_S0_L001	5
IRF2	2781080_S30_L003	7
IRF2	2781090_S41_L003	11
IRF2	2792010_S0_L001	5
IRF2	2792020_S32_L003	5
IRF2	2792040_S0_L001	13
IRF2	2811610_S33_L003	9
IRF2	2811630_S35_L003	8
IRF2	2858490_S0_L001	3
IRF2	2858800_S38_L003	9
IRF2	2858810_S31_L003	13
IRF2	3013500_S34_L003	3
IRF2	3049380_S0_L001	9
IRF2	3049400_S39_L003	10
IRF2	3049430_S42_L003	5
IRF2	304944_S0_L001	5
IRF2	3049450_S36_L003	10
IRF2	304955_S0_L001	10
IRF2	313308_S0_L001	7
IRF2	m313309_S193	5
IRF2	m318978_S195	7
IRF2	m318979_S197	7
IRF2	m318986_S33	12
IRF2	m329861_S198	9
IRF2	m329865_S206	10
IRF2	m329883_S194	2
IRF2	m329885_S199	5
IRF2	m334087_S35	14
IRF2	m344001_S207	7
IRF2	m344004_S196	7
IRF2	m357484_S37	15
IRF2	m357486_S34	10
IRF2	m357488_S36	3
IRF2	m364088_S38	11
IRF4	2705010_S40_L003	1
IRF4	2792010_S0_L001	1
IRF4	2792020_S32_L003	1
IRF4	2792040_S0_L001	1
IRF4	2811610_S33_L003	1
IRF4	2811630_S35_L003	1
IRF4	2858810_S31_L003	1
IRF4	m329885_S199	1
IRF4	m357484_S37	1
IRF5	2705010_S40_L003	9
IRF5	270502_S0_L001	7
IRF5	2781020_S37_L003	2
IRF5	278106_S0_L001	9
IRF5	2781080_S30_L003	5
IRF5	2781090_S41_L003	6
IRF5	2792010_S0_L001	8
IRF5	2792020_S32_L003	4
IRF5	2792040_S0_L001	7
IRF5	2811610_S33_L003	9
IRF5	2811630_S35_L003	11
IRF5	2858490_S0_L001	6
IRF5	2858800_S38_L003	7
IRF5	2858810_S31_L003	9
IRF5	3013500_S34_L003	5
IRF5	3049380_S0_L001	7
IRF5	3049400_S39_L003	8
IRF5	3049430_S42_L003	5
IRF5	304944_S0_L001	7
IRF5	3049450_S36_L003	7
IRF5	304955_S0_L001	9
IRF5	313308_S0_L001	10
IRF5	m313309_S193	4
IRF5	m318978_S195	5
IRF5	m318979_S197	6
IRF5	m318986_S33	2
IRF5	m329861_S198	3
IRF5	m329865_S206	5
IRF5	m329883_S194	2
IRF5	m329885_S199	6
IRF5	m334087_S35	7
IRF5	m344001_S207	6
IRF5	m344004_S196	8
IRF5	m357484_S37	13
IRF5	m357486_S34	10
IRF5	m357488_S36	7
IRF5	m364088_S38	4
IRF7	2705010_S40_L003	9
IRF7	270502_S0_L001	8
IRF7	2781020_S37_L003	6
IRF7	278106_S0_L001	6
IRF7	2781080_S30_L003	4
IRF7	2781090_S41_L003	7
IRF7	2792010_S0_L001	9
IRF7	2792020_S32_L003	5
IRF7	2792040_S0_L001	10
IRF7	2811610_S33_L003	6
IRF7	2811630_S35_L003	11
IRF7	2858490_S0_L001	3
IRF7	2858800_S38_L003	6
IRF7	2858810_S31_L003	7
IRF7	3013500_S34_L003	5
IRF7	3049380_S0_L001	10
IRF7	3049400_S39_L003	4
IRF7	3049430_S42_L003	5
IRF7	304944_S0_L001	3
IRF7	3049450_S36_L003	3
IRF7	304955_S0_L001	6
IRF7	313308_S0_L001	12
IRF7	m313309_S193	3
IRF7	m318978_S195	8
IRF7	m318979_S197	10
IRF7	m318986_S33	9
IRF7	m329861_S198	8
IRF7	m329865_S206	7
IRF7	m329883_S194	3
IRF7	m329885_S199	8
IRF7	m334087_S35	4
IRF7	m344001_S207	10
IRF7	m344004_S196	6
IRF7	m357484_S37	9
IRF7	m357486_S34	12
IRF7	m357488_S36	4
IRF7	m364088_S38	9
IRF8	2705010_S40_L003	1
IRF8	270502_S0_L001	1
IRF8	278106_S0_L001	1
IRF8	2792010_S0_L001	1
IRF8	2792020_S32_L003	2
IRF8	2792040_S0_L001	1
IRF8	2811610_S33_L003	1
IRF8	2811630_S35_L003	1
IRF8	2858810_S31_L003	1
IRF8	3049380_S0_L001	1
IRF8	3049430_S42_L003	1
IRF8	313308_S0_L001	1
IRF8	m318978_S195	1
IRF8	m318979_S197	1
IRF8	m329861_S198	1
IRF8	m329885_S199	1
IRF8	m344001_S207	1
IRF8	m344004_S196	1
IRF8	m357484_S37	1
IRF8	m357488_S36	1
IRF9	2705010_S40_L003	1
IRF9	270502_S0_L001	2
IRF9	2781090_S41_L003	1
IRF9	2792010_S0_L001	2
IRF9	2792020_S32_L003	1
IRF9	2792040_S0_L001	1
IRF9	2811610_S33_L003	1
IRF9	2811630_S35_L003	1
IRF9	2858800_S38_L003	1
IRF9	3049430_S42_L003	1
IRF9	304955_S0_L001	1
IRF9	313308_S0_L001	1
IRF9	m318978_S195	1
IRF9	m329885_S199	1
IRF9	m344004_S196	1
IRF9	m357484_S37	2
IRF9	m357486_S34	1
IRF9	m357488_S36	1
Isl1	2705010_S40_L003	9
Isl1	270502_S0_L001	9
Isl1	2781020_S37_L003	10
Isl1	278106_S0_L001	5
Isl1	2781080_S30_L003	10
Isl1	2781090_S41_L003	4
Isl1	2792010_S0_L001	7
Isl1	2792020_S32_L003	10
Isl1	2792040_S0_L001	7
Isl1	2811610_S33_L003	7
Isl1	2811630_S35_L003	12
Isl1	2858490_S0_L001	7
Isl1	2858800_S38_L003	9
Isl1	2858810_S31_L003	13
Isl1	3013500_S34_L003	11
Isl1	3049380_S0_L001	8
Isl1	3049400_S39_L003	7
Isl1	3049430_S42_L003	12
Isl1	304944_S0_L001	8
Isl1	3049450_S36_L003	9
Isl1	304955_S0_L001	6
Isl1	313308_S0_L001	10
Isl1	m313309_S193	8
Isl1	m318978_S195	8
Isl1	m318979_S197	6
Isl1	m318986_S33	14
Isl1	m329861_S198	7
Isl1	m329865_S206	7
Isl1	m329883_S194	7
Isl1	m329885_S199	12
Isl1	m334087_S35	7
Isl1	m344001_S207	5
Isl1	m344004_S196	9
Isl1	m357484_S37	15
Isl1	m357486_S34	17
Isl1	m357488_S36	12
Isl1	m364088_S38	13
JDP2	2705010_S40_L003	4
JDP2	270502_S0_L001	10
JDP2	2781020_S37_L003	6
JDP2	278106_S0_L001	12
JDP2	2781080_S30_L003	8
JDP2	2781090_S41_L003	5
JDP2	2792010_S0_L001	5
JDP2	2792020_S32_L003	7
JDP2	2792040_S0_L001	9
JDP2	2811610_S33_L003	7
JDP2	2811630_S35_L003	7
JDP2	2858490_S0_L001	8
JDP2	2858800_S38_L003	5
JDP2	2858810_S31_L003	8
JDP2	3013500_S34_L003	5
JDP2	3049380_S0_L001	8
JDP2	3049400_S39_L003	3
JDP2	3049430_S42_L003	4
JDP2	304944_S0_L001	9
JDP2	3049450_S36_L003	8
JDP2	304955_S0_L001	5
JDP2	313308_S0_L001	6
JDP2	m313309_S193	6
JDP2	m318978_S195	8
JDP2	m318979_S197	9
JDP2	m318986_S33	10
JDP2	m329861_S198	10
JDP2	m329865_S206	6
JDP2	m329883_S194	5
JDP2	m329885_S199	5
JDP2	m334087_S35	10
JDP2	m344001_S207	8
JDP2	m344004_S196	5
JDP2	m357484_S37	11
JDP2	m357486_S34	9
JDP2	m357488_S36	6
JDP2	m364088_S38	8
JUN	2705010_S40_L003	42
JUN	270502_S0_L001	61
JUN	2781020_S37_L003	49
JUN	278106_S0_L001	50
JUN	2781080_S30_L003	46
JUN	2781090_S41_L003	44
JUN	2792010_S0_L001	47
JUN	2792020_S32_L003	57
JUN	2792040_S0_L001	48
JUN	2811610_S33_L003	50
JUN	2811630_S35_L003	58
JUN	2858490_S0_L001	50
JUN	2858800_S38_L003	48
JUN	2858810_S31_L003	49
JUN	3013500_S34_L003	51
JUN	3049380_S0_L001	42
JUN	3049400_S39_L003	45
JUN	3049430_S42_L003	52
JUN	304944_S0_L001	42
JUN	3049450_S36_L003	43
JUN	304955_S0_L001	55
JUN	313308_S0_L001	55
JUN	m313309_S193	45
JUN	m318978_S195	49
JUN	m318979_S197	57
JUN	m318986_S33	61
JUN	m329861_S198	45
JUN	m329865_S206	60
JUN	m329883_S194	25
JUN	m329885_S199	49
JUN	m334087_S35	67
JUN	m344001_S207	50
JUN	m344004_S196	46
JUN	m357484_S37	81
JUN	m357486_S34	56
JUN	m357488_S36	54
JUN	m364088_S38	66
JUNB	2705010_S40_L003	33
JUNB	270502_S0_L001	48
JUNB	2781020_S37_L003	39
JUNB	278106_S0_L001	39
JUNB	2781080_S30_L003	34
JUNB	2781090_S41_L003	34
JUNB	2792010_S0_L001	33
JUNB	2792020_S32_L003	42
JUNB	2792040_S0_L001	41
JUNB	2811610_S33_L003	38
JUNB	2811630_S35_L003	44
JUNB	2858490_S0_L001	42
JUNB	2858800_S38_L003	37
JUNB	2858810_S31_L003	40
JUNB	3013500_S34_L003	42
JUNB	3049380_S0_L001	39
JUNB	3049400_S39_L003	34
JUNB	3049430_S42_L003	41
JUNB	304944_S0_L001	37
JUNB	3049450_S36_L003	31
JUNB	304955_S0_L001	46
JUNB	313308_S0_L001	44
JUNB	m313309_S193	33
JUNB	m318978_S195	36
JUNB	m318979_S197	48
JUNB	m318986_S33	45
JUNB	m329861_S198	36
JUNB	m329865_S206	45
JUNB	m329883_S194	19
JUNB	m329885_S199	33
JUNB	m334087_S35	51
JUNB	m344001_S207	37
JUNB	m344004_S196	36
JUNB	m357484_S37	63
JUNB	m357486_S34	42
JUNB	m357488_S36	46
JUNB	m364088_S38	53
JUND	2705010_S40_L003	42
JUND	270502_S0_L001	50
JUND	2781020_S37_L003	40
JUND	278106_S0_L001	37
JUND	2781080_S30_L003	43
JUND	2781090_S41_L003	32
JUND	2792010_S0_L001	35
JUND	2792020_S32_L003	47
JUND	2792040_S0_L001	46
JUND	2811610_S33_L003	46
JUND	2811630_S35_L003	44
JUND	2858490_S0_L001	47
JUND	2858800_S38_L003	40
JUND	2858810_S31_L003	38
JUND	3013500_S34_L003	41
JUND	3049380_S0_L001	37
JUND	3049400_S39_L003	36
JUND	3049430_S42_L003	40
JUND	304944_S0_L001	39
JUND	3049450_S36_L003	37
JUND	304955_S0_L001	51
JUND	313308_S0_L001	45
JUND	m313309_S193	39
JUND	m318978_S195	43
JUND	m318979_S197	52
JUND	m318986_S33	51
JUND	m329861_S198	38
JUND	m329865_S206	46
JUND	m329883_S194	22
JUND	m329885_S199	37
JUND	m334087_S35	58
JUND	m344001_S207	43
JUND	m344004_S196	35
JUND	m357484_S37	64
JUND	m357486_S34	48
JUND	m357488_S36	42
JUND	m364088_S38	55
KLF10	2705010_S40_L003	114
KLF10	270502_S0_L001	122
KLF10	2781020_S37_L003	109
KLF10	278106_S0_L001	127
KLF10	2781080_S30_L003	103
KLF10	2781090_S41_L003	105
KLF10	2792010_S0_L001	117
KLF10	2792020_S32_L003	122
KLF10	2792040_S0_L001	120
KLF10	2811610_S33_L003	111
KLF10	2811630_S35_L003	114
KLF10	2858490_S0_L001	101
KLF10	2858800_S38_L003	94
KLF10	2858810_S31_L003	110
KLF10	3013500_S34_L003	99
KLF10	3049380_S0_L001	111
KLF10	3049400_S39_L003	109
KLF10	3049430_S42_L003	109
KLF10	304944_S0_L001	109
KLF10	3049450_S36_L003	106
KLF10	304955_S0_L001	126
KLF10	313308_S0_L001	139
KLF10	m313309_S193	99
KLF10	m318978_S195	115
KLF10	m318979_S197	113
KLF10	m318986_S33	134
KLF10	m329861_S198	127
KLF10	m329865_S206	120
KLF10	m329883_S194	78
KLF10	m329885_S199	117
KLF10	m334087_S35	130
KLF10	m344001_S207	110
KLF10	m344004_S196	125
KLF10	m357484_S37	155
KLF10	m357486_S34	147
KLF10	m357488_S36	129
KLF10	m364088_S38	155
KLF11	2705010_S40_L003	127
KLF11	270502_S0_L001	146
KLF11	2781020_S37_L003	129
KLF11	278106_S0_L001	137
KLF11	2781080_S30_L003	128
KLF11	2781090_S41_L003	124
KLF11	2792010_S0_L001	129
KLF11	2792020_S32_L003	143
KLF11	2792040_S0_L001	149
KLF11	2811610_S33_L003	142
KLF11	2811630_S35_L003	138
KLF11	2858490_S0_L001	122
KLF11	2858800_S38_L003	119
KLF11	2858810_S31_L003	128
KLF11	3013500_S34_L003	132
KLF11	3049380_S0_L001	140
KLF11	3049400_S39_L003	124
KLF11	3049430_S42_L003	123
KLF11	304944_S0_L001	130
KLF11	3049450_S36_L003	129
KLF11	304955_S0_L001	150
KLF11	313308_S0_L001	159
KLF11	m313309_S193	129
KLF11	m318978_S195	132
KLF11	m318979_S197	142
KLF11	m318986_S33	156
KLF11	m329861_S198	150
KLF11	m329865_S206	133
KLF11	m329883_S194	93
KLF11	m329885_S199	145
KLF11	m334087_S35	152
KLF11	m344001_S207	129
KLF11	m344004_S196	147
KLF11	m357484_S37	172
KLF11	m357486_S34	167
KLF11	m357488_S36	147
KLF11	m364088_S38	177
KLF13	2705010_S40_L003	4
KLF13	270502_S0_L001	2
KLF13	2781020_S37_L003	3
KLF13	278106_S0_L001	4
KLF13	2781080_S30_L003	2
KLF13	2781090_S41_L003	3
KLF13	2792010_S0_L001	2
KLF13	2792020_S32_L003	5
KLF13	2792040_S0_L001	5
KLF13	2811610_S33_L003	7
KLF13	2811630_S35_L003	6
KLF13	2858490_S0_L001	4
KLF13	2858800_S38_L003	4
KLF13	2858810_S31_L003	7
KLF13	3013500_S34_L003	6
KLF13	3049380_S0_L001	5
KLF13	3049400_S39_L003	5
KLF13	3049430_S42_L003	4
KLF13	304944_S0_L001	4
KLF13	3049450_S36_L003	4
KLF13	304955_S0_L001	4
KLF13	313308_S0_L001	3
KLF13	m313309_S193	5
KLF13	m318978_S195	2
KLF13	m318979_S197	2
KLF13	m318986_S33	4
KLF13	m329861_S198	3
KLF13	m329865_S206	5
KLF13	m329883_S194	2
KLF13	m329885_S199	7
KLF13	m334087_S35	8
KLF13	m344001_S207	7
KLF13	m344004_S196	8
KLF13	m357484_S37	3
KLF13	m357486_S34	5
KLF13	m357488_S36	7
KLF13	m364088_S38	5
KLF14	2705010_S40_L003	60
KLF14	270502_S0_L001	69
KLF14	2781020_S37_L003	52
KLF14	278106_S0_L001	51
KLF14	2781080_S30_L003	49
KLF14	2781090_S41_L003	58
KLF14	2792010_S0_L001	60
KLF14	2792020_S32_L003	59
KLF14	2792040_S0_L001	69
KLF14	2811610_S33_L003	48
KLF14	2811630_S35_L003	68
KLF14	2858490_S0_L001	53
KLF14	2858800_S38_L003	49
KLF14	2858810_S31_L003	57
KLF14	3013500_S34_L003	57
KLF14	3049380_S0_L001	52
KLF14	3049400_S39_L003	50
KLF14	3049430_S42_L003	50
KLF14	304944_S0_L001	55
KLF14	3049450_S36_L003	52
KLF14	304955_S0_L001	55
KLF14	313308_S0_L001	67
KLF14	m313309_S193	53
KLF14	m318978_S195	56
KLF14	m318979_S197	56
KLF14	m318986_S33	62
KLF14	m329861_S198	57
KLF14	m329865_S206	59
KLF14	m329883_S194	42
KLF14	m329885_S199	62
KLF14	m334087_S35	68
KLF14	m344001_S207	58
KLF14	m344004_S196	68
KLF14	m357484_S37	70
KLF14	m357486_S34	68
KLF14	m357488_S36	62
KLF14	m364088_S38	80
KLF15	2705010_S40_L003	145
KLF15	270502_S0_L001	150
KLF15	2781020_S37_L003	152
KLF15	278106_S0_L001	147
KLF15	2781080_S30_L003	144
KLF15	2781090_S41_L003	143
KLF15	2792010_S0_L001	138
KLF15	2792020_S32_L003	150
KLF15	2792040_S0_L001	170
KLF15	2811610_S33_L003	139
KLF15	2811630_S35_L003	155
KLF15	2858490_S0_L001	155
KLF15	2858800_S38_L003	127
KLF15	2858810_S31_L003	150
KLF15	3013500_S34_L003	151
KLF15	3049380_S0_L001	147
KLF15	3049400_S39_L003	140
KLF15	3049430_S42_L003	147
KLF15	304944_S0_L001	152
KLF15	3049450_S36_L003	147
KLF15	304955_S0_L001	153
KLF15	313308_S0_L001	164
KLF15	m313309_S193	142
KLF15	m318978_S195	157
KLF15	m318979_S197	153
KLF15	m318986_S33	163
KLF15	m329861_S198	157
KLF15	m329865_S206	160
KLF15	m329883_S194	98
KLF15	m329885_S199	158
KLF15	m334087_S35	149
KLF15	m344001_S207	143
KLF15	m344004_S196	151
KLF15	m357484_S37	173
KLF15	m357486_S34	180
KLF15	m357488_S36	155
KLF15	m364088_S38	171
KLF16	2705010_S40_L003	160
KLF16	270502_S0_L001	164
KLF16	2781020_S37_L003	154
KLF16	278106_S0_L001	173
KLF16	2781080_S30_L003	160
KLF16	2781090_S41_L003	153
KLF16	2792010_S0_L001	150
KLF16	2792020_S32_L003	172
KLF16	2792040_S0_L001	173
KLF16	2811610_S33_L003	169
KLF16	2811630_S35_L003	166
KLF16	2858490_S0_L001	161
KLF16	2858800_S38_L003	146
KLF16	2858810_S31_L003	152
KLF16	3013500_S34_L003	145
KLF16	3049380_S0_L001	159
KLF16	3049400_S39_L003	150
KLF16	3049430_S42_L003	155
KLF16	304944_S0_L001	155
KLF16	3049450_S36_L003	162
KLF16	304955_S0_L001	168
KLF16	313308_S0_L001	188
KLF16	m313309_S193	161
KLF16	m318978_S195	150
KLF16	m318979_S197	168
KLF16	m318986_S33	185
KLF16	m329861_S198	176
KLF16	m329865_S206	172
KLF16	m329883_S194	117
KLF16	m329885_S199	170
KLF16	m334087_S35	181
KLF16	m344001_S207	151
KLF16	m344004_S196	164
KLF16	m357484_S37	204
KLF16	m357486_S34	192
KLF16	m357488_S36	178
KLF16	m364088_S38	201
KLF17	2705010_S40_L003	33
KLF17	270502_S0_L001	42
KLF17	2781020_S37_L003	38
KLF17	278106_S0_L001	48
KLF17	2781080_S30_L003	36
KLF17	2781090_S41_L003	51
KLF17	2792010_S0_L001	36
KLF17	2792020_S32_L003	46
KLF17	2792040_S0_L001	44
KLF17	2811610_S33_L003	36
KLF17	2811630_S35_L003	42
KLF17	2858490_S0_L001	38
KLF17	2858800_S38_L003	33
KLF17	2858810_S31_L003	33
KLF17	3013500_S34_L003	26
KLF17	3049380_S0_L001	38
KLF17	3049400_S39_L003	29
KLF17	3049430_S42_L003	40
KLF17	304944_S0_L001	41
KLF17	3049450_S36_L003	39
KLF17	304955_S0_L001	42
KLF17	313308_S0_L001	57
KLF17	m313309_S193	36
KLF17	m318978_S195	33
KLF17	m318979_S197	47
KLF17	m318986_S33	40
KLF17	m329861_S198	48
KLF17	m329865_S206	40
KLF17	m329883_S194	31
KLF17	m329885_S199	46
KLF17	m334087_S35	55
KLF17	m344001_S207	40
KLF17	m344004_S196	36
KLF17	m357484_S37	60
KLF17	m357486_S34	40
KLF17	m357488_S36	55
KLF17	m364088_S38	56
KLF2	2705010_S40_L003	138
KLF2	270502_S0_L001	139
KLF2	2781020_S37_L003	146
KLF2	278106_S0_L001	144
KLF2	2781080_S30_L003	121
KLF2	2781090_S41_L003	136
KLF2	2792010_S0_L001	134
KLF2	2792020_S32_L003	141
KLF2	2792040_S0_L001	166
KLF2	2811610_S33_L003	139
KLF2	2811630_S35_L003	153
KLF2	2858490_S0_L001	139
KLF2	2858800_S38_L003	130
KLF2	2858810_S31_L003	132
KLF2	3013500_S34_L003	146
KLF2	3049380_S0_L001	150
KLF2	3049400_S39_L003	136
KLF2	3049430_S42_L003	137
KLF2	304944_S0_L001	149
KLF2	3049450_S36_L003	130
KLF2	304955_S0_L001	153
KLF2	313308_S0_L001	173
KLF2	m313309_S193	130
KLF2	m318978_S195	139
KLF2	m318979_S197	153
KLF2	m318986_S33	169
KLF2	m329861_S198	153
KLF2	m329865_S206	131
KLF2	m329883_S194	106
KLF2	m329885_S199	153
KLF2	m334087_S35	152
KLF2	m344001_S207	137
KLF2	m344004_S196	147
KLF2	m357484_S37	181
KLF2	m357486_S34	167
KLF2	m357488_S36	152
KLF2	m364088_S38	181
KLF3	2705010_S40_L003	87
KLF3	270502_S0_L001	84
KLF3	2781020_S37_L003	77
KLF3	278106_S0_L001	84
KLF3	2781080_S30_L003	69
KLF3	2781090_S41_L003	83
KLF3	2792010_S0_L001	91
KLF3	2792020_S32_L003	77
KLF3	2792040_S0_L001	89
KLF3	2811610_S33_L003	81
KLF3	2811630_S35_L003	88
KLF3	2858490_S0_L001	77
KLF3	2858800_S38_L003	81
KLF3	2858810_S31_L003	77
KLF3	3013500_S34_L003	94
KLF3	3049380_S0_L001	79
KLF3	3049400_S39_L003	70
KLF3	3049430_S42_L003	79
KLF3	304944_S0_L001	76
KLF3	3049450_S36_L003	73
KLF3	304955_S0_L001	90
KLF3	313308_S0_L001	102
KLF3	m313309_S193	69
KLF3	m318978_S195	88
KLF3	m318979_S197	86
KLF3	m318986_S33	104
KLF3	m329861_S198	92
KLF3	m329865_S206	84
KLF3	m329883_S194	59
KLF3	m329885_S199	97
KLF3	m334087_S35	90
KLF3	m344001_S207	78
KLF3	m344004_S196	91
KLF3	m357484_S37	106
KLF3	m357486_S34	96
KLF3	m357488_S36	85
KLF3	m364088_S38	109
KLF4	2705010_S40_L003	187
KLF4	270502_S0_L001	180
KLF4	2781020_S37_L003	175
KLF4	278106_S0_L001	196
KLF4	2781080_S30_L003	178
KLF4	2781090_S41_L003	180
KLF4	2792010_S0_L001	181
KLF4	2792020_S32_L003	186
KLF4	2792040_S0_L001	195
KLF4	2811610_S33_L003	171
KLF4	2811630_S35_L003	198
KLF4	2858490_S0_L001	193
KLF4	2858800_S38_L003	157
KLF4	2858810_S31_L003	160
KLF4	3013500_S34_L003	173
KLF4	3049380_S0_L001	178
KLF4	3049400_S39_L003	168
KLF4	3049430_S42_L003	163
KLF4	304944_S0_L001	179
KLF4	3049450_S36_L003	182
KLF4	304955_S0_L001	197
KLF4	313308_S0_L001	213
KLF4	m313309_S193	182
KLF4	m318978_S195	192
KLF4	m318979_S197	204
KLF4	m318986_S33	202
KLF4	m329861_S198	199
KLF4	m329865_S206	183
KLF4	m329883_S194	138
KLF4	m329885_S199	190
KLF4	m334087_S35	205
KLF4	m344001_S207	177
KLF4	m344004_S196	195
KLF4	m357484_S37	229
KLF4	m357486_S34	217
KLF4	m357488_S36	208
KLF4	m364088_S38	228
KLF5	2705010_S40_L003	185
KLF5	270502_S0_L001	210
KLF5	2781020_S37_L003	192
KLF5	278106_S0_L001	201
KLF5	2781080_S30_L003	194
KLF5	2781090_S41_L003	197
KLF5	2792010_S0_L001	190
KLF5	2792020_S32_L003	206
KLF5	2792040_S0_L001	205
KLF5	2811610_S33_L003	195
KLF5	2811630_S35_L003	217
KLF5	2858490_S0_L001	204
KLF5	2858800_S38_L003	172
KLF5	2858810_S31_L003	186
KLF5	3013500_S34_L003	197
KLF5	3049380_S0_L001	193
KLF5	3049400_S39_L003	184
KLF5	3049430_S42_L003	172
KLF5	304944_S0_L001	182
KLF5	3049450_S36_L003	203
KLF5	304955_S0_L001	209
KLF5	313308_S0_L001	223
KLF5	m313309_S193	189
KLF5	m318978_S195	205
KLF5	m318979_S197	208
KLF5	m318986_S33	211
KLF5	m329861_S198	200
KLF5	m329865_S206	192
KLF5	m329883_S194	140
KLF5	m329885_S199	196
KLF5	m334087_S35	214
KLF5	m344001_S207	205
KLF5	m344004_S196	196
KLF5	m357484_S37	248
KLF5	m357486_S34	226
KLF5	m357488_S36	199
KLF5	m364088_S38	241
KLF6	2705010_S40_L003	102
KLF6	270502_S0_L001	112
KLF6	2781020_S37_L003	105
KLF6	278106_S0_L001	100
KLF6	2781080_S30_L003	86
KLF6	2781090_S41_L003	112
KLF6	2792010_S0_L001	101
KLF6	2792020_S32_L003	103
KLF6	2792040_S0_L001	127
KLF6	2811610_S33_L003	103
KLF6	2811630_S35_L003	110
KLF6	2858490_S0_L001	105
KLF6	2858800_S38_L003	80
KLF6	2858810_S31_L003	103
KLF6	3013500_S34_L003	105
KLF6	3049380_S0_L001	110
KLF6	3049400_S39_L003	98
KLF6	3049430_S42_L003	98
KLF6	304944_S0_L001	107
KLF6	3049450_S36_L003	99
KLF6	304955_S0_L001	116
KLF6	313308_S0_L001	127
KLF6	m313309_S193	94
KLF6	m318978_S195	101
KLF6	m318979_S197	119
KLF6	m318986_S33	123
KLF6	m329861_S198	103
KLF6	m329865_S206	99
KLF6	m329883_S194	81
KLF6	m329885_S199	117
KLF6	m334087_S35	114
KLF6	m344001_S207	109
KLF6	m344004_S196	110
KLF6	m357484_S37	135
KLF6	m357486_S34	134
KLF6	m357488_S36	104
KLF6	m364088_S38	120
KLF9	2705010_S40_L003	111
KLF9	270502_S0_L001	115
KLF9	2781020_S37_L003	107
KLF9	278106_S0_L001	109
KLF9	2781080_S30_L003	116
KLF9	2781090_S41_L003	121
KLF9	2792010_S0_L001	117
KLF9	2792020_S32_L003	113
KLF9	2792040_S0_L001	125
KLF9	2811610_S33_L003	112
KLF9	2811630_S35_L003	114
KLF9	2858490_S0_L001	107
KLF9	2858800_S38_L003	96
KLF9	2858810_S31_L003	119
KLF9	3013500_S34_L003	100
KLF9	3049380_S0_L001	111
KLF9	3049400_S39_L003	101
KLF9	3049430_S42_L003	118
KLF9	304944_S0_L001	119
KLF9	3049450_S36_L003	108
KLF9	304955_S0_L001	136
KLF9	313308_S0_L001	138
KLF9	m313309_S193	119
KLF9	m318978_S195	114
KLF9	m318979_S197	125
KLF9	m318986_S33	130
KLF9	m329861_S198	122
KLF9	m329865_S206	118
KLF9	m329883_S194	80
KLF9	m329885_S199	123
KLF9	m334087_S35	130
KLF9	m344001_S207	101
KLF9	m344004_S196	130
KLF9	m357484_S37	153
KLF9	m357486_S34	136
KLF9	m357488_S36	130
KLF9	m364088_S38	170
Klf1	2705010_S40_L003	100
Klf1	270502_S0_L001	98
Klf1	2781020_S37_L003	98
Klf1	278106_S0_L001	104
Klf1	2781080_S30_L003	84
Klf1	2781090_S41_L003	102
Klf1	2792010_S0_L001	98
Klf1	2792020_S32_L003	108
Klf1	2792040_S0_L001	107
Klf1	2811610_S33_L003	94
Klf1	2811630_S35_L003	104
Klf1	2858490_S0_L001	102
Klf1	2858800_S38_L003	82
Klf1	2858810_S31_L003	111
Klf1	3013500_S34_L003	96
Klf1	3049380_S0_L001	100
Klf1	3049400_S39_L003	88
Klf1	3049430_S42_L003	96
Klf1	304944_S0_L001	102
Klf1	3049450_S36_L003	100
Klf1	304955_S0_L001	111
Klf1	313308_S0_L001	121
Klf1	m313309_S193	88
Klf1	m318978_S195	103
Klf1	m318979_S197	116
Klf1	m318986_S33	110
Klf1	m329861_S198	103
Klf1	m329865_S206	95
Klf1	m329883_S194	80
Klf1	m329885_S199	111
Klf1	m334087_S35	118
Klf1	m344001_S207	96
Klf1	m344004_S196	107
Klf1	m357484_S37	138
Klf1	m357486_S34	120
Klf1	m357488_S36	112
Klf1	m364088_S38	127
Klf12	2705010_S40_L003	43
Klf12	270502_S0_L001	35
Klf12	2781020_S37_L003	31
Klf12	278106_S0_L001	35
Klf12	2781080_S30_L003	29
Klf12	2781090_S41_L003	34
Klf12	2792010_S0_L001	29
Klf12	2792020_S32_L003	35
Klf12	2792040_S0_L001	32
Klf12	2811610_S33_L003	33
Klf12	2811630_S35_L003	35
Klf12	2858490_S0_L001	30
Klf12	2858800_S38_L003	32
Klf12	2858810_S31_L003	42
Klf12	3013500_S34_L003	38
Klf12	3049380_S0_L001	38
Klf12	3049400_S39_L003	27
Klf12	3049430_S42_L003	32
Klf12	304944_S0_L001	34
Klf12	3049450_S36_L003	34
Klf12	304955_S0_L001	39
Klf12	313308_S0_L001	33
Klf12	m313309_S193	31
Klf12	m318978_S195	30
Klf12	m318979_S197	29
Klf12	m318986_S33	42
Klf12	m329861_S198	35
Klf12	m329865_S206	38
Klf12	m329883_S194	29
Klf12	m329885_S199	44
Klf12	m334087_S35	38
Klf12	m344001_S207	36
Klf12	m344004_S196	41
Klf12	m357484_S37	37
Klf12	m357486_S34	39
Klf12	m357488_S36	32
Klf12	m364088_S38	46
LBX2	2705010_S40_L003	7
LBX2	270502_S0_L001	3
LBX2	2781020_S37_L003	9
LBX2	278106_S0_L001	3
LBX2	2781080_S30_L003	6
LBX2	2781090_S41_L003	5
LBX2	2792010_S0_L001	6
LBX2	2792020_S32_L003	1
LBX2	2792040_S0_L001	9
LBX2	2811610_S33_L003	4
LBX2	2811630_S35_L003	9
LBX2	2858490_S0_L001	9
LBX2	2858800_S38_L003	6
LBX2	2858810_S31_L003	7
LBX2	3013500_S34_L003	4
LBX2	3049380_S0_L001	7
LBX2	3049400_S39_L003	6
LBX2	3049430_S42_L003	7
LBX2	304944_S0_L001	2
LBX2	3049450_S36_L003	9
LBX2	304955_S0_L001	8
LBX2	313308_S0_L001	12
LBX2	m313309_S193	8
LBX2	m318978_S195	9
LBX2	m318979_S197	6
LBX2	m318986_S33	5
LBX2	m329861_S198	5
LBX2	m329865_S206	9
LBX2	m329883_S194	5
LBX2	m329885_S199	7
LBX2	m334087_S35	6
LBX2	m344001_S207	8
LBX2	m344004_S196	10
LBX2	m357484_S37	11
LBX2	m357486_S34	12
LBX2	m357488_S36	8
LBX2	m364088_S38	12
LEF1	2705010_S40_L003	6
LEF1	270502_S0_L001	9
LEF1	2781020_S37_L003	10
LEF1	278106_S0_L001	8
LEF1	2781080_S30_L003	4
LEF1	2781090_S41_L003	4
LEF1	2792010_S0_L001	4
LEF1	2792020_S32_L003	6
LEF1	2792040_S0_L001	1
LEF1	2811610_S33_L003	9
LEF1	2811630_S35_L003	6
LEF1	2858490_S0_L001	5
LEF1	2858800_S38_L003	1
LEF1	2858810_S31_L003	10
LEF1	3013500_S34_L003	3
LEF1	3049380_S0_L001	5
LEF1	3049400_S39_L003	2
LEF1	3049430_S42_L003	5
LEF1	304944_S0_L001	3
LEF1	3049450_S36_L003	7
LEF1	304955_S0_L001	5
LEF1	313308_S0_L001	9
LEF1	m313309_S193	6
LEF1	m318978_S195	6
LEF1	m318979_S197	7
LEF1	m318986_S33	8
LEF1	m329861_S198	8
LEF1	m329865_S206	6
LEF1	m329883_S194	3
LEF1	m329885_S199	3
LEF1	m334087_S35	7
LEF1	m344001_S207	5
LEF1	m344004_S196	2
LEF1	m357484_S37	5
LEF1	m357486_S34	6
LEF1	m357488_S36	6
LEF1	m364088_S38	10
LHX2	2705010_S40_L003	8
LHX2	270502_S0_L001	8
LHX2	2781020_S37_L003	11
LHX2	278106_S0_L001	8
LHX2	2781080_S30_L003	4
LHX2	2781090_S41_L003	11
LHX2	2792010_S0_L001	3
LHX2	2792020_S32_L003	9
LHX2	2792040_S0_L001	8
LHX2	2811610_S33_L003	8
LHX2	2811630_S35_L003	6
LHX2	2858490_S0_L001	11
LHX2	2858800_S38_L003	11
LHX2	2858810_S31_L003	5
LHX2	3013500_S34_L003	8
LHX2	3049380_S0_L001	16
LHX2	3049400_S39_L003	6
LHX2	3049430_S42_L003	7
LHX2	304944_S0_L001	4
LHX2	3049450_S36_L003	16
LHX2	304955_S0_L001	7
LHX2	313308_S0_L001	10
LHX2	m313309_S193	4
LHX2	m318978_S195	12
LHX2	m318979_S197	6
LHX2	m318986_S33	6
LHX2	m329861_S198	8
LHX2	m329865_S206	13
LHX2	m329883_S194	2
LHX2	m329885_S199	8
LHX2	m334087_S35	15
LHX2	m344001_S207	10
LHX2	m344004_S196	5
LHX2	m357484_S37	9
LHX2	m357486_S34	8
LHX2	m357488_S36	10
LHX2	m364088_S38	17
LHX6	2705010_S40_L003	7
LHX6	270502_S0_L001	4
LHX6	2781020_S37_L003	7
LHX6	278106_S0_L001	2
LHX6	2781080_S30_L003	3
LHX6	2781090_S41_L003	3
LHX6	2792010_S0_L001	5
LHX6	2792020_S32_L003	2
LHX6	2792040_S0_L001	4
LHX6	2811610_S33_L003	6
LHX6	2811630_S35_L003	4
LHX6	2858490_S0_L001	6
LHX6	2858800_S38_L003	4
LHX6	2858810_S31_L003	8
LHX6	3013500_S34_L003	6
LHX6	3049380_S0_L001	3
LHX6	3049400_S39_L003	5
LHX6	3049430_S42_L003	7
LHX6	304944_S0_L001	3
LHX6	3049450_S36_L003	2
LHX6	304955_S0_L001	5
LHX6	313308_S0_L001	6
LHX6	m313309_S193	8
LHX6	m318978_S195	5
LHX6	m318979_S197	6
LHX6	m318986_S33	5
LHX6	m329861_S198	5
LHX6	m329865_S206	3
LHX6	m329883_S194	5
LHX6	m329885_S199	3
LHX6	m334087_S35	6
LHX6	m344001_S207	6
LHX6	m344004_S196	3
LHX6	m357484_S37	10
LHX6	m357486_S34	7
LHX6	m357488_S36	8
LHX6	m364088_S38	9
LMX1B	2705010_S40_L003	8
LMX1B	270502_S0_L001	6
LMX1B	2781020_S37_L003	8
LMX1B	278106_S0_L001	5
LMX1B	2781080_S30_L003	5
LMX1B	2781090_S41_L003	5
LMX1B	2792010_S0_L001	6
LMX1B	2792020_S32_L003	6
LMX1B	2792040_S0_L001	9
LMX1B	2811610_S33_L003	3
LMX1B	2811630_S35_L003	7
LMX1B	2858490_S0_L001	12
LMX1B	2858800_S38_L003	6
LMX1B	2858810_S31_L003	7
LMX1B	3013500_S34_L003	6
LMX1B	3049380_S0_L001	4
LMX1B	3049400_S39_L003	8
LMX1B	3049430_S42_L003	8
LMX1B	304944_S0_L001	6
LMX1B	3049450_S36_L003	5
LMX1B	304955_S0_L001	7
LMX1B	313308_S0_L001	9
LMX1B	m313309_S193	9
LMX1B	m318978_S195	6
LMX1B	m318979_S197	8
LMX1B	m318986_S33	11
LMX1B	m329861_S198	4
LMX1B	m329865_S206	5
LMX1B	m329883_S194	5
LMX1B	m329885_S199	5
LMX1B	m334087_S35	12
LMX1B	m344001_S207	3
LMX1B	m344004_S196	3
LMX1B	m357484_S37	17
LMX1B	m357486_S34	10
LMX1B	m357488_S36	11
LMX1B	m364088_S38	10
Lhx3	2705010_S40_L003	6
Lhx3	270502_S0_L001	7
Lhx3	2781020_S37_L003	6
Lhx3	278106_S0_L001	4
Lhx3	2781080_S30_L003	6
Lhx3	2781090_S41_L003	6
Lhx3	2792010_S0_L001	7
Lhx3	2792020_S32_L003	7
Lhx3	2792040_S0_L001	12
Lhx3	2811610_S33_L003	9
Lhx3	2811630_S35_L003	7
Lhx3	2858490_S0_L001	5
Lhx3	2858800_S38_L003	11
Lhx3	2858810_S31_L003	1
Lhx3	3013500_S34_L003	7
Lhx3	3049380_S0_L001	5
Lhx3	3049400_S39_L003	8
Lhx3	3049430_S42_L003	6
Lhx3	304944_S0_L001	5
Lhx3	3049450_S36_L003	7
Lhx3	304955_S0_L001	7
Lhx3	313308_S0_L001	9
Lhx3	m313309_S193	4
Lhx3	m318978_S195	10
Lhx3	m318979_S197	4
Lhx3	m318986_S33	13
Lhx3	m329861_S198	3
Lhx3	m329865_S206	6
Lhx3	m329883_S194	4
Lhx3	m329885_S199	6
Lhx3	m334087_S35	7
Lhx3	m344001_S207	3
Lhx3	m344004_S196	8
Lhx3	m357484_S37	18
Lhx3	m357486_S34	15
Lhx3	m357488_S36	7
Lhx3	m364088_S38	13
MAF	2705010_S40_L003	13
MAF	270502_S0_L001	21
MAF	2781020_S37_L003	9
MAF	278106_S0_L001	20
MAF	2781080_S30_L003	16
MAF	2781090_S41_L003	21
MAF	2792010_S0_L001	14
MAF	2792020_S32_L003	14
MAF	2792040_S0_L001	25
MAF	2811610_S33_L003	17
MAF	2811630_S35_L003	16
MAF	2858490_S0_L001	19
MAF	2858800_S38_L003	13
MAF	2858810_S31_L003	21
MAF	3013500_S34_L003	18
MAF	3049380_S0_L001	14
MAF	3049400_S39_L003	11
MAF	3049430_S42_L003	14
MAF	304944_S0_L001	12
MAF	3049450_S36_L003	17
MAF	304955_S0_L001	18
MAF	313308_S0_L001	20
MAF	m313309_S193	18
MAF	m318978_S195	17
MAF	m318979_S197	19
MAF	m318986_S33	16
MAF	m329861_S198	14
MAF	m329865_S206	21
MAF	m329883_S194	9
MAF	m329885_S199	15
MAF	m334087_S35	15
MAF	m344001_S207	22
MAF	m344004_S196	16
MAF	m357484_S37	17
MAF	m357486_S34	18
MAF	m357488_S36	16
MAF	m364088_S38	21
MAFA	2705010_S40_L003	10
MAFA	270502_S0_L001	16
MAFA	2781020_S37_L003	11
MAFA	278106_S0_L001	21
MAFA	2781080_S30_L003	10
MAFA	2781090_S41_L003	14
MAFA	2792010_S0_L001	11
MAFA	2792020_S32_L003	15
MAFA	2792040_S0_L001	19
MAFA	2811610_S33_L003	13
MAFA	2811630_S35_L003	17
MAFA	2858490_S0_L001	12
MAFA	2858800_S38_L003	8
MAFA	2858810_S31_L003	17
MAFA	3013500_S34_L003	14
MAFA	3049380_S0_L001	12
MAFA	3049400_S39_L003	10
MAFA	3049430_S42_L003	7
MAFA	304944_S0_L001	11
MAFA	3049450_S36_L003	18
MAFA	304955_S0_L001	14
MAFA	313308_S0_L001	14
MAFA	m313309_S193	14
MAFA	m318978_S195	12
MAFA	m318979_S197	13
MAFA	m318986_S33	16
MAFA	m329861_S198	15
MAFA	m329865_S206	17
MAFA	m329883_S194	8
MAFA	m329885_S199	15
MAFA	m334087_S35	8
MAFA	m344001_S207	18
MAFA	m344004_S196	16
MAFA	m357484_S37	15
MAFA	m357486_S34	18
MAFA	m357488_S36	12
MAFA	m364088_S38	18
MAFF	2705010_S40_L003	11
MAFF	270502_S0_L001	13
MAFF	2781020_S37_L003	10
MAFF	278106_S0_L001	9
MAFF	2781080_S30_L003	4
MAFF	2781090_S41_L003	8
MAFF	2792010_S0_L001	9
MAFF	2792020_S32_L003	7
MAFF	2792040_S0_L001	13
MAFF	2811610_S33_L003	7
MAFF	2811630_S35_L003	11
MAFF	2858490_S0_L001	4
MAFF	2858800_S38_L003	7
MAFF	2858810_S31_L003	6
MAFF	3013500_S34_L003	5
MAFF	3049380_S0_L001	14
MAFF	3049400_S39_L003	9
MAFF	3049430_S42_L003	9
MAFF	304944_S0_L001	7
MAFF	3049450_S36_L003	9
MAFF	304955_S0_L001	7
MAFF	313308_S0_L001	10
MAFF	m313309_S193	5
MAFF	m318978_S195	5
MAFF	m318979_S197	11
MAFF	m318986_S33	8
MAFF	m329861_S198	8
MAFF	m329865_S206	6
MAFF	m329883_S194	9
MAFF	m329885_S199	9
MAFF	m334087_S35	6
MAFF	m344001_S207	6
MAFF	m344004_S196	7
MAFF	m357484_S37	15
MAFF	m357486_S34	8
MAFF	m357488_S36	6
MAFF	m364088_S38	18
MAFG	2705010_S40_L003	12
MAFG	270502_S0_L001	12
MAFG	2781020_S37_L003	10
MAFG	278106_S0_L001	10
MAFG	2781080_S30_L003	6
MAFG	2781090_S41_L003	11
MAFG	2792010_S0_L001	12
MAFG	2792020_S32_L003	10
MAFG	2792040_S0_L001	13
MAFG	2811610_S33_L003	9
MAFG	2811630_S35_L003	8
MAFG	2858490_S0_L001	7
MAFG	2858800_S38_L003	7
MAFG	2858810_S31_L003	10
MAFG	3013500_S34_L003	9
MAFG	3049380_S0_L001	19
MAFG	3049400_S39_L003	8
MAFG	3049430_S42_L003	11
MAFG	304944_S0_L001	10
MAFG	3049450_S36_L003	10
MAFG	304955_S0_L001	11
MAFG	313308_S0_L001	14
MAFG	m313309_S193	8
MAFG	m318978_S195	8
MAFG	m318979_S197	14
MAFG	m318986_S33	10
MAFG	m329861_S198	12
MAFG	m329865_S206	12
MAFG	m329883_S194	9
MAFG	m329885_S199	12
MAFG	m334087_S35	8
MAFG	m344001_S207	10
MAFG	m344004_S196	11
MAFG	m357484_S37	16
MAFG	m357486_S34	8
MAFG	m357488_S36	6
MAFG	m364088_S38	23
MAFK	2705010_S40_L003	23
MAFK	270502_S0_L001	26
MAFK	2781020_S37_L003	20
MAFK	278106_S0_L001	25
MAFK	2781080_S30_L003	17
MAFK	2781090_S41_L003	23
MAFK	2792010_S0_L001	27
MAFK	2792020_S32_L003	23
MAFK	2792040_S0_L001	25
MAFK	2811610_S33_L003	22
MAFK	2811630_S35_L003	19
MAFK	2858490_S0_L001	25
MAFK	2858800_S38_L003	10
MAFK	2858810_S31_L003	21
MAFK	3013500_S34_L003	14
MAFK	3049380_S0_L001	19
MAFK	3049400_S39_L003	19
MAFK	3049430_S42_L003	18
MAFK	304944_S0_L001	20
MAFK	3049450_S36_L003	22
MAFK	304955_S0_L001	31
MAFK	313308_S0_L001	27
MAFK	m313309_S193	16
MAFK	m318978_S195	27
MAFK	m318979_S197	24
MAFK	m318986_S33	26
MAFK	m329861_S198	13
MAFK	m329865_S206	17
MAFK	m329883_S194	8
MAFK	m329885_S199	17
MAFK	m334087_S35	21
MAFK	m344001_S207	24
MAFK	m344004_S196	25
MAFK	m357484_S37	35
MAFK	m357486_S34	30
MAFK	m357488_S36	22
MAFK	m364088_S38	34
MAX	2705010_S40_L003	18
MAX	270502_S0_L001	27
MAX	2781020_S37_L003	23
MAX	278106_S0_L001	22
MAX	2781080_S30_L003	25
MAX	2781090_S41_L003	23
MAX	2792010_S0_L001	14
MAX	2792020_S32_L003	26
MAX	2792040_S0_L001	26
MAX	2811610_S33_L003	20
MAX	2811630_S35_L003	19
MAX	2858490_S0_L001	20
MAX	2858800_S38_L003	17
MAX	2858810_S31_L003	20
MAX	3013500_S34_L003	21
MAX	3049380_S0_L001	26
MAX	3049400_S39_L003	25
MAX	3049430_S42_L003	20
MAX	304944_S0_L001	16
MAX	3049450_S36_L003	23
MAX	304955_S0_L001	24
MAX	313308_S0_L001	23
MAX	m313309_S193	28
MAX	m318978_S195	21
MAX	m318979_S197	21
MAX	m318986_S33	27
MAX	m329861_S198	16
MAX	m329865_S206	30
MAX	m329883_S194	10
MAX	m329885_S199	20
MAX	m334087_S35	29
MAX	m344001_S207	22
MAX	m344004_S196	25
MAX	m357484_S37	26
MAX	m357486_S34	33
MAX	m357488_S36	33
MAX	m364088_S38	29
MAZ	2705010_S40_L003	123
MAZ	270502_S0_L001	132
MAZ	2781020_S37_L003	129
MAZ	278106_S0_L001	140
MAZ	2781080_S30_L003	129
MAZ	2781090_S41_L003	112
MAZ	2792010_S0_L001	123
MAZ	2792020_S32_L003	140
MAZ	2792040_S0_L001	142
MAZ	2811610_S33_L003	125
MAZ	2811630_S35_L003	122
MAZ	2858490_S0_L001	129
MAZ	2858800_S38_L003	109
MAZ	2858810_S31_L003	113
MAZ	3013500_S34_L003	125
MAZ	3049380_S0_L001	122
MAZ	3049400_S39_L003	126
MAZ	3049430_S42_L003	117
MAZ	304944_S0_L001	111
MAZ	3049450_S36_L003	133
MAZ	304955_S0_L001	124
MAZ	313308_S0_L001	135
MAZ	m313309_S193	124
MAZ	m318978_S195	132
MAZ	m318979_S197	141
MAZ	m318986_S33	131
MAZ	m329861_S198	144
MAZ	m329865_S206	138
MAZ	m329883_S194	92
MAZ	m329885_S199	138
MAZ	m334087_S35	140
MAZ	m344001_S207	123
MAZ	m344004_S196	135
MAZ	m357484_S37	158
MAZ	m357486_S34	154
MAZ	m357488_S36	123
MAZ	m364088_S38	163
MEF2A	2705010_S40_L003	20
MEF2A	270502_S0_L001	26
MEF2A	2781020_S37_L003	22
MEF2A	278106_S0_L001	15
MEF2A	2781080_S30_L003	20
MEF2A	2781090_S41_L003	25
MEF2A	2792010_S0_L001	13
MEF2A	2792020_S32_L003	18
MEF2A	2792040_S0_L001	28
MEF2A	2811610_S33_L003	18
MEF2A	2811630_S35_L003	26
MEF2A	2858490_S0_L001	19
MEF2A	2858800_S38_L003	15
MEF2A	2858810_S31_L003	16
MEF2A	3013500_S34_L003	14
MEF2A	3049380_S0_L001	18
MEF2A	3049400_S39_L003	20
MEF2A	3049430_S42_L003	11
MEF2A	304944_S0_L001	10
MEF2A	3049450_S36_L003	10
MEF2A	304955_S0_L001	22
MEF2A	313308_S0_L001	21
MEF2A	m313309_S193	13
MEF2A	m318978_S195	19
MEF2A	m318979_S197	16
MEF2A	m318986_S33	25
MEF2A	m329861_S198	20
MEF2A	m329865_S206	21
MEF2A	m329883_S194	12
MEF2A	m329885_S199	21
MEF2A	m334087_S35	24
MEF2A	m344001_S207	18
MEF2A	m344004_S196	20
MEF2A	m357484_S37	26
MEF2A	m357486_S34	35
MEF2A	m357488_S36	30
MEF2A	m364088_S38	31
MEF2B	2705010_S40_L003	9
MEF2B	270502_S0_L001	5
MEF2B	2781020_S37_L003	6
MEF2B	278106_S0_L001	4
MEF2B	2781080_S30_L003	5
MEF2B	2781090_S41_L003	13
MEF2B	2792010_S0_L001	8
MEF2B	2792020_S32_L003	5
MEF2B	2792040_S0_L001	8
MEF2B	2811610_S33_L003	4
MEF2B	2811630_S35_L003	6
MEF2B	2858490_S0_L001	6
MEF2B	2858800_S38_L003	7
MEF2B	2858810_S31_L003	5
MEF2B	3013500_S34_L003	5
MEF2B	3049380_S0_L001	3
MEF2B	3049400_S39_L003	7
MEF2B	3049430_S42_L003	4
MEF2B	304944_S0_L001	5
MEF2B	3049450_S36_L003	5
MEF2B	304955_S0_L001	7
MEF2B	313308_S0_L001	8
MEF2B	m313309_S193	4
MEF2B	m318978_S195	7
MEF2B	m318979_S197	3
MEF2B	m318986_S33	4
MEF2B	m329861_S198	7
MEF2B	m329865_S206	6
MEF2B	m329883_S194	6
MEF2B	m329885_S199	8
MEF2B	m334087_S35	9
MEF2B	m344001_S207	7
MEF2B	m344004_S196	7
MEF2B	m357484_S37	10
MEF2B	m357486_S34	10
MEF2B	m357488_S36	8
MEF2B	m364088_S38	8
MEF2C	2705010_S40_L003	15
MEF2C	270502_S0_L001	19
MEF2C	2781020_S37_L003	19
MEF2C	278106_S0_L001	18
MEF2C	2781080_S30_L003	18
MEF2C	2781090_S41_L003	19
MEF2C	2792010_S0_L001	12
MEF2C	2792020_S32_L003	17
MEF2C	2792040_S0_L001	26
MEF2C	2811610_S33_L003	14
MEF2C	2811630_S35_L003	17
MEF2C	2858490_S0_L001	13
MEF2C	2858800_S38_L003	12
MEF2C	2858810_S31_L003	17
MEF2C	3013500_S34_L003	11
MEF2C	3049380_S0_L001	11
MEF2C	3049400_S39_L003	18
MEF2C	3049430_S42_L003	12
MEF2C	304944_S0_L001	10
MEF2C	3049450_S36_L003	8
MEF2C	304955_S0_L001	22
MEF2C	313308_S0_L001	22
MEF2C	m313309_S193	10
MEF2C	m318978_S195	13
MEF2C	m318979_S197	16
MEF2C	m318986_S33	23
MEF2C	m329861_S198	14
MEF2C	m329865_S206	14
MEF2C	m329883_S194	9
MEF2C	m329885_S199	15
MEF2C	m334087_S35	21
MEF2C	m344001_S207	17
MEF2C	m344004_S196	15
MEF2C	m357484_S37	22
MEF2C	m357486_S34	29
MEF2C	m357488_S36	23
MEF2C	m364088_S38	27
MEF2D	2705010_S40_L003	8
MEF2D	270502_S0_L001	5
MEF2D	2781020_S37_L003	6
MEF2D	278106_S0_L001	4
MEF2D	2781080_S30_L003	6
MEF2D	2781090_S41_L003	12
MEF2D	2792010_S0_L001	8
MEF2D	2792020_S32_L003	4
MEF2D	2792040_S0_L001	8
MEF2D	2811610_S33_L003	5
MEF2D	2811630_S35_L003	7
MEF2D	2858490_S0_L001	7
MEF2D	2858800_S38_L003	7
MEF2D	2858810_S31_L003	4
MEF2D	3013500_S34_L003	5
MEF2D	3049380_S0_L001	3
MEF2D	3049400_S39_L003	8
MEF2D	3049430_S42_L003	4
MEF2D	304944_S0_L001	5
MEF2D	3049450_S36_L003	5
MEF2D	304955_S0_L001	7
MEF2D	313308_S0_L001	7
MEF2D	m313309_S193	4
MEF2D	m318978_S195	7
MEF2D	m318979_S197	3
MEF2D	m318986_S33	5
MEF2D	m329861_S198	6
MEF2D	m329865_S206	6
MEF2D	m329883_S194	6
MEF2D	m329885_S199	8
MEF2D	m334087_S35	8
MEF2D	m344001_S207	7
MEF2D	m344004_S196	6
MEF2D	m357484_S37	8
MEF2D	m357486_S34	11
MEF2D	m357488_S36	7
MEF2D	m364088_S38	8
MEIS1	2705010_S40_L003	11
MEIS1	270502_S0_L001	15
MEIS1	2781020_S37_L003	13
MEIS1	278106_S0_L001	19
MEIS1	2781080_S30_L003	13
MEIS1	2781090_S41_L003	10
MEIS1	2792010_S0_L001	13
MEIS1	2792020_S32_L003	14
MEIS1	2792040_S0_L001	6
MEIS1	2811610_S33_L003	15
MEIS1	2811630_S35_L003	13
MEIS1	2858490_S0_L001	7
MEIS1	2858800_S38_L003	11
MEIS1	2858810_S31_L003	10
MEIS1	3013500_S34_L003	12
MEIS1	3049380_S0_L001	11
MEIS1	3049400_S39_L003	8
MEIS1	3049430_S42_L003	12
MEIS1	304944_S0_L001	12
MEIS1	3049450_S36_L003	7
MEIS1	304955_S0_L001	15
MEIS1	313308_S0_L001	12
MEIS1	m313309_S193	9
MEIS1	m318978_S195	12
MEIS1	m318979_S197	7
MEIS1	m318986_S33	13
MEIS1	m329861_S198	13
MEIS1	m329865_S206	12
MEIS1	m329883_S194	5
MEIS1	m329885_S199	9
MEIS1	m334087_S35	14
MEIS1	m344001_S207	8
MEIS1	m344004_S196	14
MEIS1	m357484_S37	20
MEIS1	m357486_S34	13
MEIS1	m357488_S36	11
MEIS1	m364088_S38	14
MEIS2	2705010_S40_L003	9
MEIS2	270502_S0_L001	12
MEIS2	2781020_S37_L003	9
MEIS2	278106_S0_L001	12
MEIS2	2781080_S30_L003	12
MEIS2	2781090_S41_L003	8
MEIS2	2792010_S0_L001	10
MEIS2	2792020_S32_L003	12
MEIS2	2792040_S0_L001	9
MEIS2	2811610_S33_L003	10
MEIS2	2811630_S35_L003	6
MEIS2	2858490_S0_L001	8
MEIS2	2858800_S38_L003	12
MEIS2	2858810_S31_L003	7
MEIS2	3013500_S34_L003	7
MEIS2	3049380_S0_L001	8
MEIS2	3049400_S39_L003	9
MEIS2	3049430_S42_L003	8
MEIS2	304944_S0_L001	8
MEIS2	3049450_S36_L003	9
MEIS2	304955_S0_L001	8
MEIS2	313308_S0_L001	9
MEIS2	m313309_S193	6
MEIS2	m318978_S195	9
MEIS2	m318979_S197	5
MEIS2	m318986_S33	15
MEIS2	m329861_S198	11
MEIS2	m329865_S206	11
MEIS2	m329883_S194	4
MEIS2	m329885_S199	9
MEIS2	m334087_S35	13
MEIS2	m344001_S207	7
MEIS2	m344004_S196	13
MEIS2	m357484_S37	15
MEIS2	m357486_S34	12
MEIS2	m357488_S36	11
MEIS2	m364088_S38	14
MEOX1	2705010_S40_L003	7
MEOX1	270502_S0_L001	3
MEOX1	2781020_S37_L003	6
MEOX1	278106_S0_L001	3
MEOX1	2781080_S30_L003	4
MEOX1	2781090_S41_L003	5
MEOX1	2792010_S0_L001	5
MEOX1	2792020_S32_L003	5
MEOX1	2792040_S0_L001	6
MEOX1	2811610_S33_L003	7
MEOX1	2811630_S35_L003	9
MEOX1	2858490_S0_L001	8
MEOX1	2858800_S38_L003	5
MEOX1	2858810_S31_L003	7
MEOX1	3013500_S34_L003	3
MEOX1	3049380_S0_L001	6
MEOX1	3049400_S39_L003	5
MEOX1	3049430_S42_L003	8
MEOX1	304944_S0_L001	3
MEOX1	3049450_S36_L003	6
MEOX1	304955_S0_L001	7
MEOX1	313308_S0_L001	9
MEOX1	m313309_S193	10
MEOX1	m318978_S195	7
MEOX1	m318979_S197	5
MEOX1	m318986_S33	8
MEOX1	m329861_S198	4
MEOX1	m329865_S206	8
MEOX1	m329883_S194	9
MEOX1	m329885_S199	4
MEOX1	m334087_S35	4
MEOX1	m344001_S207	7
MEOX1	m344004_S196	4
MEOX1	m357484_S37	13
MEOX1	m357486_S34	13
MEOX1	m357488_S36	6
MEOX1	m364088_S38	8
MEOX2	2705010_S40_L003	7
MEOX2	270502_S0_L001	5
MEOX2	2781020_S37_L003	6
MEOX2	278106_S0_L001	5
MEOX2	2781080_S30_L003	3
MEOX2	2781090_S41_L003	12
MEOX2	2792010_S0_L001	10
MEOX2	2792020_S32_L003	5
MEOX2	2792040_S0_L001	9
MEOX2	2811610_S33_L003	6
MEOX2	2811630_S35_L003	10
MEOX2	2858490_S0_L001	8
MEOX2	2858800_S38_L003	7
MEOX2	2858810_S31_L003	10
MEOX2	3013500_S34_L003	5
MEOX2	3049380_S0_L001	7
MEOX2	3049400_S39_L003	6
MEOX2	3049430_S42_L003	9
MEOX2	304944_S0_L001	5
MEOX2	3049450_S36_L003	8
MEOX2	304955_S0_L001	8
MEOX2	313308_S0_L001	14
MEOX2	m313309_S193	11
MEOX2	m318978_S195	7
MEOX2	m318979_S197	10
MEOX2	m318986_S33	8
MEOX2	m329861_S198	7
MEOX2	m329865_S206	11
MEOX2	m329883_S194	8
MEOX2	m329885_S199	3
MEOX2	m334087_S35	10
MEOX2	m344001_S207	4
MEOX2	m344004_S196	11
MEOX2	m357484_S37	19
MEOX2	m357486_S34	13
MEOX2	m357488_S36	9
MEOX2	m364088_S38	10
MITF	2705010_S40_L003	6
MITF	270502_S0_L001	8
MITF	2781020_S37_L003	8
MITF	278106_S0_L001	4
MITF	2781080_S30_L003	4
MITF	2781090_S41_L003	8
MITF	2792010_S0_L001	7
MITF	2792020_S32_L003	7
MITF	2792040_S0_L001	4
MITF	2811610_S33_L003	7
MITF	2811630_S35_L003	13
MITF	2858490_S0_L001	3
MITF	2858800_S38_L003	6
MITF	2858810_S31_L003	3
MITF	3013500_S34_L003	6
MITF	3049380_S0_L001	6
MITF	3049400_S39_L003	7
MITF	3049430_S42_L003	7
MITF	304944_S0_L001	4
MITF	3049450_S36_L003	6
MITF	304955_S0_L001	4
MITF	313308_S0_L001	7
MITF	m313309_S193	5
MITF	m318978_S195	11
MITF	m318979_S197	5
MITF	m318986_S33	13
MITF	m329861_S198	4
MITF	m329865_S206	9
MITF	m329883_S194	2
MITF	m329885_S199	6
MITF	m334087_S35	11
MITF	m344001_S207	4
MITF	m344004_S196	4
MITF	m357484_S37	5
MITF	m357486_S34	4
MITF	m357488_S36	12
MITF	m364088_S38	9
MIXL1	2705010_S40_L003	7
MIXL1	270502_S0_L001	3
MIXL1	2781020_S37_L003	6
MIXL1	278106_S0_L001	2
MIXL1	2781080_S30_L003	6
MIXL1	2781090_S41_L003	3
MIXL1	2792010_S0_L001	6
MIXL1	2792020_S32_L003	2
MIXL1	2792040_S0_L001	6
MIXL1	2811610_S33_L003	4
MIXL1	2811630_S35_L003	8
MIXL1	2858490_S0_L001	7
MIXL1	2858800_S38_L003	5
MIXL1	2858810_S31_L003	7
MIXL1	3013500_S34_L003	4
MIXL1	3049380_S0_L001	5
MIXL1	3049400_S39_L003	6
MIXL1	3049430_S42_L003	7
MIXL1	304944_S0_L001	3
MIXL1	3049450_S36_L003	8
MIXL1	304955_S0_L001	8
MIXL1	313308_S0_L001	9
MIXL1	m313309_S193	8
MIXL1	m318978_S195	9
MIXL1	m318979_S197	6
MIXL1	m318986_S33	6
MIXL1	m329861_S198	4
MIXL1	m329865_S206	7
MIXL1	m329883_S194	4
MIXL1	m329885_S199	5
MIXL1	m334087_S35	7
MIXL1	m344001_S207	8
MIXL1	m344004_S196	5
MIXL1	m357484_S37	12
MIXL1	m357486_S34	10
MIXL1	m357488_S36	5
MIXL1	m364088_S38	11
MLX	2705010_S40_L003	13
MLX	270502_S0_L001	10
MLX	2781020_S37_L003	9
MLX	278106_S0_L001	11
MLX	2781080_S30_L003	8
MLX	2781090_S41_L003	8
MLX	2792010_S0_L001	5
MLX	2792020_S32_L003	9
MLX	2792040_S0_L001	7
MLX	2811610_S33_L003	7
MLX	2811630_S35_L003	8
MLX	2858490_S0_L001	6
MLX	2858800_S38_L003	6
MLX	2858810_S31_L003	10
MLX	3013500_S34_L003	8
MLX	3049380_S0_L001	10
MLX	3049400_S39_L003	5
MLX	3049430_S42_L003	8
MLX	304944_S0_L001	11
MLX	3049450_S36_L003	5
MLX	304955_S0_L001	8
MLX	313308_S0_L001	7
MLX	m313309_S193	9
MLX	m318978_S195	13
MLX	m318979_S197	9
MLX	m318986_S33	13
MLX	m329861_S198	5
MLX	m329865_S206	12
MLX	m329883_S194	3
MLX	m329885_S199	9
MLX	m334087_S35	18
MLX	m344001_S207	11
MLX	m344004_S196	6
MLX	m357484_S37	13
MLX	m357486_S34	12
MLX	m357488_S36	13
MLX	m364088_S38	9
MLXIPL	2705010_S40_L003	12
MLXIPL	270502_S0_L001	14
MLXIPL	2781020_S37_L003	10
MLXIPL	278106_S0_L001	12
MLXIPL	2781080_S30_L003	13
MLXIPL	2781090_S41_L003	14
MLXIPL	2792010_S0_L001	6
MLXIPL	2792020_S32_L003	13
MLXIPL	2792040_S0_L001	10
MLXIPL	2811610_S33_L003	12
MLXIPL	2811630_S35_L003	12
MLXIPL	2858490_S0_L001	9
MLXIPL	2858800_S38_L003	7
MLXIPL	2858810_S31_L003	13
MLXIPL	3013500_S34_L003	10
MLXIPL	3049380_S0_L001	16
MLXIPL	3049400_S39_L003	11
MLXIPL	3049430_S42_L003	10
MLXIPL	304944_S0_L001	12
MLXIPL	3049450_S36_L003	6
MLXIPL	304955_S0_L001	10
MLXIPL	313308_S0_L001	11
MLXIPL	m313309_S193	13
MLXIPL	m318978_S195	14
MLXIPL	m318979_S197	11
MLXIPL	m318986_S33	14
MLXIPL	m329861_S198	6
MLXIPL	m329865_S206	14
MLXIPL	m329883_S194	5
MLXIPL	m329885_S199	8
MLXIPL	m334087_S35	20
MLXIPL	m344001_S207	12
MLXIPL	m344004_S196	9
MLXIPL	m357484_S37	14
MLXIPL	m357486_S34	16
MLXIPL	m357488_S36	14
MLXIPL	m364088_S38	13
MNT	2705010_S40_L003	16
MNT	270502_S0_L001	24
MNT	2781020_S37_L003	22
MNT	278106_S0_L001	19
MNT	2781080_S30_L003	20
MNT	2781090_S41_L003	20
MNT	2792010_S0_L001	11
MNT	2792020_S32_L003	21
MNT	2792040_S0_L001	17
MNT	2811610_S33_L003	17
MNT	2811630_S35_L003	15
MNT	2858490_S0_L001	19
MNT	2858800_S38_L003	11
MNT	2858810_S31_L003	13
MNT	3013500_S34_L003	18
MNT	3049380_S0_L001	26
MNT	3049400_S39_L003	16
MNT	3049430_S42_L003	16
MNT	304944_S0_L001	14
MNT	3049450_S36_L003	16
MNT	304955_S0_L001	18
MNT	313308_S0_L001	17
MNT	m313309_S193	18
MNT	m318978_S195	20
MNT	m318979_S197	18
MNT	m318986_S33	24
MNT	m329861_S198	10
MNT	m329865_S206	22
MNT	m329883_S194	7
MNT	m329885_S199	13
MNT	m334087_S35	25
MNT	m344001_S207	17
MNT	m344004_S196	17
MNT	m357484_S37	20
MNT	m357486_S34	27
MNT	m357488_S36	27
MNT	m364088_S38	23
MNX1	2705010_S40_L003	14
MNX1	270502_S0_L001	8
MNX1	2781020_S37_L003	8
MNX1	278106_S0_L001	8
MNX1	2781080_S30_L003	7
MNX1	2781090_S41_L003	11
MNX1	2792010_S0_L001	8
MNX1	2792020_S32_L003	7
MNX1	2792040_S0_L001	11
MNX1	2811610_S33_L003	5
MNX1	2811630_S35_L003	10
MNX1	2858490_S0_L001	15
MNX1	2858800_S38_L003	9
MNX1	2858810_S31_L003	13
MNX1	3013500_S34_L003	10
MNX1	3049380_S0_L001	9
MNX1	3049400_S39_L003	10
MNX1	3049430_S42_L003	11
MNX1	304944_S0_L001	5
MNX1	3049450_S36_L003	9
MNX1	304955_S0_L001	9
MNX1	313308_S0_L001	9
MNX1	m313309_S193	10
MNX1	m318978_S195	11
MNX1	m318979_S197	10
MNX1	m318986_S33	12
MNX1	m329861_S198	7
MNX1	m329865_S206	9
MNX1	m329883_S194	7
MNX1	m329885_S199	7
MNX1	m334087_S35	14
MNX1	m344001_S207	3
MNX1	m344004_S196	6
MNX1	m357484_S37	17
MNX1	m357486_S34	12
MNX1	m357488_S36	13
MNX1	m364088_S38	20
MSANTD3	2705010_S40_L003	39
MSANTD3	270502_S0_L001	28
MSANTD3	2781020_S37_L003	35
MSANTD3	278106_S0_L001	36
MSANTD3	2781080_S30_L003	32
MSANTD3	2781090_S41_L003	28
MSANTD3	2792010_S0_L001	28
MSANTD3	2792020_S32_L003	32
MSANTD3	2792040_S0_L001	46
MSANTD3	2811610_S33_L003	25
MSANTD3	2811630_S35_L003	29
MSANTD3	2858490_S0_L001	29
MSANTD3	2858800_S38_L003	27
MSANTD3	2858810_S31_L003	36
MSANTD3	3013500_S34_L003	28
MSANTD3	3049380_S0_L001	29
MSANTD3	3049400_S39_L003	37
MSANTD3	3049430_S42_L003	34
MSANTD3	304944_S0_L001	20
MSANTD3	3049450_S36_L003	31
MSANTD3	304955_S0_L001	39
MSANTD3	313308_S0_L001	46
MSANTD3	m313309_S193	28
MSANTD3	m318978_S195	39
MSANTD3	m318979_S197	33
MSANTD3	m318986_S33	37
MSANTD3	m329861_S198	38
MSANTD3	m329865_S206	43
MSANTD3	m329883_S194	26
MSANTD3	m329885_S199	28
MSANTD3	m334087_S35	34
MSANTD3	m344001_S207	28
MSANTD3	m344004_S196	34
MSANTD3	m357484_S37	35
MSANTD3	m357486_S34	44
MSANTD3	m357488_S36	38
MSANTD3	m364088_S38	43
MSC	2705010_S40_L003	26
MSC	270502_S0_L001	23
MSC	2781020_S37_L003	22
MSC	278106_S0_L001	29
MSC	2781080_S30_L003	25
MSC	2781090_S41_L003	22
MSC	2792010_S0_L001	24
MSC	2792020_S32_L003	20
MSC	2792040_S0_L001	31
MSC	2811610_S33_L003	21
MSC	2811630_S35_L003	23
MSC	2858490_S0_L001	15
MSC	2858800_S38_L003	22
MSC	2858810_S31_L003	27
MSC	3013500_S34_L003	19
MSC	3049380_S0_L001	16
MSC	3049400_S39_L003	20
MSC	3049430_S42_L003	20
MSC	304944_S0_L001	17
MSC	3049450_S36_L003	16
MSC	304955_S0_L001	19
MSC	313308_S0_L001	30
MSC	m313309_S193	22
MSC	m318978_S195	23
MSC	m318979_S197	23
MSC	m318986_S33	18
MSC	m329861_S198	14
MSC	m329865_S206	22
MSC	m329883_S194	16
MSC	m329885_S199	19
MSC	m334087_S35	17
MSC	m344001_S207	27
MSC	m344004_S196	21
MSC	m357484_S37	29
MSC	m357486_S34	17
MSC	m357488_S36	20
MSC	m364088_S38	22
MSGN1	2705010_S40_L003	11
MSGN1	270502_S0_L001	8
MSGN1	2781020_S37_L003	9
MSGN1	278106_S0_L001	3
MSGN1	2781080_S30_L003	6
MSGN1	2781090_S41_L003	5
MSGN1	2792010_S0_L001	10
MSGN1	2792020_S32_L003	11
MSGN1	2792040_S0_L001	12
MSGN1	2811610_S33_L003	6
MSGN1	2811630_S35_L003	6
MSGN1	2858490_S0_L001	11
MSGN1	2858800_S38_L003	7
MSGN1	2858810_S31_L003	12
MSGN1	3013500_S34_L003	6
MSGN1	3049380_S0_L001	5
MSGN1	3049400_S39_L003	7
MSGN1	3049430_S42_L003	10
MSGN1	304944_S0_L001	11
MSGN1	3049450_S36_L003	6
MSGN1	304955_S0_L001	9
MSGN1	313308_S0_L001	7
MSGN1	m313309_S193	3
MSGN1	m318978_S195	5
MSGN1	m318979_S197	8
MSGN1	m318986_S33	12
MSGN1	m329861_S198	10
MSGN1	m329865_S206	9
MSGN1	m329883_S194	5
MSGN1	m329885_S199	7
MSGN1	m334087_S35	8
MSGN1	m344001_S207	10
MSGN1	m344004_S196	13
MSGN1	m357484_S37	16
MSGN1	m357486_S34	14
MSGN1	m357488_S36	9
MSGN1	m364088_S38	17
MTF1	2705010_S40_L003	8
MTF1	270502_S0_L001	6
MTF1	2781020_S37_L003	4
MTF1	278106_S0_L001	4
MTF1	2781080_S30_L003	7
MTF1	2792010_S0_L001	7
MTF1	2792020_S32_L003	3
MTF1	2792040_S0_L001	7
MTF1	2811610_S33_L003	5
MTF1	2811630_S35_L003	3
MTF1	2858490_S0_L001	2
MTF1	2858800_S38_L003	2
MTF1	2858810_S31_L003	4
MTF1	3013500_S34_L003	6
MTF1	3049380_S0_L001	6
MTF1	3049400_S39_L003	3
MTF1	3049430_S42_L003	3
MTF1	304944_S0_L001	3
MTF1	3049450_S36_L003	8
MTF1	304955_S0_L001	4
MTF1	313308_S0_L001	3
MTF1	m313309_S193	5
MTF1	m318978_S195	4
MTF1	m318979_S197	6
MTF1	m318986_S33	4
MTF1	m329861_S198	5
MTF1	m329865_S206	7
MTF1	m329883_S194	2
MTF1	m329885_S199	8
MTF1	m334087_S35	9
MTF1	m344001_S207	1
MTF1	m344004_S196	6
MTF1	m357484_S37	5
MTF1	m357486_S34	5
MTF1	m357488_S36	7
MTF1	m364088_S38	6
MXI1	2705010_S40_L003	15
MXI1	270502_S0_L001	17
MXI1	2781020_S37_L003	14
MXI1	278106_S0_L001	18
MXI1	2781080_S30_L003	15
MXI1	2781090_S41_L003	22
MXI1	2792010_S0_L001	23
MXI1	2792020_S32_L003	19
MXI1	2792040_S0_L001	15
MXI1	2811610_S33_L003	15
MXI1	2811630_S35_L003	19
MXI1	2858490_S0_L001	14
MXI1	2858800_S38_L003	16
MXI1	2858810_S31_L003	18
MXI1	3013500_S34_L003	18
MXI1	3049380_S0_L001	14
MXI1	3049400_S39_L003	18
MXI1	3049430_S42_L003	15
MXI1	304944_S0_L001	9
MXI1	3049450_S36_L003	18
MXI1	304955_S0_L001	14
MXI1	313308_S0_L001	17
MXI1	m313309_S193	16
MXI1	m318978_S195	16
MXI1	m318979_S197	16
MXI1	m318986_S33	25
MXI1	m329861_S198	16
MXI1	m329865_S206	15
MXI1	m329883_S194	13
MXI1	m329885_S199	15
MXI1	m334087_S35	19
MXI1	m344001_S207	10
MXI1	m344004_S196	24
MXI1	m357484_S37	26
MXI1	m357486_S34	27
MXI1	m357488_S36	23
MXI1	m364088_S38	25
MYB	2705010_S40_L003	14
MYB	270502_S0_L001	18
MYB	2781020_S37_L003	12
MYB	278106_S0_L001	21
MYB	2781080_S30_L003	18
MYB	2781090_S41_L003	21
MYB	2792010_S0_L001	14
MYB	2792020_S32_L003	18
MYB	2792040_S0_L001	21
MYB	2811610_S33_L003	12
MYB	2811630_S35_L003	16
MYB	2858490_S0_L001	14
MYB	2858800_S38_L003	15
MYB	2858810_S31_L003	12
MYB	3013500_S34_L003	9
MYB	3049380_S0_L001	12
MYB	3049400_S39_L003	15
MYB	3049430_S42_L003	18
MYB	304944_S0_L001	12
MYB	3049450_S36_L003	15
MYB	304955_S0_L001	12
MYB	313308_S0_L001	25
MYB	m313309_S193	18
MYB	m318978_S195	12
MYB	m318979_S197	16
MYB	m318986_S33	20
MYB	m329861_S198	11
MYB	m329865_S206	9
MYB	m329883_S194	8
MYB	m329885_S199	16
MYB	m334087_S35	18
MYB	m344001_S207	19
MYB	m344004_S196	14
MYB	m357484_S37	22
MYB	m357486_S34	24
MYB	m357488_S36	24
MYB	m364088_S38	22
MYBL1	270502_S0_L001	4
MYBL1	2781020_S37_L003	3
MYBL1	278106_S0_L001	2
MYBL1	2781080_S30_L003	2
MYBL1	2781090_S41_L003	1
MYBL1	2792010_S0_L001	4
MYBL1	2792020_S32_L003	2
MYBL1	2792040_S0_L001	5
MYBL1	2811610_S33_L003	1
MYBL1	2811630_S35_L003	2
MYBL1	2858490_S0_L001	4
MYBL1	2858800_S38_L003	1
MYBL1	2858810_S31_L003	2
MYBL1	3049380_S0_L001	2
MYBL1	3049400_S39_L003	3
MYBL1	3049430_S42_L003	1
MYBL1	304944_S0_L001	2
MYBL1	3049450_S36_L003	3
MYBL1	m313309_S193	3
MYBL1	m318978_S195	2
MYBL1	m318979_S197	2
MYBL1	m318986_S33	3
MYBL1	m329861_S198	2
MYBL1	m329865_S206	1
MYBL1	m329883_S194	1
MYBL1	m329885_S199	1
MYBL1	m334087_S35	2
MYBL1	m344001_S207	2
MYBL1	m344004_S196	1
MYBL1	m357484_S37	1
MYBL1	m357486_S34	3
MYBL1	m357488_S36	4
MYBL1	m364088_S38	4
MYBL2	270502_S0_L001	3
MYBL2	2781020_S37_L003	2
MYBL2	278106_S0_L001	1
MYBL2	2781090_S41_L003	1
MYBL2	2792010_S0_L001	2
MYBL2	2792020_S32_L003	1
MYBL2	2811630_S35_L003	1
MYBL2	2858490_S0_L001	1
MYBL2	2858800_S38_L003	1
MYBL2	3013500_S34_L003	1
MYBL2	3049380_S0_L001	1
MYBL2	3049430_S42_L003	2
MYBL2	3049450_S36_L003	1
MYBL2	304955_S0_L001	1
MYBL2	313308_S0_L001	1
MYBL2	m318978_S195	2
MYBL2	m329885_S199	1
MYBL2	m344001_S207	1
MYBL2	m357484_S37	3
MYBL2	m357488_S36	2
MYBL2	m364088_S38	2
MYC	2705010_S40_L003	25
MYC	270502_S0_L001	33
MYC	2781020_S37_L003	33
MYC	278106_S0_L001	38
MYC	2781080_S30_L003	32
MYC	2781090_S41_L003	34
MYC	2792010_S0_L001	25
MYC	2792020_S32_L003	36
MYC	2792040_S0_L001	32
MYC	2811610_S33_L003	25
MYC	2811630_S35_L003	31
MYC	2858490_S0_L001	28
MYC	2858800_S38_L003	25
MYC	2858810_S31_L003	28
MYC	3013500_S34_L003	31
MYC	3049380_S0_L001	34
MYC	3049400_S39_L003	30
MYC	3049430_S42_L003	25
MYC	304944_S0_L001	26
MYC	3049450_S36_L003	30
MYC	304955_S0_L001	32
MYC	313308_S0_L001	32
MYC	m313309_S193	39
MYC	m318978_S195	29
MYC	m318979_S197	30
MYC	m318986_S33	33
MYC	m329861_S198	24
MYC	m329865_S206	37
MYC	m329883_S194	13
MYC	m329885_S199	29
MYC	m334087_S35	40
MYC	m344001_S207	29
MYC	m344004_S196	33
MYC	m357484_S37	32
MYC	m357486_S34	35
MYC	m357488_S36	46
MYC	m364088_S38	36
MYCN	2705010_S40_L003	13
MYCN	270502_S0_L001	12
MYCN	2781020_S37_L003	20
MYCN	278106_S0_L001	15
MYCN	2781080_S30_L003	18
MYCN	2781090_S41_L003	18
MYCN	2792010_S0_L001	12
MYCN	2792020_S32_L003	25
MYCN	2792040_S0_L001	18
MYCN	2811610_S33_L003	14
MYCN	2811630_S35_L003	22
MYCN	2858490_S0_L001	16
MYCN	2858800_S38_L003	18
MYCN	2858810_S31_L003	14
MYCN	3013500_S34_L003	15
MYCN	3049380_S0_L001	20
MYCN	3049400_S39_L003	10
MYCN	3049430_S42_L003	18
MYCN	304944_S0_L001	18
MYCN	3049450_S36_L003	12
MYCN	304955_S0_L001	19
MYCN	313308_S0_L001	17
MYCN	m313309_S193	19
MYCN	m318978_S195	20
MYCN	m318979_S197	21
MYCN	m318986_S33	18
MYCN	m329861_S198	13
MYCN	m329865_S206	24
MYCN	m329883_S194	4
MYCN	m329885_S199	16
MYCN	m334087_S35	23
MYCN	m344001_S207	12
MYCN	m344004_S196	15
MYCN	m357484_S37	21
MYCN	m357486_S34	18
MYCN	m357488_S36	23
MYCN	m364088_S38	24
MYF5	2705010_S40_L003	27
MYF5	270502_S0_L001	26
MYF5	2781020_S37_L003	27
MYF5	278106_S0_L001	35
MYF5	2781080_S30_L003	26
MYF5	2781090_S41_L003	28
MYF5	2792010_S0_L001	26
MYF5	2792020_S32_L003	37
MYF5	2792040_S0_L001	31
MYF5	2811610_S33_L003	24
MYF5	2811630_S35_L003	32
MYF5	2858490_S0_L001	18
MYF5	2858800_S38_L003	25
MYF5	2858810_S31_L003	21
MYF5	3013500_S34_L003	27
MYF5	3049380_S0_L001	21
MYF5	3049400_S39_L003	25
MYF5	3049430_S42_L003	31
MYF5	304944_S0_L001	22
MYF5	3049450_S36_L003	28
MYF5	304955_S0_L001	28
MYF5	313308_S0_L001	37
MYF5	m313309_S193	30
MYF5	m318978_S195	29
MYF5	m318979_S197	33
MYF5	m318986_S33	35
MYF5	m329861_S198	16
MYF5	m329865_S206	30
MYF5	m329883_S194	25
MYF5	m329885_S199	19
MYF5	m334087_S35	25
MYF5	m344001_S207	34
MYF5	m344004_S196	40
MYF5	m357484_S37	40
MYF5	m357486_S34	28
MYF5	m357488_S36	21
MYF5	m364088_S38	30
MYF6	2705010_S40_L003	9
MYF6	270502_S0_L001	11
MYF6	2781020_S37_L003	13
MYF6	278106_S0_L001	11
MYF6	2781080_S30_L003	14
MYF6	2781090_S41_L003	12
MYF6	2792010_S0_L001	10
MYF6	2792020_S32_L003	14
MYF6	2792040_S0_L001	15
MYF6	2811610_S33_L003	9
MYF6	2811630_S35_L003	11
MYF6	2858490_S0_L001	14
MYF6	2858800_S38_L003	13
MYF6	2858810_S31_L003	14
MYF6	3013500_S34_L003	11
MYF6	3049380_S0_L001	6
MYF6	3049400_S39_L003	10
MYF6	3049430_S42_L003	12
MYF6	304944_S0_L001	8
MYF6	3049450_S36_L003	5
MYF6	304955_S0_L001	11
MYF6	313308_S0_L001	17
MYF6	m313309_S193	12
MYF6	m318978_S195	6
MYF6	m318979_S197	12
MYF6	m318986_S33	8
MYF6	m329861_S198	7
MYF6	m329865_S206	14
MYF6	m329883_S194	8
MYF6	m329885_S199	11
MYF6	m334087_S35	11
MYF6	m344001_S207	11
MYF6	m344004_S196	7
MYF6	m357484_S37	20
MYF6	m357486_S34	14
MYF6	m357488_S36	11
MYF6	m364088_S38	14
MYOD1	2705010_S40_L003	34
MYOD1	270502_S0_L001	50
MYOD1	2781020_S37_L003	34
MYOD1	278106_S0_L001	63
MYOD1	2781080_S30_L003	47
MYOD1	2781090_S41_L003	40
MYOD1	2792010_S0_L001	44
MYOD1	2792020_S32_L003	49
MYOD1	2792040_S0_L001	47
MYOD1	2811610_S33_L003	53
MYOD1	2811630_S35_L003	49
MYOD1	2858490_S0_L001	43
MYOD1	2858800_S38_L003	44
MYOD1	2858810_S31_L003	40
MYOD1	3013500_S34_L003	46
MYOD1	3049380_S0_L001	33
MYOD1	3049400_S39_L003	42
MYOD1	3049430_S42_L003	44
MYOD1	304944_S0_L001	40
MYOD1	3049450_S36_L003	48
MYOD1	304955_S0_L001	47
MYOD1	313308_S0_L001	58
MYOD1	m313309_S193	46
MYOD1	m318978_S195	46
MYOD1	m318979_S197	43
MYOD1	m318986_S33	43
MYOD1	m329861_S198	32
MYOD1	m329865_S206	54
MYOD1	m329883_S194	38
MYOD1	m329885_S199	37
MYOD1	m334087_S35	45
MYOD1	m344001_S207	51
MYOD1	m344004_S196	53
MYOD1	m357484_S37	67
MYOD1	m357486_S34	46
MYOD1	m357488_S36	38
MYOD1	m364088_S38	52
MYOG	2705010_S40_L003	34
MYOG	270502_S0_L001	37
MYOG	2781020_S37_L003	34
MYOG	278106_S0_L001	41
MYOG	2781080_S30_L003	31
MYOG	2781090_S41_L003	28
MYOG	2792010_S0_L001	22
MYOG	2792020_S32_L003	39
MYOG	2792040_S0_L001	36
MYOG	2811610_S33_L003	29
MYOG	2811630_S35_L003	32
MYOG	2858490_S0_L001	23
MYOG	2858800_S38_L003	27
MYOG	2858810_S31_L003	30
MYOG	3013500_S34_L003	37
MYOG	3049380_S0_L001	19
MYOG	3049400_S39_L003	32
MYOG	3049430_S42_L003	30
MYOG	304944_S0_L001	26
MYOG	3049450_S36_L003	34
MYOG	304955_S0_L001	44
MYOG	313308_S0_L001	37
MYOG	m313309_S193	32
MYOG	m318978_S195	29
MYOG	m318979_S197	35
MYOG	m318986_S33	28
MYOG	m329861_S198	28
MYOG	m329865_S206	28
MYOG	m329883_S194	26
MYOG	m329885_S199	25
MYOG	m334087_S35	31
MYOG	m344001_S207	37
MYOG	m344004_S196	36
MYOG	m357484_S37	52
MYOG	m357486_S34	28
MYOG	m357488_S36	31
MYOG	m364088_S38	34
MZF1	2705010_S40_L003	73
MZF1	270502_S0_L001	75
MZF1	2781020_S37_L003	73
MZF1	278106_S0_L001	88
MZF1	2781080_S30_L003	68
MZF1	2781090_S41_L003	59
MZF1	2792010_S0_L001	72
MZF1	2792020_S32_L003	83
MZF1	2792040_S0_L001	85
MZF1	2811610_S33_L003	71
MZF1	2811630_S35_L003	84
MZF1	2858490_S0_L001	71
MZF1	2858800_S38_L003	62
MZF1	2858810_S31_L003	79
MZF1	3013500_S34_L003	60
MZF1	3049380_S0_L001	63
MZF1	3049400_S39_L003	60
MZF1	3049430_S42_L003	62
MZF1	304944_S0_L001	64
MZF1	3049450_S36_L003	69
MZF1	304955_S0_L001	89
MZF1	313308_S0_L001	78
MZF1	m313309_S193	67
MZF1	m318978_S195	74
MZF1	m318979_S197	72
MZF1	m318986_S33	77
MZF1	m329861_S198	82
MZF1	m329865_S206	71
MZF1	m329883_S194	41
MZF1	m329885_S199	82
MZF1	m334087_S35	85
MZF1	m344001_S207	64
MZF1	m344004_S196	84
MZF1	m357484_S37	90
MZF1	m357486_S34	90
MZF1	m357488_S36	79
MZF1	m364088_S38	99
Mafb	2705010_S40_L003	6
Mafb	270502_S0_L001	8
Mafb	2781020_S37_L003	11
Mafb	278106_S0_L001	12
Mafb	2781080_S30_L003	9
Mafb	2781090_S41_L003	7
Mafb	2792010_S0_L001	9
Mafb	2792020_S32_L003	5
Mafb	2792040_S0_L001	8
Mafb	2811610_S33_L003	9
Mafb	2811630_S35_L003	13
Mafb	2858490_S0_L001	4
Mafb	2858800_S38_L003	8
Mafb	2858810_S31_L003	6
Mafb	3013500_S34_L003	6
Mafb	3049380_S0_L001	13
Mafb	3049400_S39_L003	6
Mafb	3049430_S42_L003	5
Mafb	304944_S0_L001	8
Mafb	3049450_S36_L003	12
Mafb	304955_S0_L001	9
Mafb	313308_S0_L001	13
Mafb	m313309_S193	11
Mafb	m318978_S195	9
Mafb	m318979_S197	8
Mafb	m318986_S33	11
Mafb	m329861_S198	10
Mafb	m329865_S206	7
Mafb	m329883_S194	4
Mafb	m329885_S199	10
Mafb	m334087_S35	6
Mafb	m344001_S207	10
Mafb	m344004_S196	10
Mafb	m357484_S37	13
Mafb	m357486_S34	9
Mafb	m357488_S36	14
Mafb	m364088_S38	15
Mafk	2705010_S40_L003	7
Mafk	270502_S0_L001	9
Mafk	2781020_S37_L003	8
Mafk	278106_S0_L001	7
Mafk	2781080_S30_L003	6
Mafk	2781090_S41_L003	12
Mafk	2792010_S0_L001	11
Mafk	2792020_S32_L003	3
Mafk	2792040_S0_L001	16
Mafk	2811610_S33_L003	7
Mafk	2811630_S35_L003	6
Mafk	2858490_S0_L001	10
Mafk	2858800_S38_L003	4
Mafk	2858810_S31_L003	8
Mafk	3013500_S34_L003	10
Mafk	3049380_S0_L001	7
Mafk	3049400_S39_L003	7
Mafk	3049430_S42_L003	9
Mafk	304944_S0_L001	7
Mafk	3049450_S36_L003	8
Mafk	304955_S0_L001	12
Mafk	313308_S0_L001	7
Mafk	m313309_S193	7
Mafk	m318978_S195	12
Mafk	m318979_S197	12
Mafk	m318986_S33	9
Mafk	m329861_S198	5
Mafk	m329865_S206	8
Mafk	m329883_S194	5
Mafk	m329885_S199	6
Mafk	m334087_S35	6
Mafk	m344001_S207	11
Mafk	m344004_S196	9
Mafk	m357484_S37	10
Mafk	m357486_S34	11
Mafk	m357488_S36	8
Mafk	m364088_S38	9
Mecom	2705010_S40_L003	10
Mecom	270502_S0_L001	7
Mecom	2781020_S37_L003	3
Mecom	278106_S0_L001	10
Mecom	2781080_S30_L003	7
Mecom	2781090_S41_L003	5
Mecom	2792010_S0_L001	2
Mecom	2792020_S32_L003	7
Mecom	2792040_S0_L001	8
Mecom	2811610_S33_L003	6
Mecom	2811630_S35_L003	4
Mecom	2858490_S0_L001	4
Mecom	2858800_S38_L003	3
Mecom	2858810_S31_L003	3
Mecom	3013500_S34_L003	3
Mecom	3049380_S0_L001	2
Mecom	3049400_S39_L003	8
Mecom	3049430_S42_L003	5
Mecom	304944_S0_L001	2
Mecom	3049450_S36_L003	6
Mecom	304955_S0_L001	5
Mecom	313308_S0_L001	7
Mecom	m313309_S193	4
Mecom	m318978_S195	5
Mecom	m318979_S197	4
Mecom	m318986_S33	11
Mecom	m329861_S198	3
Mecom	m329865_S206	7
Mecom	m329883_S194	2
Mecom	m329885_S199	2
Mecom	m334087_S35	8
Mecom	m344001_S207	5
Mecom	m344004_S196	4
Mecom	m357484_S37	8
Mecom	m357486_S34	10
Mecom	m357488_S36	9
Mecom	m364088_S38	10
NEUROD1	2705010_S40_L003	44
NEUROD1	270502_S0_L001	33
NEUROD1	2781020_S37_L003	36
NEUROD1	278106_S0_L001	40
NEUROD1	2781080_S30_L003	35
NEUROD1	2781090_S41_L003	37
NEUROD1	2792010_S0_L001	33
NEUROD1	2792020_S32_L003	42
NEUROD1	2792040_S0_L001	33
NEUROD1	2811610_S33_L003	35
NEUROD1	2811630_S35_L003	39
NEUROD1	2858490_S0_L001	33
NEUROD1	2858800_S38_L003	33
NEUROD1	2858810_S31_L003	24
NEUROD1	3013500_S34_L003	33
NEUROD1	3049380_S0_L001	23
NEUROD1	3049400_S39_L003	40
NEUROD1	3049430_S42_L003	32
NEUROD1	304944_S0_L001	35
NEUROD1	3049450_S36_L003	24
NEUROD1	304955_S0_L001	31
NEUROD1	313308_S0_L001	36
NEUROD1	m313309_S193	37
NEUROD1	m318978_S195	33
NEUROD1	m318979_S197	44
NEUROD1	m318986_S33	47
NEUROD1	m329861_S198	34
NEUROD1	m329865_S206	42
NEUROD1	m329883_S194	27
NEUROD1	m329885_S199	39
NEUROD1	m334087_S35	47
NEUROD1	m344001_S207	38
NEUROD1	m344004_S196	45
NEUROD1	m357484_S37	54
NEUROD1	m357486_S34	42
NEUROD1	m357488_S36	48
NEUROD1	m364088_S38	45
NEUROD2	2705010_S40_L003	7
NEUROD2	270502_S0_L001	5
NEUROD2	2781020_S37_L003	6
NEUROD2	278106_S0_L001	3
NEUROD2	2781080_S30_L003	3
NEUROD2	2781090_S41_L003	6
NEUROD2	2792010_S0_L001	6
NEUROD2	2792020_S32_L003	4
NEUROD2	2792040_S0_L001	7
NEUROD2	2811610_S33_L003	3
NEUROD2	2811630_S35_L003	6
NEUROD2	2858490_S0_L001	5
NEUROD2	2858800_S38_L003	3
NEUROD2	2858810_S31_L003	6
NEUROD2	3013500_S34_L003	4
NEUROD2	3049380_S0_L001	4
NEUROD2	3049400_S39_L003	4
NEUROD2	3049430_S42_L003	5
NEUROD2	304944_S0_L001	4
NEUROD2	3049450_S36_L003	2
NEUROD2	304955_S0_L001	5
NEUROD2	313308_S0_L001	4
NEUROD2	m313309_S193	5
NEUROD2	m318978_S195	2
NEUROD2	m318979_S197	4
NEUROD2	m318986_S33	5
NEUROD2	m329861_S198	3
NEUROD2	m329865_S206	5
NEUROD2	m329883_S194	1
NEUROD2	m329885_S199	7
NEUROD2	m334087_S35	5
NEUROD2	m344001_S207	6
NEUROD2	m344004_S196	8
NEUROD2	m357484_S37	5
NEUROD2	m357486_S34	5
NEUROD2	m357488_S36	8
NEUROD2	m364088_S38	4
NEUROG1	2705010_S40_L003	7
NEUROG1	270502_S0_L001	4
NEUROG1	2781020_S37_L003	2
NEUROG1	278106_S0_L001	3
NEUROG1	2781080_S30_L003	3
NEUROG1	2781090_S41_L003	3
NEUROG1	2792010_S0_L001	3
NEUROG1	2792040_S0_L001	4
NEUROG1	2811610_S33_L003	2
NEUROG1	2811630_S35_L003	3
NEUROG1	2858490_S0_L001	5
NEUROG1	2858800_S38_L003	4
NEUROG1	2858810_S31_L003	5
NEUROG1	3013500_S34_L003	2
NEUROG1	3049380_S0_L001	5
NEUROG1	3049400_S39_L003	5
NEUROG1	3049430_S42_L003	4
NEUROG1	304944_S0_L001	3
NEUROG1	3049450_S36_L003	4
NEUROG1	304955_S0_L001	7
NEUROG1	313308_S0_L001	4
NEUROG1	m313309_S193	4
NEUROG1	m318978_S195	2
NEUROG1	m318979_S197	1
NEUROG1	m318986_S33	1
NEUROG1	m329861_S198	3
NEUROG1	m329865_S206	3
NEUROG1	m329883_S194	1
NEUROG1	m329885_S199	5
NEUROG1	m334087_S35	4
NEUROG1	m344001_S207	5
NEUROG1	m344004_S196	7
NEUROG1	m357484_S37	5
NEUROG1	m357486_S34	5
NEUROG1	m357488_S36	6
NEUROG1	m364088_S38	8
NEUROG2	2705010_S40_L003	45
NEUROG2	270502_S0_L001	34
NEUROG2	2781020_S37_L003	30
NEUROG2	278106_S0_L001	38
NEUROG2	2781080_S30_L003	40
NEUROG2	2781090_S41_L003	32
NEUROG2	2792010_S0_L001	35
NEUROG2	2792020_S32_L003	30
NEUROG2	2792040_S0_L001	34
NEUROG2	2811610_S33_L003	34
NEUROG2	2811630_S35_L003	39
NEUROG2	2858490_S0_L001	30
NEUROG2	2858800_S38_L003	38
NEUROG2	2858810_S31_L003	27
NEUROG2	3013500_S34_L003	24
NEUROG2	3049380_S0_L001	17
NEUROG2	3049400_S39_L003	37
NEUROG2	3049430_S42_L003	28
NEUROG2	304944_S0_L001	26
NEUROG2	3049450_S36_L003	26
NEUROG2	304955_S0_L001	29
NEUROG2	313308_S0_L001	37
NEUROG2	m313309_S193	41
NEUROG2	m318978_S195	32
NEUROG2	m318979_S197	32
NEUROG2	m318986_S33	45
NEUROG2	m329861_S198	34
NEUROG2	m329865_S206	49
NEUROG2	m329883_S194	22
NEUROG2	m329885_S199	31
NEUROG2	m334087_S35	49
NEUROG2	m344001_S207	38
NEUROG2	m344004_S196	42
NEUROG2	m357484_S37	47
NEUROG2	m357486_S34	37
NEUROG2	m357488_S36	45
NEUROG2	m364088_S38	42
NFAT5	2705010_S40_L003	24
NFAT5	270502_S0_L001	23
NFAT5	2781020_S37_L003	26
NFAT5	278106_S0_L001	28
NFAT5	2781080_S30_L003	18
NFAT5	2781090_S41_L003	23
NFAT5	2792010_S0_L001	15
NFAT5	2792020_S32_L003	25
NFAT5	2792040_S0_L001	37
NFAT5	2811610_S33_L003	20
NFAT5	2811630_S35_L003	19
NFAT5	2858490_S0_L001	20
NFAT5	2858800_S38_L003	23
NFAT5	2858810_S31_L003	22
NFAT5	3013500_S34_L003	20
NFAT5	3049380_S0_L001	20
NFAT5	3049400_S39_L003	24
NFAT5	3049430_S42_L003	20
NFAT5	304944_S0_L001	17
NFAT5	3049450_S36_L003	22
NFAT5	304955_S0_L001	21
NFAT5	313308_S0_L001	21
NFAT5	m313309_S193	20
NFAT5	m318978_S195	16
NFAT5	m318979_S197	20
NFAT5	m318986_S33	35
NFAT5	m329861_S198	23
NFAT5	m329865_S206	25
NFAT5	m329883_S194	14
NFAT5	m329885_S199	22
NFAT5	m334087_S35	29
NFAT5	m344001_S207	24
NFAT5	m344004_S196	22
NFAT5	m357484_S37	37
NFAT5	m357486_S34	29
NFAT5	m357488_S36	27
NFAT5	m364088_S38	34
NFATC1	2705010_S40_L003	15
NFATC1	270502_S0_L001	24
NFATC1	2781020_S37_L003	20
NFATC1	278106_S0_L001	20
NFATC1	2781080_S30_L003	13
NFATC1	2781090_S41_L003	18
NFATC1	2792010_S0_L001	12
NFATC1	2792020_S32_L003	25
NFATC1	2792040_S0_L001	24
NFATC1	2811610_S33_L003	18
NFATC1	2811630_S35_L003	16
NFATC1	2858490_S0_L001	20
NFATC1	2858800_S38_L003	19
NFATC1	2858810_S31_L003	20
NFATC1	3013500_S34_L003	17
NFATC1	3049380_S0_L001	21
NFATC1	3049400_S39_L003	22
NFATC1	3049430_S42_L003	21
NFATC1	304944_S0_L001	7
NFATC1	3049450_S36_L003	18
NFATC1	304955_S0_L001	21
NFATC1	313308_S0_L001	19
NFATC1	m313309_S193	19
NFATC1	m318978_S195	14
NFATC1	m318979_S197	14
NFATC1	m318986_S33	30
NFATC1	m329861_S198	17
NFATC1	m329865_S206	21
NFATC1	m329883_S194	10
NFATC1	m329885_S199	20
NFATC1	m334087_S35	27
NFATC1	m344001_S207	22
NFATC1	m344004_S196	22
NFATC1	m357484_S37	30
NFATC1	m357486_S34	21
NFATC1	m357488_S36	24
NFATC1	m364088_S38	27
NFATC3	2705010_S40_L003	14
NFATC3	270502_S0_L001	24
NFATC3	2781020_S37_L003	21
NFATC3	278106_S0_L001	22
NFATC3	2781080_S30_L003	14
NFATC3	2781090_S41_L003	20
NFATC3	2792010_S0_L001	11
NFATC3	2792020_S32_L003	24
NFATC3	2792040_S0_L001	24
NFATC3	2811610_S33_L003	18
NFATC3	2811630_S35_L003	20
NFATC3	2858490_S0_L001	20
NFATC3	2858800_S38_L003	19
NFATC3	2858810_S31_L003	18
NFATC3	3013500_S34_L003	21
NFATC3	3049380_S0_L001	24
NFATC3	3049400_S39_L003	23
NFATC3	3049430_S42_L003	23
NFATC3	304944_S0_L001	10
NFATC3	3049450_S36_L003	17
NFATC3	304955_S0_L001	22
NFATC3	313308_S0_L001	21
NFATC3	m313309_S193	19
NFATC3	m318978_S195	16
NFATC3	m318979_S197	16
NFATC3	m318986_S33	32
NFATC3	m329861_S198	17
NFATC3	m329865_S206	23
NFATC3	m329883_S194	14
NFATC3	m329885_S199	23
NFATC3	m334087_S35	29
NFATC3	m344001_S207	23
NFATC3	m344004_S196	25
NFATC3	m357484_S37	28
NFATC3	m357486_S34	22
NFATC3	m357488_S36	26
NFATC3	m364088_S38	29
NFATC4	2705010_S40_L003	25
NFATC4	270502_S0_L001	24
NFATC4	2781020_S37_L003	20
NFATC4	278106_S0_L001	21
NFATC4	2781080_S30_L003	13
NFATC4	2781090_S41_L003	18
NFATC4	2792010_S0_L001	13
NFATC4	2792020_S32_L003	24
NFATC4	2792040_S0_L001	26
NFATC4	2811610_S33_L003	14
NFATC4	2811630_S35_L003	26
NFATC4	2858490_S0_L001	25
NFATC4	2858800_S38_L003	24
NFATC4	2858810_S31_L003	19
NFATC4	3013500_S34_L003	19
NFATC4	3049380_S0_L001	22
NFATC4	3049400_S39_L003	17
NFATC4	3049430_S42_L003	22
NFATC4	304944_S0_L001	17
NFATC4	3049450_S36_L003	21
NFATC4	304955_S0_L001	22
NFATC4	313308_S0_L001	19
NFATC4	m313309_S193	20
NFATC4	m318978_S195	14
NFATC4	m318979_S197	20
NFATC4	m318986_S33	26
NFATC4	m329861_S198	17
NFATC4	m329865_S206	21
NFATC4	m329883_S194	13
NFATC4	m329885_S199	19
NFATC4	m334087_S35	24
NFATC4	m344001_S207	30
NFATC4	m344004_S196	22
NFATC4	m357484_S37	32
NFATC4	m357486_S34	25
NFATC4	m357488_S36	24
NFATC4	m364088_S38	34
NFE2	2705010_S40_L003	10
NFE2	270502_S0_L001	12
NFE2	2781020_S37_L003	6
NFE2	278106_S0_L001	10
NFE2	2781080_S30_L003	6
NFE2	2781090_S41_L003	9
NFE2	2792010_S0_L001	8
NFE2	2792020_S32_L003	6
NFE2	2792040_S0_L001	14
NFE2	2811610_S33_L003	8
NFE2	2811630_S35_L003	7
NFE2	2858490_S0_L001	11
NFE2	2858800_S38_L003	6
NFE2	2858810_S31_L003	9
NFE2	3013500_S34_L003	8
NFE2	3049380_S0_L001	8
NFE2	3049400_S39_L003	9
NFE2	3049430_S42_L003	12
NFE2	304944_S0_L001	8
NFE2	3049450_S36_L003	6
NFE2	304955_S0_L001	9
NFE2	313308_S0_L001	13
NFE2	m313309_S193	12
NFE2	m318978_S195	9
NFE2	m318979_S197	10
NFE2	m318986_S33	9
NFE2	m329861_S198	3
NFE2	m329865_S206	8
NFE2	m329883_S194	3
NFE2	m329885_S199	7
NFE2	m334087_S35	11
NFE2	m344001_S207	11
NFE2	m344004_S196	7
NFE2	m357484_S37	9
NFE2	m357486_S34	12
NFE2	m357488_S36	10
NFE2	m364088_S38	11
NFE2L1	2705010_S40_L003	4
NFE2L1	270502_S0_L001	4
NFE2L1	2781020_S37_L003	4
NFE2L1	278106_S0_L001	3
NFE2L1	2781080_S30_L003	5
NFE2L1	2781090_S41_L003	6
NFE2L1	2792010_S0_L001	4
NFE2L1	2792020_S32_L003	3
NFE2L1	2792040_S0_L001	6
NFE2L1	2811610_S33_L003	4
NFE2L1	2811630_S35_L003	1
NFE2L1	2858490_S0_L001	6
NFE2L1	2858800_S38_L003	4
NFE2L1	2858810_S31_L003	7
NFE2L1	3013500_S34_L003	3
NFE2L1	3049380_S0_L001	3
NFE2L1	3049400_S39_L003	2
NFE2L1	3049430_S42_L003	5
NFE2L1	304944_S0_L001	3
NFE2L1	3049450_S36_L003	3
NFE2L1	304955_S0_L001	4
NFE2L1	313308_S0_L001	9
NFE2L1	m313309_S193	3
NFE2L1	m318978_S195	4
NFE2L1	m318979_S197	4
NFE2L1	m318986_S33	5
NFE2L1	m329861_S198	4
NFE2L1	m329865_S206	6
NFE2L1	m329883_S194	2
NFE2L1	m329885_S199	6
NFE2L1	m334087_S35	3
NFE2L1	m344001_S207	5
NFE2L1	m344004_S196	3
NFE2L1	m357484_S37	5
NFE2L1	m357486_S34	3
NFE2L1	m357488_S36	3
NFE2L1	m364088_S38	5
NFIA	2705010_S40_L003	23
NFIA	270502_S0_L001	20
NFIA	2781020_S37_L003	14
NFIA	278106_S0_L001	21
NFIA	2781080_S30_L003	17
NFIA	2781090_S41_L003	21
NFIA	2792010_S0_L001	13
NFIA	2792020_S32_L003	21
NFIA	2792040_S0_L001	13
NFIA	2811610_S33_L003	22
NFIA	2811630_S35_L003	16
NFIA	2858490_S0_L001	21
NFIA	2858800_S38_L003	26
NFIA	2858810_S31_L003	15
NFIA	3013500_S34_L003	13
NFIA	3049380_S0_L001	21
NFIA	3049400_S39_L003	19
NFIA	3049430_S42_L003	14
NFIA	304944_S0_L001	15
NFIA	3049450_S36_L003	28
NFIA	304955_S0_L001	22
NFIA	313308_S0_L001	20
NFIA	m313309_S193	12
NFIA	m318978_S195	21
NFIA	m318979_S197	26
NFIA	m318986_S33	17
NFIA	m329861_S198	21
NFIA	m329865_S206	25
NFIA	m329883_S194	11
NFIA	m329885_S199	20
NFIA	m334087_S35	26
NFIA	m344001_S207	15
NFIA	m344004_S196	21
NFIA	m357484_S37	26
NFIA	m357486_S34	26
NFIA	m357488_S36	26
NFIA	m364088_S38	30
NFIC	2705010_S40_L003	29
NFIC	270502_S0_L001	37
NFIC	2781020_S37_L003	31
NFIC	278106_S0_L001	33
NFIC	2781080_S30_L003	25
NFIC	2781090_S41_L003	28
NFIC	2792010_S0_L001	32
NFIC	2792020_S32_L003	22
NFIC	2792040_S0_L001	34
NFIC	2811610_S33_L003	28
NFIC	2811630_S35_L003	32
NFIC	2858490_S0_L001	28
NFIC	2858800_S38_L003	35
NFIC	2858810_S31_L003	27
NFIC	3013500_S34_L003	29
NFIC	3049380_S0_L001	22
NFIC	3049400_S39_L003	28
NFIC	3049430_S42_L003	25
NFIC	304944_S0_L001	31
NFIC	3049450_S36_L003	35
NFIC	304955_S0_L001	33
NFIC	313308_S0_L001	35
NFIC	m313309_S193	28
NFIC	m318978_S195	38
NFIC	m318979_S197	31
NFIC	m318986_S33	35
NFIC	m329861_S198	33
NFIC	m329865_S206	38
NFIC	m329883_S194	20
NFIC	m329885_S199	26
NFIC	m334087_S35	41
NFIC	m344001_S207	35
NFIC	m344004_S196	31
NFIC	m357484_S37	39
NFIC	m357486_S34	42
NFIC	m357488_S36	36
NFIC	m364088_S38	41
NFIL3	2705010_S40_L003	7
NFIL3	270502_S0_L001	13
NFIL3	2781020_S37_L003	10
NFIL3	278106_S0_L001	4
NFIL3	2781080_S30_L003	6
NFIL3	2781090_S41_L003	6
NFIL3	2792010_S0_L001	8
NFIL3	2792020_S32_L003	10
NFIL3	2792040_S0_L001	7
NFIL3	2811610_S33_L003	5
NFIL3	2811630_S35_L003	15
NFIL3	2858490_S0_L001	9
NFIL3	2858800_S38_L003	12
NFIL3	2858810_S31_L003	9
NFIL3	3013500_S34_L003	11
NFIL3	3049380_S0_L001	10
NFIL3	3049400_S39_L003	5
NFIL3	3049430_S42_L003	8
NFIL3	304944_S0_L001	5
NFIL3	3049450_S36_L003	9
NFIL3	304955_S0_L001	7
NFIL3	313308_S0_L001	12
NFIL3	m313309_S193	7
NFIL3	m318978_S195	7
NFIL3	m318979_S197	5
NFIL3	m318986_S33	12
NFIL3	m329861_S198	7
NFIL3	m329865_S206	5
NFIL3	m329883_S194	8
NFIL3	m329885_S199	10
NFIL3	m334087_S35	15
NFIL3	m344001_S207	5
NFIL3	m344004_S196	7
NFIL3	m357484_S37	11
NFIL3	m357486_S34	6
NFIL3	m357488_S36	12
NFIL3	m364088_S38	7
NFIX	2705010_S40_L003	18
NFIX	270502_S0_L001	17
NFIX	2781020_S37_L003	19
NFIX	278106_S0_L001	28
NFIX	2781080_S30_L003	18
NFIX	2781090_S41_L003	17
NFIX	2792010_S0_L001	15
NFIX	2792020_S32_L003	17
NFIX	2792040_S0_L001	14
NFIX	2811610_S33_L003	22
NFIX	2811630_S35_L003	13
NFIX	2858490_S0_L001	19
NFIX	2858800_S38_L003	19
NFIX	2858810_S31_L003	14
NFIX	3013500_S34_L003	18
NFIX	3049380_S0_L001	20
NFIX	3049400_S39_L003	19
NFIX	3049430_S42_L003	21
NFIX	304944_S0_L001	20
NFIX	3049450_S36_L003	21
NFIX	304955_S0_L001	16
NFIX	313308_S0_L001	20
NFIX	m313309_S193	19
NFIX	m318978_S195	27
NFIX	m318979_S197	17
NFIX	m318986_S33	20
NFIX	m329861_S198	18
NFIX	m329865_S206	25
NFIX	m329883_S194	19
NFIX	m329885_S199	16
NFIX	m334087_S35	25
NFIX	m344001_S207	24
NFIX	m344004_S196	27
NFIX	m357484_S37	25
NFIX	m357486_S34	20
NFIX	m357488_S36	31
NFIX	m364088_S38	22
NFKB1	2705010_S40_L003	1
NFKB1	270502_S0_L001	3
NFKB1	2781080_S30_L003	3
NFKB1	2781090_S41_L003	2
NFKB1	2792010_S0_L001	1
NFKB1	2792020_S32_L003	2
NFKB1	2792040_S0_L001	1
NFKB1	2811610_S33_L003	3
NFKB1	2811630_S35_L003	1
NFKB1	2858490_S0_L001	1
NFKB1	2858800_S38_L003	1
NFKB1	2858810_S31_L003	3
NFKB1	3013500_S34_L003	1
NFKB1	3049380_S0_L001	1
NFKB1	3049400_S39_L003	1
NFKB1	3049430_S42_L003	5
NFKB1	304944_S0_L001	2
NFKB1	3049450_S36_L003	4
NFKB1	304955_S0_L001	4
NFKB1	m313309_S193	1
NFKB1	m318978_S195	1
NFKB1	m318979_S197	3
NFKB1	m329861_S198	2
NFKB1	m329865_S206	2
NFKB1	m334087_S35	2
NFKB1	m344001_S207	1
NFKB1	m357484_S37	1
NFKB1	m357486_S34	1
NFKB1	m364088_S38	1
NFKB2	2705010_S40_L003	7
NFKB2	270502_S0_L001	11
NFKB2	2781020_S37_L003	5
NFKB2	278106_S0_L001	8
NFKB2	2781080_S30_L003	9
NFKB2	2781090_S41_L003	5
NFKB2	2792010_S0_L001	6
NFKB2	2792020_S32_L003	5
NFKB2	2792040_S0_L001	11
NFKB2	2811610_S33_L003	6
NFKB2	2811630_S35_L003	10
NFKB2	2858490_S0_L001	7
NFKB2	2858800_S38_L003	5
NFKB2	2858810_S31_L003	7
NFKB2	3013500_S34_L003	5
NFKB2	3049380_S0_L001	5
NFKB2	3049400_S39_L003	8
NFKB2	3049430_S42_L003	10
NFKB2	304944_S0_L001	5
NFKB2	3049450_S36_L003	9
NFKB2	304955_S0_L001	8
NFKB2	313308_S0_L001	11
NFKB2	m313309_S193	7
NFKB2	m318978_S195	6
NFKB2	m318979_S197	9
NFKB2	m318986_S33	5
NFKB2	m329861_S198	7
NFKB2	m329865_S206	6
NFKB2	m329883_S194	4
NFKB2	m329885_S199	7
NFKB2	m334087_S35	14
NFKB2	m344001_S207	9
NFKB2	m344004_S196	6
NFKB2	m357484_S37	12
NFKB2	m357486_S34	7
NFKB2	m357488_S36	7
NFKB2	m364088_S38	12
NFYA	2705010_S40_L003	46
NFYA	270502_S0_L001	42
NFYA	2781020_S37_L003	44
NFYA	278106_S0_L001	43
NFYA	2781080_S30_L003	32
NFYA	2781090_S41_L003	29
NFYA	2792010_S0_L001	33
NFYA	2792020_S32_L003	35
NFYA	2792040_S0_L001	35
NFYA	2811610_S33_L003	36
NFYA	2811630_S35_L003	39
NFYA	2858490_S0_L001	35
NFYA	2858800_S38_L003	41
NFYA	2858810_S31_L003	35
NFYA	3013500_S34_L003	39
NFYA	3049380_S0_L001	36
NFYA	3049400_S39_L003	36
NFYA	3049430_S42_L003	36
NFYA	304944_S0_L001	41
NFYA	3049450_S36_L003	45
NFYA	304955_S0_L001	41
NFYA	313308_S0_L001	42
NFYA	m313309_S193	31
NFYA	m318978_S195	46
NFYA	m318979_S197	46
NFYA	m318986_S33	37
NFYA	m329861_S198	41
NFYA	m329865_S206	48
NFYA	m329883_S194	15
NFYA	m329885_S199	40
NFYA	m334087_S35	42
NFYA	m344001_S207	40
NFYA	m344004_S196	40
NFYA	m357484_S37	43
NFYA	m357486_S34	42
NFYA	m357488_S36	38
NFYA	m364088_S38	44
NFYB	2705010_S40_L003	48
NFYB	270502_S0_L001	38
NFYB	2781020_S37_L003	48
NFYB	278106_S0_L001	35
NFYB	2781080_S30_L003	43
NFYB	2781090_S41_L003	40
NFYB	2792010_S0_L001	39
NFYB	2792020_S32_L003	44
NFYB	2792040_S0_L001	54
NFYB	2811610_S33_L003	52
NFYB	2811630_S35_L003	43
NFYB	2858490_S0_L001	37
NFYB	2858800_S38_L003	44
NFYB	2858810_S31_L003	38
NFYB	3013500_S34_L003	39
NFYB	3049380_S0_L001	46
NFYB	3049400_S39_L003	37
NFYB	3049430_S42_L003	43
NFYB	304944_S0_L001	46
NFYB	3049450_S36_L003	51
NFYB	304955_S0_L001	41
NFYB	313308_S0_L001	42
NFYB	m313309_S193	40
NFYB	m318978_S195	38
NFYB	m318979_S197	45
NFYB	m318986_S33	45
NFYB	m329861_S198	44
NFYB	m329865_S206	45
NFYB	m329883_S194	21
NFYB	m329885_S199	48
NFYB	m334087_S35	53
NFYB	m344001_S207	44
NFYB	m344004_S196	45
NFYB	m357484_S37	52
NFYB	m357486_S34	48
NFYB	m357488_S36	49
NFYB	m364088_S38	50
NFYC	2705010_S40_L003	47
NFYC	270502_S0_L001	38
NFYC	2781020_S37_L003	45
NFYC	278106_S0_L001	42
NFYC	2781080_S30_L003	35
NFYC	2781090_S41_L003	31
NFYC	2792010_S0_L001	36
NFYC	2792020_S32_L003	34
NFYC	2792040_S0_L001	37
NFYC	2811610_S33_L003	38
NFYC	2811630_S35_L003	36
NFYC	2858490_S0_L001	33
NFYC	2858800_S38_L003	41
NFYC	2858810_S31_L003	34
NFYC	3013500_S34_L003	40
NFYC	3049380_S0_L001	35
NFYC	3049400_S39_L003	37
NFYC	3049430_S42_L003	37
NFYC	304944_S0_L001	41
NFYC	3049450_S36_L003	44
NFYC	304955_S0_L001	40
NFYC	313308_S0_L001	41
NFYC	m313309_S193	33
NFYC	m318978_S195	47
NFYC	m318979_S197	47
NFYC	m318986_S33	39
NFYC	m329861_S198	42
NFYC	m329865_S206	48
NFYC	m329883_S194	15
NFYC	m329885_S199	39
NFYC	m334087_S35	41
NFYC	m344001_S207	41
NFYC	m344004_S196	39
NFYC	m357484_S37	43
NFYC	m357486_S34	45
NFYC	m357488_S36	40
NFYC	m364088_S38	45
NHLH1	2705010_S40_L003	45
NHLH1	270502_S0_L001	57
NHLH1	2781020_S37_L003	56
NHLH1	278106_S0_L001	58
NHLH1	2781080_S30_L003	50
NHLH1	2781090_S41_L003	50
NHLH1	2792010_S0_L001	56
NHLH1	2792020_S32_L003	53
NHLH1	2792040_S0_L001	64
NHLH1	2811610_S33_L003	48
NHLH1	2811630_S35_L003	49
NHLH1	2858490_S0_L001	45
NHLH1	2858800_S38_L003	47
NHLH1	2858810_S31_L003	57
NHLH1	3013500_S34_L003	53
NHLH1	3049380_S0_L001	37
NHLH1	3049400_S39_L003	55
NHLH1	3049430_S42_L003	54
NHLH1	304944_S0_L001	42
NHLH1	3049450_S36_L003	53
NHLH1	304955_S0_L001	65
NHLH1	313308_S0_L001	49
NHLH1	m313309_S193	53
NHLH1	m318978_S195	53
NHLH1	m318979_S197	51
NHLH1	m318986_S33	53
NHLH1	m329861_S198	55
NHLH1	m329865_S206	50
NHLH1	m329883_S194	40
NHLH1	m329885_S199	49
NHLH1	m334087_S35	50
NHLH1	m344001_S207	46
NHLH1	m344004_S196	59
NHLH1	m357484_S37	63
NHLH1	m357486_S34	50
NHLH1	m357488_S36	43
NHLH1	m364088_S38	63
NHLH2	2705010_S40_L003	8
NHLH2	270502_S0_L001	10
NHLH2	2781020_S37_L003	9
NHLH2	278106_S0_L001	16
NHLH2	2781080_S30_L003	17
NHLH2	2781090_S41_L003	8
NHLH2	2792010_S0_L001	15
NHLH2	2792020_S32_L003	8
NHLH2	2792040_S0_L001	17
NHLH2	2811610_S33_L003	7
NHLH2	2811630_S35_L003	6
NHLH2	2858490_S0_L001	7
NHLH2	2858800_S38_L003	9
NHLH2	2858810_S31_L003	12
NHLH2	3013500_S34_L003	9
NHLH2	3049380_S0_L001	7
NHLH2	3049400_S39_L003	11
NHLH2	3049430_S42_L003	10
NHLH2	304944_S0_L001	2
NHLH2	3049450_S36_L003	9
NHLH2	304955_S0_L001	13
NHLH2	313308_S0_L001	6
NHLH2	m313309_S193	7
NHLH2	m318978_S195	12
NHLH2	m318979_S197	10
NHLH2	m318986_S33	8
NHLH2	m329861_S198	14
NHLH2	m329865_S206	7
NHLH2	m329883_S194	8
NHLH2	m329885_S199	12
NHLH2	m334087_S35	8
NHLH2	m344001_S207	8
NHLH2	m344004_S196	12
NHLH2	m357484_S37	12
NHLH2	m357486_S34	4
NHLH2	m357488_S36	8
NHLH2	m364088_S38	15
NKX2-2	2705010_S40_L003	22
NKX2-2	270502_S0_L001	26
NKX2-2	2781020_S37_L003	25
NKX2-2	278106_S0_L001	24
NKX2-2	2781080_S30_L003	20
NKX2-2	2781090_S41_L003	21
NKX2-2	2792010_S0_L001	16
NKX2-2	2792020_S32_L003	24
NKX2-2	2792040_S0_L001	24
NKX2-2	2811610_S33_L003	21
NKX2-2	2811630_S35_L003	12
NKX2-2	2858490_S0_L001	17
NKX2-2	2858800_S38_L003	17
NKX2-2	2858810_S31_L003	14
NKX2-2	3013500_S34_L003	13
NKX2-2	3049380_S0_L001	24
NKX2-2	3049400_S39_L003	19
NKX2-2	3049430_S42_L003	26
NKX2-2	304944_S0_L001	16
NKX2-2	3049450_S36_L003	27
NKX2-2	304955_S0_L001	21
NKX2-2	313308_S0_L001	18
NKX2-2	m313309_S193	20
NKX2-2	m318978_S195	24
NKX2-2	m318979_S197	17
NKX2-2	m318986_S33	24
NKX2-2	m329861_S198	12
NKX2-2	m329865_S206	17
NKX2-2	m329883_S194	13
NKX2-2	m329885_S199	20
NKX2-2	m334087_S35	22
NKX2-2	m344001_S207	17
NKX2-2	m344004_S196	20
NKX2-2	m357484_S37	26
NKX2-2	m357486_S34	29
NKX2-2	m357488_S36	19
NKX2-2	m364088_S38	28
NKX2-3	2705010_S40_L003	22
NKX2-3	270502_S0_L001	21
NKX2-3	2781020_S37_L003	16
NKX2-3	278106_S0_L001	14
NKX2-3	2781080_S30_L003	12
NKX2-3	2781090_S41_L003	23
NKX2-3	2792010_S0_L001	22
NKX2-3	2792020_S32_L003	16
NKX2-3	2792040_S0_L001	22
NKX2-3	2811610_S33_L003	16
NKX2-3	2811630_S35_L003	21
NKX2-3	2858490_S0_L001	18
NKX2-3	2858800_S38_L003	14
NKX2-3	2858810_S31_L003	26
NKX2-3	3013500_S34_L003	18
NKX2-3	3049380_S0_L001	15
NKX2-3	3049400_S39_L003	15
NKX2-3	3049430_S42_L003	22
NKX2-3	304944_S0_L001	17
NKX2-3	3049450_S36_L003	11
NKX2-3	304955_S0_L001	30
NKX2-3	313308_S0_L001	25
NKX2-3	m313309_S193	15
NKX2-3	m318978_S195	17
NKX2-3	m318979_S197	17
NKX2-3	m318986_S33	26
NKX2-3	m329861_S198	16
NKX2-3	m329865_S206	22
NKX2-3	m329883_S194	10
NKX2-3	m329885_S199	14
NKX2-3	m334087_S35	24
NKX2-3	m344001_S207	18
NKX2-3	m344004_S196	19
NKX2-3	m357484_S37	28
NKX2-3	m357486_S34	26
NKX2-3	m357488_S36	21
NKX2-3	m364088_S38	23
NKX2-5	2705010_S40_L003	16
NKX2-5	270502_S0_L001	11
NKX2-5	2781020_S37_L003	20
NKX2-5	278106_S0_L001	12
NKX2-5	2781080_S30_L003	13
NKX2-5	2781090_S41_L003	17
NKX2-5	2792010_S0_L001	12
NKX2-5	2792020_S32_L003	13
NKX2-5	2792040_S0_L001	20
NKX2-5	2811610_S33_L003	10
NKX2-5	2811630_S35_L003	12
NKX2-5	2858490_S0_L001	13
NKX2-5	2858800_S38_L003	8
NKX2-5	2858810_S31_L003	15
NKX2-5	3013500_S34_L003	10
NKX2-5	3049380_S0_L001	16
NKX2-5	3049400_S39_L003	11
NKX2-5	3049430_S42_L003	14
NKX2-5	304944_S0_L001	7
NKX2-5	3049450_S36_L003	13
NKX2-5	304955_S0_L001	6
NKX2-5	313308_S0_L001	12
NKX2-5	m313309_S193	10
NKX2-5	m318978_S195	14
NKX2-5	m318979_S197	6
NKX2-5	m318986_S33	20
NKX2-5	m329861_S198	14
NKX2-5	m329865_S206	14
NKX2-5	m329883_S194	5
NKX2-5	m329885_S199	10
NKX2-5	m334087_S35	23
NKX2-5	m344001_S207	10
NKX2-5	m344004_S196	13
NKX2-5	m357484_S37	15
NKX2-5	m357486_S34	21
NKX2-5	m357488_S36	17
NKX2-5	m364088_S38	17
NOTO	2705010_S40_L003	4
NOTO	270502_S0_L001	4
NOTO	2781020_S37_L003	5
NOTO	278106_S0_L001	3
NOTO	2781080_S30_L003	4
NOTO	2781090_S41_L003	4
NOTO	2792010_S0_L001	9
NOTO	2792020_S32_L003	5
NOTO	2792040_S0_L001	5
NOTO	2811610_S33_L003	6
NOTO	2811630_S35_L003	10
NOTO	2858490_S0_L001	10
NOTO	2858800_S38_L003	7
NOTO	2858810_S31_L003	8
NOTO	3013500_S34_L003	2
NOTO	3049380_S0_L001	7
NOTO	3049400_S39_L003	7
NOTO	3049430_S42_L003	7
NOTO	304944_S0_L001	8
NOTO	3049450_S36_L003	3
NOTO	304955_S0_L001	9
NOTO	313308_S0_L001	9
NOTO	m313309_S193	8
NOTO	m318978_S195	7
NOTO	m318979_S197	5
NOTO	m318986_S33	8
NOTO	m329861_S198	8
NOTO	m329865_S206	6
NOTO	m329883_S194	6
NOTO	m329885_S199	5
NOTO	m334087_S35	2
NOTO	m344001_S207	8
NOTO	m344004_S196	4
NOTO	m357484_S37	15
NOTO	m357486_S34	9
NOTO	m357488_S36	7
NOTO	m364088_S38	10
NR1D1	2705010_S40_L003	2
NR1D1	270502_S0_L001	9
NR1D1	2781020_S37_L003	2
NR1D1	278106_S0_L001	2
NR1D1	2781080_S30_L003	5
NR1D1	2781090_S41_L003	2
NR1D1	2792010_S0_L001	5
NR1D1	2792020_S32_L003	1
NR1D1	2792040_S0_L001	2
NR1D1	2811610_S33_L003	2
NR1D1	2858490_S0_L001	4
NR1D1	2858800_S38_L003	2
NR1D1	2858810_S31_L003	5
NR1D1	3013500_S34_L003	2
NR1D1	3049380_S0_L001	3
NR1D1	3049400_S39_L003	2
NR1D1	3049430_S42_L003	2
NR1D1	304944_S0_L001	4
NR1D1	3049450_S36_L003	2
NR1D1	304955_S0_L001	3
NR1D1	313308_S0_L001	5
NR1D1	m313309_S193	1
NR1D1	m318978_S195	4
NR1D1	m318979_S197	1
NR1D1	m318986_S33	3
NR1D1	m329861_S198	3
NR1D1	m329865_S206	2
NR1D1	m329883_S194	1
NR1D1	m329885_S199	3
NR1D1	m334087_S35	1
NR1D1	m344001_S207	1
NR1D1	m344004_S196	5
NR1D1	m357484_S37	4
NR1D1	m357486_S34	3
NR1D1	m357488_S36	2
NR1D1	m364088_S38	1
NR1D2	2705010_S40_L003	13
NR1D2	270502_S0_L001	18
NR1D2	2781020_S37_L003	7
NR1D2	278106_S0_L001	11
NR1D2	2781080_S30_L003	18
NR1D2	2781090_S41_L003	16
NR1D2	2792010_S0_L001	16
NR1D2	2792020_S32_L003	6
NR1D2	2792040_S0_L001	12
NR1D2	2811610_S33_L003	11
NR1D2	2811630_S35_L003	9
NR1D2	2858490_S0_L001	9
NR1D2	2858800_S38_L003	11
NR1D2	2858810_S31_L003	14
NR1D2	3013500_S34_L003	9
NR1D2	3049380_S0_L001	8
NR1D2	3049400_S39_L003	7
NR1D2	3049430_S42_L003	15
NR1D2	304944_S0_L001	14
NR1D2	3049450_S36_L003	7
NR1D2	304955_S0_L001	18
NR1D2	313308_S0_L001	18
NR1D2	m313309_S193	8
NR1D2	m318978_S195	15
NR1D2	m318979_S197	10
NR1D2	m318986_S33	18
NR1D2	m329861_S198	15
NR1D2	m329865_S206	11
NR1D2	m329883_S194	8
NR1D2	m329885_S199	13
NR1D2	m334087_S35	13
NR1D2	m344001_S207	11
NR1D2	m344004_S196	11
NR1D2	m357484_S37	15
NR1D2	m357486_S34	16
NR1D2	m357488_S36	16
NR1D2	m364088_S38	15
NR1H2	270502_S0_L001	1
NR1H2	2781020_S37_L003	1
NR1H2	278106_S0_L001	2
NR1H2	2781080_S30_L003	1
NR1H2	2792010_S0_L001	1
NR1H2	2792020_S32_L003	1
NR1H2	2858800_S38_L003	2
NR1H2	3013500_S34_L003	3
NR1H2	3049380_S0_L001	1
NR1H2	3049430_S42_L003	1
NR1H2	304955_S0_L001	2
NR1H2	313308_S0_L001	1
NR1H2	m318978_S195	2
NR1H2	m318979_S197	1
NR1H2	m329861_S198	3
NR1H2	m329865_S206	1
NR1H2	m357484_S37	1
NR1H2	m357486_S34	3
NR1H2	m364088_S38	2
NR1H4	2705010_S40_L003	22
NR1H4	270502_S0_L001	18
NR1H4	2781020_S37_L003	14
NR1H4	278106_S0_L001	25
NR1H4	2781080_S30_L003	15
NR1H4	2781090_S41_L003	22
NR1H4	2792010_S0_L001	7
NR1H4	2792020_S32_L003	15
NR1H4	2792040_S0_L001	21
NR1H4	2811610_S33_L003	24
NR1H4	2811630_S35_L003	20
NR1H4	2858490_S0_L001	15
NR1H4	2858800_S38_L003	18
NR1H4	2858810_S31_L003	19
NR1H4	3013500_S34_L003	18
NR1H4	3049380_S0_L001	13
NR1H4	3049400_S39_L003	13
NR1H4	3049430_S42_L003	17
NR1H4	304944_S0_L001	11
NR1H4	3049450_S36_L003	12
NR1H4	304955_S0_L001	17
NR1H4	313308_S0_L001	26
NR1H4	m313309_S193	13
NR1H4	m318978_S195	19
NR1H4	m318979_S197	18
NR1H4	m318986_S33	20
NR1H4	m329861_S198	22
NR1H4	m329865_S206	15
NR1H4	m329883_S194	10
NR1H4	m329885_S199	13
NR1H4	m334087_S35	26
NR1H4	m344001_S207	6
NR1H4	m344004_S196	20
NR1H4	m357484_S37	36
NR1H4	m357486_S34	19
NR1H4	m357488_S36	20
NR1H4	m364088_S38	26
NR1I2	2705010_S40_L003	12
NR1I2	270502_S0_L001	14
NR1I2	2781020_S37_L003	5
NR1I2	278106_S0_L001	9
NR1I2	2781080_S30_L003	9
NR1I2	2781090_S41_L003	7
NR1I2	2792010_S0_L001	11
NR1I2	2792020_S32_L003	13
NR1I2	2792040_S0_L001	9
NR1I2	2811610_S33_L003	4
NR1I2	2811630_S35_L003	5
NR1I2	2858490_S0_L001	9
NR1I2	2858800_S38_L003	5
NR1I2	2858810_S31_L003	10
NR1I2	3013500_S34_L003	5
NR1I2	3049380_S0_L001	9
NR1I2	3049400_S39_L003	5
NR1I2	3049430_S42_L003	9
NR1I2	304944_S0_L001	10
NR1I2	3049450_S36_L003	8
NR1I2	304955_S0_L001	6
NR1I2	313308_S0_L001	10
NR1I2	m313309_S193	10
NR1I2	m318978_S195	7
NR1I2	m318979_S197	9
NR1I2	m318986_S33	10
NR1I2	m329861_S198	10
NR1I2	m329865_S206	4
NR1I2	m329883_S194	6
NR1I2	m329885_S199	10
NR1I2	m334087_S35	6
NR1I2	m344001_S207	11
NR1I2	m344004_S196	8
NR1I2	m357484_S37	19
NR1I2	m357486_S34	7
NR1I2	m357488_S36	13
NR1I2	m364088_S38	16
NR2C2	2705010_S40_L003	24
NR2C2	270502_S0_L001	32
NR2C2	2781020_S37_L003	35
NR2C2	278106_S0_L001	54
NR2C2	2781080_S30_L003	31
NR2C2	2781090_S41_L003	34
NR2C2	2792010_S0_L001	41
NR2C2	2792020_S32_L003	35
NR2C2	2792040_S0_L001	44
NR2C2	2811610_S33_L003	37
NR2C2	2811630_S35_L003	39
NR2C2	2858490_S0_L001	31
NR2C2	2858800_S38_L003	25
NR2C2	2858810_S31_L003	36
NR2C2	3013500_S34_L003	30
NR2C2	3049380_S0_L001	31
NR2C2	3049400_S39_L003	32
NR2C2	3049430_S42_L003	24
NR2C2	304944_S0_L001	37
NR2C2	3049450_S36_L003	24
NR2C2	304955_S0_L001	35
NR2C2	313308_S0_L001	47
NR2C2	m313309_S193	27
NR2C2	m318978_S195	36
NR2C2	m318979_S197	44
NR2C2	m318986_S33	35
NR2C2	m329861_S198	36
NR2C2	m329865_S206	34
NR2C2	m329883_S194	18
NR2C2	m329885_S199	31
NR2C2	m334087_S35	28
NR2C2	m344001_S207	27
NR2C2	m344004_S196	39
NR2C2	m357484_S37	42
NR2C2	m357486_S34	30
NR2C2	m357488_S36	31
NR2C2	m364088_S38	53
NR2F1	2705010_S40_L003	24
NR2F1	270502_S0_L001	26
NR2F1	2781020_S37_L003	21
NR2F1	278106_S0_L001	29
NR2F1	2781080_S30_L003	27
NR2F1	2781090_S41_L003	18
NR2F1	2792010_S0_L001	23
NR2F1	2792020_S32_L003	22
NR2F1	2792040_S0_L001	28
NR2F1	2811610_S33_L003	19
NR2F1	2811630_S35_L003	22
NR2F1	2858490_S0_L001	18
NR2F1	2858800_S38_L003	19
NR2F1	2858810_S31_L003	15
NR2F1	3013500_S34_L003	21
NR2F1	3049380_S0_L001	8
NR2F1	3049400_S39_L003	28
NR2F1	3049430_S42_L003	28
NR2F1	304944_S0_L001	22
NR2F1	3049450_S36_L003	19
NR2F1	304955_S0_L001	23
NR2F1	313308_S0_L001	40
NR2F1	m313309_S193	21
NR2F1	m318978_S195	29
NR2F1	m318979_S197	27
NR2F1	m318986_S33	24
NR2F1	m329861_S198	32
NR2F1	m329865_S206	35
NR2F1	m329883_S194	17
NR2F1	m329885_S199	20
NR2F1	m334087_S35	30
NR2F1	m344001_S207	18
NR2F1	m344004_S196	25
NR2F1	m357484_S37	39
NR2F1	m357486_S34	32
NR2F1	m357488_S36	30
NR2F1	m364088_S38	39
NR2F2	2705010_S40_L003	13
NR2F2	270502_S0_L001	16
NR2F2	2781020_S37_L003	15
NR2F2	278106_S0_L001	21
NR2F2	2781080_S30_L003	12
NR2F2	2781090_S41_L003	10
NR2F2	2792010_S0_L001	12
NR2F2	2792020_S32_L003	13
NR2F2	2792040_S0_L001	16
NR2F2	2811610_S33_L003	8
NR2F2	2811630_S35_L003	20
NR2F2	2858490_S0_L001	16
NR2F2	2858800_S38_L003	14
NR2F2	2858810_S31_L003	8
NR2F2	3013500_S34_L003	11
NR2F2	3049380_S0_L001	15
NR2F2	3049400_S39_L003	13
NR2F2	3049430_S42_L003	13
NR2F2	304944_S0_L001	21
NR2F2	3049450_S36_L003	11
NR2F2	304955_S0_L001	12
NR2F2	313308_S0_L001	19
NR2F2	m313309_S193	16
NR2F2	m318978_S195	12
NR2F2	m318979_S197	12
NR2F2	m318986_S33	12
NR2F2	m329861_S198	17
NR2F2	m329865_S206	22
NR2F2	m329883_S194	13
NR2F2	m329885_S199	15
NR2F2	m334087_S35	21
NR2F2	m344001_S207	13
NR2F2	m344004_S196	16
NR2F2	m357484_S37	24
NR2F2	m357486_S34	19
NR2F2	m357488_S36	19
NR2F2	m364088_S38	25
NR2F6	2705010_S40_L003	2
NR2F6	270502_S0_L001	1
NR2F6	2781020_S37_L003	1
NR2F6	278106_S0_L001	1
NR2F6	2781080_S30_L003	2
NR2F6	2781090_S41_L003	1
NR2F6	2792040_S0_L001	2
NR2F6	2811610_S33_L003	2
NR2F6	2811630_S35_L003	2
NR2F6	2858490_S0_L001	3
NR2F6	2858800_S38_L003	3
NR2F6	3013500_S34_L003	1
NR2F6	3049430_S42_L003	1
NR2F6	3049450_S36_L003	1
NR2F6	313308_S0_L001	3
NR2F6	m313309_S193	1
NR2F6	m318978_S195	2
NR2F6	m318979_S197	2
NR2F6	m318986_S33	3
NR2F6	m329861_S198	1
NR2F6	m329865_S206	1
NR2F6	m329883_S194	1
NR2F6	m334087_S35	1
NR2F6	m344001_S207	1
NR2F6	m344004_S196	1
NR2F6	m357484_S37	5
NR2F6	m357486_S34	1
NR2F6	m357488_S36	2
NR2F6	m364088_S38	3
NR3C1	2705010_S40_L003	2
NR3C1	270502_S0_L001	1
NR3C1	2781020_S37_L003	1
NR3C1	2781090_S41_L003	1
NR3C1	2792020_S32_L003	1
NR3C1	2792040_S0_L001	1
NR3C1	2811610_S33_L003	1
NR3C1	2811630_S35_L003	1
NR3C1	2858490_S0_L001	1
NR3C1	2858800_S38_L003	3
NR3C1	2858810_S31_L003	1
NR3C1	3049380_S0_L001	1
NR3C1	3049450_S36_L003	2
NR3C1	304955_S0_L001	1
NR3C1	m313309_S193	1
NR3C1	m329861_S198	2
NR3C1	m329865_S206	1
NR3C1	m344004_S196	2
NR3C1	m357486_S34	1
NR3C1	m357488_S36	2
NR3C2	2705010_S40_L003	3
NR3C2	270502_S0_L001	1
NR3C2	2781020_S37_L003	1
NR3C2	2781080_S30_L003	1
NR3C2	2781090_S41_L003	1
NR3C2	2792010_S0_L001	1
NR3C2	2792020_S32_L003	1
NR3C2	2792040_S0_L001	1
NR3C2	2811610_S33_L003	2
NR3C2	2811630_S35_L003	1
NR3C2	2858490_S0_L001	1
NR3C2	2858800_S38_L003	4
NR3C2	2858810_S31_L003	1
NR3C2	3049380_S0_L001	1
NR3C2	3049450_S36_L003	2
NR3C2	304955_S0_L001	1
NR3C2	m313309_S193	1
NR3C2	m329861_S198	2
NR3C2	m329865_S206	1
NR3C2	m334087_S35	1
NR3C2	m344001_S207	1
NR3C2	m344004_S196	2
NR3C2	m357484_S37	1
NR3C2	m357486_S34	1
NR3C2	m357488_S36	2
NR3C2	m364088_S38	1
NR4A1	2705010_S40_L003	15
NR4A1	270502_S0_L001	9
NR4A1	2781020_S37_L003	18
NR4A1	278106_S0_L001	22
NR4A1	2781080_S30_L003	20
NR4A1	2781090_S41_L003	15
NR4A1	2792010_S0_L001	15
NR4A1	2792020_S32_L003	16
NR4A1	2792040_S0_L001	20
NR4A1	2811610_S33_L003	18
NR4A1	2811630_S35_L003	29
NR4A1	2858490_S0_L001	12
NR4A1	2858800_S38_L003	18
NR4A1	2858810_S31_L003	16
NR4A1	3013500_S34_L003	23
NR4A1	3049380_S0_L001	19
NR4A1	3049400_S39_L003	14
NR4A1	3049430_S42_L003	9
NR4A1	304944_S0_L001	17
NR4A1	3049450_S36_L003	18
NR4A1	304955_S0_L001	20
NR4A1	313308_S0_L001	15
NR4A1	m313309_S193	15
NR4A1	m318978_S195	23
NR4A1	m318979_S197	21
NR4A1	m318986_S33	16
NR4A1	m329861_S198	19
NR4A1	m329865_S206	28
NR4A1	m329883_S194	13
NR4A1	m329885_S199	9
NR4A1	m334087_S35	24
NR4A1	m344001_S207	19
NR4A1	m344004_S196	21
NR4A1	m357484_S37	28
NR4A1	m357486_S34	25
NR4A1	m357488_S36	31
NR4A1	m364088_S38	33
NR4A2	2705010_S40_L003	9
NR4A2	270502_S0_L001	12
NR4A2	2781020_S37_L003	3
NR4A2	278106_S0_L001	9
NR4A2	2781080_S30_L003	8
NR4A2	2781090_S41_L003	11
NR4A2	2792010_S0_L001	4
NR4A2	2792020_S32_L003	5
NR4A2	2792040_S0_L001	5
NR4A2	2811610_S33_L003	6
NR4A2	2811630_S35_L003	9
NR4A2	2858490_S0_L001	5
NR4A2	2858800_S38_L003	5
NR4A2	2858810_S31_L003	2
NR4A2	3013500_S34_L003	5
NR4A2	3049380_S0_L001	8
NR4A2	3049400_S39_L003	5
NR4A2	3049430_S42_L003	5
NR4A2	304944_S0_L001	3
NR4A2	3049450_S36_L003	3
NR4A2	304955_S0_L001	9
NR4A2	313308_S0_L001	15
NR4A2	m313309_S193	5
NR4A2	m318978_S195	9
NR4A2	m318979_S197	7
NR4A2	m318986_S33	16
NR4A2	m329861_S198	9
NR4A2	m329865_S206	6
NR4A2	m329883_S194	4
NR4A2	m329885_S199	2
NR4A2	m334087_S35	12
NR4A2	m344001_S207	4
NR4A2	m344004_S196	5
NR4A2	m357484_S37	9
NR4A2	m357486_S34	8
NR4A2	m357488_S36	8
NR4A2	m364088_S38	16
NR5A1	2705010_S40_L003	18
NR5A1	270502_S0_L001	23
NR5A1	2781020_S37_L003	25
NR5A1	278106_S0_L001	25
NR5A1	2781080_S30_L003	23
NR5A1	2781090_S41_L003	19
NR5A1	2792010_S0_L001	20
NR5A1	2792020_S32_L003	27
NR5A1	2792040_S0_L001	26
NR5A1	2811610_S33_L003	19
NR5A1	2811630_S35_L003	32
NR5A1	2858490_S0_L001	18
NR5A1	2858800_S38_L003	14
NR5A1	2858810_S31_L003	16
NR5A1	3013500_S34_L003	16
NR5A1	3049380_S0_L001	21
NR5A1	3049400_S39_L003	19
NR5A1	3049430_S42_L003	16
NR5A1	304944_S0_L001	25
NR5A1	3049450_S36_L003	19
NR5A1	304955_S0_L001	19
NR5A1	313308_S0_L001	21
NR5A1	m313309_S193	22
NR5A1	m318978_S195	21
NR5A1	m318979_S197	22
NR5A1	m318986_S33	21
NR5A1	m329861_S198	33
NR5A1	m329865_S206	27
NR5A1	m329883_S194	15
NR5A1	m329885_S199	25
NR5A1	m334087_S35	26
NR5A1	m344001_S207	19
NR5A1	m344004_S196	29
NR5A1	m357484_S37	37
NR5A1	m357486_S34	23
NR5A1	m357488_S36	27
NR5A1	m364088_S38	35
NR6A1	2705010_S40_L003	8
NR6A1	270502_S0_L001	15
NR6A1	2781020_S37_L003	4
NR6A1	278106_S0_L001	14
NR6A1	2781080_S30_L003	8
NR6A1	2781090_S41_L003	8
NR6A1	2792010_S0_L001	4
NR6A1	2792020_S32_L003	7
NR6A1	2792040_S0_L001	15
NR6A1	2811610_S33_L003	9
NR6A1	2811630_S35_L003	9
NR6A1	2858490_S0_L001	6
NR6A1	2858800_S38_L003	4
NR6A1	2858810_S31_L003	4
NR6A1	3013500_S34_L003	6
NR6A1	3049380_S0_L001	9
NR6A1	3049400_S39_L003	5
NR6A1	3049430_S42_L003	8
NR6A1	304944_S0_L001	12
NR6A1	3049450_S36_L003	10
NR6A1	304955_S0_L001	8
NR6A1	313308_S0_L001	6
NR6A1	m313309_S193	6
NR6A1	m318978_S195	11
NR6A1	m318979_S197	8
NR6A1	m318986_S33	8
NR6A1	m329861_S198	11
NR6A1	m329865_S206	10
NR6A1	m329883_S194	10
NR6A1	m329885_S199	8
NR6A1	m334087_S35	7
NR6A1	m344001_S207	7
NR6A1	m344004_S196	9
NR6A1	m357484_S37	16
NR6A1	m357486_S34	11
NR6A1	m357488_S36	6
NR6A1	m364088_S38	14
NRF1	2705010_S40_L003	83
NRF1	270502_S0_L001	88
NRF1	2781020_S37_L003	73
NRF1	278106_S0_L001	86
NRF1	2781080_S30_L003	80
NRF1	2781090_S41_L003	74
NRF1	2792010_S0_L001	83
NRF1	2792020_S32_L003	80
NRF1	2792040_S0_L001	94
NRF1	2811610_S33_L003	85
NRF1	2811630_S35_L003	91
NRF1	2858490_S0_L001	84
NRF1	2858800_S38_L003	83
NRF1	2858810_S31_L003	81
NRF1	3013500_S34_L003	82
NRF1	3049380_S0_L001	87
NRF1	3049400_S39_L003	83
NRF1	3049430_S42_L003	81
NRF1	304944_S0_L001	95
NRF1	3049450_S36_L003	87
NRF1	304955_S0_L001	86
NRF1	313308_S0_L001	85
NRF1	m313309_S193	90
NRF1	m318978_S195	100
NRF1	m318979_S197	95
NRF1	m318986_S33	81
NRF1	m329861_S198	98
NRF1	m329865_S206	101
NRF1	m329883_S194	50
NRF1	m329885_S199	104
NRF1	m334087_S35	85
NRF1	m344001_S207	89
NRF1	m344004_S196	84
NRF1	m357484_S37	114
NRF1	m357486_S34	98
NRF1	m357488_S36	93
NRF1	m364088_S38	84
NRL	2705010_S40_L003	4
NRL	270502_S0_L001	2
NRL	2781020_S37_L003	8
NRL	278106_S0_L001	5
NRL	2781080_S30_L003	2
NRL	2781090_S41_L003	3
NRL	2792010_S0_L001	5
NRL	2792020_S32_L003	3
NRL	2792040_S0_L001	4
NRL	2811610_S33_L003	5
NRL	2811630_S35_L003	11
NRL	2858490_S0_L001	3
NRL	2858800_S38_L003	10
NRL	2858810_S31_L003	3
NRL	3013500_S34_L003	3
NRL	3049380_S0_L001	9
NRL	3049400_S39_L003	3
NRL	3049430_S42_L003	2
NRL	304944_S0_L001	4
NRL	3049450_S36_L003	6
NRL	304955_S0_L001	6
NRL	313308_S0_L001	8
NRL	m313309_S193	6
NRL	m318978_S195	4
NRL	m318979_S197	6
NRL	m318986_S33	5
NRL	m329861_S198	8
NRL	m329865_S206	4
NRL	m329883_S194	4
NRL	m329885_S199	7
NRL	m334087_S35	3
NRL	m344001_S207	4
NRL	m344004_S196	10
NRL	m357484_S37	6
NRL	m357486_S34	2
NRL	m357488_S36	8
NRL	m364088_S38	8
Nfe2l2	2705010_S40_L003	9
Nfe2l2	270502_S0_L001	9
Nfe2l2	2781020_S37_L003	8
Nfe2l2	278106_S0_L001	7
Nfe2l2	2781080_S30_L003	9
Nfe2l2	2781090_S41_L003	14
Nfe2l2	2792010_S0_L001	8
Nfe2l2	2792020_S32_L003	2
Nfe2l2	2792040_S0_L001	17
Nfe2l2	2811610_S33_L003	3
Nfe2l2	2811630_S35_L003	6
Nfe2l2	2858490_S0_L001	7
Nfe2l2	2858800_S38_L003	9
Nfe2l2	2858810_S31_L003	8
Nfe2l2	3013500_S34_L003	8
Nfe2l2	3049380_S0_L001	7
Nfe2l2	3049400_S39_L003	10
Nfe2l2	3049430_S42_L003	6
Nfe2l2	304944_S0_L001	8
Nfe2l2	3049450_S36_L003	6
Nfe2l2	304955_S0_L001	7
Nfe2l2	313308_S0_L001	13
Nfe2l2	m313309_S193	5
Nfe2l2	m318978_S195	6
Nfe2l2	m318979_S197	9
Nfe2l2	m318986_S33	10
Nfe2l2	m329861_S198	8
Nfe2l2	m329865_S206	9
Nfe2l2	m329883_S194	8
Nfe2l2	m329885_S199	7
Nfe2l2	m334087_S35	7
Nfe2l2	m344001_S207	6
Nfe2l2	m344004_S196	6
Nfe2l2	m357484_S37	12
Nfe2l2	m357486_S34	8
Nfe2l2	m357488_S36	6
Nfe2l2	m364088_S38	10
Nkx2-5	2705010_S40_L003	32
Nkx2-5	270502_S0_L001	33
Nkx2-5	2781020_S37_L003	23
Nkx2-5	278106_S0_L001	31
Nkx2-5	2781080_S30_L003	34
Nkx2-5	2781090_S41_L003	25
Nkx2-5	2792010_S0_L001	24
Nkx2-5	2792020_S32_L003	37
Nkx2-5	2792040_S0_L001	39
Nkx2-5	2811610_S33_L003	16
Nkx2-5	2811630_S35_L003	26
Nkx2-5	2858490_S0_L001	20
Nkx2-5	2858800_S38_L003	15
Nkx2-5	2858810_S31_L003	32
Nkx2-5	3013500_S34_L003	26
Nkx2-5	3049380_S0_L001	25
Nkx2-5	3049400_S39_L003	22
Nkx2-5	3049430_S42_L003	36
Nkx2-5	304944_S0_L001	19
Nkx2-5	3049450_S36_L003	25
Nkx2-5	304955_S0_L001	22
Nkx2-5	313308_S0_L001	22
Nkx2-5	m313309_S193	20
Nkx2-5	m318978_S195	29
Nkx2-5	m318979_S197	23
Nkx2-5	m318986_S33	45
Nkx2-5	m329861_S198	25
Nkx2-5	m329865_S206	34
Nkx2-5	m329883_S194	14
Nkx2-5	m329885_S199	21
Nkx2-5	m334087_S35	36
Nkx2-5	m344001_S207	21
Nkx2-5	m344004_S196	29
Nkx2-5	m357484_S37	38
Nkx2-5	m357486_S34	33
Nkx2-5	m357488_S36	32
Nkx2-5	m364088_S38	39
Nkx3-2	2705010_S40_L003	7
Nkx3-2	270502_S0_L001	9
Nkx3-2	2781020_S37_L003	7
Nkx3-2	278106_S0_L001	8
Nkx3-2	2781080_S30_L003	10
Nkx3-2	2781090_S41_L003	14
Nkx3-2	2792010_S0_L001	10
Nkx3-2	2792020_S32_L003	8
Nkx3-2	2792040_S0_L001	14
Nkx3-2	2811610_S33_L003	9
Nkx3-2	2811630_S35_L003	9
Nkx3-2	2858490_S0_L001	11
Nkx3-2	2858800_S38_L003	8
Nkx3-2	2858810_S31_L003	12
Nkx3-2	3013500_S34_L003	10
Nkx3-2	3049380_S0_L001	10
Nkx3-2	3049400_S39_L003	7
Nkx3-2	3049430_S42_L003	13
Nkx3-2	304944_S0_L001	6
Nkx3-2	3049450_S36_L003	8
Nkx3-2	304955_S0_L001	7
Nkx3-2	313308_S0_L001	8
Nkx3-2	m313309_S193	8
Nkx3-2	m318978_S195	8
Nkx3-2	m318979_S197	8
Nkx3-2	m318986_S33	16
Nkx3-2	m329861_S198	15
Nkx3-2	m329865_S206	10
Nkx3-2	m329883_S194	4
Nkx3-2	m329885_S199	11
Nkx3-2	m334087_S35	12
Nkx3-2	m344001_S207	6
Nkx3-2	m344004_S196	15
Nkx3-2	m357484_S37	15
Nkx3-2	m357486_S34	6
Nkx3-2	m357488_S36	13
Nkx3-2	m364088_S38	11
Npas2	2705010_S40_L003	12
Npas2	270502_S0_L001	18
Npas2	2781020_S37_L003	16
Npas2	278106_S0_L001	16
Npas2	2781080_S30_L003	14
Npas2	2781090_S41_L003	14
Npas2	2792010_S0_L001	10
Npas2	2792020_S32_L003	18
Npas2	2792040_S0_L001	13
Npas2	2811610_S33_L003	12
Npas2	2811630_S35_L003	9
Npas2	2858490_S0_L001	18
Npas2	2858800_S38_L003	12
Npas2	2858810_S31_L003	10
Npas2	3013500_S34_L003	16
Npas2	3049380_S0_L001	17
Npas2	3049400_S39_L003	13
Npas2	3049430_S42_L003	11
Npas2	304944_S0_L001	12
Npas2	3049450_S36_L003	11
Npas2	304955_S0_L001	15
Npas2	313308_S0_L001	16
Npas2	m313309_S193	14
Npas2	m318978_S195	17
Npas2	m318979_S197	17
Npas2	m318986_S33	18
Npas2	m329861_S198	10
Npas2	m329865_S206	18
Npas2	m329883_S194	6
Npas2	m329885_S199	9
Npas2	m334087_S35	18
Npas2	m344001_S207	13
Npas2	m344004_S196	18
Npas2	m357484_S37	18
Npas2	m357486_S34	18
Npas2	m357488_S36	22
Npas2	m364088_S38	19
Nr1h3	2705010_S40_L003	14
Nr1h3	270502_S0_L001	12
Nr1h3	2781020_S37_L003	7
Nr1h3	278106_S0_L001	9
Nr1h3	2781080_S30_L003	7
Nr1h3	2781090_S41_L003	10
Nr1h3	2792010_S0_L001	7
Nr1h3	2792020_S32_L003	8
Nr1h3	2792040_S0_L001	9
Nr1h3	2811610_S33_L003	13
Nr1h3	2811630_S35_L003	10
Nr1h3	2858490_S0_L001	9
Nr1h3	2858800_S38_L003	10
Nr1h3	2858810_S31_L003	10
Nr1h3	3013500_S34_L003	6
Nr1h3	3049380_S0_L001	5
Nr1h3	3049400_S39_L003	8
Nr1h3	3049430_S42_L003	12
Nr1h3	304944_S0_L001	11
Nr1h3	3049450_S36_L003	6
Nr1h3	304955_S0_L001	7
Nr1h3	313308_S0_L001	15
Nr1h3	m313309_S193	8
Nr1h3	m318978_S195	10
Nr1h3	m318979_S197	7
Nr1h3	m318986_S33	6
Nr1h3	m329861_S198	10
Nr1h3	m329865_S206	13
Nr1h3	m329883_S194	4
Nr1h3	m329885_S199	7
Nr1h3	m334087_S35	14
Nr1h3	m344001_S207	7
Nr1h3	m344004_S196	14
Nr1h3	m357484_S37	18
Nr1h3	m357486_S34	9
Nr1h3	m357488_S36	10
Nr1h3	m364088_S38	19
Nr2f6	2705010_S40_L003	7
Nr2f6	270502_S0_L001	9
Nr2f6	2781020_S37_L003	8
Nr2f6	278106_S0_L001	10
Nr2f6	2781080_S30_L003	9
Nr2f6	2781090_S41_L003	4
Nr2f6	2792010_S0_L001	8
Nr2f6	2792020_S32_L003	8
Nr2f6	2792040_S0_L001	9
Nr2f6	2811610_S33_L003	4
Nr2f6	2811630_S35_L003	7
Nr2f6	2858490_S0_L001	6
Nr2f6	2858800_S38_L003	7
Nr2f6	2858810_S31_L003	4
Nr2f6	3013500_S34_L003	12
Nr2f6	3049380_S0_L001	5
Nr2f6	3049400_S39_L003	7
Nr2f6	3049430_S42_L003	4
Nr2f6	304944_S0_L001	7
Nr2f6	3049450_S36_L003	4
Nr2f6	304955_S0_L001	7
Nr2f6	313308_S0_L001	13
Nr2f6	m313309_S193	7
Nr2f6	m318978_S195	12
Nr2f6	m318979_S197	8
Nr2f6	m318986_S33	7
Nr2f6	m329861_S198	9
Nr2f6	m329865_S206	10
Nr2f6	m329883_S194	2
Nr2f6	m329885_S199	6
Nr2f6	m334087_S35	14
Nr2f6	m344001_S207	4
Nr2f6	m344004_S196	9
Nr2f6	m357484_S37	13
Nr2f6	m357486_S34	8
Nr2f6	m357488_S36	10
Nr2f6	m364088_S38	11
Nr5a2	2705010_S40_L003	16
Nr5a2	270502_S0_L001	22
Nr5a2	2781020_S37_L003	15
Nr5a2	278106_S0_L001	19
Nr5a2	2781080_S30_L003	21
Nr5a2	2781090_S41_L003	18
Nr5a2	2792010_S0_L001	24
Nr5a2	2792020_S32_L003	23
Nr5a2	2792040_S0_L001	18
Nr5a2	2811610_S33_L003	18
Nr5a2	2811630_S35_L003	19
Nr5a2	2858490_S0_L001	14
Nr5a2	2858800_S38_L003	14
Nr5a2	2858810_S31_L003	9
Nr5a2	3013500_S34_L003	14
Nr5a2	3049380_S0_L001	17
Nr5a2	3049400_S39_L003	16
Nr5a2	3049430_S42_L003	14
Nr5a2	304944_S0_L001	16
Nr5a2	3049450_S36_L003	17
Nr5a2	304955_S0_L001	17
Nr5a2	313308_S0_L001	21
Nr5a2	m313309_S193	18
Nr5a2	m318978_S195	21
Nr5a2	m318979_S197	19
Nr5a2	m318986_S33	25
Nr5a2	m329861_S198	22
Nr5a2	m329865_S206	24
Nr5a2	m329883_S194	12
Nr5a2	m329885_S199	18
Nr5a2	m334087_S35	17
Nr5a2	m344001_S207	13
Nr5a2	m344004_S196	14
Nr5a2	m357484_S37	25
Nr5a2	m357486_S34	25
Nr5a2	m357488_S36	22
Nr5a2	m364088_S38	33
OLIG1	2705010_S40_L003	3
OLIG1	270502_S0_L001	5
OLIG1	2781020_S37_L003	3
OLIG1	278106_S0_L001	2
OLIG1	2781080_S30_L003	2
OLIG1	2781090_S41_L003	2
OLIG1	2792010_S0_L001	2
OLIG1	2792020_S32_L003	1
OLIG1	2792040_S0_L001	3
OLIG1	2811610_S33_L003	2
OLIG1	2811630_S35_L003	3
OLIG1	2858490_S0_L001	4
OLIG1	2858800_S38_L003	1
OLIG1	2858810_S31_L003	4
OLIG1	3013500_S34_L003	1
OLIG1	3049380_S0_L001	2
OLIG1	3049400_S39_L003	3
OLIG1	3049430_S42_L003	2
OLIG1	304944_S0_L001	3
OLIG1	3049450_S36_L003	2
OLIG1	304955_S0_L001	2
OLIG1	313308_S0_L001	3
OLIG1	m313309_S193	4
OLIG1	m318979_S197	1
OLIG1	m318986_S33	1
OLIG1	m329861_S198	1
OLIG1	m329865_S206	2
OLIG1	m329885_S199	5
OLIG1	m334087_S35	3
OLIG1	m344001_S207	4
OLIG1	m344004_S196	4
OLIG1	m357484_S37	1
OLIG1	m357486_S34	3
OLIG1	m357488_S36	4
OLIG1	m364088_S38	3
OLIG2	2705010_S40_L003	8
OLIG2	270502_S0_L001	10
OLIG2	2781020_S37_L003	6
OLIG2	278106_S0_L001	4
OLIG2	2781080_S30_L003	4
OLIG2	2781090_S41_L003	4
OLIG2	2792010_S0_L001	3
OLIG2	2792020_S32_L003	6
OLIG2	2792040_S0_L001	6
OLIG2	2811610_S33_L003	4
OLIG2	2811630_S35_L003	6
OLIG2	2858490_S0_L001	5
OLIG2	2858800_S38_L003	3
OLIG2	2858810_S31_L003	7
OLIG2	3013500_S34_L003	5
OLIG2	3049380_S0_L001	7
OLIG2	3049400_S39_L003	6
OLIG2	3049430_S42_L003	5
OLIG2	304944_S0_L001	5
OLIG2	3049450_S36_L003	6
OLIG2	304955_S0_L001	5
OLIG2	313308_S0_L001	6
OLIG2	m313309_S193	5
OLIG2	m318978_S195	2
OLIG2	m318979_S197	5
OLIG2	m318986_S33	4
OLIG2	m329861_S198	4
OLIG2	m329865_S206	4
OLIG2	m329883_S194	3
OLIG2	m329885_S199	8
OLIG2	m334087_S35	6
OLIG2	m344001_S207	8
OLIG2	m344004_S196	7
OLIG2	m357484_S37	7
OLIG2	m357486_S34	4
OLIG2	m357488_S36	8
OLIG2	m364088_S38	9
OLIG3	2705010_S40_L003	12
OLIG3	270502_S0_L001	10
OLIG3	2781020_S37_L003	7
OLIG3	278106_S0_L001	4
OLIG3	2781080_S30_L003	5
OLIG3	2781090_S41_L003	6
OLIG3	2792010_S0_L001	3
OLIG3	2792020_S32_L003	9
OLIG3	2792040_S0_L001	7
OLIG3	2811610_S33_L003	6
OLIG3	2811630_S35_L003	6
OLIG3	2858490_S0_L001	7
OLIG3	2858800_S38_L003	4
OLIG3	2858810_S31_L003	9
OLIG3	3013500_S34_L003	6
OLIG3	3049380_S0_L001	7
OLIG3	3049400_S39_L003	9
OLIG3	3049430_S42_L003	9
OLIG3	304944_S0_L001	8
OLIG3	3049450_S36_L003	6
OLIG3	304955_S0_L001	9
OLIG3	313308_S0_L001	5
OLIG3	m313309_S193	5
OLIG3	m318978_S195	2
OLIG3	m318979_S197	5
OLIG3	m318986_S33	3
OLIG3	m329861_S198	5
OLIG3	m329865_S206	5
OLIG3	m329883_S194	3
OLIG3	m329885_S199	12
OLIG3	m334087_S35	10
OLIG3	m344001_S207	9
OLIG3	m344004_S196	10
OLIG3	m357484_S37	9
OLIG3	m357486_S34	4
OLIG3	m357488_S36	10
OLIG3	m364088_S38	12
ONECUT1	2705010_S40_L003	9
ONECUT1	270502_S0_L001	9
ONECUT1	2781020_S37_L003	7
ONECUT1	278106_S0_L001	7
ONECUT1	2781080_S30_L003	9
ONECUT1	2781090_S41_L003	11
ONECUT1	2792010_S0_L001	4
ONECUT1	2792020_S32_L003	12
ONECUT1	2792040_S0_L001	12
ONECUT1	2811610_S33_L003	11
ONECUT1	2811630_S35_L003	14
ONECUT1	2858490_S0_L001	12
ONECUT1	2858800_S38_L003	3
ONECUT1	2858810_S31_L003	6
ONECUT1	3013500_S34_L003	7
ONECUT1	3049380_S0_L001	5
ONECUT1	3049400_S39_L003	7
ONECUT1	3049430_S42_L003	8
ONECUT1	304944_S0_L001	8
ONECUT1	3049450_S36_L003	13
ONECUT1	304955_S0_L001	12
ONECUT1	313308_S0_L001	11
ONECUT1	m313309_S193	8
ONECUT1	m318978_S195	8
ONECUT1	m318979_S197	4
ONECUT1	m318986_S33	15
ONECUT1	m329861_S198	7
ONECUT1	m329865_S206	8
ONECUT1	m329883_S194	7
ONECUT1	m329885_S199	6
ONECUT1	m334087_S35	15
ONECUT1	m344001_S207	4
ONECUT1	m344004_S196	8
ONECUT1	m357484_S37	14
ONECUT1	m357486_S34	17
ONECUT1	m357488_S36	10
ONECUT1	m364088_S38	11
ONECUT2	2705010_S40_L003	4
ONECUT2	2781020_S37_L003	1
ONECUT2	278106_S0_L001	3
ONECUT2	2781080_S30_L003	2
ONECUT2	2781090_S41_L003	3
ONECUT2	2792010_S0_L001	2
ONECUT2	2792020_S32_L003	2
ONECUT2	2792040_S0_L001	3
ONECUT2	2811610_S33_L003	1
ONECUT2	2811630_S35_L003	2
ONECUT2	2858490_S0_L001	2
ONECUT2	2858800_S38_L003	1
ONECUT2	2858810_S31_L003	1
ONECUT2	3013500_S34_L003	2
ONECUT2	3049380_S0_L001	2
ONECUT2	3049400_S39_L003	1
ONECUT2	3049430_S42_L003	1
ONECUT2	304944_S0_L001	1
ONECUT2	3049450_S36_L003	4
ONECUT2	304955_S0_L001	4
ONECUT2	313308_S0_L001	5
ONECUT2	m313309_S193	2
ONECUT2	m318978_S195	2
ONECUT2	m318979_S197	2
ONECUT2	m318986_S33	4
ONECUT2	m329861_S198	2
ONECUT2	m329865_S206	1
ONECUT2	m329883_S194	2
ONECUT2	m329885_S199	1
ONECUT2	m334087_S35	5
ONECUT2	m344001_S207	2
ONECUT2	m344004_S196	3
ONECUT2	m357484_S37	3
ONECUT2	m357486_S34	4
ONECUT2	m357488_S36	3
ONECUT2	m364088_S38	3
ONECUT3	2705010_S40_L003	3
ONECUT3	270502_S0_L001	2
ONECUT3	2781020_S37_L003	3
ONECUT3	278106_S0_L001	1
ONECUT3	2781080_S30_L003	2
ONECUT3	2781090_S41_L003	3
ONECUT3	2792010_S0_L001	4
ONECUT3	2792020_S32_L003	2
ONECUT3	2792040_S0_L001	4
ONECUT3	2811610_S33_L003	4
ONECUT3	2811630_S35_L003	6
ONECUT3	2858490_S0_L001	3
ONECUT3	2858800_S38_L003	1
ONECUT3	2858810_S31_L003	2
ONECUT3	3013500_S34_L003	1
ONECUT3	3049380_S0_L001	2
ONECUT3	3049400_S39_L003	1
ONECUT3	3049430_S42_L003	1
ONECUT3	3049450_S36_L003	6
ONECUT3	304955_S0_L001	4
ONECUT3	313308_S0_L001	5
ONECUT3	m313309_S193	1
ONECUT3	m318978_S195	2
ONECUT3	m318979_S197	1
ONECUT3	m318986_S33	5
ONECUT3	m329861_S198	4
ONECUT3	m329865_S206	1
ONECUT3	m329883_S194	4
ONECUT3	m329885_S199	1
ONECUT3	m334087_S35	8
ONECUT3	m344004_S196	4
ONECUT3	m357484_S37	5
ONECUT3	m357486_S34	7
ONECUT3	m357488_S36	3
ONECUT3	m364088_S38	4
OSR1	2705010_S40_L003	17
OSR1	270502_S0_L001	20
OSR1	2781020_S37_L003	15
OSR1	278106_S0_L001	23
OSR1	2781080_S30_L003	20
OSR1	2781090_S41_L003	22
OSR1	2792010_S0_L001	15
OSR1	2792020_S32_L003	14
OSR1	2792040_S0_L001	17
OSR1	2811610_S33_L003	15
OSR1	2811630_S35_L003	22
OSR1	2858490_S0_L001	16
OSR1	2858800_S38_L003	15
OSR1	2858810_S31_L003	18
OSR1	3013500_S34_L003	14
OSR1	3049380_S0_L001	16
OSR1	3049400_S39_L003	20
OSR1	3049430_S42_L003	21
OSR1	304944_S0_L001	11
OSR1	3049450_S36_L003	24
OSR1	304955_S0_L001	18
OSR1	313308_S0_L001	13
OSR1	m313309_S193	11
OSR1	m318978_S195	16
OSR1	m318979_S197	12
OSR1	m318986_S33	20
OSR1	m329861_S198	11
OSR1	m329865_S206	13
OSR1	m329883_S194	7
OSR1	m329885_S199	13
OSR1	m334087_S35	14
OSR1	m344001_S207	20
OSR1	m344004_S196	12
OSR1	m357484_S37	13
OSR1	m357486_S34	16
OSR1	m357488_S36	13
OSR1	m364088_S38	18
OSR2	2705010_S40_L003	38
OSR2	270502_S0_L001	32
OSR2	2781020_S37_L003	31
OSR2	278106_S0_L001	46
OSR2	2781080_S30_L003	38
OSR2	2781090_S41_L003	25
OSR2	2792010_S0_L001	30
OSR2	2792020_S32_L003	39
OSR2	2792040_S0_L001	32
OSR2	2811610_S33_L003	31
OSR2	2811630_S35_L003	34
OSR2	2858490_S0_L001	23
OSR2	2858800_S38_L003	25
OSR2	2858810_S31_L003	33
OSR2	3013500_S34_L003	23
OSR2	3049380_S0_L001	25
OSR2	3049400_S39_L003	32
OSR2	3049430_S42_L003	30
OSR2	304944_S0_L001	38
OSR2	3049450_S36_L003	41
OSR2	304955_S0_L001	38
OSR2	313308_S0_L001	31
OSR2	m313309_S193	29
OSR2	m318978_S195	36
OSR2	m318979_S197	45
OSR2	m318986_S33	21
OSR2	m329861_S198	32
OSR2	m329865_S206	33
OSR2	m329883_S194	16
OSR2	m329885_S199	23
OSR2	m334087_S35	38
OSR2	m344001_S207	28
OSR2	m344004_S196	30
OSR2	m357484_S37	44
OSR2	m357486_S34	53
OSR2	m357488_S36	39
OSR2	m364088_S38	46
OTX2	2705010_S40_L003	9
OTX2	270502_S0_L001	9
OTX2	2781020_S37_L003	9
OTX2	278106_S0_L001	11
OTX2	2781080_S30_L003	6
OTX2	2781090_S41_L003	6
OTX2	2792010_S0_L001	6
OTX2	2792020_S32_L003	3
OTX2	2792040_S0_L001	8
OTX2	2811610_S33_L003	6
OTX2	2811630_S35_L003	7
OTX2	2858490_S0_L001	6
OTX2	2858800_S38_L003	6
OTX2	2858810_S31_L003	8
OTX2	3013500_S34_L003	3
OTX2	3049380_S0_L001	7
OTX2	3049400_S39_L003	8
OTX2	3049430_S42_L003	9
OTX2	304944_S0_L001	8
OTX2	3049450_S36_L003	3
OTX2	304955_S0_L001	9
OTX2	313308_S0_L001	11
OTX2	m313309_S193	7
OTX2	m318978_S195	8
OTX2	m318979_S197	8
OTX2	m318986_S33	8
OTX2	m329861_S198	8
OTX2	m329865_S206	7
OTX2	m329883_S194	4
OTX2	m329885_S199	11
OTX2	m334087_S35	11
OTX2	m344001_S207	4
OTX2	m344004_S196	9
OTX2	m357484_S37	10
OTX2	m357486_S34	18
OTX2	m357488_S36	11
OTX2	m364088_S38	10
OVOL1	270502_S0_L001	1
OVOL1	2781020_S37_L003	1
OVOL1	278106_S0_L001	1
OVOL1	2781090_S41_L003	3
OVOL1	2792010_S0_L001	2
OVOL1	2792040_S0_L001	1
OVOL1	2811610_S33_L003	1
OVOL1	2811630_S35_L003	1
OVOL1	2858490_S0_L001	3
OVOL1	2858800_S38_L003	1
OVOL1	2858810_S31_L003	1
OVOL1	3013500_S34_L003	1
OVOL1	3049380_S0_L001	2
OVOL1	3049430_S42_L003	1
OVOL1	304944_S0_L001	2
OVOL1	3049450_S36_L003	1
OVOL1	304955_S0_L001	3
OVOL1	m313309_S193	1
OVOL1	m318979_S197	3
OVOL1	m318986_S33	1
OVOL1	m329865_S206	1
OVOL1	m329883_S194	1
OVOL1	m329885_S199	1
OVOL1	m344001_S207	1
OVOL1	m344004_S196	3
OVOL1	m357484_S37	2
OVOL1	m357486_S34	1
OVOL1	m357488_S36	1
OVOL1	m364088_S38	4
OVOL2	2705010_S40_L003	2
OVOL2	270502_S0_L001	2
OVOL2	2781020_S37_L003	1
OVOL2	278106_S0_L001	1
OVOL2	2781090_S41_L003	4
OVOL2	2792010_S0_L001	2
OVOL2	2792040_S0_L001	1
OVOL2	2811610_S33_L003	1
OVOL2	2811630_S35_L003	1
OVOL2	2858490_S0_L001	3
OVOL2	2858800_S38_L003	1
OVOL2	2858810_S31_L003	1
OVOL2	3013500_S34_L003	3
OVOL2	3049380_S0_L001	4
OVOL2	3049400_S39_L003	2
OVOL2	3049430_S42_L003	1
OVOL2	304944_S0_L001	2
OVOL2	3049450_S36_L003	3
OVOL2	304955_S0_L001	3
OVOL2	m313309_S193	1
OVOL2	m318978_S195	1
OVOL2	m318979_S197	4
OVOL2	m318986_S33	1
OVOL2	m329865_S206	1
OVOL2	m329883_S194	3
OVOL2	m329885_S199	3
OVOL2	m334087_S35	1
OVOL2	m344001_S207	1
OVOL2	m344004_S196	4
OVOL2	m357484_S37	2
OVOL2	m357486_S34	3
OVOL2	m357488_S36	1
OVOL2	m364088_S38	4
PAX1	2705010_S40_L003	4
PAX1	2781020_S37_L003	1
PAX1	2781080_S30_L003	3
PAX1	2781090_S41_L003	4
PAX1	2792010_S0_L001	2
PAX1	2792020_S32_L003	2
PAX1	2792040_S0_L001	3
PAX1	2811610_S33_L003	2
PAX1	2811630_S35_L003	2
PAX1	2858490_S0_L001	3
PAX1	2858800_S38_L003	4
PAX1	2858810_S31_L003	2
PAX1	3013500_S34_L003	1
PAX1	3049400_S39_L003	3
PAX1	3049430_S42_L003	3
PAX1	304944_S0_L001	1
PAX1	3049450_S36_L003	1
PAX1	313308_S0_L001	1
PAX1	m318978_S195	1
PAX1	m318979_S197	1
PAX1	m329861_S198	2
PAX1	m329865_S206	1
PAX1	m329883_S194	1
PAX1	m329885_S199	1
PAX1	m334087_S35	1
PAX1	m344001_S207	2
PAX1	m357484_S37	4
PAX1	m357486_S34	2
PAX1	m357488_S36	3
PAX1	m364088_S38	2
PAX3	2705010_S40_L003	8
PAX3	270502_S0_L001	2
PAX3	2781020_S37_L003	6
PAX3	278106_S0_L001	6
PAX3	2781080_S30_L003	3
PAX3	2781090_S41_L003	6
PAX3	2792010_S0_L001	1
PAX3	2792020_S32_L003	1
PAX3	2792040_S0_L001	4
PAX3	2811610_S33_L003	3
PAX3	2811630_S35_L003	3
PAX3	2858490_S0_L001	4
PAX3	2858800_S38_L003	2
PAX3	2858810_S31_L003	3
PAX3	3013500_S34_L003	4
PAX3	3049380_S0_L001	1
PAX3	3049400_S39_L003	4
PAX3	3049430_S42_L003	5
PAX3	304944_S0_L001	5
PAX3	3049450_S36_L003	4
PAX3	304955_S0_L001	4
PAX3	313308_S0_L001	9
PAX3	m313309_S193	4
PAX3	m318978_S195	4
PAX3	m318979_S197	3
PAX3	m318986_S33	3
PAX3	m329861_S198	4
PAX3	m329865_S206	4
PAX3	m329883_S194	1
PAX3	m329885_S199	7
PAX3	m334087_S35	4
PAX3	m344001_S207	4
PAX3	m344004_S196	5
PAX3	m357484_S37	5
PAX3	m357486_S34	7
PAX3	m357488_S36	4
PAX3	m364088_S38	4
PAX5	2705010_S40_L003	15
PAX5	270502_S0_L001	19
PAX5	2781020_S37_L003	13
PAX5	278106_S0_L001	19
PAX5	2781080_S30_L003	17
PAX5	2781090_S41_L003	21
PAX5	2792010_S0_L001	15
PAX5	2792020_S32_L003	26
PAX5	2792040_S0_L001	24
PAX5	2811610_S33_L003	21
PAX5	2811630_S35_L003	13
PAX5	2858490_S0_L001	18
PAX5	2858800_S38_L003	24
PAX5	2858810_S31_L003	21
PAX5	3013500_S34_L003	19
PAX5	3049380_S0_L001	20
PAX5	3049400_S39_L003	23
PAX5	3049430_S42_L003	22
PAX5	304944_S0_L001	20
PAX5	3049450_S36_L003	18
PAX5	304955_S0_L001	20
PAX5	313308_S0_L001	25
PAX5	m313309_S193	16
PAX5	m318978_S195	22
PAX5	m318979_S197	20
PAX5	m318986_S33	13
PAX5	m329861_S198	18
PAX5	m329865_S206	13
PAX5	m329883_S194	5
PAX5	m329885_S199	16
PAX5	m334087_S35	23
PAX5	m344001_S207	17
PAX5	m344004_S196	23
PAX5	m357484_S37	22
PAX5	m357486_S34	23
PAX5	m357488_S36	23
PAX5	m364088_S38	21
PAX6	2705010_S40_L003	9
PAX6	270502_S0_L001	5
PAX6	2781020_S37_L003	5
PAX6	278106_S0_L001	4
PAX6	2781080_S30_L003	5
PAX6	2781090_S41_L003	7
PAX6	2792010_S0_L001	7
PAX6	2792020_S32_L003	5
PAX6	2792040_S0_L001	6
PAX6	2811610_S33_L003	7
PAX6	2811630_S35_L003	8
PAX6	2858490_S0_L001	8
PAX6	2858800_S38_L003	6
PAX6	2858810_S31_L003	5
PAX6	3013500_S34_L003	4
PAX6	3049380_S0_L001	5
PAX6	3049400_S39_L003	5
PAX6	3049430_S42_L003	6
PAX6	304944_S0_L001	3
PAX6	3049450_S36_L003	4
PAX6	304955_S0_L001	2
PAX6	313308_S0_L001	4
PAX6	m313309_S193	3
PAX6	m318978_S195	4
PAX6	m318979_S197	6
PAX6	m318986_S33	9
PAX6	m329861_S198	3
PAX6	m329865_S206	6
PAX6	m329883_S194	3
PAX6	m329885_S199	4
PAX6	m334087_S35	6
PAX6	m344001_S207	8
PAX6	m344004_S196	10
PAX6	m357484_S37	13
PAX6	m357486_S34	9
PAX6	m357488_S36	4
PAX6	m364088_S38	4
PAX7	2705010_S40_L003	1
PAX7	2781020_S37_L003	1
PAX7	278106_S0_L001	2
PAX7	2781080_S30_L003	3
PAX7	2781090_S41_L003	1
PAX7	2792010_S0_L001	1
PAX7	2792020_S32_L003	1
PAX7	2792040_S0_L001	3
PAX7	2811630_S35_L003	1
PAX7	2858490_S0_L001	2
PAX7	3013500_S34_L003	2
PAX7	3049380_S0_L001	1
PAX7	304944_S0_L001	1
PAX7	3049450_S36_L003	1
PAX7	304955_S0_L001	1
PAX7	313308_S0_L001	1
PAX7	m313309_S193	1
PAX7	m318978_S195	1
PAX7	m318986_S33	2
PAX7	m329865_S206	1
PAX7	m329883_S194	1
PAX7	m329885_S199	2
PAX7	m344001_S207	1
PAX7	m344004_S196	2
PAX7	m357484_S37	1
PAX7	m357486_S34	2
PAX7	m357488_S36	2
PAX7	m364088_S38	1
PAX9	2705010_S40_L003	4
PAX9	2781020_S37_L003	1
PAX9	2781080_S30_L003	2
PAX9	2781090_S41_L003	1
PAX9	2792010_S0_L001	3
PAX9	2792020_S32_L003	2
PAX9	2792040_S0_L001	1
PAX9	2811610_S33_L003	1
PAX9	2811630_S35_L003	1
PAX9	2858490_S0_L001	2
PAX9	2858810_S31_L003	1
PAX9	3013500_S34_L003	1
PAX9	3049400_S39_L003	2
PAX9	3049430_S42_L003	2
PAX9	304944_S0_L001	1
PAX9	3049450_S36_L003	2
PAX9	304955_S0_L001	1
PAX9	313308_S0_L001	1
PAX9	m329861_S198	1
PAX9	m329883_S194	1
PAX9	m329885_S199	1
PAX9	m334087_S35	1
PAX9	m344001_S207	1
PAX9	m357484_S37	2
PAX9	m357486_S34	2
PAX9	m357488_S36	2
PAX9	m364088_S38	1
PBX1	2705010_S40_L003	12
PBX1	270502_S0_L001	12
PBX1	2781020_S37_L003	13
PBX1	278106_S0_L001	19
PBX1	2781080_S30_L003	14
PBX1	2781090_S41_L003	12
PBX1	2792010_S0_L001	11
PBX1	2792020_S32_L003	13
PBX1	2792040_S0_L001	7
PBX1	2811610_S33_L003	8
PBX1	2811630_S35_L003	11
PBX1	2858490_S0_L001	7
PBX1	2858800_S38_L003	8
PBX1	2858810_S31_L003	9
PBX1	3013500_S34_L003	10
PBX1	3049380_S0_L001	11
PBX1	3049400_S39_L003	11
PBX1	3049430_S42_L003	13
PBX1	304944_S0_L001	13
PBX1	3049450_S36_L003	9
PBX1	304955_S0_L001	14
PBX1	313308_S0_L001	16
PBX1	m313309_S193	10
PBX1	m318978_S195	14
PBX1	m318979_S197	13
PBX1	m318986_S33	10
PBX1	m329861_S198	13
PBX1	m329865_S206	13
PBX1	m329883_S194	9
PBX1	m329885_S199	8
PBX1	m334087_S35	13
PBX1	m344001_S207	10
PBX1	m344004_S196	14
PBX1	m357484_S37	19
PBX1	m357486_S34	12
PBX1	m357488_S36	12
PBX1	m364088_S38	11
PBX2	2705010_S40_L003	8
PBX2	270502_S0_L001	14
PBX2	2781020_S37_L003	16
PBX2	278106_S0_L001	13
PBX2	2781080_S30_L003	13
PBX2	2781090_S41_L003	13
PBX2	2792010_S0_L001	11
PBX2	2792020_S32_L003	14
PBX2	2792040_S0_L001	8
PBX2	2811610_S33_L003	15
PBX2	2811630_S35_L003	11
PBX2	2858490_S0_L001	9
PBX2	2858800_S38_L003	12
PBX2	2858810_S31_L003	10
PBX2	3013500_S34_L003	13
PBX2	3049380_S0_L001	9
PBX2	3049400_S39_L003	12
PBX2	3049430_S42_L003	13
PBX2	304944_S0_L001	11
PBX2	3049450_S36_L003	12
PBX2	304955_S0_L001	14
PBX2	313308_S0_L001	12
PBX2	m313309_S193	8
PBX2	m318978_S195	8
PBX2	m318979_S197	5
PBX2	m318986_S33	19
PBX2	m329861_S198	13
PBX2	m329865_S206	12
PBX2	m329883_S194	7
PBX2	m329885_S199	9
PBX2	m334087_S35	18
PBX2	m344001_S207	5
PBX2	m344004_S196	16
PBX2	m357484_S37	26
PBX2	m357486_S34	19
PBX2	m357488_S36	10
PBX2	m364088_S38	20
PBX3	2705010_S40_L003	30
PBX3	270502_S0_L001	31
PBX3	2781020_S37_L003	24
PBX3	278106_S0_L001	29
PBX3	2781080_S30_L003	30
PBX3	2781090_S41_L003	27
PBX3	2792010_S0_L001	26
PBX3	2792020_S32_L003	23
PBX3	2792040_S0_L001	30
PBX3	2811610_S33_L003	13
PBX3	2811630_S35_L003	28
PBX3	2858490_S0_L001	31
PBX3	2858800_S38_L003	24
PBX3	2858810_S31_L003	25
PBX3	3013500_S34_L003	27
PBX3	3049380_S0_L001	25
PBX3	3049400_S39_L003	32
PBX3	3049430_S42_L003	28
PBX3	304944_S0_L001	24
PBX3	3049450_S36_L003	30
PBX3	304955_S0_L001	30
PBX3	313308_S0_L001	21
PBX3	m313309_S193	24
PBX3	m318978_S195	31
PBX3	m318979_S197	31
PBX3	m318986_S33	36
PBX3	m329861_S198	25
PBX3	m329865_S206	31
PBX3	m329883_S194	12
PBX3	m329885_S199	20
PBX3	m334087_S35	28
PBX3	m344001_S207	21
PBX3	m344004_S196	34
PBX3	m357484_S37	30
PBX3	m357486_S34	33
PBX3	m357488_S36	31
PBX3	m364088_S38	36
PHOX2A	2705010_S40_L003	4
PHOX2A	270502_S0_L001	4
PHOX2A	2781020_S37_L003	4
PHOX2A	278106_S0_L001	3
PHOX2A	2781080_S30_L003	11
PHOX2A	2781090_S41_L003	3
PHOX2A	2792010_S0_L001	5
PHOX2A	2792020_S32_L003	6
PHOX2A	2792040_S0_L001	11
PHOX2A	2811610_S33_L003	4
PHOX2A	2811630_S35_L003	7
PHOX2A	2858490_S0_L001	7
PHOX2A	2858800_S38_L003	4
PHOX2A	2858810_S31_L003	10
PHOX2A	3013500_S34_L003	2
PHOX2A	3049380_S0_L001	10
PHOX2A	3049400_S39_L003	7
PHOX2A	3049430_S42_L003	3
PHOX2A	304944_S0_L001	2
PHOX2A	3049450_S36_L003	10
PHOX2A	304955_S0_L001	6
PHOX2A	313308_S0_L001	8
PHOX2A	m313309_S193	4
PHOX2A	m318978_S195	9
PHOX2A	m318979_S197	10
PHOX2A	m318986_S33	13
PHOX2A	m329861_S198	3
PHOX2A	m329865_S206	2
PHOX2A	m329883_S194	7
PHOX2A	m329885_S199	4
PHOX2A	m334087_S35	12
PHOX2A	m344001_S207	3
PHOX2A	m344004_S196	3
PHOX2A	m357484_S37	13
PHOX2A	m357486_S34	12
PHOX2A	m357488_S36	5
PHOX2A	m364088_S38	8
PHOX2B	2705010_S40_L003	8
PHOX2B	270502_S0_L001	10
PHOX2B	2781020_S37_L003	6
PHOX2B	278106_S0_L001	7
PHOX2B	2781080_S30_L003	5
PHOX2B	2781090_S41_L003	8
PHOX2B	2792010_S0_L001	9
PHOX2B	2792020_S32_L003	7
PHOX2B	2792040_S0_L001	8
PHOX2B	2811610_S33_L003	12
PHOX2B	2811630_S35_L003	12
PHOX2B	2858490_S0_L001	2
PHOX2B	2858800_S38_L003	8
PHOX2B	2858810_S31_L003	5
PHOX2B	3013500_S34_L003	5
PHOX2B	3049380_S0_L001	7
PHOX2B	3049400_S39_L003	9
PHOX2B	3049430_S42_L003	7
PHOX2B	304944_S0_L001	3
PHOX2B	3049450_S36_L003	11
PHOX2B	304955_S0_L001	10
PHOX2B	313308_S0_L001	11
PHOX2B	m313309_S193	7
PHOX2B	m318978_S195	10
PHOX2B	m318979_S197	5
PHOX2B	m318986_S33	9
PHOX2B	m329861_S198	10
PHOX2B	m329865_S206	6
PHOX2B	m329883_S194	10
PHOX2B	m329885_S199	12
PHOX2B	m334087_S35	16
PHOX2B	m344001_S207	2
PHOX2B	m344004_S196	6
PHOX2B	m357484_S37	19
PHOX2B	m357486_S34	22
PHOX2B	m357488_S36	13
PHOX2B	m364088_S38	15
PKNOX1	2705010_S40_L003	21
PKNOX1	270502_S0_L001	23
PKNOX1	2781020_S37_L003	19
PKNOX1	278106_S0_L001	23
PKNOX1	2781080_S30_L003	29
PKNOX1	2781090_S41_L003	17
PKNOX1	2792010_S0_L001	19
PKNOX1	2792020_S32_L003	22
PKNOX1	2792040_S0_L001	26
PKNOX1	2811610_S33_L003	15
PKNOX1	2811630_S35_L003	29
PKNOX1	2858490_S0_L001	27
PKNOX1	2858800_S38_L003	15
PKNOX1	2858810_S31_L003	23
PKNOX1	3013500_S34_L003	24
PKNOX1	3049380_S0_L001	22
PKNOX1	3049400_S39_L003	17
PKNOX1	3049430_S42_L003	17
PKNOX1	304944_S0_L001	18
PKNOX1	3049450_S36_L003	21
PKNOX1	304955_S0_L001	24
PKNOX1	313308_S0_L001	14
PKNOX1	m313309_S193	17
PKNOX1	m318978_S195	20
PKNOX1	m318979_S197	22
PKNOX1	m318986_S33	30
PKNOX1	m329861_S198	16
PKNOX1	m329865_S206	19
PKNOX1	m329883_S194	10
PKNOX1	m329885_S199	15
PKNOX1	m334087_S35	20
PKNOX1	m344001_S207	18
PKNOX1	m344004_S196	26
PKNOX1	m357484_S37	22
PKNOX1	m357486_S34	28
PKNOX1	m357488_S36	24
PKNOX1	m364088_S38	29
PKNOX2	2705010_S40_L003	1
PKNOX2	270502_S0_L001	1
PKNOX2	278106_S0_L001	1
PKNOX2	2781090_S41_L003	2
PKNOX2	2792020_S32_L003	1
PKNOX2	2792040_S0_L001	1
PKNOX2	3013500_S34_L003	2
PKNOX2	3049380_S0_L001	1
PKNOX2	3049400_S39_L003	2
PKNOX2	304955_S0_L001	1
PKNOX2	313308_S0_L001	1
PKNOX2	m313309_S193	2
PKNOX2	m318986_S33	1
PKNOX2	m329861_S198	2
PKNOX2	m329865_S206	1
PKNOX2	m329883_S194	1
PKNOX2	m329885_S199	1
PKNOX2	m334087_S35	3
PKNOX2	m357484_S37	2
PKNOX2	m357486_S34	2
PKNOX2	m357488_S36	3
PKNOX2	m364088_S38	2
PLAG1	2705010_S40_L003	46
PLAG1	270502_S0_L001	57
PLAG1	2781020_S37_L003	40
PLAG1	278106_S0_L001	46
PLAG1	2781080_S30_L003	38
PLAG1	2781090_S41_L003	42
PLAG1	2792010_S0_L001	47
PLAG1	2792020_S32_L003	45
PLAG1	2792040_S0_L001	61
PLAG1	2811610_S33_L003	35
PLAG1	2811630_S35_L003	55
PLAG1	2858490_S0_L001	38
PLAG1	2858800_S38_L003	47
PLAG1	2858810_S31_L003	44
PLAG1	3013500_S34_L003	34
PLAG1	3049380_S0_L001	38
PLAG1	3049400_S39_L003	36
PLAG1	3049430_S42_L003	37
PLAG1	304944_S0_L001	45
PLAG1	3049450_S36_L003	41
PLAG1	304955_S0_L001	62
PLAG1	313308_S0_L001	65
PLAG1	m313309_S193	44
PLAG1	m318978_S195	55
PLAG1	m318979_S197	54
PLAG1	m318986_S33	52
PLAG1	m329861_S198	60
PLAG1	m329865_S206	41
PLAG1	m329883_S194	27
PLAG1	m329885_S199	47
PLAG1	m334087_S35	40
PLAG1	m344001_S207	46
PLAG1	m344004_S196	53
PLAG1	m357484_S37	67
PLAG1	m357486_S34	56
PLAG1	m357488_S36	52
PLAG1	m364088_S38	63
PLAGL2	2705010_S40_L003	40
PLAGL2	270502_S0_L001	54
PLAGL2	2781020_S37_L003	37
PLAGL2	278106_S0_L001	59
PLAGL2	2781080_S30_L003	43
PLAGL2	2781090_S41_L003	42
PLAGL2	2792010_S0_L001	49
PLAGL2	2792020_S32_L003	39
PLAGL2	2792040_S0_L001	51
PLAGL2	2811610_S33_L003	46
PLAGL2	2811630_S35_L003	47
PLAGL2	2858490_S0_L001	39
PLAGL2	2858800_S38_L003	43
PLAGL2	2858810_S31_L003	47
PLAGL2	3013500_S34_L003	33
PLAGL2	3049380_S0_L001	49
PLAGL2	3049400_S39_L003	34
PLAGL2	3049430_S42_L003	32
PLAGL2	304944_S0_L001	48
PLAGL2	3049450_S36_L003	41
PLAGL2	304955_S0_L001	48
PLAGL2	313308_S0_L001	56
PLAGL2	m313309_S193	50
PLAGL2	m318978_S195	41
PLAGL2	m318979_S197	44
PLAGL2	m318986_S33	65
PLAGL2	m329861_S198	56
PLAGL2	m329865_S206	35
PLAGL2	m329883_S194	23
PLAGL2	m329885_S199	46
PLAGL2	m334087_S35	51
PLAGL2	m344001_S207	38
PLAGL2	m344004_S196	49
PLAGL2	m357484_S37	77
PLAGL2	m357486_S34	62
PLAGL2	m357488_S36	47
PLAGL2	m364088_S38	70
POU1F1	2705010_S40_L003	13
POU1F1	270502_S0_L001	14
POU1F1	2781020_S37_L003	16
POU1F1	278106_S0_L001	5
POU1F1	2781080_S30_L003	11
POU1F1	2781090_S41_L003	15
POU1F1	2792010_S0_L001	6
POU1F1	2792020_S32_L003	10
POU1F1	2792040_S0_L001	13
POU1F1	2811610_S33_L003	10
POU1F1	2811630_S35_L003	18
POU1F1	2858490_S0_L001	14
POU1F1	2858800_S38_L003	8
POU1F1	2858810_S31_L003	11
POU1F1	3013500_S34_L003	10
POU1F1	3049380_S0_L001	9
POU1F1	3049400_S39_L003	11
POU1F1	3049430_S42_L003	15
POU1F1	304944_S0_L001	8
POU1F1	3049450_S36_L003	10
POU1F1	304955_S0_L001	9
POU1F1	313308_S0_L001	9
POU1F1	m313309_S193	11
POU1F1	m318978_S195	11
POU1F1	m318979_S197	5
POU1F1	m318986_S33	12
POU1F1	m329861_S198	9
POU1F1	m329865_S206	7
POU1F1	m329883_S194	4
POU1F1	m329885_S199	9
POU1F1	m334087_S35	11
POU1F1	m344001_S207	9
POU1F1	m344004_S196	12
POU1F1	m357484_S37	20
POU1F1	m357486_S34	18
POU1F1	m357488_S36	13
POU1F1	m364088_S38	18
POU2F1	2705010_S40_L003	13
POU2F1	270502_S0_L001	11
POU2F1	2781020_S37_L003	21
POU2F1	278106_S0_L001	11
POU2F1	2781080_S30_L003	12
POU2F1	2781090_S41_L003	16
POU2F1	2792010_S0_L001	11
POU2F1	2792020_S32_L003	10
POU2F1	2792040_S0_L001	19
POU2F1	2811610_S33_L003	17
POU2F1	2811630_S35_L003	19
POU2F1	2858490_S0_L001	14
POU2F1	2858800_S38_L003	10
POU2F1	2858810_S31_L003	15
POU2F1	3013500_S34_L003	10
POU2F1	3049380_S0_L001	18
POU2F1	3049400_S39_L003	11
POU2F1	3049430_S42_L003	14
POU2F1	304944_S0_L001	13
POU2F1	3049450_S36_L003	11
POU2F1	304955_S0_L001	10
POU2F1	313308_S0_L001	12
POU2F1	m313309_S193	14
POU2F1	m318978_S195	9
POU2F1	m318979_S197	10
POU2F1	m318986_S33	18
POU2F1	m329861_S198	12
POU2F1	m329865_S206	5
POU2F1	m329883_S194	9
POU2F1	m329885_S199	15
POU2F1	m334087_S35	18
POU2F1	m344001_S207	16
POU2F1	m344004_S196	12
POU2F1	m357484_S37	22
POU2F1	m357486_S34	19
POU2F1	m357488_S36	15
POU2F1	m364088_S38	20
POU2F2	2705010_S40_L003	14
POU2F2	270502_S0_L001	14
POU2F2	2781020_S37_L003	13
POU2F2	278106_S0_L001	7
POU2F2	2781080_S30_L003	11
POU2F2	2781090_S41_L003	9
POU2F2	2792010_S0_L001	10
POU2F2	2792020_S32_L003	11
POU2F2	2792040_S0_L001	16
POU2F2	2811610_S33_L003	9
POU2F2	2811630_S35_L003	19
POU2F2	2858490_S0_L001	14
POU2F2	2858800_S38_L003	12
POU2F2	2858810_S31_L003	10
POU2F2	3013500_S34_L003	11
POU2F2	3049380_S0_L001	16
POU2F2	3049400_S39_L003	11
POU2F2	3049430_S42_L003	14
POU2F2	304944_S0_L001	9
POU2F2	3049450_S36_L003	8
POU2F2	304955_S0_L001	10
POU2F2	313308_S0_L001	14
POU2F2	m313309_S193	12
POU2F2	m318978_S195	11
POU2F2	m318979_S197	7
POU2F2	m318986_S33	16
POU2F2	m329861_S198	13
POU2F2	m329865_S206	6
POU2F2	m329883_S194	7
POU2F2	m329885_S199	13
POU2F2	m334087_S35	16
POU2F2	m344001_S207	11
POU2F2	m344004_S196	14
POU2F2	m357484_S37	22
POU2F2	m357486_S34	22
POU2F2	m357488_S36	20
POU2F2	m364088_S38	18
POU2F3	2705010_S40_L003	15
POU2F3	270502_S0_L001	16
POU2F3	2781020_S37_L003	23
POU2F3	278106_S0_L001	11
POU2F3	2781080_S30_L003	18
POU2F3	2781090_S41_L003	15
POU2F3	2792010_S0_L001	13
POU2F3	2792020_S32_L003	14
POU2F3	2792040_S0_L001	22
POU2F3	2811610_S33_L003	19
POU2F3	2811630_S35_L003	24
POU2F3	2858490_S0_L001	18
POU2F3	2858800_S38_L003	15
POU2F3	2858810_S31_L003	16
POU2F3	3013500_S34_L003	12
POU2F3	3049380_S0_L001	23
POU2F3	3049400_S39_L003	14
POU2F3	3049430_S42_L003	19
POU2F3	304944_S0_L001	11
POU2F3	3049450_S36_L003	13
POU2F3	304955_S0_L001	15
POU2F3	313308_S0_L001	18
POU2F3	m313309_S193	15
POU2F3	m318978_S195	16
POU2F3	m318979_S197	8
POU2F3	m318986_S33	20
POU2F3	m329861_S198	15
POU2F3	m329865_S206	9
POU2F3	m329883_S194	12
POU2F3	m329885_S199	15
POU2F3	m334087_S35	19
POU2F3	m344001_S207	18
POU2F3	m344004_S196	14
POU2F3	m357484_S37	22
POU2F3	m357486_S34	31
POU2F3	m357488_S36	24
POU2F3	m364088_S38	18
POU3F1	2705010_S40_L003	14
POU3F1	270502_S0_L001	13
POU3F1	2781020_S37_L003	17
POU3F1	278106_S0_L001	5
POU3F1	2781080_S30_L003	12
POU3F1	2781090_S41_L003	17
POU3F1	2792010_S0_L001	13
POU3F1	2792020_S32_L003	13
POU3F1	2792040_S0_L001	17
POU3F1	2811610_S33_L003	15
POU3F1	2811630_S35_L003	17
POU3F1	2858490_S0_L001	14
POU3F1	2858800_S38_L003	9
POU3F1	2858810_S31_L003	18
POU3F1	3013500_S34_L003	10
POU3F1	3049380_S0_L001	16
POU3F1	3049400_S39_L003	8
POU3F1	3049430_S42_L003	17
POU3F1	304944_S0_L001	12
POU3F1	3049450_S36_L003	12
POU3F1	304955_S0_L001	12
POU3F1	313308_S0_L001	14
POU3F1	m313309_S193	12
POU3F1	m318978_S195	15
POU3F1	m318979_S197	10
POU3F1	m318986_S33	18
POU3F1	m329861_S198	8
POU3F1	m329865_S206	6
POU3F1	m329883_S194	11
POU3F1	m329885_S199	10
POU3F1	m334087_S35	18
POU3F1	m344001_S207	13
POU3F1	m344004_S196	13
POU3F1	m357484_S37	26
POU3F1	m357486_S34	23
POU3F1	m357488_S36	20
POU3F1	m364088_S38	19
POU3F2	2705010_S40_L003	15
POU3F2	270502_S0_L001	16
POU3F2	2781020_S37_L003	17
POU3F2	278106_S0_L001	7
POU3F2	2781080_S30_L003	13
POU3F2	2781090_S41_L003	15
POU3F2	2792010_S0_L001	12
POU3F2	2792020_S32_L003	12
POU3F2	2792040_S0_L001	17
POU3F2	2811610_S33_L003	14
POU3F2	2811630_S35_L003	16
POU3F2	2858490_S0_L001	15
POU3F2	2858800_S38_L003	11
POU3F2	2858810_S31_L003	16
POU3F2	3013500_S34_L003	12
POU3F2	3049380_S0_L001	13
POU3F2	3049400_S39_L003	11
POU3F2	3049430_S42_L003	13
POU3F2	304944_S0_L001	11
POU3F2	3049450_S36_L003	14
POU3F2	304955_S0_L001	13
POU3F2	313308_S0_L001	13
POU3F2	m313309_S193	10
POU3F2	m318978_S195	13
POU3F2	m318979_S197	8
POU3F2	m318986_S33	16
POU3F2	m329861_S198	7
POU3F2	m329865_S206	6
POU3F2	m329883_S194	9
POU3F2	m329885_S199	10
POU3F2	m334087_S35	17
POU3F2	m344001_S207	12
POU3F2	m344004_S196	14
POU3F2	m357484_S37	26
POU3F2	m357486_S34	21
POU3F2	m357488_S36	18
POU3F2	m364088_S38	20
POU3F3	2705010_S40_L003	13
POU3F3	270502_S0_L001	16
POU3F3	2781020_S37_L003	17
POU3F3	278106_S0_L001	7
POU3F3	2781080_S30_L003	12
POU3F3	2781090_S41_L003	14
POU3F3	2792010_S0_L001	12
POU3F3	2792020_S32_L003	9
POU3F3	2792040_S0_L001	18
POU3F3	2811610_S33_L003	19
POU3F3	2811630_S35_L003	21
POU3F3	2858490_S0_L001	13
POU3F3	2858800_S38_L003	10
POU3F3	2858810_S31_L003	16
POU3F3	3013500_S34_L003	9
POU3F3	3049380_S0_L001	15
POU3F3	3049400_S39_L003	11
POU3F3	3049430_S42_L003	17
POU3F3	304944_S0_L001	9
POU3F3	3049450_S36_L003	11
POU3F3	304955_S0_L001	16
POU3F3	313308_S0_L001	17
POU3F3	m313309_S193	16
POU3F3	m318978_S195	11
POU3F3	m318979_S197	6
POU3F3	m318986_S33	19
POU3F3	m329861_S198	9
POU3F3	m329865_S206	7
POU3F3	m329883_S194	11
POU3F3	m329885_S199	9
POU3F3	m334087_S35	14
POU3F3	m344001_S207	14
POU3F3	m344004_S196	14
POU3F3	m357484_S37	20
POU3F3	m357486_S34	19
POU3F3	m357488_S36	20
POU3F3	m364088_S38	19
POU4F1	2705010_S40_L003	11
POU4F1	270502_S0_L001	11
POU4F1	2781020_S37_L003	10
POU4F1	278106_S0_L001	9
POU4F1	2781080_S30_L003	10
POU4F1	2781090_S41_L003	7
POU4F1	2792010_S0_L001	13
POU4F1	2792020_S32_L003	13
POU4F1	2792040_S0_L001	12
POU4F1	2811610_S33_L003	13
POU4F1	2811630_S35_L003	16
POU4F1	2858490_S0_L001	9
POU4F1	2858800_S38_L003	15
POU4F1	2858810_S31_L003	11
POU4F1	3013500_S34_L003	9
POU4F1	3049380_S0_L001	14
POU4F1	3049400_S39_L003	7
POU4F1	3049430_S42_L003	16
POU4F1	304944_S0_L001	9
POU4F1	3049450_S36_L003	13
POU4F1	304955_S0_L001	11
POU4F1	313308_S0_L001	12
POU4F1	m313309_S193	9
POU4F1	m318978_S195	10
POU4F1	m318979_S197	5
POU4F1	m318986_S33	18
POU4F1	m329861_S198	7
POU4F1	m329865_S206	10
POU4F1	m329883_S194	13
POU4F1	m329885_S199	7
POU4F1	m334087_S35	17
POU4F1	m344001_S207	12
POU4F1	m344004_S196	11
POU4F1	m357484_S37	24
POU4F1	m357486_S34	18
POU4F1	m357488_S36	16
POU4F1	m364088_S38	14
POU4F2	2705010_S40_L003	1
POU4F2	270502_S0_L001	2
POU4F2	2781020_S37_L003	2
POU4F2	278106_S0_L001	2
POU4F2	2781080_S30_L003	2
POU4F2	2792010_S0_L001	3
POU4F2	2792020_S32_L003	2
POU4F2	2792040_S0_L001	2
POU4F2	2811610_S33_L003	3
POU4F2	2811630_S35_L003	3
POU4F2	2858490_S0_L001	2
POU4F2	2858800_S38_L003	1
POU4F2	2858810_S31_L003	1
POU4F2	3013500_S34_L003	4
POU4F2	3049380_S0_L001	4
POU4F2	3049400_S39_L003	2
POU4F2	3049430_S42_L003	3
POU4F2	304944_S0_L001	4
POU4F2	3049450_S36_L003	3
POU4F2	304955_S0_L001	1
POU4F2	313308_S0_L001	3
POU4F2	m313309_S193	2
POU4F2	m318978_S195	4
POU4F2	m318979_S197	2
POU4F2	m318986_S33	5
POU4F2	m329861_S198	1
POU4F2	m329865_S206	2
POU4F2	m329883_S194	2
POU4F2	m329885_S199	2
POU4F2	m334087_S35	3
POU4F2	m344001_S207	3
POU4F2	m344004_S196	4
POU4F2	m357484_S37	3
POU4F2	m357486_S34	5
POU4F2	m357488_S36	2
POU4F2	m364088_S38	2
POU4F3	2705010_S40_L003	10
POU4F3	270502_S0_L001	9
POU4F3	2781020_S37_L003	5
POU4F3	278106_S0_L001	12
POU4F3	2781080_S30_L003	9
POU4F3	2781090_S41_L003	8
POU4F3	2792010_S0_L001	9
POU4F3	2792020_S32_L003	11
POU4F3	2792040_S0_L001	11
POU4F3	2811610_S33_L003	12
POU4F3	2811630_S35_L003	12
POU4F3	2858490_S0_L001	10
POU4F3	2858800_S38_L003	11
POU4F3	2858810_S31_L003	8
POU4F3	3013500_S34_L003	8
POU4F3	3049380_S0_L001	13
POU4F3	3049400_S39_L003	5
POU4F3	3049430_S42_L003	13
POU4F3	304944_S0_L001	6
POU4F3	3049450_S36_L003	12
POU4F3	304955_S0_L001	11
POU4F3	313308_S0_L001	8
POU4F3	m313309_S193	5
POU4F3	m318978_S195	8
POU4F3	m318979_S197	7
POU4F3	m318986_S33	16
POU4F3	m329861_S198	7
POU4F3	m329865_S206	9
POU4F3	m329883_S194	12
POU4F3	m329885_S199	7
POU4F3	m334087_S35	14
POU4F3	m344001_S207	12
POU4F3	m344004_S196	9
POU4F3	m357484_S37	19
POU4F3	m357486_S34	15
POU4F3	m357488_S36	14
POU4F3	m364088_S38	13
POU5F1	2705010_S40_L003	20
POU5F1	270502_S0_L001	20
POU5F1	2781020_S37_L003	24
POU5F1	278106_S0_L001	12
POU5F1	2781080_S30_L003	17
POU5F1	2781090_S41_L003	17
POU5F1	2792010_S0_L001	12
POU5F1	2792020_S32_L003	19
POU5F1	2792040_S0_L001	22
POU5F1	2811610_S33_L003	18
POU5F1	2811630_S35_L003	29
POU5F1	2858490_S0_L001	20
POU5F1	2858800_S38_L003	20
POU5F1	2858810_S31_L003	20
POU5F1	3013500_S34_L003	13
POU5F1	3049380_S0_L001	24
POU5F1	3049400_S39_L003	14
POU5F1	3049430_S42_L003	21
POU5F1	304944_S0_L001	15
POU5F1	3049450_S36_L003	17
POU5F1	304955_S0_L001	17
POU5F1	313308_S0_L001	20
POU5F1	m313309_S193	16
POU5F1	m318978_S195	22
POU5F1	m318979_S197	15
POU5F1	m318986_S33	22
POU5F1	m329861_S198	18
POU5F1	m329865_S206	10
POU5F1	m329883_S194	10
POU5F1	m329885_S199	24
POU5F1	m334087_S35	25
POU5F1	m344001_S207	20
POU5F1	m344004_S196	18
POU5F1	m357484_S37	29
POU5F1	m357486_S34	30
POU5F1	m357488_S36	28
POU5F1	m364088_S38	26
POU6F1	2705010_S40_L003	20
POU6F1	270502_S0_L001	10
POU6F1	2781020_S37_L003	18
POU6F1	278106_S0_L001	14
POU6F1	2781080_S30_L003	14
POU6F1	2781090_S41_L003	12
POU6F1	2792010_S0_L001	13
POU6F1	2792020_S32_L003	16
POU6F1	2792040_S0_L001	12
POU6F1	2811610_S33_L003	18
POU6F1	2811630_S35_L003	21
POU6F1	2858490_S0_L001	20
POU6F1	2858800_S38_L003	23
POU6F1	2858810_S31_L003	11
POU6F1	3013500_S34_L003	13
POU6F1	3049380_S0_L001	18
POU6F1	3049400_S39_L003	13
POU6F1	3049430_S42_L003	17
POU6F1	304944_S0_L001	12
POU6F1	3049450_S36_L003	17
POU6F1	304955_S0_L001	17
POU6F1	313308_S0_L001	31
POU6F1	m313309_S193	17
POU6F1	m318978_S195	20
POU6F1	m318979_S197	13
POU6F1	m318986_S33	16
POU6F1	m329861_S198	18
POU6F1	m329865_S206	13
POU6F1	m329883_S194	15
POU6F1	m329885_S199	12
POU6F1	m334087_S35	21
POU6F1	m344001_S207	12
POU6F1	m344004_S196	21
POU6F1	m357484_S37	33
POU6F1	m357486_S34	26
POU6F1	m357488_S36	23
POU6F1	m364088_S38	21
POU6F2	2705010_S40_L003	10
POU6F2	270502_S0_L001	6
POU6F2	2781020_S37_L003	10
POU6F2	278106_S0_L001	13
POU6F2	2781080_S30_L003	10
POU6F2	2781090_S41_L003	7
POU6F2	2792010_S0_L001	9
POU6F2	2792020_S32_L003	8
POU6F2	2792040_S0_L001	6
POU6F2	2811610_S33_L003	13
POU6F2	2811630_S35_L003	14
POU6F2	2858490_S0_L001	17
POU6F2	2858800_S38_L003	15
POU6F2	2858810_S31_L003	10
POU6F2	3013500_S34_L003	9
POU6F2	3049380_S0_L001	13
POU6F2	3049400_S39_L003	7
POU6F2	3049430_S42_L003	15
POU6F2	304944_S0_L001	9
POU6F2	3049450_S36_L003	9
POU6F2	304955_S0_L001	9
POU6F2	313308_S0_L001	19
POU6F2	m313309_S193	12
POU6F2	m318978_S195	12
POU6F2	m318979_S197	7
POU6F2	m318986_S33	9
POU6F2	m329861_S198	11
POU6F2	m329865_S206	13
POU6F2	m329883_S194	8
POU6F2	m329885_S199	6
POU6F2	m334087_S35	11
POU6F2	m344001_S207	11
POU6F2	m344004_S196	9
POU6F2	m357484_S37	17
POU6F2	m357486_S34	15
POU6F2	m357488_S36	12
POU6F2	m364088_S38	14
PPARA	2705010_S40_L003	11
PPARA	270502_S0_L001	15
PPARA	2781020_S37_L003	13
PPARA	278106_S0_L001	17
PPARA	2781080_S30_L003	9
PPARA	2781090_S41_L003	14
PPARA	2792010_S0_L001	15
PPARA	2792020_S32_L003	11
PPARA	2792040_S0_L001	13
PPARA	2811610_S33_L003	11
PPARA	2811630_S35_L003	20
PPARA	2858490_S0_L001	7
PPARA	2858800_S38_L003	12
PPARA	2858810_S31_L003	11
PPARA	3013500_S34_L003	10
PPARA	3049380_S0_L001	6
PPARA	3049400_S39_L003	13
PPARA	3049430_S42_L003	10
PPARA	304944_S0_L001	13
PPARA	3049450_S36_L003	7
PPARA	304955_S0_L001	13
PPARA	313308_S0_L001	20
PPARA	m313309_S193	11
PPARA	m318978_S195	16
PPARA	m318979_S197	10
PPARA	m318986_S33	14
PPARA	m329861_S198	14
PPARA	m329865_S206	12
PPARA	m329883_S194	4
PPARA	m329885_S199	11
PPARA	m334087_S35	9
PPARA	m344001_S207	13
PPARA	m344004_S196	17
PPARA	m357484_S37	22
PPARA	m357486_S34	17
PPARA	m357488_S36	15
PPARA	m364088_S38	25
PPARD	2705010_S40_L003	3
PPARD	270502_S0_L001	5
PPARD	2781020_S37_L003	4
PPARD	278106_S0_L001	7
PPARD	2781080_S30_L003	6
PPARD	2781090_S41_L003	2
PPARD	2792010_S0_L001	6
PPARD	2792020_S32_L003	3
PPARD	2792040_S0_L001	3
PPARD	2811610_S33_L003	2
PPARD	2811630_S35_L003	3
PPARD	2858490_S0_L001	4
PPARD	2858800_S38_L003	4
PPARD	2858810_S31_L003	1
PPARD	3013500_S34_L003	4
PPARD	3049380_S0_L001	2
PPARD	3049400_S39_L003	1
PPARD	3049430_S42_L003	2
PPARD	304944_S0_L001	2
PPARD	3049450_S36_L003	2
PPARD	304955_S0_L001	5
PPARD	313308_S0_L001	7
PPARD	m313309_S193	4
PPARD	m318978_S195	8
PPARD	m318979_S197	6
PPARD	m318986_S33	1
PPARD	m329861_S198	5
PPARD	m329865_S206	5
PPARD	m329885_S199	1
PPARD	m334087_S35	7
PPARD	m344001_S207	3
PPARD	m344004_S196	3
PPARD	m357484_S37	5
PPARD	m357486_S34	3
PPARD	m357488_S36	7
PPARD	m364088_S38	7
PPARG	2705010_S40_L003	4
PPARG	270502_S0_L001	2
PPARG	2781020_S37_L003	1
PPARG	278106_S0_L001	2
PPARG	2781090_S41_L003	2
PPARG	2792010_S0_L001	2
PPARG	2792020_S32_L003	3
PPARG	2792040_S0_L001	6
PPARG	2811610_S33_L003	1
PPARG	2811630_S35_L003	3
PPARG	2858490_S0_L001	4
PPARG	2858800_S38_L003	2
PPARG	2858810_S31_L003	1
PPARG	3013500_S34_L003	3
PPARG	3049430_S42_L003	1
PPARG	304944_S0_L001	2
PPARG	3049450_S36_L003	2
PPARG	304955_S0_L001	2
PPARG	313308_S0_L001	4
PPARG	m313309_S193	2
PPARG	m318978_S195	3
PPARG	m318979_S197	3
PPARG	m318986_S33	3
PPARG	m329865_S206	3
PPARG	m329883_S194	2
PPARG	m329885_S199	1
PPARG	m344004_S196	1
PPARG	m357484_S37	6
PPARG	m357486_S34	2
PPARG	m357488_S36	2
PRDM1	2705010_S40_L003	48
PRDM1	270502_S0_L001	52
PRDM1	2781020_S37_L003	47
PRDM1	278106_S0_L001	53
PRDM1	2781080_S30_L003	52
PRDM1	2781090_S41_L003	44
PRDM1	2792010_S0_L001	44
PRDM1	2792020_S32_L003	50
PRDM1	2792040_S0_L001	61
PRDM1	2811610_S33_L003	50
PRDM1	2811630_S35_L003	69
PRDM1	2858490_S0_L001	45
PRDM1	2858800_S38_L003	48
PRDM1	2858810_S31_L003	56
PRDM1	3013500_S34_L003	47
PRDM1	3049380_S0_L001	46
PRDM1	3049400_S39_L003	44
PRDM1	3049430_S42_L003	47
PRDM1	304944_S0_L001	28
PRDM1	3049450_S36_L003	55
PRDM1	304955_S0_L001	44
PRDM1	313308_S0_L001	54
PRDM1	m313309_S193	46
PRDM1	m318978_S195	40
PRDM1	m318979_S197	46
PRDM1	m318986_S33	68
PRDM1	m329861_S198	50
PRDM1	m329865_S206	42
PRDM1	m329883_S194	27
PRDM1	m329885_S199	43
PRDM1	m334087_S35	49
PRDM1	m344001_S207	54
PRDM1	m344004_S196	46
PRDM1	m357484_S37	61
PRDM1	m357486_S34	48
PRDM1	m357488_S36	59
PRDM1	m364088_S38	78
PRDM4	2705010_S40_L003	16
PRDM4	270502_S0_L001	26
PRDM4	2781020_S37_L003	20
PRDM4	278106_S0_L001	18
PRDM4	2781080_S30_L003	17
PRDM4	2781090_S41_L003	16
PRDM4	2792010_S0_L001	15
PRDM4	2792020_S32_L003	24
PRDM4	2792040_S0_L001	25
PRDM4	2811610_S33_L003	18
PRDM4	2811630_S35_L003	28
PRDM4	2858490_S0_L001	29
PRDM4	2858800_S38_L003	22
PRDM4	2858810_S31_L003	19
PRDM4	3013500_S34_L003	20
PRDM4	3049380_S0_L001	23
PRDM4	3049400_S39_L003	14
PRDM4	3049430_S42_L003	19
PRDM4	304944_S0_L001	21
PRDM4	3049450_S36_L003	21
PRDM4	304955_S0_L001	21
PRDM4	313308_S0_L001	24
PRDM4	m313309_S193	28
PRDM4	m318978_S195	27
PRDM4	m318979_S197	22
PRDM4	m318986_S33	27
PRDM4	m329861_S198	17
PRDM4	m329865_S206	15
PRDM4	m329883_S194	21
PRDM4	m329885_S199	17
PRDM4	m334087_S35	26
PRDM4	m344001_S207	15
PRDM4	m344004_S196	19
PRDM4	m357484_S37	26
PRDM4	m357486_S34	21
PRDM4	m357488_S36	23
PRDM4	m364088_S38	26
PROP1	2705010_S40_L003	6
PROP1	270502_S0_L001	4
PROP1	2781020_S37_L003	4
PROP1	278106_S0_L001	3
PROP1	2781080_S30_L003	5
PROP1	2781090_S41_L003	2
PROP1	2792010_S0_L001	3
PROP1	2792020_S32_L003	4
PROP1	2792040_S0_L001	4
PROP1	2811610_S33_L003	3
PROP1	2811630_S35_L003	5
PROP1	2858490_S0_L001	4
PROP1	2858800_S38_L003	4
PROP1	2858810_S31_L003	6
PROP1	3013500_S34_L003	1
PROP1	3049380_S0_L001	9
PROP1	3049400_S39_L003	9
PROP1	3049430_S42_L003	3
PROP1	304944_S0_L001	3
PROP1	3049450_S36_L003	2
PROP1	304955_S0_L001	4
PROP1	313308_S0_L001	10
PROP1	m313309_S193	2
PROP1	m318978_S195	7
PROP1	m318979_S197	5
PROP1	m318986_S33	7
PROP1	m329861_S198	6
PROP1	m329865_S206	1
PROP1	m329883_S194	4
PROP1	m329885_S199	6
PROP1	m334087_S35	15
PROP1	m344001_S207	2
PROP1	m344004_S196	3
PROP1	m357484_S37	8
PROP1	m357486_S34	9
PROP1	m357488_S36	3
PROP1	m364088_S38	8
PROX1	2705010_S40_L003	1
PROX1	270502_S0_L001	2
PROX1	2781020_S37_L003	1
PROX1	278106_S0_L001	2
PROX1	2792010_S0_L001	4
PROX1	2792040_S0_L001	4
PROX1	2811610_S33_L003	2
PROX1	2811630_S35_L003	4
PROX1	2858490_S0_L001	2
PROX1	2858800_S38_L003	2
PROX1	3013500_S34_L003	1
PROX1	3049380_S0_L001	3
PROX1	3049400_S39_L003	2
PROX1	3049430_S42_L003	2
PROX1	304944_S0_L001	1
PROX1	3049450_S36_L003	1
PROX1	313308_S0_L001	1
PROX1	m318978_S195	2
PROX1	m318979_S197	3
PROX1	m318986_S33	3
PROX1	m329861_S198	2
PROX1	m329865_S206	4
PROX1	m329885_S199	1
PROX1	m334087_S35	3
PROX1	m344001_S207	2
PROX1	m344004_S196	3
PROX1	m357484_S37	2
PROX1	m357486_S34	4
PROX1	m357488_S36	4
PROX1	m364088_S38	4
Plagl1	2705010_S40_L003	70
Plagl1	270502_S0_L001	75
Plagl1	2781020_S37_L003	66
Plagl1	278106_S0_L001	85
Plagl1	2781080_S30_L003	76
Plagl1	2781090_S41_L003	65
Plagl1	2792010_S0_L001	72
Plagl1	2792020_S32_L003	82
Plagl1	2792040_S0_L001	92
Plagl1	2811610_S33_L003	71
Plagl1	2811630_S35_L003	73
Plagl1	2858490_S0_L001	64
Plagl1	2858800_S38_L003	68
Plagl1	2858810_S31_L003	72
Plagl1	3013500_S34_L003	65
Plagl1	3049380_S0_L001	67
Plagl1	3049400_S39_L003	66
Plagl1	3049430_S42_L003	63
Plagl1	304944_S0_L001	74
Plagl1	3049450_S36_L003	63
Plagl1	304955_S0_L001	88
Plagl1	313308_S0_L001	79
Plagl1	m313309_S193	77
Plagl1	m318978_S195	83
Plagl1	m318979_S197	83
Plagl1	m318986_S33	82
Plagl1	m329861_S198	75
Plagl1	m329865_S206	72
Plagl1	m329883_S194	53
Plagl1	m329885_S199	70
Plagl1	m334087_S35	86
Plagl1	m344001_S207	68
Plagl1	m344004_S196	74
Plagl1	m357484_S37	114
Plagl1	m357486_S34	84
Plagl1	m357488_S36	73
Plagl1	m364088_S38	111
Pou5f1	2705010_S40_L003	15
Pou5f1	270502_S0_L001	20
Pou5f1	2781020_S37_L003	14
Pou5f1	278106_S0_L001	11
Pou5f1	2781080_S30_L003	12
Pou5f1	2781090_S41_L003	12
Pou5f1	2792010_S0_L001	10
Pou5f1	2792020_S32_L003	11
Pou5f1	2792040_S0_L001	14
Pou5f1	2811610_S33_L003	12
Pou5f1	2811630_S35_L003	16
Pou5f1	2858490_S0_L001	6
Pou5f1	2858800_S38_L003	13
Pou5f1	2858810_S31_L003	10
Pou5f1	3013500_S34_L003	11
Pou5f1	3049380_S0_L001	14
Pou5f1	3049400_S39_L003	11
Pou5f1	3049430_S42_L003	5
Pou5f1	304944_S0_L001	5
Pou5f1	3049450_S36_L003	12
Pou5f1	304955_S0_L001	12
Pou5f1	313308_S0_L001	13
Pou5f1	m313309_S193	11
Pou5f1	m318978_S195	9
Pou5f1	m318979_S197	15
Pou5f1	m318986_S33	16
Pou5f1	m329861_S198	18
Pou5f1	m329865_S206	9
Pou5f1	m329883_S194	7
Pou5f1	m329885_S199	14
Pou5f1	m334087_S35	12
Pou5f1	m344001_S207	5
Pou5f1	m344004_S196	16
Pou5f1	m357484_S37	13
Pou5f1	m357486_S34	19
Pou5f1	m357488_S36	11
Pou5f1	m364088_S38	21
Pparg	2705010_S40_L003	47
Pparg	270502_S0_L001	36
Pparg	2781020_S37_L003	37
Pparg	278106_S0_L001	64
Pparg	2781080_S30_L003	37
Pparg	2781090_S41_L003	41
Pparg	2792010_S0_L001	45
Pparg	2792020_S32_L003	43
Pparg	2792040_S0_L001	51
Pparg	2811610_S33_L003	43
Pparg	2811630_S35_L003	44
Pparg	2858490_S0_L001	40
Pparg	2858800_S38_L003	37
Pparg	2858810_S31_L003	44
Pparg	3013500_S34_L003	38
Pparg	3049380_S0_L001	33
Pparg	3049400_S39_L003	49
Pparg	3049430_S42_L003	34
Pparg	304944_S0_L001	34
Pparg	3049450_S36_L003	34
Pparg	304955_S0_L001	45
Pparg	313308_S0_L001	51
Pparg	m313309_S193	42
Pparg	m318978_S195	47
Pparg	m318979_S197	46
Pparg	m318986_S33	45
Pparg	m329861_S198	39
Pparg	m329865_S206	43
Pparg	m329883_S194	29
Pparg	m329885_S199	34
Pparg	m334087_S35	46
Pparg	m344001_S207	33
Pparg	m344004_S196	45
Pparg	m357484_S37	71
Pparg	m357486_S34	49
Pparg	m357488_S36	49
Pparg	m364088_S38	63
Prdm15	2705010_S40_L003	10
Prdm15	270502_S0_L001	33
Prdm15	2781020_S37_L003	13
Prdm15	278106_S0_L001	20
Prdm15	2781080_S30_L003	23
Prdm15	2781090_S41_L003	25
Prdm15	2792010_S0_L001	13
Prdm15	2792020_S32_L003	17
Prdm15	2792040_S0_L001	22
Prdm15	2811610_S33_L003	24
Prdm15	2811630_S35_L003	18
Prdm15	2858490_S0_L001	19
Prdm15	2858800_S38_L003	19
Prdm15	2858810_S31_L003	17
Prdm15	3013500_S34_L003	21
Prdm15	3049380_S0_L001	19
Prdm15	3049400_S39_L003	22
Prdm15	3049430_S42_L003	17
Prdm15	304944_S0_L001	12
Prdm15	3049450_S36_L003	16
Prdm15	304955_S0_L001	19
Prdm15	313308_S0_L001	18
Prdm15	m313309_S193	21
Prdm15	m318978_S195	13
Prdm15	m318979_S197	20
Prdm15	m318986_S33	32
Prdm15	m329861_S198	28
Prdm15	m329865_S206	14
Prdm15	m329883_S194	11
Prdm15	m329885_S199	18
Prdm15	m334087_S35	24
Prdm15	m344001_S207	22
Prdm15	m344004_S196	19
Prdm15	m357484_S37	26
Prdm15	m357486_S34	21
Prdm15	m357488_S36	24
Prdm15	m364088_S38	21
Ptf1a	2705010_S40_L003	77
Ptf1a	270502_S0_L001	79
Ptf1a	2781020_S37_L003	79
Ptf1a	278106_S0_L001	100
Ptf1a	2781080_S30_L003	89
Ptf1a	2781090_S41_L003	80
Ptf1a	2792010_S0_L001	82
Ptf1a	2792020_S32_L003	90
Ptf1a	2792040_S0_L001	92
Ptf1a	2811610_S33_L003	90
Ptf1a	2811630_S35_L003	89
Ptf1a	2858490_S0_L001	71
Ptf1a	2858800_S38_L003	80
Ptf1a	2858810_S31_L003	78
Ptf1a	3013500_S34_L003	68
Ptf1a	3049380_S0_L001	67
Ptf1a	3049400_S39_L003	81
Ptf1a	3049430_S42_L003	85
Ptf1a	304944_S0_L001	66
Ptf1a	3049450_S36_L003	75
Ptf1a	304955_S0_L001	87
Ptf1a	313308_S0_L001	94
Ptf1a	m313309_S193	86
Ptf1a	m318978_S195	81
Ptf1a	m318979_S197	85
Ptf1a	m318986_S33	91
Ptf1a	m329861_S198	70
Ptf1a	m329865_S206	92
Ptf1a	m329883_S194	58
Ptf1a	m329885_S199	75
Ptf1a	m334087_S35	85
Ptf1a	m344001_S207	80
Ptf1a	m344004_S196	90
Ptf1a	m357484_S37	112
Ptf1a	m357486_S34	88
Ptf1a	m357488_S36	85
Ptf1a	m364088_S38	92
RARA	2705010_S40_L003	20
RARA	270502_S0_L001	17
RARA	2781020_S37_L003	19
RARA	278106_S0_L001	25
RARA	2781080_S30_L003	24
RARA	2781090_S41_L003	26
RARA	2792010_S0_L001	28
RARA	2792020_S32_L003	27
RARA	2792040_S0_L001	27
RARA	2811610_S33_L003	27
RARA	2811630_S35_L003	28
RARA	2858490_S0_L001	26
RARA	2858800_S38_L003	23
RARA	2858810_S31_L003	20
RARA	3013500_S34_L003	28
RARA	3049380_S0_L001	21
RARA	3049400_S39_L003	25
RARA	3049430_S42_L003	26
RARA	304944_S0_L001	18
RARA	3049450_S36_L003	32
RARA	304955_S0_L001	31
RARA	313308_S0_L001	40
RARA	m313309_S193	23
RARA	m318978_S195	24
RARA	m318979_S197	31
RARA	m318986_S33	28
RARA	m329861_S198	25
RARA	m329865_S206	26
RARA	m329883_S194	20
RARA	m329885_S199	24
RARA	m334087_S35	32
RARA	m344001_S207	19
RARA	m344004_S196	25
RARA	m357484_S37	38
RARA	m357486_S34	33
RARA	m357488_S36	26
RARA	m364088_S38	40
RARB	2705010_S40_L003	8
RARB	270502_S0_L001	5
RARB	2781020_S37_L003	7
RARB	278106_S0_L001	8
RARB	2781080_S30_L003	1
RARB	2781090_S41_L003	4
RARB	2792010_S0_L001	5
RARB	2792020_S32_L003	10
RARB	2792040_S0_L001	13
RARB	2811610_S33_L003	8
RARB	2811630_S35_L003	9
RARB	2858490_S0_L001	5
RARB	2858800_S38_L003	5
RARB	2858810_S31_L003	5
RARB	3013500_S34_L003	7
RARB	3049380_S0_L001	5
RARB	3049400_S39_L003	5
RARB	3049430_S42_L003	7
RARB	304944_S0_L001	8
RARB	3049450_S36_L003	6
RARB	304955_S0_L001	10
RARB	313308_S0_L001	6
RARB	m313309_S193	7
RARB	m318978_S195	7
RARB	m318979_S197	6
RARB	m318986_S33	8
RARB	m329861_S198	8
RARB	m329865_S206	13
RARB	m329883_S194	4
RARB	m329885_S199	7
RARB	m334087_S35	3
RARB	m344001_S207	5
RARB	m344004_S196	15
RARB	m357484_S37	10
RARB	m357486_S34	10
RARB	m357488_S36	15
RARB	m364088_S38	10
RARG	2705010_S40_L003	6
RARG	270502_S0_L001	4
RARG	2781020_S37_L003	5
RARG	278106_S0_L001	5
RARG	2781090_S41_L003	2
RARG	2792010_S0_L001	5
RARG	2792020_S32_L003	8
RARG	2792040_S0_L001	8
RARG	2811610_S33_L003	5
RARG	2811630_S35_L003	7
RARG	2858490_S0_L001	6
RARG	2858800_S38_L003	2
RARG	2858810_S31_L003	1
RARG	3013500_S34_L003	7
RARG	3049380_S0_L001	5
RARG	3049430_S42_L003	5
RARG	304944_S0_L001	6
RARG	3049450_S36_L003	3
RARG	304955_S0_L001	7
RARG	313308_S0_L001	5
RARG	m313309_S193	6
RARG	m318978_S195	6
RARG	m318979_S197	8
RARG	m318986_S33	8
RARG	m329861_S198	6
RARG	m329865_S206	8
RARG	m329883_S194	3
RARG	m329885_S199	5
RARG	m334087_S35	4
RARG	m344001_S207	4
RARG	m344004_S196	11
RARG	m357484_S37	6
RARG	m357486_S34	6
RARG	m357488_S36	10
RARG	m364088_S38	8
RAX	2705010_S40_L003	10
RAX	270502_S0_L001	3
RAX	2781020_S37_L003	11
RAX	278106_S0_L001	4
RAX	2781080_S30_L003	6
RAX	2781090_S41_L003	8
RAX	2792010_S0_L001	6
RAX	2792020_S32_L003	2
RAX	2792040_S0_L001	5
RAX	2811610_S33_L003	6
RAX	2811630_S35_L003	9
RAX	2858490_S0_L001	8
RAX	2858800_S38_L003	12
RAX	2858810_S31_L003	8
RAX	3013500_S34_L003	10
RAX	3049380_S0_L001	8
RAX	3049400_S39_L003	8
RAX	3049430_S42_L003	7
RAX	304944_S0_L001	3
RAX	3049450_S36_L003	13
RAX	304955_S0_L001	10
RAX	313308_S0_L001	13
RAX	m313309_S193	9
RAX	m318978_S195	9
RAX	m318979_S197	6
RAX	m318986_S33	4
RAX	m329861_S198	3
RAX	m329865_S206	11
RAX	m329883_S194	4
RAX	m329885_S199	6
RAX	m334087_S35	10
RAX	m344001_S207	9
RAX	m344004_S196	4
RAX	m357484_S37	14
RAX	m357486_S34	8
RAX	m357488_S36	6
RAX	m364088_S38	11
RBPJ	2705010_S40_L003	39
RBPJ	270502_S0_L001	40
RBPJ	2781020_S37_L003	25
RBPJ	278106_S0_L001	36
RBPJ	2781080_S30_L003	43
RBPJ	2781090_S41_L003	42
RBPJ	2792010_S0_L001	35
RBPJ	2792020_S32_L003	45
RBPJ	2792040_S0_L001	45
RBPJ	2811610_S33_L003	39
RBPJ	2811630_S35_L003	40
RBPJ	2858490_S0_L001	31
RBPJ	2858800_S38_L003	34
RBPJ	2858810_S31_L003	37
RBPJ	3013500_S34_L003	36
RBPJ	3049380_S0_L001	42
RBPJ	3049400_S39_L003	35
RBPJ	3049430_S42_L003	43
RBPJ	304944_S0_L001	41
RBPJ	3049450_S36_L003	41
RBPJ	304955_S0_L001	42
RBPJ	313308_S0_L001	43
RBPJ	m313309_S193	35
RBPJ	m318978_S195	48
RBPJ	m318979_S197	35
RBPJ	m318986_S33	40
RBPJ	m329861_S198	39
RBPJ	m329865_S206	51
RBPJ	m329883_S194	31
RBPJ	m329885_S199	47
RBPJ	m334087_S35	49
RBPJ	m344001_S207	35
RBPJ	m344004_S196	52
RBPJ	m357484_S37	52
RBPJ	m357486_S34	48
RBPJ	m357488_S36	50
RBPJ	m364088_S38	63
REL	2705010_S40_L003	20
REL	270502_S0_L001	20
REL	2781020_S37_L003	22
REL	278106_S0_L001	22
REL	2781080_S30_L003	23
REL	2781090_S41_L003	22
REL	2792010_S0_L001	22
REL	2792020_S32_L003	25
REL	2792040_S0_L001	32
REL	2811610_S33_L003	24
REL	2811630_S35_L003	25
REL	2858490_S0_L001	23
REL	2858800_S38_L003	23
REL	2858810_S31_L003	18
REL	3013500_S34_L003	14
REL	3049380_S0_L001	20
REL	3049400_S39_L003	18
REL	3049430_S42_L003	23
REL	304944_S0_L001	18
REL	3049450_S36_L003	24
REL	304955_S0_L001	21
REL	313308_S0_L001	16
REL	m313309_S193	19
REL	m318978_S195	22
REL	m318979_S197	17
REL	m318986_S33	18
REL	m329861_S198	25
REL	m329865_S206	20
REL	m329883_S194	19
REL	m329885_S199	24
REL	m334087_S35	24
REL	m344001_S207	17
REL	m344004_S196	24
REL	m357484_S37	30
REL	m357486_S34	27
REL	m357488_S36	25
REL	m364088_S38	25
RELA	2705010_S40_L003	27
RELA	270502_S0_L001	28
RELA	2781020_S37_L003	15
RELA	278106_S0_L001	25
RELA	2781080_S30_L003	18
RELA	2781090_S41_L003	24
RELA	2792010_S0_L001	26
RELA	2792020_S32_L003	30
RELA	2792040_S0_L001	23
RELA	2811610_S33_L003	22
RELA	2811630_S35_L003	26
RELA	2858490_S0_L001	21
RELA	2858800_S38_L003	34
RELA	2858810_S31_L003	23
RELA	3013500_S34_L003	13
RELA	3049380_S0_L001	25
RELA	3049400_S39_L003	21
RELA	3049430_S42_L003	28
RELA	304944_S0_L001	19
RELA	3049450_S36_L003	23
RELA	304955_S0_L001	26
RELA	313308_S0_L001	22
RELA	m313309_S193	18
RELA	m318978_S195	30
RELA	m318979_S197	19
RELA	m318986_S33	21
RELA	m329861_S198	30
RELA	m329865_S206	17
RELA	m329883_S194	11
RELA	m329885_S199	29
RELA	m334087_S35	35
RELA	m344001_S207	19
RELA	m344004_S196	17
RELA	m357484_S37	39
RELA	m357486_S34	32
RELA	m357488_S36	28
RELA	m364088_S38	32
RELB	2705010_S40_L003	19
RELB	270502_S0_L001	15
RELB	2781020_S37_L003	17
RELB	278106_S0_L001	19
RELB	2781080_S30_L003	16
RELB	2781090_S41_L003	20
RELB	2792010_S0_L001	27
RELB	2792020_S32_L003	18
RELB	2792040_S0_L001	28
RELB	2811610_S33_L003	18
RELB	2811630_S35_L003	12
RELB	2858490_S0_L001	17
RELB	2858800_S38_L003	13
RELB	2858810_S31_L003	14
RELB	3013500_S34_L003	10
RELB	3049380_S0_L001	21
RELB	3049400_S39_L003	14
RELB	3049430_S42_L003	14
RELB	304944_S0_L001	16
RELB	3049450_S36_L003	22
RELB	304955_S0_L001	26
RELB	313308_S0_L001	14
RELB	m313309_S193	14
RELB	m318978_S195	23
RELB	m318979_S197	16
RELB	m318986_S33	17
RELB	m329861_S198	23
RELB	m329865_S206	14
RELB	m329883_S194	9
RELB	m329885_S199	17
RELB	m334087_S35	16
RELB	m344001_S207	13
RELB	m344004_S196	18
RELB	m357484_S37	29
RELB	m357486_S34	33
RELB	m357488_S36	21
RELB	m364088_S38	19
RFX1	2705010_S40_L003	24
RFX1	270502_S0_L001	16
RFX1	2781020_S37_L003	27
RFX1	278106_S0_L001	27
RFX1	2781080_S30_L003	23
RFX1	2781090_S41_L003	24
RFX1	2792010_S0_L001	21
RFX1	2792020_S32_L003	27
RFX1	2792040_S0_L001	34
RFX1	2811610_S33_L003	33
RFX1	2811630_S35_L003	34
RFX1	2858490_S0_L001	25
RFX1	2858800_S38_L003	25
RFX1	2858810_S31_L003	23
RFX1	3013500_S34_L003	28
RFX1	3049380_S0_L001	29
RFX1	3049400_S39_L003	30
RFX1	3049430_S42_L003	24
RFX1	304944_S0_L001	22
RFX1	3049450_S36_L003	32
RFX1	304955_S0_L001	19
RFX1	313308_S0_L001	25
RFX1	m313309_S193	25
RFX1	m318978_S195	25
RFX1	m318979_S197	24
RFX1	m318986_S33	30
RFX1	m329861_S198	19
RFX1	m329865_S206	18
RFX1	m329883_S194	11
RFX1	m329885_S199	23
RFX1	m334087_S35	32
RFX1	m344001_S207	25
RFX1	m344004_S196	31
RFX1	m357484_S37	35
RFX1	m357486_S34	34
RFX1	m357488_S36	32
RFX1	m364088_S38	36
RFX2	2705010_S40_L003	6
RFX2	270502_S0_L001	4
RFX2	2781020_S37_L003	4
RFX2	278106_S0_L001	3
RFX2	2781080_S30_L003	5
RFX2	2781090_S41_L003	5
RFX2	2792010_S0_L001	1
RFX2	2792020_S32_L003	7
RFX2	2792040_S0_L001	7
RFX2	2811610_S33_L003	8
RFX2	2811630_S35_L003	3
RFX2	2858490_S0_L001	7
RFX2	2858800_S38_L003	8
RFX2	2858810_S31_L003	5
RFX2	3013500_S34_L003	5
RFX2	3049380_S0_L001	8
RFX2	3049400_S39_L003	9
RFX2	3049430_S42_L003	4
RFX2	304944_S0_L001	5
RFX2	3049450_S36_L003	5
RFX2	304955_S0_L001	3
RFX2	313308_S0_L001	8
RFX2	m313309_S193	6
RFX2	m318978_S195	10
RFX2	m318979_S197	3
RFX2	m318986_S33	7
RFX2	m329861_S198	5
RFX2	m329865_S206	4
RFX2	m329883_S194	2
RFX2	m329885_S199	3
RFX2	m334087_S35	3
RFX2	m344001_S207	4
RFX2	m344004_S196	8
RFX2	m357484_S37	9
RFX2	m357486_S34	9
RFX2	m357488_S36	6
RFX2	m364088_S38	6
RFX3	2705010_S40_L003	25
RFX3	270502_S0_L001	19
RFX3	2781020_S37_L003	25
RFX3	278106_S0_L001	28
RFX3	2781080_S30_L003	23
RFX3	2781090_S41_L003	29
RFX3	2792010_S0_L001	17
RFX3	2792020_S32_L003	31
RFX3	2792040_S0_L001	34
RFX3	2811610_S33_L003	32
RFX3	2811630_S35_L003	32
RFX3	2858490_S0_L001	24
RFX3	2858800_S38_L003	27
RFX3	2858810_S31_L003	22
RFX3	3013500_S34_L003	32
RFX3	3049380_S0_L001	25
RFX3	3049400_S39_L003	33
RFX3	3049430_S42_L003	33
RFX3	304944_S0_L001	18
RFX3	3049450_S36_L003	33
RFX3	304955_S0_L001	26
RFX3	313308_S0_L001	27
RFX3	m313309_S193	27
RFX3	m318978_S195	27
RFX3	m318979_S197	27
RFX3	m318986_S33	35
RFX3	m329861_S198	21
RFX3	m329865_S206	21
RFX3	m329883_S194	12
RFX3	m329885_S199	24
RFX3	m334087_S35	34
RFX3	m344001_S207	33
RFX3	m344004_S196	28
RFX3	m357484_S37	36
RFX3	m357486_S34	36
RFX3	m357488_S36	28
RFX3	m364088_S38	35
RFX4	2705010_S40_L003	9
RFX4	270502_S0_L001	10
RFX4	2781020_S37_L003	7
RFX4	278106_S0_L001	8
RFX4	2781080_S30_L003	8
RFX4	2781090_S41_L003	9
RFX4	2792010_S0_L001	5
RFX4	2792020_S32_L003	11
RFX4	2792040_S0_L001	12
RFX4	2811610_S33_L003	13
RFX4	2811630_S35_L003	7
RFX4	2858490_S0_L001	12
RFX4	2858800_S38_L003	9
RFX4	2858810_S31_L003	8
RFX4	3013500_S34_L003	12
RFX4	3049380_S0_L001	9
RFX4	3049400_S39_L003	11
RFX4	3049430_S42_L003	6
RFX4	304944_S0_L001	9
RFX4	3049450_S36_L003	8
RFX4	304955_S0_L001	10
RFX4	313308_S0_L001	9
RFX4	m313309_S193	9
RFX4	m318978_S195	16
RFX4	m318979_S197	9
RFX4	m318986_S33	13
RFX4	m329861_S198	8
RFX4	m329865_S206	6
RFX4	m329883_S194	5
RFX4	m329885_S199	7
RFX4	m334087_S35	7
RFX4	m344001_S207	9
RFX4	m344004_S196	13
RFX4	m357484_S37	13
RFX4	m357486_S34	15
RFX4	m357488_S36	8
RFX4	m364088_S38	11
RFX5	2705010_S40_L003	6
RFX5	270502_S0_L001	5
RFX5	2781020_S37_L003	5
RFX5	278106_S0_L001	6
RFX5	2781080_S30_L003	7
RFX5	2781090_S41_L003	6
RFX5	2792010_S0_L001	1
RFX5	2792020_S32_L003	7
RFX5	2792040_S0_L001	8
RFX5	2811610_S33_L003	9
RFX5	2811630_S35_L003	4
RFX5	2858490_S0_L001	10
RFX5	2858800_S38_L003	8
RFX5	2858810_S31_L003	5
RFX5	3013500_S34_L003	6
RFX5	3049380_S0_L001	8
RFX5	3049400_S39_L003	9
RFX5	3049430_S42_L003	4
RFX5	304944_S0_L001	6
RFX5	3049450_S36_L003	6
RFX5	304955_S0_L001	4
RFX5	313308_S0_L001	8
RFX5	m313309_S193	7
RFX5	m318978_S195	10
RFX5	m318979_S197	5
RFX5	m318986_S33	8
RFX5	m329861_S198	5
RFX5	m329865_S206	4
RFX5	m329883_S194	3
RFX5	m329885_S199	2
RFX5	m334087_S35	4
RFX5	m344001_S207	4
RFX5	m344004_S196	7
RFX5	m357484_S37	9
RFX5	m357486_S34	9
RFX5	m357488_S36	6
RFX5	m364088_S38	6
RORA	2705010_S40_L003	25
RORA	270502_S0_L001	13
RORA	2781020_S37_L003	12
RORA	278106_S0_L001	20
RORA	2781080_S30_L003	14
RORA	2781090_S41_L003	15
RORA	2792010_S0_L001	16
RORA	2792020_S32_L003	21
RORA	2792040_S0_L001	19
RORA	2811610_S33_L003	19
RORA	2811630_S35_L003	14
RORA	2858490_S0_L001	22
RORA	2858800_S38_L003	12
RORA	2858810_S31_L003	17
RORA	3013500_S34_L003	16
RORA	3049380_S0_L001	12
RORA	3049400_S39_L003	17
RORA	3049430_S42_L003	16
RORA	304944_S0_L001	14
RORA	3049450_S36_L003	11
RORA	304955_S0_L001	17
RORA	313308_S0_L001	23
RORA	m313309_S193	19
RORA	m318978_S195	14
RORA	m318979_S197	14
RORA	m318986_S33	16
RORA	m329861_S198	15
RORA	m329865_S206	21
RORA	m329883_S194	14
RORA	m329885_S199	23
RORA	m334087_S35	12
RORA	m344001_S207	9
RORA	m344004_S196	19
RORA	m357484_S37	24
RORA	m357486_S34	23
RORA	m357488_S36	23
RORA	m364088_S38	26
RORB	2705010_S40_L003	17
RORB	270502_S0_L001	7
RORB	2781020_S37_L003	9
RORB	278106_S0_L001	12
RORB	2781080_S30_L003	12
RORB	2781090_S41_L003	9
RORB	2792010_S0_L001	10
RORB	2792020_S32_L003	13
RORB	2792040_S0_L001	14
RORB	2811610_S33_L003	13
RORB	2811630_S35_L003	12
RORB	2858490_S0_L001	11
RORB	2858800_S38_L003	12
RORB	2858810_S31_L003	14
RORB	3013500_S34_L003	9
RORB	3049380_S0_L001	8
RORB	3049400_S39_L003	8
RORB	3049430_S42_L003	11
RORB	304944_S0_L001	7
RORB	3049450_S36_L003	7
RORB	304955_S0_L001	16
RORB	313308_S0_L001	16
RORB	m313309_S193	17
RORB	m318978_S195	10
RORB	m318979_S197	9
RORB	m318986_S33	9
RORB	m329861_S198	8
RORB	m329865_S206	10
RORB	m329883_S194	8
RORB	m329885_S199	11
RORB	m334087_S35	11
RORB	m344001_S207	6
RORB	m344004_S196	13
RORB	m357484_S37	16
RORB	m357486_S34	15
RORB	m357488_S36	16
RORB	m364088_S38	20
RORC	2705010_S40_L003	16
RORC	270502_S0_L001	8
RORC	2781020_S37_L003	9
RORC	278106_S0_L001	9
RORC	2781080_S30_L003	8
RORC	2781090_S41_L003	4
RORC	2792010_S0_L001	11
RORC	2792020_S32_L003	5
RORC	2792040_S0_L001	12
RORC	2811610_S33_L003	12
RORC	2811630_S35_L003	9
RORC	2858490_S0_L001	10
RORC	2858800_S38_L003	6
RORC	2858810_S31_L003	7
RORC	3013500_S34_L003	6
RORC	3049380_S0_L001	5
RORC	3049400_S39_L003	6
RORC	3049430_S42_L003	9
RORC	304944_S0_L001	7
RORC	3049450_S36_L003	9
RORC	304955_S0_L001	4
RORC	313308_S0_L001	13
RORC	m313309_S193	12
RORC	m318978_S195	7
RORC	m318979_S197	8
RORC	m318986_S33	7
RORC	m329861_S198	7
RORC	m329865_S206	7
RORC	m329883_S194	7
RORC	m329885_S199	7
RORC	m334087_S35	6
RORC	m344001_S207	4
RORC	m344004_S196	11
RORC	m357484_S37	12
RORC	m357486_S34	11
RORC	m357488_S36	9
RORC	m364088_S38	13
RREB1	2705010_S40_L003	39
RREB1	270502_S0_L001	55
RREB1	2781020_S37_L003	45
RREB1	278106_S0_L001	53
RREB1	2781080_S30_L003	55
RREB1	2781090_S41_L003	55
RREB1	2792010_S0_L001	48
RREB1	2792020_S32_L003	54
RREB1	2792040_S0_L001	58
RREB1	2811610_S33_L003	47
RREB1	2811630_S35_L003	46
RREB1	2858490_S0_L001	30
RREB1	2858800_S38_L003	42
RREB1	2858810_S31_L003	51
RREB1	3013500_S34_L003	34
RREB1	3049380_S0_L001	59
RREB1	3049400_S39_L003	33
RREB1	3049430_S42_L003	41
RREB1	304944_S0_L001	54
RREB1	3049450_S36_L003	44
RREB1	304955_S0_L001	51
RREB1	313308_S0_L001	64
RREB1	m313309_S193	39
RREB1	m318978_S195	48
RREB1	m318979_S197	57
RREB1	m318986_S33	59
RREB1	m329861_S198	58
RREB1	m329865_S206	50
RREB1	m329883_S194	34
RREB1	m329885_S199	52
RREB1	m334087_S35	48
RREB1	m344001_S207	48
RREB1	m344004_S196	50
RREB1	m357484_S37	68
RREB1	m357486_S34	60
RREB1	m357488_S36	59
RREB1	m364088_S38	77
RUNX1	2705010_S40_L003	32
RUNX1	270502_S0_L001	34
RUNX1	2781020_S37_L003	26
RUNX1	278106_S0_L001	33
RUNX1	2781080_S30_L003	38
RUNX1	2781090_S41_L003	27
RUNX1	2792010_S0_L001	43
RUNX1	2792020_S32_L003	28
RUNX1	2792040_S0_L001	43
RUNX1	2811610_S33_L003	28
RUNX1	2811630_S35_L003	35
RUNX1	2858490_S0_L001	32
RUNX1	2858800_S38_L003	30
RUNX1	2858810_S31_L003	26
RUNX1	3013500_S34_L003	19
RUNX1	3049380_S0_L001	32
RUNX1	3049400_S39_L003	34
RUNX1	3049430_S42_L003	32
RUNX1	304944_S0_L001	34
RUNX1	3049450_S36_L003	32
RUNX1	304955_S0_L001	30
RUNX1	313308_S0_L001	37
RUNX1	m313309_S193	20
RUNX1	m318978_S195	31
RUNX1	m318979_S197	29
RUNX1	m318986_S33	34
RUNX1	m329861_S198	39
RUNX1	m329865_S206	40
RUNX1	m329883_S194	14
RUNX1	m329885_S199	35
RUNX1	m334087_S35	39
RUNX1	m344001_S207	30
RUNX1	m344004_S196	26
RUNX1	m357484_S37	36
RUNX1	m357486_S34	29
RUNX1	m357488_S36	45
RUNX1	m364088_S38	49
RUNX3	2705010_S40_L003	14
RUNX3	270502_S0_L001	14
RUNX3	2781020_S37_L003	16
RUNX3	278106_S0_L001	19
RUNX3	2781080_S30_L003	9
RUNX3	2781090_S41_L003	4
RUNX3	2792010_S0_L001	10
RUNX3	2792020_S32_L003	11
RUNX3	2792040_S0_L001	22
RUNX3	2811610_S33_L003	15
RUNX3	2811630_S35_L003	10
RUNX3	2858490_S0_L001	13
RUNX3	2858800_S38_L003	12
RUNX3	2858810_S31_L003	15
RUNX3	3013500_S34_L003	11
RUNX3	3049380_S0_L001	8
RUNX3	3049400_S39_L003	19
RUNX3	3049430_S42_L003	19
RUNX3	304944_S0_L001	13
RUNX3	3049450_S36_L003	17
RUNX3	304955_S0_L001	12
RUNX3	313308_S0_L001	19
RUNX3	m313309_S193	10
RUNX3	m318978_S195	12
RUNX3	m318979_S197	9
RUNX3	m318986_S33	15
RUNX3	m329861_S198	9
RUNX3	m329865_S206	13
RUNX3	m329883_S194	8
RUNX3	m329885_S199	14
RUNX3	m334087_S35	17
RUNX3	m344001_S207	10
RUNX3	m344004_S196	12
RUNX3	m357484_S37	25
RUNX3	m357486_S34	17
RUNX3	m357488_S36	20
RUNX3	m364088_S38	21
RXRA	2705010_S40_L003	37
RXRA	270502_S0_L001	39
RXRA	2781020_S37_L003	28
RXRA	278106_S0_L001	46
RXRA	2781080_S30_L003	36
RXRA	2781090_S41_L003	41
RXRA	2792010_S0_L001	39
RXRA	2792020_S32_L003	31
RXRA	2792040_S0_L001	37
RXRA	2811610_S33_L003	34
RXRA	2811630_S35_L003	43
RXRA	2858490_S0_L001	30
RXRA	2858800_S38_L003	43
RXRA	2858810_S31_L003	22
RXRA	3013500_S34_L003	38
RXRA	3049380_S0_L001	31
RXRA	3049400_S39_L003	33
RXRA	3049430_S42_L003	35
RXRA	304944_S0_L001	34
RXRA	3049450_S36_L003	30
RXRA	304955_S0_L001	43
RXRA	313308_S0_L001	56
RXRA	m313309_S193	33
RXRA	m318978_S195	42
RXRA	m318979_S197	35
RXRA	m318986_S33	44
RXRA	m329861_S198	41
RXRA	m329865_S206	36
RXRA	m329883_S194	22
RXRA	m329885_S199	38
RXRA	m334087_S35	45
RXRA	m344001_S207	30
RXRA	m344004_S196	38
RXRA	m357484_S37	62
RXRA	m357486_S34	56
RXRA	m357488_S36	43
RXRA	m364088_S38	65
RXRB	2705010_S40_L003	9
RXRB	270502_S0_L001	11
RXRB	2781020_S37_L003	9
RXRB	278106_S0_L001	15
RXRB	2781080_S30_L003	7
RXRB	2781090_S41_L003	5
RXRB	2792010_S0_L001	8
RXRB	2792020_S32_L003	11
RXRB	2792040_S0_L001	13
RXRB	2811610_S33_L003	13
RXRB	2811630_S35_L003	12
RXRB	2858490_S0_L001	10
RXRB	2858800_S38_L003	9
RXRB	2858810_S31_L003	6
RXRB	3013500_S34_L003	10
RXRB	3049380_S0_L001	7
RXRB	3049400_S39_L003	5
RXRB	3049430_S42_L003	7
RXRB	304944_S0_L001	5
RXRB	3049450_S36_L003	5
RXRB	304955_S0_L001	15
RXRB	313308_S0_L001	7
RXRB	m313309_S193	8
RXRB	m318978_S195	12
RXRB	m318979_S197	11
RXRB	m318986_S33	7
RXRB	m329861_S198	10
RXRB	m329865_S206	15
RXRB	m329883_S194	2
RXRB	m329885_S199	6
RXRB	m334087_S35	9
RXRB	m344001_S207	6
RXRB	m344004_S196	16
RXRB	m357484_S37	13
RXRB	m357486_S34	12
RXRB	m357488_S36	17
RXRB	m364088_S38	13
RXRG	2705010_S40_L003	16
RXRG	270502_S0_L001	26
RXRG	2781020_S37_L003	25
RXRG	278106_S0_L001	27
RXRG	2781080_S30_L003	19
RXRG	2781090_S41_L003	27
RXRG	2792010_S0_L001	23
RXRG	2792020_S32_L003	27
RXRG	2792040_S0_L001	25
RXRG	2811610_S33_L003	29
RXRG	2811630_S35_L003	25
RXRG	2858490_S0_L001	31
RXRG	2858800_S38_L003	20
RXRG	2858810_S31_L003	22
RXRG	3013500_S34_L003	25
RXRG	3049380_S0_L001	23
RXRG	3049400_S39_L003	24
RXRG	3049430_S42_L003	26
RXRG	304944_S0_L001	20
RXRG	3049450_S36_L003	31
RXRG	304955_S0_L001	25
RXRG	313308_S0_L001	40
RXRG	m313309_S193	17
RXRG	m318978_S195	25
RXRG	m318979_S197	34
RXRG	m318986_S33	31
RXRG	m329861_S198	28
RXRG	m329865_S206	31
RXRG	m329883_S194	14
RXRG	m329885_S199	22
RXRG	m334087_S35	24
RXRG	m344001_S207	18
RXRG	m344004_S196	23
RXRG	m357484_S37	32
RXRG	m357486_S34	29
RXRG	m357488_S36	27
RXRG	m364088_S38	41
Rarb	270502_S0_L001	1
Rarb	2781090_S41_L003	1
Rarb	2792010_S0_L001	1
Rarb	2792040_S0_L001	3
Rarb	3013500_S34_L003	1
Rarb	3049400_S39_L003	1
Rarb	304944_S0_L001	1
Rarb	m318978_S195	2
Rarb	m329883_S194	1
Rarb	m334087_S35	1
Rarb	m357484_S37	1
Rarb	m357486_S34	1
Rarb	m357488_S36	3
Rarb	m364088_S38	4
Rarg	2705010_S40_L003	1
Rarg	270502_S0_L001	1
Rarg	2781020_S37_L003	1
Rarg	278106_S0_L001	2
Rarg	2781090_S41_L003	1
Rarg	2792010_S0_L001	3
Rarg	2792040_S0_L001	2
Rarg	2811610_S33_L003	2
Rarg	2811630_S35_L003	2
Rarg	2858490_S0_L001	1
Rarg	2858800_S38_L003	2
Rarg	2858810_S31_L003	2
Rarg	3013500_S34_L003	3
Rarg	304944_S0_L001	1
Rarg	3049450_S36_L003	1
Rarg	304955_S0_L001	2
Rarg	313308_S0_L001	1
Rarg	m313309_S193	3
Rarg	m318978_S195	3
Rarg	m318979_S197	1
Rarg	m318986_S33	1
Rarg	m329861_S198	2
Rarg	m329865_S206	2
Rarg	m329883_S194	1
Rarg	m334087_S35	3
Rarg	m344001_S207	2
Rarg	m344004_S196	3
Rarg	m357484_S37	1
Rarg	m357486_S34	1
Rarg	m357488_S36	6
Rarg	m364088_S38	6
Rbpjl	2705010_S40_L003	25
Rbpjl	270502_S0_L001	42
Rbpjl	2781020_S37_L003	41
Rbpjl	278106_S0_L001	52
Rbpjl	2781080_S30_L003	41
Rbpjl	2781090_S41_L003	30
Rbpjl	2792010_S0_L001	43
Rbpjl	2792020_S32_L003	48
Rbpjl	2792040_S0_L001	41
Rbpjl	2811610_S33_L003	40
Rbpjl	2811630_S35_L003	38
Rbpjl	2858490_S0_L001	36
Rbpjl	2858800_S38_L003	38
Rbpjl	2858810_S31_L003	39
Rbpjl	3013500_S34_L003	30
Rbpjl	3049380_S0_L001	40
Rbpjl	3049400_S39_L003	32
Rbpjl	3049430_S42_L003	39
Rbpjl	304944_S0_L001	34
Rbpjl	3049450_S36_L003	36
Rbpjl	304955_S0_L001	43
Rbpjl	313308_S0_L001	45
Rbpjl	m313309_S193	39
Rbpjl	m318978_S195	41
Rbpjl	m318979_S197	34
Rbpjl	m318986_S33	39
Rbpjl	m329861_S198	35
Rbpjl	m329865_S206	43
Rbpjl	m329883_S194	21
Rbpjl	m329885_S199	45
Rbpjl	m334087_S35	33
Rbpjl	m344001_S207	45
Rbpjl	m344004_S196	36
Rbpjl	m357484_S37	47
Rbpjl	m357486_S34	34
Rbpjl	m357488_S36	39
Rbpjl	m364088_S38	56
Rhox11	2705010_S40_L003	4
Rhox11	270502_S0_L001	8
Rhox11	2781020_S37_L003	3
Rhox11	278106_S0_L001	6
Rhox11	2781080_S30_L003	1
Rhox11	2781090_S41_L003	1
Rhox11	2792010_S0_L001	7
Rhox11	2792020_S32_L003	4
Rhox11	2792040_S0_L001	4
Rhox11	2811610_S33_L003	4
Rhox11	2811630_S35_L003	8
Rhox11	2858490_S0_L001	7
Rhox11	2858800_S38_L003	4
Rhox11	2858810_S31_L003	6
Rhox11	3013500_S34_L003	6
Rhox11	3049380_S0_L001	8
Rhox11	3049400_S39_L003	2
Rhox11	3049430_S42_L003	3
Rhox11	304944_S0_L001	5
Rhox11	3049450_S36_L003	3
Rhox11	304955_S0_L001	5
Rhox11	313308_S0_L001	1
Rhox11	m313309_S193	2
Rhox11	m318978_S195	6
Rhox11	m318979_S197	3
Rhox11	m318986_S33	3
Rhox11	m329861_S198	2
Rhox11	m329865_S206	5
Rhox11	m329883_S194	4
Rhox11	m329885_S199	4
Rhox11	m334087_S35	3
Rhox11	m344001_S207	4
Rhox11	m344004_S196	5
Rhox11	m357484_S37	2
Rhox11	m357486_S34	4
Rhox11	m357488_S36	2
Rhox11	m364088_S38	4
Rxra	2705010_S40_L003	57
Rxra	270502_S0_L001	46
Rxra	2781020_S37_L003	43
Rxra	278106_S0_L001	72
Rxra	2781080_S30_L003	42
Rxra	2781090_S41_L003	51
Rxra	2792010_S0_L001	51
Rxra	2792020_S32_L003	51
Rxra	2792040_S0_L001	60
Rxra	2811610_S33_L003	57
Rxra	2811630_S35_L003	52
Rxra	2858490_S0_L001	49
Rxra	2858800_S38_L003	46
Rxra	2858810_S31_L003	53
Rxra	3013500_S34_L003	43
Rxra	3049380_S0_L001	37
Rxra	3049400_S39_L003	55
Rxra	3049430_S42_L003	45
Rxra	304944_S0_L001	44
Rxra	3049450_S36_L003	40
Rxra	304955_S0_L001	52
Rxra	313308_S0_L001	64
Rxra	m313309_S193	48
Rxra	m318978_S195	56
Rxra	m318979_S197	52
Rxra	m318986_S33	49
Rxra	m329861_S198	49
Rxra	m329865_S206	54
Rxra	m329883_S194	32
Rxra	m329885_S199	40
Rxra	m334087_S35	58
Rxra	m344001_S207	39
Rxra	m344004_S196	57
Rxra	m357484_S37	86
Rxra	m357486_S34	56
Rxra	m357488_S36	60
Rxra	m364088_S38	79
SCRT1	2705010_S40_L003	18
SCRT1	270502_S0_L001	15
SCRT1	2781020_S37_L003	17
SCRT1	278106_S0_L001	17
SCRT1	2781080_S30_L003	16
SCRT1	2781090_S41_L003	16
SCRT1	2792010_S0_L001	16
SCRT1	2792020_S32_L003	18
SCRT1	2792040_S0_L001	21
SCRT1	2811610_S33_L003	18
SCRT1	2811630_S35_L003	14
SCRT1	2858490_S0_L001	16
SCRT1	2858800_S38_L003	15
SCRT1	2858810_S31_L003	11
SCRT1	3013500_S34_L003	16
SCRT1	3049380_S0_L001	9
SCRT1	3049400_S39_L003	6
SCRT1	3049430_S42_L003	16
SCRT1	304944_S0_L001	13
SCRT1	3049450_S36_L003	15
SCRT1	304955_S0_L001	15
SCRT1	313308_S0_L001	18
SCRT1	m313309_S193	17
SCRT1	m318978_S195	14
SCRT1	m318979_S197	13
SCRT1	m318986_S33	17
SCRT1	m329861_S198	13
SCRT1	m329865_S206	20
SCRT1	m329883_S194	5
SCRT1	m329885_S199	16
SCRT1	m334087_S35	28
SCRT1	m344001_S207	18
SCRT1	m344004_S196	17
SCRT1	m357484_S37	20
SCRT1	m357486_S34	16
SCRT1	m357488_S36	17
SCRT1	m364088_S38	27
SCRT2	2705010_S40_L003	23
SCRT2	270502_S0_L001	20
SCRT2	2781020_S37_L003	18
SCRT2	278106_S0_L001	23
SCRT2	2781080_S30_L003	16
SCRT2	2781090_S41_L003	16
SCRT2	2792010_S0_L001	18
SCRT2	2792020_S32_L003	16
SCRT2	2792040_S0_L001	21
SCRT2	2811610_S33_L003	17
SCRT2	2811630_S35_L003	13
SCRT2	2858490_S0_L001	16
SCRT2	2858800_S38_L003	21
SCRT2	2858810_S31_L003	13
SCRT2	3013500_S34_L003	18
SCRT2	3049380_S0_L001	6
SCRT2	3049400_S39_L003	8
SCRT2	3049430_S42_L003	13
SCRT2	304944_S0_L001	11
SCRT2	3049450_S36_L003	18
SCRT2	304955_S0_L001	20
SCRT2	313308_S0_L001	16
SCRT2	m313309_S193	20
SCRT2	m318978_S195	19
SCRT2	m318979_S197	10
SCRT2	m318986_S33	16
SCRT2	m329861_S198	20
SCRT2	m329865_S206	22
SCRT2	m329883_S194	6
SCRT2	m329885_S199	13
SCRT2	m334087_S35	26
SCRT2	m344001_S207	26
SCRT2	m344004_S196	23
SCRT2	m357484_S37	24
SCRT2	m357486_S34	20
SCRT2	m357488_S36	16
SCRT2	m364088_S38	31
SIX1	2705010_S40_L003	17
SIX1	270502_S0_L001	12
SIX1	2781020_S37_L003	13
SIX1	278106_S0_L001	14
SIX1	2781080_S30_L003	18
SIX1	2781090_S41_L003	20
SIX1	2792010_S0_L001	14
SIX1	2792020_S32_L003	15
SIX1	2792040_S0_L001	15
SIX1	2811610_S33_L003	12
SIX1	2811630_S35_L003	8
SIX1	2858490_S0_L001	16
SIX1	2858800_S38_L003	16
SIX1	2858810_S31_L003	16
SIX1	3013500_S34_L003	12
SIX1	3049380_S0_L001	19
SIX1	3049400_S39_L003	11
SIX1	3049430_S42_L003	7
SIX1	304944_S0_L001	10
SIX1	3049450_S36_L003	24
SIX1	304955_S0_L001	16
SIX1	313308_S0_L001	15
SIX1	m313309_S193	16
SIX1	m318978_S195	17
SIX1	m318979_S197	19
SIX1	m318986_S33	15
SIX1	m329861_S198	13
SIX1	m329865_S206	12
SIX1	m329883_S194	5
SIX1	m329885_S199	9
SIX1	m334087_S35	19
SIX1	m344001_S207	10
SIX1	m344004_S196	21
SIX1	m357484_S37	27
SIX1	m357486_S34	17
SIX1	m357488_S36	18
SIX1	m364088_S38	16
SIX2	2705010_S40_L003	11
SIX2	270502_S0_L001	9
SIX2	2781020_S37_L003	9
SIX2	278106_S0_L001	12
SIX2	2781080_S30_L003	9
SIX2	2781090_S41_L003	17
SIX2	2792010_S0_L001	10
SIX2	2792020_S32_L003	13
SIX2	2792040_S0_L001	13
SIX2	2811610_S33_L003	14
SIX2	2811630_S35_L003	11
SIX2	2858490_S0_L001	14
SIX2	2858800_S38_L003	16
SIX2	2858810_S31_L003	14
SIX2	3013500_S34_L003	11
SIX2	3049380_S0_L001	8
SIX2	3049400_S39_L003	8
SIX2	3049430_S42_L003	9
SIX2	304944_S0_L001	12
SIX2	3049450_S36_L003	15
SIX2	304955_S0_L001	11
SIX2	313308_S0_L001	11
SIX2	m313309_S193	10
SIX2	m318978_S195	11
SIX2	m318979_S197	16
SIX2	m318986_S33	19
SIX2	m329861_S198	5
SIX2	m329865_S206	11
SIX2	m329883_S194	7
SIX2	m329885_S199	4
SIX2	m334087_S35	11
SIX2	m344001_S207	9
SIX2	m344004_S196	17
SIX2	m357484_S37	24
SIX2	m357486_S34	19
SIX2	m357488_S36	16
SIX2	m364088_S38	18
SMAD2	2705010_S40_L003	38
SMAD2	270502_S0_L001	41
SMAD2	2781020_S37_L003	49
SMAD2	278106_S0_L001	41
SMAD2	2781080_S30_L003	28
SMAD2	2781090_S41_L003	31
SMAD2	2792010_S0_L001	27
SMAD2	2792020_S32_L003	26
SMAD2	2792040_S0_L001	43
SMAD2	2811610_S33_L003	29
SMAD2	2811630_S35_L003	36
SMAD2	2858490_S0_L001	24
SMAD2	2858800_S38_L003	32
SMAD2	2858810_S31_L003	36
SMAD2	3013500_S34_L003	34
SMAD2	3049380_S0_L001	37
SMAD2	3049400_S39_L003	33
SMAD2	3049430_S42_L003	35
SMAD2	304944_S0_L001	35
SMAD2	3049450_S36_L003	31
SMAD2	304955_S0_L001	38
SMAD2	313308_S0_L001	40
SMAD2	m313309_S193	27
SMAD2	m318978_S195	34
SMAD2	m318979_S197	35
SMAD2	m318986_S33	42
SMAD2	m329861_S198	47
SMAD2	m329865_S206	40
SMAD2	m329883_S194	26
SMAD2	m329885_S199	34
SMAD2	m334087_S35	42
SMAD2	m344001_S207	38
SMAD2	m344004_S196	45
SMAD2	m357484_S37	57
SMAD2	m357486_S34	46
SMAD2	m357488_S36	41
SMAD2	m364088_S38	45
SMAD3	2705010_S40_L003	40
SMAD3	270502_S0_L001	42
SMAD3	2781020_S37_L003	49
SMAD3	278106_S0_L001	42
SMAD3	2781080_S30_L003	29
SMAD3	2781090_S41_L003	35
SMAD3	2792010_S0_L001	28
SMAD3	2792020_S32_L003	27
SMAD3	2792040_S0_L001	44
SMAD3	2811610_S33_L003	33
SMAD3	2811630_S35_L003	37
SMAD3	2858490_S0_L001	26
SMAD3	2858800_S38_L003	34
SMAD3	2858810_S31_L003	38
SMAD3	3013500_S34_L003	35
SMAD3	3049380_S0_L001	37
SMAD3	3049400_S39_L003	35
SMAD3	3049430_S42_L003	38
SMAD3	304944_S0_L001	39
SMAD3	3049450_S36_L003	34
SMAD3	304955_S0_L001	39
SMAD3	313308_S0_L001	41
SMAD3	m313309_S193	29
SMAD3	m318978_S195	34
SMAD3	m318979_S197	36
SMAD3	m318986_S33	44
SMAD3	m329861_S198	49
SMAD3	m329865_S206	42
SMAD3	m329883_S194	27
SMAD3	m329885_S199	35
SMAD3	m334087_S35	44
SMAD3	m344001_S207	40
SMAD3	m344004_S196	49
SMAD3	m357484_S37	58
SMAD3	m357486_S34	47
SMAD3	m357488_S36	42
SMAD3	m364088_S38	48
SMAD4	2705010_S40_L003	38
SMAD4	270502_S0_L001	41
SMAD4	2781020_S37_L003	49
SMAD4	278106_S0_L001	41
SMAD4	2781080_S30_L003	28
SMAD4	2781090_S41_L003	31
SMAD4	2792010_S0_L001	27
SMAD4	2792020_S32_L003	26
SMAD4	2792040_S0_L001	43
SMAD4	2811610_S33_L003	29
SMAD4	2811630_S35_L003	36
SMAD4	2858490_S0_L001	24
SMAD4	2858800_S38_L003	32
SMAD4	2858810_S31_L003	36
SMAD4	3013500_S34_L003	34
SMAD4	3049380_S0_L001	37
SMAD4	3049400_S39_L003	33
SMAD4	3049430_S42_L003	35
SMAD4	304944_S0_L001	35
SMAD4	3049450_S36_L003	31
SMAD4	304955_S0_L001	38
SMAD4	313308_S0_L001	40
SMAD4	m313309_S193	27
SMAD4	m318978_S195	34
SMAD4	m318979_S197	35
SMAD4	m318986_S33	42
SMAD4	m329861_S198	47
SMAD4	m329865_S206	40
SMAD4	m329883_S194	26
SMAD4	m329885_S199	34
SMAD4	m334087_S35	42
SMAD4	m344001_S207	38
SMAD4	m344004_S196	45
SMAD4	m357484_S37	57
SMAD4	m357486_S34	46
SMAD4	m357488_S36	41
SMAD4	m364088_S38	45
SMAD5	2705010_S40_L003	4
SMAD5	270502_S0_L001	2
SMAD5	2781020_S37_L003	5
SMAD5	278106_S0_L001	5
SMAD5	2781080_S30_L003	7
SMAD5	2781090_S41_L003	9
SMAD5	2792010_S0_L001	6
SMAD5	2792020_S32_L003	5
SMAD5	2792040_S0_L001	3
SMAD5	2811610_S33_L003	7
SMAD5	2811630_S35_L003	7
SMAD5	2858490_S0_L001	6
SMAD5	2858800_S38_L003	8
SMAD5	2858810_S31_L003	5
SMAD5	3013500_S34_L003	6
SMAD5	3049380_S0_L001	7
SMAD5	3049400_S39_L003	6
SMAD5	3049430_S42_L003	8
SMAD5	304944_S0_L001	6
SMAD5	3049450_S36_L003	7
SMAD5	304955_S0_L001	4
SMAD5	313308_S0_L001	3
SMAD5	m313309_S193	2
SMAD5	m318978_S195	2
SMAD5	m318979_S197	3
SMAD5	m318986_S33	5
SMAD5	m329861_S198	5
SMAD5	m329865_S206	4
SMAD5	m329883_S194	2
SMAD5	m329885_S199	5
SMAD5	m334087_S35	7
SMAD5	m344001_S207	4
SMAD5	m344004_S196	7
SMAD5	m357484_S37	8
SMAD5	m357486_S34	4
SMAD5	m357488_S36	4
SMAD5	m364088_S38	6
SNAI1	2705010_S40_L003	46
SNAI1	270502_S0_L001	60
SNAI1	2781020_S37_L003	50
SNAI1	278106_S0_L001	75
SNAI1	2781080_S30_L003	54
SNAI1	2781090_S41_L003	46
SNAI1	2792010_S0_L001	64
SNAI1	2792020_S32_L003	57
SNAI1	2792040_S0_L001	60
SNAI1	2811610_S33_L003	59
SNAI1	2811630_S35_L003	55
SNAI1	2858490_S0_L001	53
SNAI1	2858800_S38_L003	52
SNAI1	2858810_S31_L003	59
SNAI1	3013500_S34_L003	44
SNAI1	3049380_S0_L001	59
SNAI1	3049400_S39_L003	50
SNAI1	3049430_S42_L003	55
SNAI1	304944_S0_L001	52
SNAI1	3049450_S36_L003	56
SNAI1	304955_S0_L001	58
SNAI1	313308_S0_L001	64
SNAI1	m313309_S193	51
SNAI1	m318978_S195	66
SNAI1	m318979_S197	54
SNAI1	m318986_S33	64
SNAI1	m329861_S198	59
SNAI1	m329865_S206	58
SNAI1	m329883_S194	39
SNAI1	m329885_S199	62
SNAI1	m334087_S35	56
SNAI1	m344001_S207	59
SNAI1	m344004_S196	67
SNAI1	m357484_S37	73
SNAI1	m357486_S34	61
SNAI1	m357488_S36	34
SNAI1	m364088_S38	74
SNAI2	2705010_S40_L003	34
SNAI2	270502_S0_L001	44
SNAI2	2781020_S37_L003	32
SNAI2	278106_S0_L001	54
SNAI2	2781080_S30_L003	41
SNAI2	2781090_S41_L003	34
SNAI2	2792010_S0_L001	47
SNAI2	2792020_S32_L003	44
SNAI2	2792040_S0_L001	49
SNAI2	2811610_S33_L003	46
SNAI2	2811630_S35_L003	41
SNAI2	2858490_S0_L001	43
SNAI2	2858800_S38_L003	42
SNAI2	2858810_S31_L003	44
SNAI2	3013500_S34_L003	32
SNAI2	3049380_S0_L001	37
SNAI2	3049400_S39_L003	38
SNAI2	3049430_S42_L003	42
SNAI2	304944_S0_L001	37
SNAI2	3049450_S36_L003	43
SNAI2	304955_S0_L001	44
SNAI2	313308_S0_L001	50
SNAI2	m313309_S193	45
SNAI2	m318978_S195	55
SNAI2	m318979_S197	33
SNAI2	m318986_S33	47
SNAI2	m329861_S198	41
SNAI2	m329865_S206	47
SNAI2	m329883_S194	30
SNAI2	m329885_S199	45
SNAI2	m334087_S35	48
SNAI2	m344001_S207	39
SNAI2	m344004_S196	55
SNAI2	m357484_S37	58
SNAI2	m357486_S34	42
SNAI2	m357488_S36	32
SNAI2	m364088_S38	61
SNAI3	2705010_S40_L003	46
SNAI3	270502_S0_L001	64
SNAI3	2781020_S37_L003	44
SNAI3	278106_S0_L001	79
SNAI3	2781080_S30_L003	54
SNAI3	2781090_S41_L003	49
SNAI3	2792010_S0_L001	65
SNAI3	2792020_S32_L003	53
SNAI3	2792040_S0_L001	61
SNAI3	2811610_S33_L003	64
SNAI3	2811630_S35_L003	52
SNAI3	2858490_S0_L001	53
SNAI3	2858800_S38_L003	51
SNAI3	2858810_S31_L003	59
SNAI3	3013500_S34_L003	47
SNAI3	3049380_S0_L001	59
SNAI3	3049400_S39_L003	47
SNAI3	3049430_S42_L003	55
SNAI3	304944_S0_L001	49
SNAI3	3049450_S36_L003	53
SNAI3	304955_S0_L001	56
SNAI3	313308_S0_L001	62
SNAI3	m313309_S193	50
SNAI3	m318978_S195	65
SNAI3	m318979_S197	51
SNAI3	m318986_S33	58
SNAI3	m329861_S198	57
SNAI3	m329865_S206	54
SNAI3	m329883_S194	37
SNAI3	m329885_S199	61
SNAI3	m334087_S35	58
SNAI3	m344001_S207	56
SNAI3	m344004_S196	66
SNAI3	m357484_S37	74
SNAI3	m357486_S34	60
SNAI3	m357488_S36	36
SNAI3	m364088_S38	76
SOHLH2	2705010_S40_L003	18
SOHLH2	270502_S0_L001	28
SOHLH2	2781020_S37_L003	26
SOHLH2	278106_S0_L001	26
SOHLH2	2781080_S30_L003	19
SOHLH2	2781090_S41_L003	24
SOHLH2	2792010_S0_L001	16
SOHLH2	2792020_S32_L003	20
SOHLH2	2792040_S0_L001	18
SOHLH2	2811610_S33_L003	18
SOHLH2	2811630_S35_L003	15
SOHLH2	2858490_S0_L001	23
SOHLH2	2858800_S38_L003	21
SOHLH2	2858810_S31_L003	16
SOHLH2	3013500_S34_L003	23
SOHLH2	3049380_S0_L001	21
SOHLH2	3049400_S39_L003	22
SOHLH2	3049430_S42_L003	17
SOHLH2	304944_S0_L001	19
SOHLH2	3049450_S36_L003	18
SOHLH2	304955_S0_L001	24
SOHLH2	313308_S0_L001	24
SOHLH2	m313309_S193	26
SOHLH2	m318978_S195	27
SOHLH2	m318979_S197	21
SOHLH2	m318986_S33	26
SOHLH2	m329861_S198	22
SOHLH2	m329865_S206	33
SOHLH2	m329883_S194	11
SOHLH2	m329885_S199	19
SOHLH2	m334087_S35	29
SOHLH2	m344001_S207	24
SOHLH2	m344004_S196	21
SOHLH2	m357484_S37	23
SOHLH2	m357486_S34	27
SOHLH2	m357488_S36	32
SOHLH2	m364088_S38	20
SOX10	2705010_S40_L003	33
SOX10	270502_S0_L001	30
SOX10	2781020_S37_L003	34
SOX10	278106_S0_L001	32
SOX10	2781080_S30_L003	40
SOX10	2781090_S41_L003	34
SOX10	2792010_S0_L001	28
SOX10	2792020_S32_L003	28
SOX10	2792040_S0_L001	35
SOX10	2811610_S33_L003	39
SOX10	2811630_S35_L003	32
SOX10	2858490_S0_L001	24
SOX10	2858800_S38_L003	40
SOX10	2858810_S31_L003	33
SOX10	3013500_S34_L003	30
SOX10	3049380_S0_L001	23
SOX10	3049400_S39_L003	34
SOX10	3049430_S42_L003	34
SOX10	304944_S0_L001	22
SOX10	3049450_S36_L003	32
SOX10	304955_S0_L001	27
SOX10	313308_S0_L001	32
SOX10	m313309_S193	17
SOX10	m318978_S195	37
SOX10	m318979_S197	30
SOX10	m318986_S33	35
SOX10	m329861_S198	34
SOX10	m329865_S206	40
SOX10	m329883_S194	14
SOX10	m329885_S199	29
SOX10	m334087_S35	31
SOX10	m344001_S207	34
SOX10	m344004_S196	43
SOX10	m357484_S37	51
SOX10	m357486_S34	40
SOX10	m357488_S36	40
SOX10	m364088_S38	55
SOX12	2705010_S40_L003	12
SOX12	270502_S0_L001	8
SOX12	2781020_S37_L003	6
SOX12	278106_S0_L001	7
SOX12	2781080_S30_L003	12
SOX12	2781090_S41_L003	14
SOX12	2792010_S0_L001	13
SOX12	2792020_S32_L003	7
SOX12	2792040_S0_L001	7
SOX12	2811610_S33_L003	12
SOX12	2811630_S35_L003	12
SOX12	2858490_S0_L001	11
SOX12	2858800_S38_L003	12
SOX12	2858810_S31_L003	10
SOX12	3013500_S34_L003	15
SOX12	3049380_S0_L001	9
SOX12	3049400_S39_L003	9
SOX12	3049430_S42_L003	7
SOX12	304944_S0_L001	12
SOX12	3049450_S36_L003	8
SOX12	304955_S0_L001	7
SOX12	313308_S0_L001	9
SOX12	m313309_S193	9
SOX12	m318978_S195	14
SOX12	m318979_S197	9
SOX12	m318986_S33	10
SOX12	m329861_S198	12
SOX12	m329865_S206	15
SOX12	m329883_S194	6
SOX12	m329885_S199	8
SOX12	m334087_S35	10
SOX12	m344001_S207	7
SOX12	m344004_S196	9
SOX12	m357484_S37	17
SOX12	m357486_S34	13
SOX12	m357488_S36	15
SOX12	m364088_S38	11
SOX13	2705010_S40_L003	10
SOX13	270502_S0_L001	21
SOX13	2781020_S37_L003	18
SOX13	278106_S0_L001	21
SOX13	2781080_S30_L003	20
SOX13	2781090_S41_L003	15
SOX13	2792010_S0_L001	17
SOX13	2792020_S32_L003	26
SOX13	2792040_S0_L001	17
SOX13	2811610_S33_L003	15
SOX13	2811630_S35_L003	19
SOX13	2858490_S0_L001	16
SOX13	2858800_S38_L003	14
SOX13	2858810_S31_L003	15
SOX13	3013500_S34_L003	18
SOX13	3049380_S0_L001	17
SOX13	3049400_S39_L003	18
SOX13	3049430_S42_L003	18
SOX13	304944_S0_L001	17
SOX13	3049450_S36_L003	20
SOX13	304955_S0_L001	16
SOX13	313308_S0_L001	19
SOX13	m313309_S193	14
SOX13	m318978_S195	23
SOX13	m318979_S197	14
SOX13	m318986_S33	26
SOX13	m329861_S198	13
SOX13	m329865_S206	16
SOX13	m329883_S194	13
SOX13	m329885_S199	15
SOX13	m334087_S35	22
SOX13	m344001_S207	19
SOX13	m344004_S196	18
SOX13	m357484_S37	21
SOX13	m357486_S34	26
SOX13	m357488_S36	23
SOX13	m364088_S38	25
SOX14	2705010_S40_L003	12
SOX14	270502_S0_L001	13
SOX14	2781020_S37_L003	9
SOX14	278106_S0_L001	9
SOX14	2781080_S30_L003	14
SOX14	2781090_S41_L003	14
SOX14	2792010_S0_L001	14
SOX14	2792020_S32_L003	16
SOX14	2792040_S0_L001	12
SOX14	2811610_S33_L003	15
SOX14	2811630_S35_L003	14
SOX14	2858490_S0_L001	14
SOX14	2858800_S38_L003	17
SOX14	2858810_S31_L003	11
SOX14	3013500_S34_L003	13
SOX14	3049380_S0_L001	12
SOX14	3049400_S39_L003	13
SOX14	3049430_S42_L003	14
SOX14	304944_S0_L001	12
SOX14	3049450_S36_L003	11
SOX14	304955_S0_L001	14
SOX14	313308_S0_L001	12
SOX14	m313309_S193	9
SOX14	m318978_S195	12
SOX14	m318979_S197	13
SOX14	m318986_S33	14
SOX14	m329861_S198	15
SOX14	m329865_S206	17
SOX14	m329883_S194	9
SOX14	m329885_S199	10
SOX14	m334087_S35	13
SOX14	m344001_S207	12
SOX14	m344004_S196	9
SOX14	m357484_S37	15
SOX14	m357486_S34	15
SOX14	m357488_S36	15
SOX14	m364088_S38	16
SOX15	2705010_S40_L003	25
SOX15	270502_S0_L001	24
SOX15	2781020_S37_L003	22
SOX15	278106_S0_L001	27
SOX15	2781080_S30_L003	29
SOX15	2781090_S41_L003	15
SOX15	2792010_S0_L001	21
SOX15	2792020_S32_L003	26
SOX15	2792040_S0_L001	34
SOX15	2811610_S33_L003	15
SOX15	2811630_S35_L003	28
SOX15	2858490_S0_L001	25
SOX15	2858800_S38_L003	26
SOX15	2858810_S31_L003	22
SOX15	3013500_S34_L003	20
SOX15	3049380_S0_L001	23
SOX15	3049400_S39_L003	18
SOX15	3049430_S42_L003	23
SOX15	304944_S0_L001	20
SOX15	3049450_S36_L003	24
SOX15	304955_S0_L001	27
SOX15	313308_S0_L001	26
SOX15	m313309_S193	24
SOX15	m318978_S195	21
SOX15	m318979_S197	26
SOX15	m318986_S33	36
SOX15	m329861_S198	24
SOX15	m329865_S206	23
SOX15	m329883_S194	18
SOX15	m329885_S199	23
SOX15	m334087_S35	39
SOX15	m344001_S207	24
SOX15	m344004_S196	17
SOX15	m357484_S37	42
SOX15	m357486_S34	29
SOX15	m357488_S36	30
SOX15	m364088_S38	33
SOX2	2705010_S40_L003	8
SOX2	270502_S0_L001	18
SOX2	2781020_S37_L003	14
SOX2	278106_S0_L001	18
SOX2	2781080_S30_L003	18
SOX2	2781090_S41_L003	8
SOX2	2792010_S0_L001	17
SOX2	2792020_S32_L003	21
SOX2	2792040_S0_L001	15
SOX2	2811610_S33_L003	10
SOX2	2811630_S35_L003	17
SOX2	2858490_S0_L001	12
SOX2	2858800_S38_L003	13
SOX2	2858810_S31_L003	13
SOX2	3013500_S34_L003	11
SOX2	3049380_S0_L001	13
SOX2	3049400_S39_L003	14
SOX2	3049430_S42_L003	16
SOX2	304944_S0_L001	12
SOX2	3049450_S36_L003	15
SOX2	304955_S0_L001	14
SOX2	313308_S0_L001	18
SOX2	m313309_S193	8
SOX2	m318978_S195	19
SOX2	m318979_S197	11
SOX2	m318986_S33	23
SOX2	m329861_S198	11
SOX2	m329865_S206	12
SOX2	m329883_S194	10
SOX2	m329885_S199	16
SOX2	m334087_S35	18
SOX2	m344001_S207	16
SOX2	m344004_S196	16
SOX2	m357484_S37	18
SOX2	m357486_S34	24
SOX2	m357488_S36	20
SOX2	m364088_S38	21
SOX21	270502_S0_L001	1
SOX21	278106_S0_L001	1
SOX21	2781080_S30_L003	1
SOX21	2792020_S32_L003	1
SOX21	2811610_S33_L003	1
SOX21	2811630_S35_L003	2
SOX21	2858810_S31_L003	1
SOX21	3049380_S0_L001	1
SOX21	3049400_S39_L003	1
SOX21	304955_S0_L001	1
SOX21	m318978_S195	1
SOX21	m318986_S33	1
SOX21	m329861_S198	2
SOX21	m329885_S199	1
SOX21	m357484_S37	1
SOX21	m357486_S34	1
SOX21	m357488_S36	1
SOX4	2705010_S40_L003	29
SOX4	270502_S0_L001	39
SOX4	2781020_S37_L003	35
SOX4	278106_S0_L001	35
SOX4	2781080_S30_L003	41
SOX4	2781090_S41_L003	32
SOX4	2792010_S0_L001	32
SOX4	2792020_S32_L003	38
SOX4	2792040_S0_L001	45
SOX4	2811610_S33_L003	41
SOX4	2811630_S35_L003	38
SOX4	2858490_S0_L001	29
SOX4	2858800_S38_L003	35
SOX4	2858810_S31_L003	34
SOX4	3013500_S34_L003	30
SOX4	3049380_S0_L001	33
SOX4	3049400_S39_L003	37
SOX4	3049430_S42_L003	33
SOX4	304944_S0_L001	35
SOX4	3049450_S36_L003	40
SOX4	304955_S0_L001	36
SOX4	313308_S0_L001	35
SOX4	m313309_S193	22
SOX4	m318978_S195	37
SOX4	m318979_S197	39
SOX4	m318986_S33	44
SOX4	m329861_S198	36
SOX4	m329865_S206	39
SOX4	m329883_S194	24
SOX4	m329885_S199	35
SOX4	m334087_S35	44
SOX4	m344001_S207	35
SOX4	m344004_S196	38
SOX4	m357484_S37	51
SOX4	m357486_S34	41
SOX4	m357488_S36	45
SOX4	m364088_S38	57
SOX8	2705010_S40_L003	20
SOX8	270502_S0_L001	24
SOX8	2781020_S37_L003	14
SOX8	278106_S0_L001	19
SOX8	2781080_S30_L003	22
SOX8	2781090_S41_L003	15
SOX8	2792010_S0_L001	20
SOX8	2792020_S32_L003	21
SOX8	2792040_S0_L001	16
SOX8	2811610_S33_L003	21
SOX8	2811630_S35_L003	26
SOX8	2858490_S0_L001	25
SOX8	2858800_S38_L003	20
SOX8	2858810_S31_L003	14
SOX8	3013500_S34_L003	15
SOX8	3049380_S0_L001	18
SOX8	3049400_S39_L003	18
SOX8	3049430_S42_L003	20
SOX8	304944_S0_L001	21
SOX8	3049450_S36_L003	21
SOX8	304955_S0_L001	18
SOX8	313308_S0_L001	20
SOX8	m313309_S193	20
SOX8	m318978_S195	23
SOX8	m318979_S197	19
SOX8	m318986_S33	36
SOX8	m329861_S198	14
SOX8	m329865_S206	21
SOX8	m329883_S194	9
SOX8	m329885_S199	20
SOX8	m334087_S35	23
SOX8	m344001_S207	21
SOX8	m344004_S196	17
SOX8	m357484_S37	24
SOX8	m357486_S34	21
SOX8	m357488_S36	23
SOX8	m364088_S38	27
SP1	2705010_S40_L003	43
SP1	270502_S0_L001	57
SP1	2781020_S37_L003	42
SP1	278106_S0_L001	48
SP1	2781080_S30_L003	37
SP1	2781090_S41_L003	44
SP1	2792010_S0_L001	38
SP1	2792020_S32_L003	37
SP1	2792040_S0_L001	47
SP1	2811610_S33_L003	38
SP1	2811630_S35_L003	48
SP1	2858490_S0_L001	46
SP1	2858800_S38_L003	37
SP1	2858810_S31_L003	44
SP1	3013500_S34_L003	45
SP1	3049380_S0_L001	44
SP1	3049400_S39_L003	30
SP1	3049430_S42_L003	33
SP1	304944_S0_L001	42
SP1	3049450_S36_L003	40
SP1	304955_S0_L001	55
SP1	313308_S0_L001	50
SP1	m313309_S193	43
SP1	m318978_S195	39
SP1	m318979_S197	41
SP1	m318986_S33	50
SP1	m329861_S198	44
SP1	m329865_S206	49
SP1	m329883_S194	36
SP1	m329885_S199	51
SP1	m334087_S35	48
SP1	m344001_S207	41
SP1	m344004_S196	49
SP1	m357484_S37	60
SP1	m357486_S34	58
SP1	m357488_S36	40
SP1	m364088_S38	50
SP2	2705010_S40_L003	45
SP2	270502_S0_L001	64
SP2	2781020_S37_L003	47
SP2	278106_S0_L001	61
SP2	2781080_S30_L003	52
SP2	2781090_S41_L003	48
SP2	2792010_S0_L001	53
SP2	2792020_S32_L003	58
SP2	2792040_S0_L001	66
SP2	2811610_S33_L003	48
SP2	2811630_S35_L003	63
SP2	2858490_S0_L001	40
SP2	2858800_S38_L003	45
SP2	2858810_S31_L003	54
SP2	3013500_S34_L003	44
SP2	3049380_S0_L001	53
SP2	3049400_S39_L003	45
SP2	3049430_S42_L003	48
SP2	304944_S0_L001	55
SP2	3049450_S36_L003	58
SP2	304955_S0_L001	60
SP2	313308_S0_L001	64
SP2	m313309_S193	53
SP2	m318978_S195	55
SP2	m318979_S197	60
SP2	m318986_S33	53
SP2	m329861_S198	58
SP2	m329865_S206	54
SP2	m329883_S194	32
SP2	m329885_S199	60
SP2	m334087_S35	57
SP2	m344001_S207	44
SP2	m344004_S196	57
SP2	m357484_S37	73
SP2	m357486_S34	62
SP2	m357488_S36	57
SP2	m364088_S38	66
SP3	2705010_S40_L003	115
SP3	270502_S0_L001	134
SP3	2781020_S37_L003	115
SP3	278106_S0_L001	123
SP3	2781080_S30_L003	121
SP3	2781090_S41_L003	123
SP3	2792010_S0_L001	118
SP3	2792020_S32_L003	115
SP3	2792040_S0_L001	135
SP3	2811610_S33_L003	116
SP3	2811630_S35_L003	127
SP3	2858490_S0_L001	115
SP3	2858800_S38_L003	97
SP3	2858810_S31_L003	117
SP3	3013500_S34_L003	117
SP3	3049380_S0_L001	119
SP3	3049400_S39_L003	103
SP3	3049430_S42_L003	110
SP3	304944_S0_L001	125
SP3	3049450_S36_L003	117
SP3	304955_S0_L001	121
SP3	313308_S0_L001	143
SP3	m313309_S193	115
SP3	m318978_S195	110
SP3	m318979_S197	132
SP3	m318986_S33	143
SP3	m329861_S198	134
SP3	m329865_S206	130
SP3	m329883_S194	78
SP3	m329885_S199	134
SP3	m334087_S35	130
SP3	m344001_S207	121
SP3	m344004_S196	127
SP3	m357484_S37	147
SP3	m357486_S34	148
SP3	m357488_S36	131
SP3	m364088_S38	153
SP4	2705010_S40_L003	36
SP4	270502_S0_L001	41
SP4	2781020_S37_L003	27
SP4	278106_S0_L001	34
SP4	2781080_S30_L003	28
SP4	2781090_S41_L003	41
SP4	2792010_S0_L001	30
SP4	2792020_S32_L003	32
SP4	2792040_S0_L001	33
SP4	2811610_S33_L003	27
SP4	2811630_S35_L003	34
SP4	2858490_S0_L001	35
SP4	2858800_S38_L003	26
SP4	2858810_S31_L003	36
SP4	3013500_S34_L003	33
SP4	3049380_S0_L001	29
SP4	3049400_S39_L003	20
SP4	3049430_S42_L003	26
SP4	304944_S0_L001	31
SP4	3049450_S36_L003	34
SP4	304955_S0_L001	39
SP4	313308_S0_L001	35
SP4	m313309_S193	27
SP4	m318978_S195	33
SP4	m318979_S197	24
SP4	m318986_S33	37
SP4	m329861_S198	30
SP4	m329865_S206	37
SP4	m329883_S194	25
SP4	m329885_S199	40
SP4	m334087_S35	38
SP4	m344001_S207	28
SP4	m344004_S196	35
SP4	m357484_S37	45
SP4	m357486_S34	37
SP4	m357488_S36	27
SP4	m364088_S38	39
SP8	2705010_S40_L003	114
SP8	270502_S0_L001	136
SP8	2781020_S37_L003	112
SP8	278106_S0_L001	127
SP8	2781080_S30_L003	121
SP8	2781090_S41_L003	122
SP8	2792010_S0_L001	112
SP8	2792020_S32_L003	120
SP8	2792040_S0_L001	131
SP8	2811610_S33_L003	116
SP8	2811630_S35_L003	133
SP8	2858490_S0_L001	116
SP8	2858800_S38_L003	95
SP8	2858810_S31_L003	114
SP8	3013500_S34_L003	109
SP8	3049380_S0_L001	126
SP8	3049400_S39_L003	111
SP8	3049430_S42_L003	116
SP8	304944_S0_L001	123
SP8	3049450_S36_L003	126
SP8	304955_S0_L001	126
SP8	313308_S0_L001	144
SP8	m313309_S193	124
SP8	m318978_S195	106
SP8	m318979_S197	130
SP8	m318986_S33	138
SP8	m329861_S198	134
SP8	m329865_S206	129
SP8	m329883_S194	76
SP8	m329885_S199	131
SP8	m334087_S35	129
SP8	m344001_S207	109
SP8	m344004_S196	125
SP8	m357484_S37	155
SP8	m357486_S34	151
SP8	m357488_S36	138
SP8	m364088_S38	156
SP9	2705010_S40_L003	150
SP9	270502_S0_L001	162
SP9	2781020_S37_L003	149
SP9	278106_S0_L001	143
SP9	2781080_S30_L003	151
SP9	2781090_S41_L003	147
SP9	2792010_S0_L001	142
SP9	2792020_S32_L003	149
SP9	2792040_S0_L001	164
SP9	2811610_S33_L003	142
SP9	2811630_S35_L003	156
SP9	2858490_S0_L001	149
SP9	2858800_S38_L003	125
SP9	2858810_S31_L003	136
SP9	3013500_S34_L003	142
SP9	3049380_S0_L001	143
SP9	3049400_S39_L003	131
SP9	3049430_S42_L003	144
SP9	304944_S0_L001	145
SP9	3049450_S36_L003	147
SP9	304955_S0_L001	152
SP9	313308_S0_L001	174
SP9	m313309_S193	142
SP9	m318978_S195	141
SP9	m318979_S197	155
SP9	m318986_S33	168
SP9	m329861_S198	159
SP9	m329865_S206	157
SP9	m329883_S194	94
SP9	m329885_S199	159
SP9	m334087_S35	154
SP9	m344001_S207	135
SP9	m344004_S196	143
SP9	m357484_S37	185
SP9	m357486_S34	173
SP9	m357488_S36	161
SP9	m364088_S38	186
SPDEF	2705010_S40_L003	11
SPDEF	270502_S0_L001	14
SPDEF	2781020_S37_L003	13
SPDEF	278106_S0_L001	13
SPDEF	2781080_S30_L003	13
SPDEF	2781090_S41_L003	8
SPDEF	2792010_S0_L001	11
SPDEF	2792020_S32_L003	16
SPDEF	2792040_S0_L001	12
SPDEF	2811610_S33_L003	14
SPDEF	2811630_S35_L003	12
SPDEF	2858490_S0_L001	8
SPDEF	2858800_S38_L003	9
SPDEF	2858810_S31_L003	12
SPDEF	3013500_S34_L003	11
SPDEF	3049380_S0_L001	15
SPDEF	3049400_S39_L003	12
SPDEF	3049430_S42_L003	17
SPDEF	304944_S0_L001	14
SPDEF	3049450_S36_L003	11
SPDEF	304955_S0_L001	16
SPDEF	313308_S0_L001	13
SPDEF	m313309_S193	11
SPDEF	m318978_S195	13
SPDEF	m318979_S197	13
SPDEF	m318986_S33	14
SPDEF	m329861_S198	15
SPDEF	m329865_S206	7
SPDEF	m329883_S194	5
SPDEF	m329885_S199	15
SPDEF	m334087_S35	12
SPDEF	m344001_S207	16
SPDEF	m344004_S196	10
SPDEF	m357484_S37	19
SPDEF	m357486_S34	15
SPDEF	m357488_S36	15
SPDEF	m364088_S38	18
SPI1	2705010_S40_L003	44
SPI1	270502_S0_L001	40
SPI1	2781020_S37_L003	37
SPI1	278106_S0_L001	46
SPI1	2781080_S30_L003	49
SPI1	2781090_S41_L003	44
SPI1	2792010_S0_L001	32
SPI1	2792020_S32_L003	46
SPI1	2792040_S0_L001	51
SPI1	2811610_S33_L003	46
SPI1	2811630_S35_L003	33
SPI1	2858490_S0_L001	35
SPI1	2858800_S38_L003	39
SPI1	2858810_S31_L003	43
SPI1	3013500_S34_L003	31
SPI1	3049380_S0_L001	45
SPI1	3049400_S39_L003	41
SPI1	3049430_S42_L003	32
SPI1	304944_S0_L001	38
SPI1	3049450_S36_L003	38
SPI1	304955_S0_L001	39
SPI1	313308_S0_L001	43
SPI1	m313309_S193	36
SPI1	m318978_S195	39
SPI1	m318979_S197	37
SPI1	m318986_S33	42
SPI1	m329861_S198	43
SPI1	m329865_S206	37
SPI1	m329883_S194	26
SPI1	m329885_S199	48
SPI1	m334087_S35	52
SPI1	m344001_S207	35
SPI1	m344004_S196	40
SPI1	m357484_S37	60
SPI1	m357486_S34	54
SPI1	m357488_S36	50
SPI1	m364088_S38	57
SPIB	2705010_S40_L003	46
SPIB	270502_S0_L001	53
SPIB	2781020_S37_L003	47
SPIB	278106_S0_L001	48
SPIB	2781080_S30_L003	54
SPIB	2781090_S41_L003	42
SPIB	2792010_S0_L001	43
SPIB	2792020_S32_L003	56
SPIB	2792040_S0_L001	62
SPIB	2811610_S33_L003	54
SPIB	2811630_S35_L003	43
SPIB	2858490_S0_L001	48
SPIB	2858800_S38_L003	40
SPIB	2858810_S31_L003	54
SPIB	3013500_S34_L003	31
SPIB	3049380_S0_L001	46
SPIB	3049400_S39_L003	43
SPIB	3049430_S42_L003	40
SPIB	304944_S0_L001	45
SPIB	3049450_S36_L003	43
SPIB	304955_S0_L001	52
SPIB	313308_S0_L001	43
SPIB	m313309_S193	40
SPIB	m318978_S195	49
SPIB	m318979_S197	46
SPIB	m318986_S33	42
SPIB	m329861_S198	54
SPIB	m329865_S206	39
SPIB	m329883_S194	28
SPIB	m329885_S199	54
SPIB	m334087_S35	51
SPIB	m344001_S207	48
SPIB	m344004_S196	53
SPIB	m357484_S37	64
SPIB	m357486_S34	61
SPIB	m357488_S36	47
SPIB	m364088_S38	64
SPIC	2705010_S40_L003	19
SPIC	270502_S0_L001	20
SPIC	2781020_S37_L003	16
SPIC	278106_S0_L001	19
SPIC	2781080_S30_L003	21
SPIC	2781090_S41_L003	22
SPIC	2792010_S0_L001	19
SPIC	2792020_S32_L003	25
SPIC	2792040_S0_L001	18
SPIC	2811610_S33_L003	21
SPIC	2811630_S35_L003	17
SPIC	2858490_S0_L001	13
SPIC	2858800_S38_L003	26
SPIC	2858810_S31_L003	25
SPIC	3013500_S34_L003	9
SPIC	3049380_S0_L001	16
SPIC	3049400_S39_L003	13
SPIC	3049430_S42_L003	17
SPIC	304944_S0_L001	18
SPIC	3049450_S36_L003	19
SPIC	304955_S0_L001	18
SPIC	313308_S0_L001	23
SPIC	m313309_S193	22
SPIC	m318978_S195	17
SPIC	m318979_S197	19
SPIC	m318986_S33	19
SPIC	m329861_S198	25
SPIC	m329865_S206	15
SPIC	m329883_S194	15
SPIC	m329885_S199	24
SPIC	m334087_S35	29
SPIC	m344001_S207	19
SPIC	m344004_S196	28
SPIC	m357484_S37	32
SPIC	m357486_S34	21
SPIC	m357488_S36	13
SPIC	m364088_S38	31
SREBF1	2705010_S40_L003	43
SREBF1	270502_S0_L001	42
SREBF1	2781020_S37_L003	40
SREBF1	278106_S0_L001	38
SREBF1	2781080_S30_L003	39
SREBF1	2781090_S41_L003	33
SREBF1	2792010_S0_L001	40
SREBF1	2792020_S32_L003	42
SREBF1	2792040_S0_L001	47
SREBF1	2811610_S33_L003	41
SREBF1	2811630_S35_L003	52
SREBF1	2858490_S0_L001	30
SREBF1	2858800_S38_L003	36
SREBF1	2858810_S31_L003	41
SREBF1	3013500_S34_L003	36
SREBF1	3049380_S0_L001	37
SREBF1	3049400_S39_L003	37
SREBF1	3049430_S42_L003	41
SREBF1	304944_S0_L001	36
SREBF1	3049450_S36_L003	40
SREBF1	304955_S0_L001	47
SREBF1	313308_S0_L001	48
SREBF1	m313309_S193	29
SREBF1	m318978_S195	39
SREBF1	m318979_S197	42
SREBF1	m318986_S33	48
SREBF1	m329861_S198	44
SREBF1	m329865_S206	36
SREBF1	m329883_S194	27
SREBF1	m329885_S199	36
SREBF1	m334087_S35	49
SREBF1	m344001_S207	28
SREBF1	m344004_S196	37
SREBF1	m357484_S37	52
SREBF1	m357486_S34	44
SREBF1	m357488_S36	53
SREBF1	m364088_S38	59
SREBF2	2705010_S40_L003	39
SREBF2	270502_S0_L001	35
SREBF2	2781020_S37_L003	39
SREBF2	278106_S0_L001	35
SREBF2	2781080_S30_L003	36
SREBF2	2781090_S41_L003	36
SREBF2	2792010_S0_L001	37
SREBF2	2792020_S32_L003	46
SREBF2	2792040_S0_L001	38
SREBF2	2811610_S33_L003	38
SREBF2	2811630_S35_L003	48
SREBF2	2858490_S0_L001	31
SREBF2	2858800_S38_L003	26
SREBF2	2858810_S31_L003	34
SREBF2	3013500_S34_L003	27
SREBF2	3049380_S0_L001	33
SREBF2	3049400_S39_L003	30
SREBF2	3049430_S42_L003	34
SREBF2	304944_S0_L001	37
SREBF2	3049450_S36_L003	33
SREBF2	304955_S0_L001	39
SREBF2	313308_S0_L001	45
SREBF2	m313309_S193	33
SREBF2	m318978_S195	36
SREBF2	m318979_S197	41
SREBF2	m318986_S33	43
SREBF2	m329861_S198	38
SREBF2	m329865_S206	40
SREBF2	m329883_S194	26
SREBF2	m329885_S199	35
SREBF2	m334087_S35	57
SREBF2	m344001_S207	32
SREBF2	m344004_S196	37
SREBF2	m357484_S37	63
SREBF2	m357486_S34	45
SREBF2	m357488_S36	43
SREBF2	m364088_S38	54
SRF	2705010_S40_L003	1
SRF	270502_S0_L001	2
SRF	278106_S0_L001	1
SRF	2781090_S41_L003	2
SRF	2792010_S0_L001	1
SRF	2792020_S32_L003	1
SRF	2792040_S0_L001	1
SRF	2811610_S33_L003	1
SRF	2811630_S35_L003	2
SRF	2858490_S0_L001	3
SRF	2858800_S38_L003	1
SRF	2858810_S31_L003	1
SRF	3013500_S34_L003	2
SRF	3049380_S0_L001	1
SRF	3049430_S42_L003	1
SRF	304944_S0_L001	1
SRF	304955_S0_L001	1
SRF	m313309_S193	3
SRF	m318978_S195	1
SRF	m318979_S197	1
SRF	m318986_S33	2
SRF	m329861_S198	3
SRF	m329865_S206	2
SRF	m329883_S194	1
SRF	m344001_S207	1
SRF	m357484_S37	1
SRF	m357486_S34	2
SRF	m357488_S36	1
SRF	m364088_S38	1
STAT1	2705010_S40_L003	27
STAT1	270502_S0_L001	38
STAT1	2781020_S37_L003	29
STAT1	278106_S0_L001	35
STAT1	2781080_S30_L003	26
STAT1	2781090_S41_L003	32
STAT1	2792010_S0_L001	32
STAT1	2792020_S32_L003	42
STAT1	2792040_S0_L001	47
STAT1	2811610_S33_L003	46
STAT1	2811630_S35_L003	37
STAT1	2858490_S0_L001	23
STAT1	2858800_S38_L003	40
STAT1	2858810_S31_L003	46
STAT1	3013500_S34_L003	26
STAT1	3049380_S0_L001	44
STAT1	3049400_S39_L003	28
STAT1	3049430_S42_L003	32
STAT1	304944_S0_L001	27
STAT1	3049450_S36_L003	35
STAT1	304955_S0_L001	26
STAT1	313308_S0_L001	43
STAT1	m313309_S193	29
STAT1	m318978_S195	33
STAT1	m318979_S197	39
STAT1	m318986_S33	38
STAT1	m329861_S198	34
STAT1	m329865_S206	32
STAT1	m329883_S194	27
STAT1	m329885_S199	27
STAT1	m334087_S35	45
STAT1	m344001_S207	33
STAT1	m344004_S196	36
STAT1	m357484_S37	43
STAT1	m357486_S34	47
STAT1	m357488_S36	36
STAT1	m364088_S38	45
STAT2	2705010_S40_L003	13
STAT2	270502_S0_L001	20
STAT2	2781020_S37_L003	18
STAT2	278106_S0_L001	17
STAT2	2781080_S30_L003	15
STAT2	2781090_S41_L003	12
STAT2	2792010_S0_L001	18
STAT2	2792020_S32_L003	25
STAT2	2792040_S0_L001	30
STAT2	2811610_S33_L003	20
STAT2	2811630_S35_L003	18
STAT2	2858490_S0_L001	10
STAT2	2858800_S38_L003	18
STAT2	2858810_S31_L003	20
STAT2	3013500_S34_L003	14
STAT2	3049380_S0_L001	32
STAT2	3049400_S39_L003	15
STAT2	3049430_S42_L003	18
STAT2	304944_S0_L001	11
STAT2	3049450_S36_L003	18
STAT2	304955_S0_L001	15
STAT2	313308_S0_L001	30
STAT2	m313309_S193	15
STAT2	m318978_S195	19
STAT2	m318979_S197	22
STAT2	m318986_S33	22
STAT2	m329861_S198	19
STAT2	m329865_S206	20
STAT2	m329883_S194	13
STAT2	m329885_S199	14
STAT2	m334087_S35	25
STAT2	m344001_S207	13
STAT2	m344004_S196	22
STAT2	m357484_S37	24
STAT2	m357486_S34	28
STAT2	m357488_S36	16
STAT2	m364088_S38	25
STAT3	2705010_S40_L003	23
STAT3	270502_S0_L001	32
STAT3	2781020_S37_L003	21
STAT3	278106_S0_L001	27
STAT3	2781080_S30_L003	22
STAT3	2781090_S41_L003	27
STAT3	2792010_S0_L001	28
STAT3	2792020_S32_L003	28
STAT3	2792040_S0_L001	38
STAT3	2811610_S33_L003	38
STAT3	2811630_S35_L003	36
STAT3	2858490_S0_L001	23
STAT3	2858800_S38_L003	24
STAT3	2858810_S31_L003	33
STAT3	3013500_S34_L003	24
STAT3	3049380_S0_L001	24
STAT3	3049400_S39_L003	27
STAT3	3049430_S42_L003	22
STAT3	304944_S0_L001	25
STAT3	3049450_S36_L003	33
STAT3	304955_S0_L001	21
STAT3	313308_S0_L001	26
STAT3	m313309_S193	23
STAT3	m318978_S195	28
STAT3	m318979_S197	28
STAT3	m318986_S33	24
STAT3	m329861_S198	24
STAT3	m329865_S206	26
STAT3	m329883_S194	18
STAT3	m329885_S199	23
STAT3	m334087_S35	32
STAT3	m344001_S207	21
STAT3	m344004_S196	27
STAT3	m357484_S37	36
STAT3	m357486_S34	31
STAT3	m357488_S36	31
STAT3	m364088_S38	34
Six3	2705010_S40_L003	6
Six3	270502_S0_L001	5
Six3	2781020_S37_L003	3
Six3	278106_S0_L001	1
Six3	2781080_S30_L003	2
Six3	2781090_S41_L003	5
Six3	2792010_S0_L001	3
Six3	2792020_S32_L003	1
Six3	2792040_S0_L001	3
Six3	2811610_S33_L003	4
Six3	2811630_S35_L003	5
Six3	2858490_S0_L001	1
Six3	2858800_S38_L003	3
Six3	2858810_S31_L003	5
Six3	3013500_S34_L003	4
Six3	3049380_S0_L001	4
Six3	3049400_S39_L003	1
Six3	3049430_S42_L003	2
Six3	304944_S0_L001	2
Six3	3049450_S36_L003	1
Six3	304955_S0_L001	2
Six3	313308_S0_L001	7
Six3	m313309_S193	1
Six3	m318978_S195	3
Six3	m318979_S197	8
Six3	m318986_S33	7
Six3	m329861_S198	5
Six3	m329865_S206	5
Six3	m329883_S194	3
Six3	m329885_S199	2
Six3	m334087_S35	2
Six3	m344001_S207	3
Six3	m344004_S196	3
Six3	m357484_S37	8
Six3	m357486_S34	4
Six3	m357488_S36	3
Six3	m364088_S38	5
Smad2	2705010_S40_L003	13
Smad2	270502_S0_L001	16
Smad2	2781020_S37_L003	12
Smad2	278106_S0_L001	10
Smad2	2781080_S30_L003	9
Smad2	2781090_S41_L003	11
Smad2	2792010_S0_L001	11
Smad2	2792020_S32_L003	13
Smad2	2792040_S0_L001	14
Smad2	2811610_S33_L003	14
Smad2	2811630_S35_L003	9
Smad2	2858490_S0_L001	12
Smad2	2858800_S38_L003	9
Smad2	2858810_S31_L003	16
Smad2	3013500_S34_L003	9
Smad2	3049380_S0_L001	9
Smad2	3049400_S39_L003	11
Smad2	3049430_S42_L003	14
Smad2	304944_S0_L001	9
Smad2	3049450_S36_L003	11
Smad2	304955_S0_L001	22
Smad2	313308_S0_L001	17
Smad2	m313309_S193	12
Smad2	m318978_S195	12
Smad2	m318979_S197	16
Smad2	m318986_S33	12
Smad2	m329861_S198	5
Smad2	m329865_S206	18
Smad2	m329883_S194	7
Smad2	m329885_S199	9
Smad2	m334087_S35	16
Smad2	m344001_S207	12
Smad2	m344004_S196	11
Smad2	m357484_S37	24
Smad2	m357486_S34	19
Smad2	m357488_S36	14
Smad2	m364088_S38	17
Smad3	2705010_S40_L003	13
Smad3	270502_S0_L001	16
Smad3	2781020_S37_L003	12
Smad3	278106_S0_L001	10
Smad3	2781080_S30_L003	9
Smad3	2781090_S41_L003	11
Smad3	2792010_S0_L001	11
Smad3	2792020_S32_L003	13
Smad3	2792040_S0_L001	14
Smad3	2811610_S33_L003	14
Smad3	2811630_S35_L003	9
Smad3	2858490_S0_L001	12
Smad3	2858800_S38_L003	9
Smad3	2858810_S31_L003	16
Smad3	3013500_S34_L003	9
Smad3	3049380_S0_L001	9
Smad3	3049400_S39_L003	11
Smad3	3049430_S42_L003	14
Smad3	304944_S0_L001	9
Smad3	3049450_S36_L003	11
Smad3	304955_S0_L001	22
Smad3	313308_S0_L001	17
Smad3	m313309_S193	12
Smad3	m318978_S195	12
Smad3	m318979_S197	16
Smad3	m318986_S33	12
Smad3	m329861_S198	5
Smad3	m329865_S206	18
Smad3	m329883_S194	7
Smad3	m329885_S199	9
Smad3	m334087_S35	16
Smad3	m344001_S207	12
Smad3	m344004_S196	11
Smad3	m357484_S37	24
Smad3	m357486_S34	19
Smad3	m357488_S36	14
Smad3	m364088_S38	17
Sox1	278106_S0_L001	1
Sox1	2792020_S32_L003	1
Sox1	2792040_S0_L001	1
Sox1	2811610_S33_L003	1
Sox1	2811630_S35_L003	1
Sox1	2858810_S31_L003	1
Sox1	m318986_S33	1
Sox1	m329861_S198	1
Sox1	m329885_S199	1
Sox1	m344001_S207	1
Sox1	m357486_S34	1
Sox1	m357488_S36	1
Sox11	270502_S0_L001	1
Sox11	m318978_S195	1
Sox11	m329861_S198	1
Sox2	2705010_S40_L003	15
Sox2	270502_S0_L001	20
Sox2	2781020_S37_L003	14
Sox2	278106_S0_L001	11
Sox2	2781080_S30_L003	12
Sox2	2781090_S41_L003	12
Sox2	2792010_S0_L001	10
Sox2	2792020_S32_L003	11
Sox2	2792040_S0_L001	14
Sox2	2811610_S33_L003	12
Sox2	2811630_S35_L003	16
Sox2	2858490_S0_L001	6
Sox2	2858800_S38_L003	13
Sox2	2858810_S31_L003	10
Sox2	3013500_S34_L003	11
Sox2	3049380_S0_L001	14
Sox2	3049400_S39_L003	11
Sox2	3049430_S42_L003	5
Sox2	304944_S0_L001	5
Sox2	3049450_S36_L003	12
Sox2	304955_S0_L001	12
Sox2	313308_S0_L001	13
Sox2	m313309_S193	11
Sox2	m318978_S195	9
Sox2	m318979_S197	15
Sox2	m318986_S33	16
Sox2	m329861_S198	18
Sox2	m329865_S206	9
Sox2	m329883_S194	7
Sox2	m329885_S199	14
Sox2	m334087_S35	12
Sox2	m344001_S207	5
Sox2	m344004_S196	16
Sox2	m357484_S37	13
Sox2	m357486_S34	19
Sox2	m357488_S36	11
Sox2	m364088_S38	21
Sox3	2705010_S40_L003	51
Sox3	270502_S0_L001	50
Sox3	2781020_S37_L003	53
Sox3	278106_S0_L001	54
Sox3	2781080_S30_L003	46
Sox3	2781090_S41_L003	43
Sox3	2792010_S0_L001	40
Sox3	2792020_S32_L003	55
Sox3	2792040_S0_L001	62
Sox3	2811610_S33_L003	54
Sox3	2811630_S35_L003	58
Sox3	2858490_S0_L001	44
Sox3	2858800_S38_L003	65
Sox3	2858810_S31_L003	57
Sox3	3013500_S34_L003	44
Sox3	3049380_S0_L001	50
Sox3	3049400_S39_L003	44
Sox3	3049430_S42_L003	55
Sox3	304944_S0_L001	42
Sox3	3049450_S36_L003	47
Sox3	304955_S0_L001	57
Sox3	313308_S0_L001	60
Sox3	m313309_S193	38
Sox3	m318978_S195	55
Sox3	m318979_S197	54
Sox3	m318986_S33	70
Sox3	m329861_S198	53
Sox3	m329865_S206	55
Sox3	m329883_S194	37
Sox3	m329885_S199	52
Sox3	m334087_S35	68
Sox3	m344001_S207	53
Sox3	m344004_S196	55
Sox3	m357484_S37	83
Sox3	m357486_S34	69
Sox3	m357488_S36	71
Sox3	m364088_S38	81
Sox6	2705010_S40_L003	29
Sox6	270502_S0_L001	33
Sox6	2781020_S37_L003	32
Sox6	278106_S0_L001	37
Sox6	2781080_S30_L003	34
Sox6	2781090_S41_L003	24
Sox6	2792010_S0_L001	29
Sox6	2792020_S32_L003	36
Sox6	2792040_S0_L001	37
Sox6	2811610_S33_L003	29
Sox6	2811630_S35_L003	38
Sox6	2858490_S0_L001	28
Sox6	2858800_S38_L003	32
Sox6	2858810_S31_L003	29
Sox6	3013500_S34_L003	25
Sox6	3049380_S0_L001	28
Sox6	3049400_S39_L003	22
Sox6	3049430_S42_L003	30
Sox6	304944_S0_L001	24
Sox6	3049450_S36_L003	30
Sox6	304955_S0_L001	29
Sox6	313308_S0_L001	29
Sox6	m313309_S193	22
Sox6	m318978_S195	34
Sox6	m318979_S197	32
Sox6	m318986_S33	50
Sox6	m329861_S198	32
Sox6	m329865_S206	30
Sox6	m329883_S194	15
Sox6	m329885_S199	26
Sox6	m334087_S35	36
Sox6	m344001_S207	34
Sox6	m344004_S196	35
Sox6	m357484_S37	52
Sox6	m357486_S34	37
Sox6	m357488_S36	38
Sox6	m364088_S38	41
Spz1	2705010_S40_L003	18
Spz1	270502_S0_L001	19
Spz1	2781020_S37_L003	20
Spz1	278106_S0_L001	20
Spz1	2781080_S30_L003	18
Spz1	2781090_S41_L003	20
Spz1	2792010_S0_L001	20
Spz1	2792020_S32_L003	22
Spz1	2792040_S0_L001	27
Spz1	2811610_S33_L003	24
Spz1	2811630_S35_L003	22
Spz1	2858490_S0_L001	15
Spz1	2858800_S38_L003	25
Spz1	2858810_S31_L003	25
Spz1	3013500_S34_L003	16
Spz1	3049380_S0_L001	22
Spz1	3049400_S39_L003	22
Spz1	3049430_S42_L003	29
Spz1	304944_S0_L001	18
Spz1	3049450_S36_L003	22
Spz1	304955_S0_L001	18
Spz1	313308_S0_L001	21
Spz1	m313309_S193	21
Spz1	m318978_S195	26
Spz1	m318979_S197	23
Spz1	m318986_S33	18
Spz1	m329861_S198	24
Spz1	m329865_S206	16
Spz1	m329883_S194	13
Spz1	m329885_S199	24
Spz1	m334087_S35	19
Spz1	m344001_S207	18
Spz1	m344004_S196	24
Spz1	m357484_S37	22
Spz1	m357486_S34	23
Spz1	m357488_S36	16
Spz1	m364088_S38	20
Stat2	2705010_S40_L003	44
Stat2	270502_S0_L001	45
Stat2	2781020_S37_L003	35
Stat2	278106_S0_L001	35
Stat2	2781080_S30_L003	24
Stat2	2781090_S41_L003	34
Stat2	2792010_S0_L001	38
Stat2	2792020_S32_L003	47
Stat2	2792040_S0_L001	55
Stat2	2811610_S33_L003	43
Stat2	2811630_S35_L003	58
Stat2	2858490_S0_L001	40
Stat2	2858800_S38_L003	42
Stat2	2858810_S31_L003	47
Stat2	3013500_S34_L003	35
Stat2	3049380_S0_L001	45
Stat2	3049400_S39_L003	40
Stat2	3049430_S42_L003	42
Stat2	304944_S0_L001	27
Stat2	3049450_S36_L003	36
Stat2	304955_S0_L001	38
Stat2	313308_S0_L001	51
Stat2	m313309_S193	42
Stat2	m318978_S195	48
Stat2	m318979_S197	38
Stat2	m318986_S33	50
Stat2	m329861_S198	49
Stat2	m329865_S206	30
Stat2	m329883_S194	29
Stat2	m329885_S199	35
Stat2	m334087_S35	60
Stat2	m344001_S207	41
Stat2	m344004_S196	41
Stat2	m357484_S37	64
Stat2	m357486_S34	66
Stat2	m357488_S36	48
Stat2	m364088_S38	64
Stat4	2705010_S40_L003	17
Stat4	270502_S0_L001	23
Stat4	2781020_S37_L003	24
Stat4	278106_S0_L001	20
Stat4	2781080_S30_L003	24
Stat4	2781090_S41_L003	24
Stat4	2792010_S0_L001	21
Stat4	2792020_S32_L003	28
Stat4	2792040_S0_L001	24
Stat4	2811610_S33_L003	32
Stat4	2811630_S35_L003	34
Stat4	2858490_S0_L001	20
Stat4	2858800_S38_L003	24
Stat4	2858810_S31_L003	31
Stat4	3013500_S34_L003	19
Stat4	3049380_S0_L001	25
Stat4	3049400_S39_L003	16
Stat4	3049430_S42_L003	16
Stat4	304944_S0_L001	20
Stat4	3049450_S36_L003	26
Stat4	304955_S0_L001	13
Stat4	313308_S0_L001	20
Stat4	m313309_S193	24
Stat4	m318978_S195	26
Stat4	m318979_S197	18
Stat4	m318986_S33	24
Stat4	m329861_S198	20
Stat4	m329865_S206	16
Stat4	m329883_S194	16
Stat4	m329885_S199	22
Stat4	m334087_S35	24
Stat4	m344001_S207	20
Stat4	m344004_S196	19
Stat4	m357484_S37	39
Stat4	m357486_S34	23
Stat4	m357488_S36	27
Stat4	m364088_S38	29
Stat5a	2705010_S40_L003	17
Stat5a	270502_S0_L001	33
Stat5a	2781020_S37_L003	20
Stat5a	278106_S0_L001	29
Stat5a	2781080_S30_L003	34
Stat5a	2781090_S41_L003	28
Stat5a	2792010_S0_L001	20
Stat5a	2792020_S32_L003	25
Stat5a	2792040_S0_L001	37
Stat5a	2811610_S33_L003	35
Stat5a	2811630_S35_L003	32
Stat5a	2858490_S0_L001	20
Stat5a	2858800_S38_L003	31
Stat5a	2858810_S31_L003	34
Stat5a	3013500_S34_L003	17
Stat5a	3049380_S0_L001	32
Stat5a	3049400_S39_L003	25
Stat5a	3049430_S42_L003	25
Stat5a	304944_S0_L001	22
Stat5a	3049450_S36_L003	34
Stat5a	304955_S0_L001	22
Stat5a	313308_S0_L001	26
Stat5a	m313309_S193	25
Stat5a	m318978_S195	26
Stat5a	m318979_S197	25
Stat5a	m318986_S33	36
Stat5a	m329861_S198	32
Stat5a	m329865_S206	26
Stat5a	m329883_S194	18
Stat5a	m329885_S199	21
Stat5a	m334087_S35	37
Stat5a	m344001_S207	29
Stat5a	m344004_S196	31
Stat5a	m357484_S37	44
Stat5a	m357486_S34	32
Stat5a	m357488_S36	33
Stat5a	m364088_S38	40
Stat5b	2705010_S40_L003	21
Stat5b	270502_S0_L001	31
Stat5b	2781020_S37_L003	21
Stat5b	278106_S0_L001	29
Stat5b	2781080_S30_L003	34
Stat5b	2781090_S41_L003	27
Stat5b	2792010_S0_L001	18
Stat5b	2792020_S32_L003	24
Stat5b	2792040_S0_L001	35
Stat5b	2811610_S33_L003	34
Stat5b	2811630_S35_L003	30
Stat5b	2858490_S0_L001	24
Stat5b	2858800_S38_L003	24
Stat5b	2858810_S31_L003	32
Stat5b	3013500_S34_L003	19
Stat5b	3049380_S0_L001	33
Stat5b	3049400_S39_L003	24
Stat5b	3049430_S42_L003	26
Stat5b	304944_S0_L001	25
Stat5b	3049450_S36_L003	33
Stat5b	304955_S0_L001	24
Stat5b	313308_S0_L001	31
Stat5b	m313309_S193	30
Stat5b	m318978_S195	30
Stat5b	m318979_S197	28
Stat5b	m318986_S33	32
Stat5b	m329861_S198	30
Stat5b	m329865_S206	27
Stat5b	m329883_S194	20
Stat5b	m329885_S199	20
Stat5b	m334087_S35	37
Stat5b	m344001_S207	28
Stat5b	m344004_S196	33
Stat5b	m357484_S37	39
Stat5b	m357486_S34	33
Stat5b	m357488_S36	36
Stat5b	m364088_S38	48
Stat6	2705010_S40_L003	10
Stat6	270502_S0_L001	7
Stat6	2781020_S37_L003	8
Stat6	278106_S0_L001	18
Stat6	2781080_S30_L003	17
Stat6	2781090_S41_L003	4
Stat6	2792010_S0_L001	8
Stat6	2792020_S32_L003	9
Stat6	2792040_S0_L001	16
Stat6	2811610_S33_L003	11
Stat6	2811630_S35_L003	13
Stat6	2858490_S0_L001	13
Stat6	2858800_S38_L003	9
Stat6	2858810_S31_L003	7
Stat6	3013500_S34_L003	11
Stat6	3049380_S0_L001	5
Stat6	3049400_S39_L003	8
Stat6	3049430_S42_L003	8
Stat6	304944_S0_L001	5
Stat6	3049450_S36_L003	7
Stat6	304955_S0_L001	6
Stat6	313308_S0_L001	11
Stat6	m313309_S193	16
Stat6	m318978_S195	11
Stat6	m318979_S197	12
Stat6	m318986_S33	10
Stat6	m329861_S198	7
Stat6	m329865_S206	13
Stat6	m329883_S194	7
Stat6	m329885_S199	4
Stat6	m334087_S35	15
Stat6	m344001_S207	6
Stat6	m344004_S196	10
Stat6	m357484_S37	17
Stat6	m357486_S34	15
Stat6	m357488_S36	15
Stat6	m364088_S38	20
TAL1	2705010_S40_L003	27
TAL1	270502_S0_L001	29
TAL1	2781020_S37_L003	29
TAL1	278106_S0_L001	28
TAL1	2781080_S30_L003	26
TAL1	2781090_S41_L003	23
TAL1	2792010_S0_L001	19
TAL1	2792020_S32_L003	33
TAL1	2792040_S0_L001	23
TAL1	2811610_S33_L003	30
TAL1	2811630_S35_L003	39
TAL1	2858490_S0_L001	22
TAL1	2858800_S38_L003	20
TAL1	2858810_S31_L003	21
TAL1	3013500_S34_L003	19
TAL1	3049380_S0_L001	13
TAL1	3049400_S39_L003	25
TAL1	3049430_S42_L003	30
TAL1	304944_S0_L001	20
TAL1	3049450_S36_L003	21
TAL1	304955_S0_L001	23
TAL1	313308_S0_L001	31
TAL1	m313309_S193	28
TAL1	m318978_S195	25
TAL1	m318979_S197	25
TAL1	m318986_S33	27
TAL1	m329861_S198	24
TAL1	m329865_S206	29
TAL1	m329883_S194	16
TAL1	m329885_S199	22
TAL1	m334087_S35	29
TAL1	m344001_S207	34
TAL1	m344004_S196	25
TAL1	m357484_S37	31
TAL1	m357486_S34	32
TAL1	m357488_S36	27
TAL1	m364088_S38	33
TBP	2705010_S40_L003	9
TBP	270502_S0_L001	3
TBP	2781020_S37_L003	13
TBP	278106_S0_L001	6
TBP	2781080_S30_L003	9
TBP	2781090_S41_L003	12
TBP	2792010_S0_L001	15
TBP	2792020_S32_L003	14
TBP	2792040_S0_L001	9
TBP	2811610_S33_L003	8
TBP	2811630_S35_L003	8
TBP	2858490_S0_L001	10
TBP	2858800_S38_L003	9
TBP	2858810_S31_L003	9
TBP	3013500_S34_L003	9
TBP	3049380_S0_L001	6
TBP	3049400_S39_L003	11
TBP	3049430_S42_L003	11
TBP	304944_S0_L001	9
TBP	3049450_S36_L003	11
TBP	304955_S0_L001	8
TBP	313308_S0_L001	9
TBP	m313309_S193	8
TBP	m318978_S195	6
TBP	m318979_S197	2
TBP	m318986_S33	11
TBP	m329861_S198	14
TBP	m329865_S206	8
TBP	m329883_S194	8
TBP	m329885_S199	14
TBP	m334087_S35	12
TBP	m344001_S207	11
TBP	m344004_S196	12
TBP	m357484_S37	15
TBP	m357486_S34	10
TBP	m357488_S36	10
TBP	m364088_S38	15
TBR1	2705010_S40_L003	15
TBR1	270502_S0_L001	14
TBR1	2781020_S37_L003	13
TBR1	278106_S0_L001	16
TBR1	2781080_S30_L003	17
TBR1	2781090_S41_L003	8
TBR1	2792010_S0_L001	19
TBR1	2792020_S32_L003	7
TBR1	2792040_S0_L001	19
TBR1	2811610_S33_L003	16
TBR1	2811630_S35_L003	9
TBR1	2858490_S0_L001	18
TBR1	2858800_S38_L003	19
TBR1	2858810_S31_L003	18
TBR1	3013500_S34_L003	11
TBR1	3049380_S0_L001	20
TBR1	3049400_S39_L003	12
TBR1	3049430_S42_L003	16
TBR1	304944_S0_L001	14
TBR1	3049450_S36_L003	14
TBR1	304955_S0_L001	13
TBR1	313308_S0_L001	11
TBR1	m313309_S193	14
TBR1	m318978_S195	17
TBR1	m318979_S197	15
TBR1	m318986_S33	13
TBR1	m329861_S198	16
TBR1	m329865_S206	18
TBR1	m329883_S194	3
TBR1	m329885_S199	14
TBR1	m334087_S35	13
TBR1	m344001_S207	11
TBR1	m344004_S196	17
TBR1	m357484_S37	24
TBR1	m357486_S34	25
TBR1	m357488_S36	22
TBR1	m364088_S38	27
TBX18	2705010_S40_L003	34
TBX18	270502_S0_L001	34
TBX18	2781020_S37_L003	28
TBX18	278106_S0_L001	38
TBX18	2781080_S30_L003	25
TBX18	2781090_S41_L003	20
TBX18	2792010_S0_L001	28
TBX18	2792020_S32_L003	24
TBX18	2792040_S0_L001	35
TBX18	2811610_S33_L003	25
TBX18	2811630_S35_L003	38
TBX18	2858490_S0_L001	18
TBX18	2858800_S38_L003	28
TBX18	2858810_S31_L003	28
TBX18	3013500_S34_L003	29
TBX18	3049380_S0_L001	28
TBX18	3049400_S39_L003	21
TBX18	3049430_S42_L003	30
TBX18	304944_S0_L001	36
TBX18	3049450_S36_L003	29
TBX18	304955_S0_L001	27
TBX18	313308_S0_L001	41
TBX18	m313309_S193	18
TBX18	m318978_S195	30
TBX18	m318979_S197	25
TBX18	m318986_S33	37
TBX18	m329861_S198	35
TBX18	m329865_S206	28
TBX18	m329883_S194	12
TBX18	m329885_S199	38
TBX18	m334087_S35	37
TBX18	m344001_S207	22
TBX18	m344004_S196	27
TBX18	m357484_S37	43
TBX18	m357486_S34	35
TBX18	m357488_S36	40
TBX18	m364088_S38	48
TBX19	2705010_S40_L003	1
TBX19	270502_S0_L001	1
TBX19	278106_S0_L001	4
TBX19	2781080_S30_L003	1
TBX19	2781090_S41_L003	3
TBX19	2792010_S0_L001	3
TBX19	2792020_S32_L003	2
TBX19	2792040_S0_L001	2
TBX19	2811610_S33_L003	4
TBX19	2811630_S35_L003	3
TBX19	2858800_S38_L003	3
TBX19	2858810_S31_L003	2
TBX19	3049380_S0_L001	1
TBX19	3049400_S39_L003	3
TBX19	3049430_S42_L003	2
TBX19	304944_S0_L001	2
TBX19	3049450_S36_L003	1
TBX19	304955_S0_L001	1
TBX19	m313309_S193	3
TBX19	m318978_S195	1
TBX19	m318979_S197	2
TBX19	m318986_S33	3
TBX19	m329861_S198	2
TBX19	m329865_S206	2
TBX19	m329883_S194	1
TBX19	m329885_S199	2
TBX19	m344001_S207	2
TBX19	m344004_S196	4
TBX19	m357486_S34	4
TBX19	m357488_S36	3
TBX19	m364088_S38	1
TBX2	2705010_S40_L003	15
TBX2	270502_S0_L001	13
TBX2	2781020_S37_L003	13
TBX2	278106_S0_L001	13
TBX2	2781080_S30_L003	13
TBX2	2781090_S41_L003	5
TBX2	2792010_S0_L001	17
TBX2	2792020_S32_L003	9
TBX2	2792040_S0_L001	18
TBX2	2811610_S33_L003	15
TBX2	2811630_S35_L003	12
TBX2	2858490_S0_L001	16
TBX2	2858800_S38_L003	17
TBX2	2858810_S31_L003	19
TBX2	3013500_S34_L003	11
TBX2	3049380_S0_L001	18
TBX2	3049400_S39_L003	11
TBX2	3049430_S42_L003	14
TBX2	304944_S0_L001	9
TBX2	3049450_S36_L003	15
TBX2	304955_S0_L001	11
TBX2	313308_S0_L001	13
TBX2	m313309_S193	12
TBX2	m318978_S195	15
TBX2	m318979_S197	11
TBX2	m318986_S33	18
TBX2	m329861_S198	15
TBX2	m329865_S206	14
TBX2	m329883_S194	4
TBX2	m329885_S199	11
TBX2	m334087_S35	13
TBX2	m344001_S207	13
TBX2	m344004_S196	10
TBX2	m357484_S37	18
TBX2	m357486_S34	20
TBX2	m357488_S36	16
TBX2	m364088_S38	24
TBX20	2705010_S40_L003	16
TBX20	270502_S0_L001	15
TBX20	2781020_S37_L003	19
TBX20	278106_S0_L001	14
TBX20	2781080_S30_L003	15
TBX20	2781090_S41_L003	8
TBX20	2792010_S0_L001	15
TBX20	2792020_S32_L003	16
TBX20	2792040_S0_L001	24
TBX20	2811610_S33_L003	17
TBX20	2811630_S35_L003	17
TBX20	2858490_S0_L001	9
TBX20	2858800_S38_L003	18
TBX20	2858810_S31_L003	17
TBX20	3013500_S34_L003	16
TBX20	3049380_S0_L001	22
TBX20	3049400_S39_L003	11
TBX20	3049430_S42_L003	16
TBX20	304944_S0_L001	11
TBX20	3049450_S36_L003	9
TBX20	304955_S0_L001	15
TBX20	313308_S0_L001	17
TBX20	m313309_S193	12
TBX20	m318978_S195	19
TBX20	m318979_S197	13
TBX20	m318986_S33	29
TBX20	m329861_S198	14
TBX20	m329865_S206	22
TBX20	m329883_S194	6
TBX20	m329885_S199	17
TBX20	m334087_S35	16
TBX20	m344001_S207	10
TBX20	m344004_S196	12
TBX20	m357484_S37	23
TBX20	m357486_S34	22
TBX20	m357488_S36	23
TBX20	m364088_S38	28
TBX21	2705010_S40_L003	13
TBX21	270502_S0_L001	17
TBX21	2781020_S37_L003	11
TBX21	278106_S0_L001	13
TBX21	2781080_S30_L003	11
TBX21	2781090_S41_L003	10
TBX21	2792010_S0_L001	20
TBX21	2792020_S32_L003	11
TBX21	2792040_S0_L001	22
TBX21	2811610_S33_L003	14
TBX21	2811630_S35_L003	15
TBX21	2858490_S0_L001	14
TBX21	2858800_S38_L003	17
TBX21	2858810_S31_L003	19
TBX21	3013500_S34_L003	11
TBX21	3049380_S0_L001	19
TBX21	3049400_S39_L003	10
TBX21	3049430_S42_L003	13
TBX21	304944_S0_L001	9
TBX21	3049450_S36_L003	14
TBX21	304955_S0_L001	16
TBX21	313308_S0_L001	8
TBX21	m313309_S193	14
TBX21	m318978_S195	17
TBX21	m318979_S197	10
TBX21	m318986_S33	17
TBX21	m329861_S198	15
TBX21	m329865_S206	18
TBX21	m329883_S194	7
TBX21	m329885_S199	19
TBX21	m334087_S35	14
TBX21	m344001_S207	11
TBX21	m344004_S196	10
TBX21	m357484_S37	22
TBX21	m357486_S34	22
TBX21	m357488_S36	19
TBX21	m364088_S38	23
TBX3	2705010_S40_L003	27
TBX3	270502_S0_L001	26
TBX3	2781020_S37_L003	22
TBX3	278106_S0_L001	21
TBX3	2781080_S30_L003	24
TBX3	2781090_S41_L003	17
TBX3	2792010_S0_L001	27
TBX3	2792020_S32_L003	18
TBX3	2792040_S0_L001	29
TBX3	2811610_S33_L003	25
TBX3	2811630_S35_L003	17
TBX3	2858490_S0_L001	19
TBX3	2858800_S38_L003	22
TBX3	2858810_S31_L003	28
TBX3	3013500_S34_L003	18
TBX3	3049380_S0_L001	31
TBX3	3049400_S39_L003	19
TBX3	3049430_S42_L003	26
TBX3	304944_S0_L001	13
TBX3	3049450_S36_L003	21
TBX3	304955_S0_L001	22
TBX3	313308_S0_L001	28
TBX3	m313309_S193	22
TBX3	m318978_S195	30
TBX3	m318979_S197	20
TBX3	m318986_S33	29
TBX3	m329861_S198	23
TBX3	m329865_S206	28
TBX3	m329883_S194	5
TBX3	m329885_S199	26
TBX3	m334087_S35	25
TBX3	m344001_S207	17
TBX3	m344004_S196	30
TBX3	m357484_S37	37
TBX3	m357486_S34	36
TBX3	m357488_S36	28
TBX3	m364088_S38	40
TBX6	2705010_S40_L003	23
TBX6	270502_S0_L001	21
TBX6	2781020_S37_L003	15
TBX6	278106_S0_L001	16
TBX6	2781080_S30_L003	16
TBX6	2781090_S41_L003	12
TBX6	2792010_S0_L001	23
TBX6	2792020_S32_L003	14
TBX6	2792040_S0_L001	22
TBX6	2811610_S33_L003	16
TBX6	2811630_S35_L003	9
TBX6	2858490_S0_L001	14
TBX6	2858800_S38_L003	18
TBX6	2858810_S31_L003	21
TBX6	3013500_S34_L003	12
TBX6	3049380_S0_L001	22
TBX6	3049400_S39_L003	16
TBX6	3049430_S42_L003	17
TBX6	304944_S0_L001	9
TBX6	3049450_S36_L003	15
TBX6	304955_S0_L001	14
TBX6	313308_S0_L001	20
TBX6	m313309_S193	14
TBX6	m318978_S195	20
TBX6	m318979_S197	12
TBX6	m318986_S33	23
TBX6	m329861_S198	19
TBX6	m329865_S206	18
TBX6	m329883_S194	5
TBX6	m329885_S199	20
TBX6	m334087_S35	18
TBX6	m344001_S207	13
TBX6	m344004_S196	22
TBX6	m357484_S37	30
TBX6	m357486_S34	24
TBX6	m357488_S36	23
TBX6	m364088_S38	27
TBXT	270502_S0_L001	1
TBXT	2781020_S37_L003	1
TBXT	278106_S0_L001	4
TBXT	2781080_S30_L003	1
TBXT	2781090_S41_L003	3
TBXT	2792010_S0_L001	2
TBXT	2792020_S32_L003	2
TBXT	2792040_S0_L001	2
TBXT	2811610_S33_L003	3
TBXT	2811630_S35_L003	2
TBXT	2858490_S0_L001	1
TBXT	3013500_S34_L003	4
TBXT	3049400_S39_L003	2
TBXT	3049430_S42_L003	1
TBXT	304944_S0_L001	1
TBXT	m313309_S193	1
TBXT	m318978_S195	1
TBXT	m318979_S197	1
TBXT	m318986_S33	1
TBXT	m329865_S206	1
TBXT	m329883_S194	1
TBXT	m329885_S199	1
TBXT	m334087_S35	3
TBXT	m344001_S207	1
TBXT	m344004_S196	3
TBXT	m357484_S37	2
TBXT	m357486_S34	4
TBXT	m357488_S36	3
TCF12	2705010_S40_L003	65
TCF12	270502_S0_L001	70
TCF12	2781020_S37_L003	58
TCF12	278106_S0_L001	71
TCF12	2781080_S30_L003	60
TCF12	2781090_S41_L003	62
TCF12	2792010_S0_L001	72
TCF12	2792020_S32_L003	61
TCF12	2792040_S0_L001	67
TCF12	2811610_S33_L003	63
TCF12	2811630_S35_L003	64
TCF12	2858490_S0_L001	59
TCF12	2858800_S38_L003	58
TCF12	2858810_S31_L003	68
TCF12	3013500_S34_L003	61
TCF12	3049380_S0_L001	69
TCF12	3049400_S39_L003	58
TCF12	3049430_S42_L003	62
TCF12	304944_S0_L001	58
TCF12	3049450_S36_L003	57
TCF12	304955_S0_L001	67
TCF12	313308_S0_L001	60
TCF12	m313309_S193	56
TCF12	m318978_S195	78
TCF12	m318979_S197	65
TCF12	m318986_S33	70
TCF12	m329861_S198	73
TCF12	m329865_S206	67
TCF12	m329883_S194	39
TCF12	m329885_S199	73
TCF12	m334087_S35	62
TCF12	m344001_S207	59
TCF12	m344004_S196	77
TCF12	m357484_S37	84
TCF12	m357486_S34	58
TCF12	m357488_S36	53
TCF12	m364088_S38	87
TCF21	2705010_S40_L003	8
TCF21	270502_S0_L001	10
TCF21	2781020_S37_L003	9
TCF21	278106_S0_L001	3
TCF21	2781080_S30_L003	8
TCF21	2781090_S41_L003	5
TCF21	2792010_S0_L001	6
TCF21	2792020_S32_L003	8
TCF21	2792040_S0_L001	8
TCF21	2811610_S33_L003	4
TCF21	2811630_S35_L003	8
TCF21	2858490_S0_L001	6
TCF21	2858800_S38_L003	5
TCF21	2858810_S31_L003	7
TCF21	3013500_S34_L003	7
TCF21	3049380_S0_L001	8
TCF21	3049400_S39_L003	10
TCF21	3049430_S42_L003	8
TCF21	304944_S0_L001	3
TCF21	3049450_S36_L003	4
TCF21	304955_S0_L001	6
TCF21	313308_S0_L001	7
TCF21	m313309_S193	8
TCF21	m318978_S195	3
TCF21	m318979_S197	6
TCF21	m318986_S33	11
TCF21	m329861_S198	6
TCF21	m329865_S206	10
TCF21	m329883_S194	1
TCF21	m329885_S199	7
TCF21	m334087_S35	12
TCF21	m344001_S207	11
TCF21	m344004_S196	6
TCF21	m357484_S37	12
TCF21	m357486_S34	10
TCF21	m357488_S36	9
TCF21	m364088_S38	9
TCF3	2705010_S40_L003	73
TCF3	270502_S0_L001	86
TCF3	2781020_S37_L003	70
TCF3	278106_S0_L001	91
TCF3	2781080_S30_L003	74
TCF3	2781090_S41_L003	79
TCF3	2792010_S0_L001	78
TCF3	2792020_S32_L003	82
TCF3	2792040_S0_L001	74
TCF3	2811610_S33_L003	74
TCF3	2811630_S35_L003	83
TCF3	2858490_S0_L001	78
TCF3	2858800_S38_L003	64
TCF3	2858810_S31_L003	76
TCF3	3013500_S34_L003	69
TCF3	3049380_S0_L001	71
TCF3	3049400_S39_L003	72
TCF3	3049430_S42_L003	74
TCF3	304944_S0_L001	69
TCF3	3049450_S36_L003	64
TCF3	304955_S0_L001	76
TCF3	313308_S0_L001	78
TCF3	m313309_S193	80
TCF3	m318978_S195	85
TCF3	m318979_S197	68
TCF3	m318986_S33	90
TCF3	m329861_S198	79
TCF3	m329865_S206	89
TCF3	m329883_S194	50
TCF3	m329885_S199	72
TCF3	m334087_S35	78
TCF3	m344001_S207	79
TCF3	m344004_S196	85
TCF3	m357484_S37	98
TCF3	m357486_S34	72
TCF3	m357488_S36	63
TCF3	m364088_S38	103
TCF4	2705010_S40_L003	59
TCF4	270502_S0_L001	70
TCF4	2781020_S37_L003	55
TCF4	278106_S0_L001	78
TCF4	2781080_S30_L003	63
TCF4	2781090_S41_L003	55
TCF4	2792010_S0_L001	67
TCF4	2792020_S32_L003	68
TCF4	2792040_S0_L001	56
TCF4	2811610_S33_L003	57
TCF4	2811630_S35_L003	52
TCF4	2858490_S0_L001	55
TCF4	2858800_S38_L003	53
TCF4	2858810_S31_L003	72
TCF4	3013500_S34_L003	56
TCF4	3049380_S0_L001	52
TCF4	3049400_S39_L003	57
TCF4	3049430_S42_L003	57
TCF4	304944_S0_L001	59
TCF4	3049450_S36_L003	60
TCF4	304955_S0_L001	61
TCF4	313308_S0_L001	65
TCF4	m313309_S193	57
TCF4	m318978_S195	75
TCF4	m318979_S197	51
TCF4	m318986_S33	64
TCF4	m329861_S198	53
TCF4	m329865_S206	63
TCF4	m329883_S194	47
TCF4	m329885_S199	62
TCF4	m334087_S35	59
TCF4	m344001_S207	62
TCF4	m344004_S196	79
TCF4	m357484_S37	85
TCF4	m357486_S34	62
TCF4	m357488_S36	52
TCF4	m364088_S38	75
TCF7	2705010_S40_L003	14
TCF7	270502_S0_L001	12
TCF7	2781020_S37_L003	11
TCF7	278106_S0_L001	16
TCF7	2781080_S30_L003	10
TCF7	2781090_S41_L003	17
TCF7	2792010_S0_L001	17
TCF7	2792020_S32_L003	16
TCF7	2792040_S0_L001	19
TCF7	2811610_S33_L003	13
TCF7	2811630_S35_L003	16
TCF7	2858490_S0_L001	11
TCF7	2858800_S38_L003	13
TCF7	2858810_S31_L003	12
TCF7	3013500_S34_L003	15
TCF7	3049380_S0_L001	12
TCF7	3049400_S39_L003	10
TCF7	3049430_S42_L003	14
TCF7	304944_S0_L001	12
TCF7	3049450_S36_L003	12
TCF7	304955_S0_L001	9
TCF7	313308_S0_L001	12
TCF7	m313309_S193	14
TCF7	m318978_S195	11
TCF7	m318979_S197	14
TCF7	m318986_S33	18
TCF7	m329861_S198	16
TCF7	m329865_S206	15
TCF7	m329883_S194	8
TCF7	m329885_S199	9
TCF7	m334087_S35	16
TCF7	m344001_S207	18
TCF7	m344004_S196	8
TCF7	m357484_S37	21
TCF7	m357486_S34	19
TCF7	m357488_S36	13
TCF7	m364088_S38	25
TCF7L1	2705010_S40_L003	16
TCF7L1	270502_S0_L001	7
TCF7L1	2781020_S37_L003	9
TCF7L1	278106_S0_L001	11
TCF7L1	2781080_S30_L003	4
TCF7L1	2781090_S41_L003	8
TCF7L1	2792010_S0_L001	15
TCF7L1	2792020_S32_L003	6
TCF7L1	2792040_S0_L001	10
TCF7L1	2811610_S33_L003	14
TCF7L1	2811630_S35_L003	11
TCF7L1	2858490_S0_L001	9
TCF7L1	2858800_S38_L003	6
TCF7L1	2858810_S31_L003	7
TCF7L1	3013500_S34_L003	8
TCF7L1	3049380_S0_L001	8
TCF7L1	3049400_S39_L003	8
TCF7L1	3049430_S42_L003	4
TCF7L1	304944_S0_L001	8
TCF7L1	3049450_S36_L003	9
TCF7L1	304955_S0_L001	8
TCF7L1	313308_S0_L001	14
TCF7L1	m313309_S193	10
TCF7L1	m318978_S195	9
TCF7L1	m318979_S197	10
TCF7L1	m318986_S33	13
TCF7L1	m329861_S198	4
TCF7L1	m329865_S206	11
TCF7L1	m329883_S194	9
TCF7L1	m329885_S199	9
TCF7L1	m334087_S35	10
TCF7L1	m344001_S207	13
TCF7L1	m344004_S196	6
TCF7L1	m357484_S37	14
TCF7L1	m357486_S34	11
TCF7L1	m357488_S36	15
TCF7L1	m364088_S38	13
TCF7L2	2705010_S40_L003	20
TCF7L2	270502_S0_L001	16
TCF7L2	2781020_S37_L003	15
TCF7L2	278106_S0_L001	15
TCF7L2	2781080_S30_L003	17
TCF7L2	2781090_S41_L003	19
TCF7L2	2792010_S0_L001	20
TCF7L2	2792020_S32_L003	23
TCF7L2	2792040_S0_L001	18
TCF7L2	2811610_S33_L003	22
TCF7L2	2811630_S35_L003	21
TCF7L2	2858490_S0_L001	14
TCF7L2	2858800_S38_L003	14
TCF7L2	2858810_S31_L003	20
TCF7L2	3013500_S34_L003	14
TCF7L2	3049380_S0_L001	18
TCF7L2	3049400_S39_L003	7
TCF7L2	3049430_S42_L003	16
TCF7L2	304944_S0_L001	13
TCF7L2	3049450_S36_L003	18
TCF7L2	304955_S0_L001	15
TCF7L2	313308_S0_L001	18
TCF7L2	m313309_S193	17
TCF7L2	m318978_S195	20
TCF7L2	m318979_S197	22
TCF7L2	m318986_S33	26
TCF7L2	m329861_S198	21
TCF7L2	m329865_S206	17
TCF7L2	m329883_S194	6
TCF7L2	m329885_S199	17
TCF7L2	m334087_S35	25
TCF7L2	m344001_S207	18
TCF7L2	m344004_S196	14
TCF7L2	m357484_S37	35
TCF7L2	m357486_S34	22
TCF7L2	m357488_S36	25
TCF7L2	m364088_S38	16
TCFL5	2705010_S40_L003	44
TCFL5	270502_S0_L001	61
TCFL5	2781020_S37_L003	53
TCFL5	278106_S0_L001	66
TCFL5	2781080_S30_L003	52
TCFL5	2781090_S41_L003	47
TCFL5	2792010_S0_L001	46
TCFL5	2792020_S32_L003	62
TCFL5	2792040_S0_L001	69
TCFL5	2811610_S33_L003	48
TCFL5	2811630_S35_L003	53
TCFL5	2858490_S0_L001	61
TCFL5	2858800_S38_L003	56
TCFL5	2858810_S31_L003	47
TCFL5	3013500_S34_L003	57
TCFL5	3049380_S0_L001	52
TCFL5	3049400_S39_L003	56
TCFL5	3049430_S42_L003	45
TCFL5	304944_S0_L001	59
TCFL5	3049450_S36_L003	64
TCFL5	304955_S0_L001	47
TCFL5	313308_S0_L001	57
TCFL5	m313309_S193	68
TCFL5	m318978_S195	73
TCFL5	m318979_S197	57
TCFL5	m318986_S33	65
TCFL5	m329861_S198	58
TCFL5	m329865_S206	75
TCFL5	m329883_S194	33
TCFL5	m329885_S199	53
TCFL5	m334087_S35	56
TCFL5	m344001_S207	57
TCFL5	m344004_S196	61
TCFL5	m357484_S37	65
TCFL5	m357486_S34	62
TCFL5	m357488_S36	57
TCFL5	m364088_S38	58
TEAD1	2705010_S40_L003	16
TEAD1	270502_S0_L001	18
TEAD1	2781020_S37_L003	15
TEAD1	278106_S0_L001	12
TEAD1	2781080_S30_L003	13
TEAD1	2781090_S41_L003	10
TEAD1	2792010_S0_L001	16
TEAD1	2792020_S32_L003	23
TEAD1	2792040_S0_L001	14
TEAD1	2811610_S33_L003	14
TEAD1	2811630_S35_L003	20
TEAD1	2858490_S0_L001	10
TEAD1	2858800_S38_L003	11
TEAD1	2858810_S31_L003	22
TEAD1	3013500_S34_L003	11
TEAD1	3049380_S0_L001	18
TEAD1	3049400_S39_L003	10
TEAD1	3049430_S42_L003	9
TEAD1	304944_S0_L001	13
TEAD1	3049450_S36_L003	16
TEAD1	304955_S0_L001	13
TEAD1	313308_S0_L001	21
TEAD1	m313309_S193	12
TEAD1	m318978_S195	15
TEAD1	m318979_S197	13
TEAD1	m318986_S33	12
TEAD1	m329861_S198	13
TEAD1	m329865_S206	22
TEAD1	m329883_S194	12
TEAD1	m329885_S199	15
TEAD1	m334087_S35	22
TEAD1	m344001_S207	13
TEAD1	m344004_S196	21
TEAD1	m357484_S37	25
TEAD1	m357486_S34	22
TEAD1	m357488_S36	18
TEAD1	m364088_S38	19
TEAD2	2705010_S40_L003	14
TEAD2	270502_S0_L001	16
TEAD2	2781020_S37_L003	18
TEAD2	278106_S0_L001	12
TEAD2	2781080_S30_L003	11
TEAD2	2781090_S41_L003	14
TEAD2	2792010_S0_L001	16
TEAD2	2792020_S32_L003	20
TEAD2	2792040_S0_L001	10
TEAD2	2811610_S33_L003	15
TEAD2	2811630_S35_L003	27
TEAD2	2858490_S0_L001	13
TEAD2	2858800_S38_L003	12
TEAD2	2858810_S31_L003	25
TEAD2	3013500_S34_L003	13
TEAD2	3049380_S0_L001	13
TEAD2	3049400_S39_L003	8
TEAD2	3049430_S42_L003	17
TEAD2	304944_S0_L001	19
TEAD2	3049450_S36_L003	20
TEAD2	304955_S0_L001	15
TEAD2	313308_S0_L001	21
TEAD2	m313309_S193	17
TEAD2	m318978_S195	19
TEAD2	m318979_S197	15
TEAD2	m318986_S33	17
TEAD2	m329861_S198	16
TEAD2	m329865_S206	27
TEAD2	m329883_S194	14
TEAD2	m329885_S199	15
TEAD2	m334087_S35	21
TEAD2	m344001_S207	11
TEAD2	m344004_S196	23
TEAD2	m357484_S37	20
TEAD2	m357486_S34	30
TEAD2	m357488_S36	18
TEAD2	m364088_S38	23
TEAD4	2705010_S40_L003	18
TEAD4	270502_S0_L001	23
TEAD4	2781020_S37_L003	18
TEAD4	278106_S0_L001	13
TEAD4	2781080_S30_L003	13
TEAD4	2781090_S41_L003	15
TEAD4	2792010_S0_L001	16
TEAD4	2792020_S32_L003	23
TEAD4	2792040_S0_L001	12
TEAD4	2811610_S33_L003	19
TEAD4	2811630_S35_L003	24
TEAD4	2858490_S0_L001	14
TEAD4	2858800_S38_L003	15
TEAD4	2858810_S31_L003	23
TEAD4	3013500_S34_L003	19
TEAD4	3049380_S0_L001	19
TEAD4	3049400_S39_L003	12
TEAD4	3049430_S42_L003	15
TEAD4	304944_S0_L001	17
TEAD4	3049450_S36_L003	19
TEAD4	304955_S0_L001	16
TEAD4	313308_S0_L001	18
TEAD4	m313309_S193	20
TEAD4	m318978_S195	22
TEAD4	m318979_S197	15
TEAD4	m318986_S33	13
TEAD4	m329861_S198	13
TEAD4	m329865_S206	23
TEAD4	m329883_S194	13
TEAD4	m329885_S199	14
TEAD4	m334087_S35	17
TEAD4	m344001_S207	16
TEAD4	m344004_S196	24
TEAD4	m357484_S37	28
TEAD4	m357486_S34	24
TEAD4	m357488_S36	16
TEAD4	m364088_S38	23
TEF	2705010_S40_L003	3
TEF	270502_S0_L001	7
TEF	2781020_S37_L003	2
TEF	278106_S0_L001	5
TEF	2781080_S30_L003	4
TEF	2781090_S41_L003	1
TEF	2792010_S0_L001	3
TEF	2792020_S32_L003	5
TEF	2792040_S0_L001	4
TEF	2811610_S33_L003	3
TEF	2811630_S35_L003	5
TEF	2858490_S0_L001	5
TEF	2858800_S38_L003	3
TEF	2858810_S31_L003	2
TEF	3013500_S34_L003	4
TEF	3049380_S0_L001	5
TEF	3049400_S39_L003	1
TEF	3049430_S42_L003	3
TEF	304944_S0_L001	3
TEF	3049450_S36_L003	3
TEF	304955_S0_L001	2
TEF	313308_S0_L001	7
TEF	m313309_S193	3
TEF	m318978_S195	1
TEF	m318979_S197	4
TEF	m318986_S33	3
TEF	m329861_S198	7
TEF	m329865_S206	3
TEF	m329883_S194	3
TEF	m329885_S199	3
TEF	m334087_S35	4
TEF	m344001_S207	3
TEF	m344004_S196	1
TEF	m357484_S37	6
TEF	m357486_S34	2
TEF	m357488_S36	2
TEF	m364088_S38	5
TFAP2A	2705010_S40_L003	106
TFAP2A	270502_S0_L001	133
TFAP2A	2781020_S37_L003	113
TFAP2A	278106_S0_L001	136
TFAP2A	2781080_S30_L003	119
TFAP2A	2781090_S41_L003	110
TFAP2A	2792010_S0_L001	125
TFAP2A	2792020_S32_L003	133
TFAP2A	2792040_S0_L001	136
TFAP2A	2811610_S33_L003	124
TFAP2A	2811630_S35_L003	116
TFAP2A	2858490_S0_L001	128
TFAP2A	2858800_S38_L003	114
TFAP2A	2858810_S31_L003	125
TFAP2A	3013500_S34_L003	108
TFAP2A	3049380_S0_L001	112
TFAP2A	3049400_S39_L003	108
TFAP2A	3049430_S42_L003	111
TFAP2A	304944_S0_L001	124
TFAP2A	3049450_S36_L003	126
TFAP2A	304955_S0_L001	140
TFAP2A	313308_S0_L001	142
TFAP2A	m313309_S193	108
TFAP2A	m318978_S195	145
TFAP2A	m318979_S197	127
TFAP2A	m318986_S33	127
TFAP2A	m329861_S198	134
TFAP2A	m329865_S206	128
TFAP2A	m329883_S194	73
TFAP2A	m329885_S199	123
TFAP2A	m334087_S35	130
TFAP2A	m344001_S207	97
TFAP2A	m344004_S196	127
TFAP2A	m357484_S37	147
TFAP2A	m357486_S34	138
TFAP2A	m357488_S36	127
TFAP2A	m364088_S38	161
TFAP2B	2705010_S40_L003	92
TFAP2B	270502_S0_L001	117
TFAP2B	2781020_S37_L003	109
TFAP2B	278106_S0_L001	128
TFAP2B	2781080_S30_L003	106
TFAP2B	2781090_S41_L003	93
TFAP2B	2792010_S0_L001	110
TFAP2B	2792020_S32_L003	119
TFAP2B	2792040_S0_L001	123
TFAP2B	2811610_S33_L003	114
TFAP2B	2811630_S35_L003	99
TFAP2B	2858490_S0_L001	112
TFAP2B	2858800_S38_L003	109
TFAP2B	2858810_S31_L003	109
TFAP2B	3013500_S34_L003	106
TFAP2B	3049380_S0_L001	96
TFAP2B	3049400_S39_L003	102
TFAP2B	3049430_S42_L003	100
TFAP2B	304944_S0_L001	107
TFAP2B	3049450_S36_L003	122
TFAP2B	304955_S0_L001	126
TFAP2B	313308_S0_L001	117
TFAP2B	m313309_S193	106
TFAP2B	m318978_S195	121
TFAP2B	m318979_S197	110
TFAP2B	m318986_S33	110
TFAP2B	m329861_S198	130
TFAP2B	m329865_S206	105
TFAP2B	m329883_S194	64
TFAP2B	m329885_S199	111
TFAP2B	m334087_S35	122
TFAP2B	m344001_S207	98
TFAP2B	m344004_S196	106
TFAP2B	m357484_S37	136
TFAP2B	m357486_S34	124
TFAP2B	m357488_S36	122
TFAP2B	m364088_S38	144
TFAP2C	2705010_S40_L003	109
TFAP2C	270502_S0_L001	136
TFAP2C	2781020_S37_L003	111
TFAP2C	278106_S0_L001	137
TFAP2C	2781080_S30_L003	127
TFAP2C	2781090_S41_L003	114
TFAP2C	2792010_S0_L001	124
TFAP2C	2792020_S32_L003	134
TFAP2C	2792040_S0_L001	134
TFAP2C	2811610_S33_L003	117
TFAP2C	2811630_S35_L003	117
TFAP2C	2858490_S0_L001	131
TFAP2C	2858800_S38_L003	109
TFAP2C	2858810_S31_L003	128
TFAP2C	3013500_S34_L003	101
TFAP2C	3049380_S0_L001	106
TFAP2C	3049400_S39_L003	104
TFAP2C	3049430_S42_L003	106
TFAP2C	304944_S0_L001	116
TFAP2C	3049450_S36_L003	127
TFAP2C	304955_S0_L001	141
TFAP2C	313308_S0_L001	140
TFAP2C	m313309_S193	108
TFAP2C	m318978_S195	142
TFAP2C	m318979_S197	126
TFAP2C	m318986_S33	129
TFAP2C	m329861_S198	137
TFAP2C	m329865_S206	122
TFAP2C	m329883_S194	81
TFAP2C	m329885_S199	133
TFAP2C	m334087_S35	131
TFAP2C	m344001_S207	103
TFAP2C	m344004_S196	132
TFAP2C	m357484_S37	157
TFAP2C	m357486_S34	136
TFAP2C	m357488_S36	135
TFAP2C	m364088_S38	166
TFAP2E	2705010_S40_L003	38
TFAP2E	270502_S0_L001	52
TFAP2E	2781020_S37_L003	43
TFAP2E	278106_S0_L001	65
TFAP2E	2781080_S30_L003	53
TFAP2E	2781090_S41_L003	46
TFAP2E	2792010_S0_L001	52
TFAP2E	2792020_S32_L003	50
TFAP2E	2792040_S0_L001	53
TFAP2E	2811610_S33_L003	52
TFAP2E	2811630_S35_L003	46
TFAP2E	2858490_S0_L001	52
TFAP2E	2858800_S38_L003	42
TFAP2E	2858810_S31_L003	61
TFAP2E	3013500_S34_L003	48
TFAP2E	3049380_S0_L001	41
TFAP2E	3049400_S39_L003	52
TFAP2E	3049430_S42_L003	42
TFAP2E	304944_S0_L001	47
TFAP2E	3049450_S36_L003	59
TFAP2E	304955_S0_L001	51
TFAP2E	313308_S0_L001	49
TFAP2E	m313309_S193	46
TFAP2E	m318978_S195	67
TFAP2E	m318979_S197	54
TFAP2E	m318986_S33	51
TFAP2E	m329861_S198	59
TFAP2E	m329865_S206	48
TFAP2E	m329883_S194	28
TFAP2E	m329885_S199	51
TFAP2E	m334087_S35	65
TFAP2E	m344001_S207	48
TFAP2E	m344004_S196	52
TFAP2E	m357484_S37	67
TFAP2E	m357486_S34	57
TFAP2E	m357488_S36	57
TFAP2E	m364088_S38	60
TFAP4	2705010_S40_L003	26
TFAP4	270502_S0_L001	28
TFAP4	2781020_S37_L003	28
TFAP4	278106_S0_L001	30
TFAP4	2781080_S30_L003	27
TFAP4	2781090_S41_L003	30
TFAP4	2792010_S0_L001	19
TFAP4	2792020_S32_L003	31
TFAP4	2792040_S0_L001	39
TFAP4	2811610_S33_L003	29
TFAP4	2811630_S35_L003	24
TFAP4	2858490_S0_L001	23
TFAP4	2858800_S38_L003	26
TFAP4	2858810_S31_L003	25
TFAP4	3013500_S34_L003	26
TFAP4	3049380_S0_L001	23
TFAP4	3049400_S39_L003	26
TFAP4	3049430_S42_L003	28
TFAP4	304944_S0_L001	19
TFAP4	3049450_S36_L003	27
TFAP4	304955_S0_L001	26
TFAP4	313308_S0_L001	35
TFAP4	m313309_S193	28
TFAP4	m318978_S195	24
TFAP4	m318979_S197	22
TFAP4	m318986_S33	33
TFAP4	m329861_S198	15
TFAP4	m329865_S206	32
TFAP4	m329883_S194	18
TFAP4	m329885_S199	22
TFAP4	m334087_S35	22
TFAP4	m344001_S207	30
TFAP4	m344004_S196	31
TFAP4	m357484_S37	37
TFAP4	m357486_S34	24
TFAP4	m357488_S36	27
TFAP4	m364088_S38	27
TFCP2	2705010_S40_L003	8
TFCP2	270502_S0_L001	4
TFCP2	2781020_S37_L003	7
TFCP2	278106_S0_L001	7
TFCP2	2781080_S30_L003	8
TFCP2	2781090_S41_L003	4
TFCP2	2792010_S0_L001	1
TFCP2	2792020_S32_L003	4
TFCP2	2792040_S0_L001	3
TFCP2	2811610_S33_L003	4
TFCP2	2811630_S35_L003	5
TFCP2	2858490_S0_L001	3
TFCP2	2858800_S38_L003	3
TFCP2	2858810_S31_L003	3
TFCP2	3013500_S34_L003	3
TFCP2	3049380_S0_L001	5
TFCP2	3049400_S39_L003	3
TFCP2	3049430_S42_L003	5
TFCP2	304944_S0_L001	5
TFCP2	3049450_S36_L003	6
TFCP2	304955_S0_L001	3
TFCP2	313308_S0_L001	8
TFCP2	m313309_S193	7
TFCP2	m318978_S195	7
TFCP2	m318979_S197	6
TFCP2	m318986_S33	4
TFCP2	m329861_S198	4
TFCP2	m329865_S206	4
TFCP2	m329883_S194	4
TFCP2	m329885_S199	3
TFCP2	m334087_S35	4
TFCP2	m344001_S207	3
TFCP2	m344004_S196	5
TFCP2	m357484_S37	11
TFCP2	m357486_S34	5
TFCP2	m357488_S36	9
TFCP2	m364088_S38	6
TFDP1	2705010_S40_L003	82
TFDP1	270502_S0_L001	86
TFDP1	2781020_S37_L003	86
TFDP1	278106_S0_L001	95
TFDP1	2781080_S30_L003	91
TFDP1	2781090_S41_L003	73
TFDP1	2792010_S0_L001	86
TFDP1	2792020_S32_L003	90
TFDP1	2792040_S0_L001	92
TFDP1	2811610_S33_L003	84
TFDP1	2811630_S35_L003	87
TFDP1	2858490_S0_L001	88
TFDP1	2858800_S38_L003	71
TFDP1	2858810_S31_L003	76
TFDP1	3013500_S34_L003	86
TFDP1	3049380_S0_L001	75
TFDP1	3049400_S39_L003	76
TFDP1	3049430_S42_L003	88
TFDP1	304944_S0_L001	81
TFDP1	3049450_S36_L003	90
TFDP1	304955_S0_L001	93
TFDP1	313308_S0_L001	95
TFDP1	m313309_S193	81
TFDP1	m318978_S195	103
TFDP1	m318979_S197	91
TFDP1	m318986_S33	99
TFDP1	m329861_S198	82
TFDP1	m329865_S206	82
TFDP1	m329883_S194	47
TFDP1	m329885_S199	86
TFDP1	m334087_S35	88
TFDP1	m344001_S207	75
TFDP1	m344004_S196	86
TFDP1	m357484_S37	104
TFDP1	m357486_S34	92
TFDP1	m357488_S36	95
TFDP1	m364088_S38	101
TFEB	2705010_S40_L003	18
TFEB	270502_S0_L001	22
TFEB	2781020_S37_L003	21
TFEB	278106_S0_L001	19
TFEB	2781080_S30_L003	18
TFEB	2781090_S41_L003	23
TFEB	2792010_S0_L001	9
TFEB	2792020_S32_L003	22
TFEB	2792040_S0_L001	19
TFEB	2811610_S33_L003	19
TFEB	2811630_S35_L003	19
TFEB	2858490_S0_L001	15
TFEB	2858800_S38_L003	16
TFEB	2858810_S31_L003	15
TFEB	3013500_S34_L003	19
TFEB	3049380_S0_L001	19
TFEB	3049400_S39_L003	19
TFEB	3049430_S42_L003	17
TFEB	304944_S0_L001	18
TFEB	3049450_S36_L003	17
TFEB	304955_S0_L001	18
TFEB	313308_S0_L001	23
TFEB	m313309_S193	21
TFEB	m318978_S195	25
TFEB	m318979_S197	16
TFEB	m318986_S33	23
TFEB	m329861_S198	13
TFEB	m329865_S206	23
TFEB	m329883_S194	6
TFEB	m329885_S199	19
TFEB	m334087_S35	26
TFEB	m344001_S207	22
TFEB	m344004_S196	17
TFEB	m357484_S37	24
TFEB	m357486_S34	26
TFEB	m357488_S36	23
TFEB	m364088_S38	29
TFEC	2705010_S40_L003	17
TFEC	270502_S0_L001	29
TFEC	2781020_S37_L003	22
TFEC	278106_S0_L001	22
TFEC	2781080_S30_L003	19
TFEC	2781090_S41_L003	22
TFEC	2792010_S0_L001	10
TFEC	2792020_S32_L003	23
TFEC	2792040_S0_L001	17
TFEC	2811610_S33_L003	16
TFEC	2811630_S35_L003	17
TFEC	2858490_S0_L001	18
TFEC	2858800_S38_L003	14
TFEC	2858810_S31_L003	17
TFEC	3013500_S34_L003	20
TFEC	3049380_S0_L001	25
TFEC	3049400_S39_L003	20
TFEC	3049430_S42_L003	18
TFEC	304944_S0_L001	19
TFEC	3049450_S36_L003	19
TFEC	304955_S0_L001	16
TFEC	313308_S0_L001	16
TFEC	m313309_S193	18
TFEC	m318978_S195	23
TFEC	m318979_S197	19
TFEC	m318986_S33	24
TFEC	m329861_S198	9
TFEC	m329865_S206	26
TFEC	m329883_S194	8
TFEC	m329885_S199	16
TFEC	m334087_S35	28
TFEC	m344001_S207	22
TFEC	m344004_S196	18
TFEC	m357484_S37	23
TFEC	m357486_S34	21
TFEC	m357488_S36	28
TFEC	m364088_S38	23
TGIF1	2705010_S40_L003	1
TGIF1	2781090_S41_L003	1
TGIF1	3013500_S34_L003	2
TGIF1	3049400_S39_L003	1
TGIF1	m313309_S193	1
TGIF1	m329861_S198	1
TGIF1	m329865_S206	1
TGIF1	m329883_S194	1
TGIF1	m329885_S199	1
TGIF1	m334087_S35	1
TGIF1	m357484_S37	1
TGIF1	m357486_S34	1
TGIF1	m357488_S36	1
TGIF1	m364088_S38	2
TGIF2	2705010_S40_L003	3
TGIF2	270502_S0_L001	3
TGIF2	2781020_S37_L003	4
TGIF2	278106_S0_L001	4
TGIF2	2781080_S30_L003	4
TGIF2	2781090_S41_L003	6
TGIF2	2792010_S0_L001	5
TGIF2	2792020_S32_L003	5
TGIF2	2792040_S0_L001	3
TGIF2	2811610_S33_L003	1
TGIF2	2811630_S35_L003	3
TGIF2	2858490_S0_L001	4
TGIF2	2858800_S38_L003	3
TGIF2	2858810_S31_L003	4
TGIF2	3013500_S34_L003	6
TGIF2	3049380_S0_L001	3
TGIF2	3049400_S39_L003	5
TGIF2	3049430_S42_L003	4
TGIF2	304944_S0_L001	4
TGIF2	3049450_S36_L003	8
TGIF2	304955_S0_L001	4
TGIF2	313308_S0_L001	4
TGIF2	m313309_S193	5
TGIF2	m318978_S195	3
TGIF2	m318979_S197	3
TGIF2	m318986_S33	4
TGIF2	m329861_S198	3
TGIF2	m329865_S206	4
TGIF2	m329883_S194	1
TGIF2	m329885_S199	1
TGIF2	m334087_S35	8
TGIF2	m344001_S207	6
TGIF2	m344004_S196	3
TGIF2	m357484_S37	8
TGIF2	m357486_S34	6
TGIF2	m357488_S36	11
TGIF2	m364088_S38	7
TGIF2LX	2705010_S40_L003	6
TGIF2LX	270502_S0_L001	6
TGIF2LX	2781020_S37_L003	8
TGIF2LX	278106_S0_L001	7
TGIF2LX	2781080_S30_L003	6
TGIF2LX	2781090_S41_L003	8
TGIF2LX	2792010_S0_L001	10
TGIF2LX	2792020_S32_L003	9
TGIF2LX	2792040_S0_L001	6
TGIF2LX	2811610_S33_L003	4
TGIF2LX	2811630_S35_L003	9
TGIF2LX	2858490_S0_L001	8
TGIF2LX	2858800_S38_L003	6
TGIF2LX	2858810_S31_L003	5
TGIF2LX	3013500_S34_L003	9
TGIF2LX	3049380_S0_L001	5
TGIF2LX	3049400_S39_L003	6
TGIF2LX	3049430_S42_L003	8
TGIF2LX	304944_S0_L001	4
TGIF2LX	3049450_S36_L003	8
TGIF2LX	304955_S0_L001	7
TGIF2LX	313308_S0_L001	6
TGIF2LX	m313309_S193	9
TGIF2LX	m318978_S195	6
TGIF2LX	m318979_S197	5
TGIF2LX	m318986_S33	8
TGIF2LX	m329861_S198	3
TGIF2LX	m329865_S206	10
TGIF2LX	m329883_S194	5
TGIF2LX	m329885_S199	6
TGIF2LX	m334087_S35	11
TGIF2LX	m344001_S207	10
TGIF2LX	m344004_S196	7
TGIF2LX	m357484_S37	17
TGIF2LX	m357486_S34	7
TGIF2LX	m357488_S36	13
TGIF2LX	m364088_S38	10
TGIF2LY	2705010_S40_L003	8
TGIF2LY	270502_S0_L001	6
TGIF2LY	2781020_S37_L003	8
TGIF2LY	278106_S0_L001	7
TGIF2LY	2781080_S30_L003	8
TGIF2LY	2781090_S41_L003	9
TGIF2LY	2792010_S0_L001	10
TGIF2LY	2792020_S32_L003	12
TGIF2LY	2792040_S0_L001	7
TGIF2LY	2811610_S33_L003	6
TGIF2LY	2811630_S35_L003	10
TGIF2LY	2858490_S0_L001	8
TGIF2LY	2858800_S38_L003	9
TGIF2LY	2858810_S31_L003	5
TGIF2LY	3013500_S34_L003	9
TGIF2LY	3049380_S0_L001	6
TGIF2LY	3049400_S39_L003	7
TGIF2LY	3049430_S42_L003	12
TGIF2LY	304944_S0_L001	5
TGIF2LY	3049450_S36_L003	10
TGIF2LY	304955_S0_L001	9
TGIF2LY	313308_S0_L001	7
TGIF2LY	m313309_S193	11
TGIF2LY	m318978_S195	9
TGIF2LY	m318979_S197	6
TGIF2LY	m318986_S33	11
TGIF2LY	m329861_S198	5
TGIF2LY	m329865_S206	11
TGIF2LY	m329883_S194	4
TGIF2LY	m329885_S199	8
TGIF2LY	m334087_S35	11
TGIF2LY	m344001_S207	9
TGIF2LY	m344004_S196	9
TGIF2LY	m357484_S37	17
TGIF2LY	m357486_S34	10
TGIF2LY	m357488_S36	15
TGIF2LY	m364088_S38	12
THAP11	2705010_S40_L003	11
THAP11	270502_S0_L001	7
THAP11	2781020_S37_L003	5
THAP11	278106_S0_L001	6
THAP11	2781080_S30_L003	8
THAP11	2781090_S41_L003	5
THAP11	2792010_S0_L001	5
THAP11	2792020_S32_L003	5
THAP11	2792040_S0_L001	9
THAP11	2811610_S33_L003	9
THAP11	2811630_S35_L003	6
THAP11	2858490_S0_L001	7
THAP11	2858800_S38_L003	7
THAP11	2858810_S31_L003	5
THAP11	3013500_S34_L003	4
THAP11	3049380_S0_L001	4
THAP11	3049400_S39_L003	3
THAP11	3049430_S42_L003	9
THAP11	304944_S0_L001	8
THAP11	3049450_S36_L003	9
THAP11	304955_S0_L001	2
THAP11	313308_S0_L001	7
THAP11	m313309_S193	7
THAP11	m318978_S195	8
THAP11	m318979_S197	5
THAP11	m318986_S33	10
THAP11	m329861_S198	9
THAP11	m329865_S206	9
THAP11	m329883_S194	3
THAP11	m329885_S199	5
THAP11	m334087_S35	8
THAP11	m344001_S207	6
THAP11	m344004_S196	9
THAP11	m357484_S37	8
THAP11	m357486_S34	6
THAP11	m357488_S36	7
THAP11	m364088_S38	11
THRB	2705010_S40_L003	15
THRB	270502_S0_L001	19
THRB	2781020_S37_L003	20
THRB	278106_S0_L001	30
THRB	2781080_S30_L003	17
THRB	2781090_S41_L003	19
THRB	2792010_S0_L001	15
THRB	2792020_S32_L003	15
THRB	2792040_S0_L001	25
THRB	2811610_S33_L003	24
THRB	2811630_S35_L003	22
THRB	2858490_S0_L001	25
THRB	2858800_S38_L003	16
THRB	2858810_S31_L003	17
THRB	3013500_S34_L003	24
THRB	3049380_S0_L001	11
THRB	3049400_S39_L003	13
THRB	3049430_S42_L003	13
THRB	304944_S0_L001	13
THRB	3049450_S36_L003	15
THRB	304955_S0_L001	22
THRB	313308_S0_L001	31
THRB	m313309_S193	18
THRB	m318978_S195	19
THRB	m318979_S197	29
THRB	m318986_S33	19
THRB	m329861_S198	21
THRB	m329865_S206	19
THRB	m329883_S194	9
THRB	m329885_S199	16
THRB	m334087_S35	19
THRB	m344001_S207	16
THRB	m344004_S196	20
THRB	m357484_S37	29
THRB	m357486_S34	20
THRB	m357488_S36	25
THRB	m364088_S38	23
TLX1	2705010_S40_L003	13
TLX1	270502_S0_L001	15
TLX1	2781020_S37_L003	12
TLX1	278106_S0_L001	15
TLX1	2781080_S30_L003	13
TLX1	2781090_S41_L003	12
TLX1	2792010_S0_L001	11
TLX1	2792020_S32_L003	6
TLX1	2792040_S0_L001	16
TLX1	2811610_S33_L003	12
TLX1	2811630_S35_L003	14
TLX1	2858490_S0_L001	10
TLX1	2858800_S38_L003	13
TLX1	2858810_S31_L003	14
TLX1	3013500_S34_L003	10
TLX1	3049380_S0_L001	14
TLX1	3049400_S39_L003	12
TLX1	3049430_S42_L003	8
TLX1	304944_S0_L001	12
TLX1	3049450_S36_L003	11
TLX1	304955_S0_L001	13
TLX1	313308_S0_L001	15
TLX1	m313309_S193	13
TLX1	m318978_S195	18
TLX1	m318979_S197	12
TLX1	m318986_S33	13
TLX1	m329861_S198	10
TLX1	m329865_S206	13
TLX1	m329883_S194	10
TLX1	m329885_S199	12
TLX1	m334087_S35	16
TLX1	m344001_S207	13
TLX1	m344004_S196	9
TLX1	m357484_S37	17
TLX1	m357486_S34	12
TLX1	m357488_S36	14
TLX1	m364088_S38	16
TP53	2705010_S40_L003	4
TP53	270502_S0_L001	2
TP53	2781020_S37_L003	4
TP53	278106_S0_L001	3
TP53	2781080_S30_L003	2
TP53	2781090_S41_L003	7
TP53	2792010_S0_L001	2
TP53	2792020_S32_L003	2
TP53	2792040_S0_L001	2
TP53	2811610_S33_L003	4
TP53	2811630_S35_L003	2
TP53	2858490_S0_L001	5
TP53	2858800_S38_L003	1
TP53	2858810_S31_L003	3
TP53	3049380_S0_L001	1
TP53	3049400_S39_L003	4
TP53	3049430_S42_L003	4
TP53	304944_S0_L001	2
TP53	3049450_S36_L003	3
TP53	304955_S0_L001	1
TP53	313308_S0_L001	4
TP53	m313309_S193	1
TP53	m318978_S195	2
TP53	m318979_S197	3
TP53	m318986_S33	4
TP53	m329861_S198	3
TP53	m329865_S206	1
TP53	m329883_S194	2
TP53	m329885_S199	3
TP53	m334087_S35	3
TP53	m344001_S207	1
TP53	m344004_S196	3
TP53	m357484_S37	6
TP53	m357486_S34	4
TP53	m357488_S36	3
TP53	m364088_S38	3
TP63	2781020_S37_L003	1
TP63	278106_S0_L001	1
TP63	2792010_S0_L001	1
TP63	2792020_S32_L003	1
TP63	2811610_S33_L003	1
TP63	2858490_S0_L001	2
TP63	2858800_S38_L003	1
TP63	2858810_S31_L003	1
TP63	3049400_S39_L003	1
TP63	313308_S0_L001	2
TP63	m318978_S195	1
TP63	m318986_S33	1
TP63	m329861_S198	1
TP63	m329865_S206	1
TP63	m329885_S199	1
TP63	m344004_S196	1
TP63	m357484_S37	2
TP63	m357486_S34	1
TP73	2705010_S40_L003	6
TP73	270502_S0_L001	4
TP73	2781020_S37_L003	6
TP73	278106_S0_L001	3
TP73	2781080_S30_L003	3
TP73	2781090_S41_L003	6
TP73	2792010_S0_L001	5
TP73	2792020_S32_L003	3
TP73	2792040_S0_L001	4
TP73	2811610_S33_L003	5
TP73	2811630_S35_L003	4
TP73	2858490_S0_L001	6
TP73	2858800_S38_L003	2
TP73	2858810_S31_L003	5
TP73	3049380_S0_L001	5
TP73	3049400_S39_L003	3
TP73	3049430_S42_L003	4
TP73	304944_S0_L001	4
TP73	3049450_S36_L003	3
TP73	313308_S0_L001	7
TP73	m313309_S193	1
TP73	m318978_S195	3
TP73	m318979_S197	1
TP73	m318986_S33	4
TP73	m329861_S198	4
TP73	m329865_S206	2
TP73	m329883_S194	2
TP73	m329885_S199	2
TP73	m334087_S35	5
TP73	m344001_S207	1
TP73	m344004_S196	3
TP73	m357484_S37	9
TP73	m357486_S34	4
TP73	m357488_S36	2
TP73	m364088_S38	7
TWIST1	2705010_S40_L003	31
TWIST1	270502_S0_L001	25
TWIST1	2781020_S37_L003	20
TWIST1	278106_S0_L001	31
TWIST1	2781080_S30_L003	22
TWIST1	2781090_S41_L003	16
TWIST1	2792010_S0_L001	25
TWIST1	2792020_S32_L003	24
TWIST1	2792040_S0_L001	18
TWIST1	2811610_S33_L003	23
TWIST1	2811630_S35_L003	25
TWIST1	2858490_S0_L001	21
TWIST1	2858800_S38_L003	26
TWIST1	2858810_S31_L003	18
TWIST1	3013500_S34_L003	21
TWIST1	3049380_S0_L001	16
TWIST1	3049400_S39_L003	24
TWIST1	3049430_S42_L003	25
TWIST1	304944_S0_L001	24
TWIST1	3049450_S36_L003	15
TWIST1	304955_S0_L001	20
TWIST1	313308_S0_L001	22
TWIST1	m313309_S193	22
TWIST1	m318978_S195	23
TWIST1	m318979_S197	20
TWIST1	m318986_S33	31
TWIST1	m329861_S198	27
TWIST1	m329865_S206	29
TWIST1	m329883_S194	19
TWIST1	m329885_S199	26
TWIST1	m334087_S35	32
TWIST1	m344001_S207	22
TWIST1	m344004_S196	26
TWIST1	m357484_S37	22
TWIST1	m357486_S34	26
TWIST1	m357488_S36	32
TWIST1	m364088_S38	28
Tcf12	2705010_S40_L003	50
Tcf12	270502_S0_L001	63
Tcf12	2781020_S37_L003	51
Tcf12	278106_S0_L001	79
Tcf12	2781080_S30_L003	55
Tcf12	2781090_S41_L003	48
Tcf12	2792010_S0_L001	52
Tcf12	2792020_S32_L003	69
Tcf12	2792040_S0_L001	71
Tcf12	2811610_S33_L003	54
Tcf12	2811630_S35_L003	46
Tcf12	2858490_S0_L001	49
Tcf12	2858800_S38_L003	48
Tcf12	2858810_S31_L003	52
Tcf12	3013500_S34_L003	57
Tcf12	3049380_S0_L001	48
Tcf12	3049400_S39_L003	55
Tcf12	3049430_S42_L003	54
Tcf12	304944_S0_L001	46
Tcf12	3049450_S36_L003	54
Tcf12	304955_S0_L001	70
Tcf12	313308_S0_L001	69
Tcf12	m313309_S193	57
Tcf12	m318978_S195	52
Tcf12	m318979_S197	64
Tcf12	m318986_S33	62
Tcf12	m329861_S198	52
Tcf12	m329865_S206	62
Tcf12	m329883_S194	44
Tcf12	m329885_S199	52
Tcf12	m334087_S35	63
Tcf12	m344001_S207	63
Tcf12	m344004_S196	72
Tcf12	m357484_S37	78
Tcf12	m357486_S34	56
Tcf12	m357488_S36	46
Tcf12	m364088_S38	68
Tcf21	2705010_S40_L003	5
Tcf21	270502_S0_L001	5
Tcf21	2781020_S37_L003	5
Tcf21	278106_S0_L001	5
Tcf21	2781080_S30_L003	3
Tcf21	2781090_S41_L003	4
Tcf21	2792010_S0_L001	4
Tcf21	2792020_S32_L003	3
Tcf21	2792040_S0_L001	6
Tcf21	2811610_S33_L003	5
Tcf21	2811630_S35_L003	7
Tcf21	2858490_S0_L001	3
Tcf21	2858800_S38_L003	2
Tcf21	2858810_S31_L003	3
Tcf21	3013500_S34_L003	2
Tcf21	3049380_S0_L001	1
Tcf21	3049400_S39_L003	4
Tcf21	3049430_S42_L003	2
Tcf21	304944_S0_L001	2
Tcf21	3049450_S36_L003	2
Tcf21	304955_S0_L001	6
Tcf21	313308_S0_L001	5
Tcf21	m313309_S193	2
Tcf21	m318978_S195	1
Tcf21	m318979_S197	4
Tcf21	m318986_S33	3
Tcf21	m329861_S198	2
Tcf21	m329865_S206	4
Tcf21	m329883_S194	4
Tcf21	m329885_S199	3
Tcf21	m334087_S35	1
Tcf21	m344001_S207	3
Tcf21	m344004_S196	1
Tcf21	m357484_S37	7
Tcf21	m357486_S34	5
Tcf21	m357488_S36	6
Tcf21	m364088_S38	2
Tcf3	2705010_S40_L003	18
Tcf3	270502_S0_L001	24
Tcf3	2781020_S37_L003	24
Tcf3	278106_S0_L001	32
Tcf3	2781080_S30_L003	19
Tcf3	2781090_S41_L003	26
Tcf3	2792010_S0_L001	28
Tcf3	2792020_S32_L003	24
Tcf3	2792040_S0_L001	32
Tcf3	2811610_S33_L003	19
Tcf3	2811630_S35_L003	20
Tcf3	2858490_S0_L001	20
Tcf3	2858800_S38_L003	23
Tcf3	2858810_S31_L003	31
Tcf3	3013500_S34_L003	17
Tcf3	3049380_S0_L001	21
Tcf3	3049400_S39_L003	28
Tcf3	3049430_S42_L003	21
Tcf3	304944_S0_L001	20
Tcf3	3049450_S36_L003	25
Tcf3	304955_S0_L001	23
Tcf3	313308_S0_L001	24
Tcf3	m313309_S193	27
Tcf3	m318978_S195	34
Tcf3	m318979_S197	34
Tcf3	m318986_S33	32
Tcf3	m329861_S198	22
Tcf3	m329865_S206	18
Tcf3	m329883_S194	16
Tcf3	m329885_S199	28
Tcf3	m334087_S35	20
Tcf3	m344001_S207	22
Tcf3	m344004_S196	23
Tcf3	m357484_S37	32
Tcf3	m357486_S34	31
Tcf3	m357488_S36	30
Tcf3	m364088_S38	26
Twist2	2705010_S40_L003	9
Twist2	270502_S0_L001	9
Twist2	2781020_S37_L003	8
Twist2	278106_S0_L001	4
Twist2	2781080_S30_L003	10
Twist2	2781090_S41_L003	6
Twist2	2792010_S0_L001	6
Twist2	2792020_S32_L003	5
Twist2	2792040_S0_L001	7
Twist2	2811610_S33_L003	8
Twist2	2811630_S35_L003	10
Twist2	2858490_S0_L001	10
Twist2	2858800_S38_L003	6
Twist2	2858810_S31_L003	7
Twist2	3013500_S34_L003	7
Twist2	3049380_S0_L001	9
Twist2	3049400_S39_L003	7
Twist2	3049430_S42_L003	10
Twist2	304944_S0_L001	7
Twist2	3049450_S36_L003	9
Twist2	304955_S0_L001	10
Twist2	313308_S0_L001	10
Twist2	m313309_S193	8
Twist2	m318978_S195	10
Twist2	m318979_S197	9
Twist2	m318986_S33	11
Twist2	m329861_S198	6
Twist2	m329865_S206	7
Twist2	m329883_S194	5
Twist2	m329885_S199	11
Twist2	m334087_S35	10
Twist2	m344001_S207	11
Twist2	m344004_S196	10
Twist2	m357484_S37	16
Twist2	m357486_S34	14
Twist2	m357488_S36	15
Twist2	m364088_S38	14
USF1	2705010_S40_L003	15
USF1	270502_S0_L001	17
USF1	2781020_S37_L003	21
USF1	278106_S0_L001	17
USF1	2781080_S30_L003	12
USF1	2781090_S41_L003	18
USF1	2792010_S0_L001	10
USF1	2792020_S32_L003	20
USF1	2792040_S0_L001	14
USF1	2811610_S33_L003	13
USF1	2811630_S35_L003	25
USF1	2858490_S0_L001	7
USF1	2858800_S38_L003	13
USF1	2858810_S31_L003	11
USF1	3013500_S34_L003	12
USF1	3049380_S0_L001	10
USF1	3049400_S39_L003	17
USF1	3049430_S42_L003	15
USF1	304944_S0_L001	13
USF1	3049450_S36_L003	10
USF1	304955_S0_L001	12
USF1	313308_S0_L001	21
USF1	m313309_S193	7
USF1	m318978_S195	21
USF1	m318979_S197	13
USF1	m318986_S33	23
USF1	m329861_S198	14
USF1	m329865_S206	22
USF1	m329883_S194	8
USF1	m329885_S199	12
USF1	m334087_S35	23
USF1	m344001_S207	10
USF1	m344004_S196	11
USF1	m357484_S37	14
USF1	m357486_S34	14
USF1	m357488_S36	18
USF1	m364088_S38	28
USF2	2705010_S40_L003	15
USF2	270502_S0_L001	14
USF2	2781020_S37_L003	21
USF2	278106_S0_L001	16
USF2	2781080_S30_L003	10
USF2	2781090_S41_L003	18
USF2	2792010_S0_L001	11
USF2	2792020_S32_L003	21
USF2	2792040_S0_L001	12
USF2	2811610_S33_L003	14
USF2	2811630_S35_L003	27
USF2	2858490_S0_L001	7
USF2	2858800_S38_L003	13
USF2	2858810_S31_L003	15
USF2	3013500_S34_L003	13
USF2	3049380_S0_L001	10
USF2	3049400_S39_L003	17
USF2	3049430_S42_L003	16
USF2	304944_S0_L001	11
USF2	3049450_S36_L003	11
USF2	304955_S0_L001	11
USF2	313308_S0_L001	22
USF2	m313309_S193	7
USF2	m318978_S195	22
USF2	m318979_S197	13
USF2	m318986_S33	22
USF2	m329861_S198	15
USF2	m329865_S206	24
USF2	m329883_S194	8
USF2	m329885_S199	10
USF2	m334087_S35	23
USF2	m344001_S207	12
USF2	m344004_S196	14
USF2	m357484_S37	14
USF2	m357486_S34	16
USF2	m357488_S36	20
USF2	m364088_S38	29
VDR	2705010_S40_L003	2
VDR	270502_S0_L001	8
VDR	278106_S0_L001	5
VDR	2781080_S30_L003	5
VDR	2781090_S41_L003	3
VDR	2792010_S0_L001	4
VDR	2792020_S32_L003	3
VDR	2792040_S0_L001	6
VDR	2811610_S33_L003	2
VDR	2811630_S35_L003	2
VDR	2858490_S0_L001	2
VDR	2858800_S38_L003	5
VDR	2858810_S31_L003	4
VDR	3013500_S34_L003	3
VDR	3049380_S0_L001	3
VDR	3049400_S39_L003	3
VDR	3049430_S42_L003	5
VDR	304944_S0_L001	7
VDR	3049450_S36_L003	3
VDR	304955_S0_L001	4
VDR	313308_S0_L001	6
VDR	m313309_S193	5
VDR	m318978_S195	2
VDR	m318979_S197	4
VDR	m318986_S33	4
VDR	m329861_S198	2
VDR	m329865_S206	3
VDR	m329883_S194	1
VDR	m329885_S199	8
VDR	m334087_S35	7
VDR	m344001_S207	4
VDR	m344004_S196	5
VDR	m357484_S37	11
VDR	m357486_S34	5
VDR	m357488_S36	3
VDR	m364088_S38	8
VEZF1	2705010_S40_L003	30
VEZF1	270502_S0_L001	50
VEZF1	2781020_S37_L003	33
VEZF1	278106_S0_L001	50
VEZF1	2781080_S30_L003	34
VEZF1	2781090_S41_L003	28
VEZF1	2792010_S0_L001	44
VEZF1	2792020_S32_L003	32
VEZF1	2792040_S0_L001	32
VEZF1	2811610_S33_L003	32
VEZF1	2811630_S35_L003	30
VEZF1	2858490_S0_L001	26
VEZF1	2858800_S38_L003	31
VEZF1	2858810_S31_L003	27
VEZF1	3013500_S34_L003	23
VEZF1	3049380_S0_L001	40
VEZF1	3049400_S39_L003	23
VEZF1	3049430_S42_L003	33
VEZF1	304944_S0_L001	35
VEZF1	3049450_S36_L003	34
VEZF1	304955_S0_L001	47
VEZF1	313308_S0_L001	43
VEZF1	m313309_S193	36
VEZF1	m318978_S195	38
VEZF1	m318979_S197	43
VEZF1	m318986_S33	46
VEZF1	m329861_S198	51
VEZF1	m329865_S206	31
VEZF1	m329883_S194	17
VEZF1	m329885_S199	43
VEZF1	m334087_S35	48
VEZF1	m344001_S207	31
VEZF1	m344004_S196	50
VEZF1	m357484_S37	58
VEZF1	m357486_S34	51
VEZF1	m357488_S36	39
VEZF1	m364088_S38	49
Wt1	2705010_S40_L003	143
Wt1	270502_S0_L001	145
Wt1	2781020_S37_L003	138
Wt1	278106_S0_L001	144
Wt1	2781080_S30_L003	130
Wt1	2781090_S41_L003	123
Wt1	2792010_S0_L001	120
Wt1	2792020_S32_L003	127
Wt1	2792040_S0_L001	152
Wt1	2811610_S33_L003	127
Wt1	2811630_S35_L003	135
Wt1	2858490_S0_L001	141
Wt1	2858800_S38_L003	119
Wt1	2858810_S31_L003	136
Wt1	3013500_S34_L003	127
Wt1	3049380_S0_L001	113
Wt1	3049400_S39_L003	123
Wt1	3049430_S42_L003	116
Wt1	304944_S0_L001	124
Wt1	3049450_S36_L003	137
Wt1	304955_S0_L001	141
Wt1	313308_S0_L001	157
Wt1	m313309_S193	143
Wt1	m318978_S195	136
Wt1	m318979_S197	141
Wt1	m318986_S33	139
Wt1	m329861_S198	143
Wt1	m329865_S206	133
Wt1	m329883_S194	88
Wt1	m329885_S199	122
Wt1	m334087_S35	142
Wt1	m344001_S207	120
Wt1	m344004_S196	139
Wt1	m357484_S37	173
Wt1	m357486_S34	153
Wt1	m357488_S36	143
Wt1	m364088_S38	173
XBP1	2705010_S40_L003	4
XBP1	270502_S0_L001	3
XBP1	2781020_S37_L003	8
XBP1	278106_S0_L001	6
XBP1	2781080_S30_L003	8
XBP1	2781090_S41_L003	7
XBP1	2792010_S0_L001	9
XBP1	2792020_S32_L003	5
XBP1	2792040_S0_L001	6
XBP1	2811610_S33_L003	8
XBP1	2811630_S35_L003	5
XBP1	2858490_S0_L001	6
XBP1	2858800_S38_L003	9
XBP1	2858810_S31_L003	5
XBP1	3013500_S34_L003	6
XBP1	3049380_S0_L001	7
XBP1	3049400_S39_L003	7
XBP1	3049430_S42_L003	9
XBP1	304944_S0_L001	4
XBP1	3049450_S36_L003	6
XBP1	313308_S0_L001	5
XBP1	m313309_S193	7
XBP1	m318978_S195	5
XBP1	m318979_S197	3
XBP1	m318986_S33	7
XBP1	m329861_S198	5
XBP1	m329865_S206	6
XBP1	m329883_S194	3
XBP1	m329885_S199	7
XBP1	m334087_S35	9
XBP1	m344001_S207	7
XBP1	m344004_S196	5
XBP1	m357484_S37	5
XBP1	m357486_S34	4
XBP1	m357488_S36	7
XBP1	m364088_S38	10
YY1	2705010_S40_L003	16
YY1	270502_S0_L001	26
YY1	2781020_S37_L003	17
YY1	278106_S0_L001	20
YY1	2781080_S30_L003	29
YY1	2781090_S41_L003	20
YY1	2792010_S0_L001	21
YY1	2792020_S32_L003	26
YY1	2792040_S0_L001	35
YY1	2811610_S33_L003	26
YY1	2811630_S35_L003	20
YY1	2858490_S0_L001	26
YY1	2858800_S38_L003	26
YY1	2858810_S31_L003	22
YY1	3013500_S34_L003	20
YY1	3049380_S0_L001	15
YY1	3049400_S39_L003	24
YY1	3049430_S42_L003	28
YY1	304944_S0_L001	24
YY1	3049450_S36_L003	27
YY1	304955_S0_L001	25
YY1	313308_S0_L001	37
YY1	m313309_S193	25
YY1	m318978_S195	18
YY1	m318979_S197	30
YY1	m318986_S33	35
YY1	m329861_S198	32
YY1	m329865_S206	22
YY1	m329883_S194	23
YY1	m329885_S199	28
YY1	m334087_S35	32
YY1	m344001_S207	25
YY1	m344004_S196	23
YY1	m357484_S37	32
YY1	m357486_S34	28
YY1	m357488_S36	25
YY1	m364088_S38	30
YY2	2705010_S40_L003	33
YY2	270502_S0_L001	40
YY2	2781020_S37_L003	34
YY2	278106_S0_L001	39
YY2	2781080_S30_L003	45
YY2	2781090_S41_L003	36
YY2	2792010_S0_L001	31
YY2	2792020_S32_L003	35
YY2	2792040_S0_L001	59
YY2	2811610_S33_L003	35
YY2	2811630_S35_L003	36
YY2	2858490_S0_L001	36
YY2	2858800_S38_L003	31
YY2	2858810_S31_L003	33
YY2	3013500_S34_L003	41
YY2	3049380_S0_L001	36
YY2	3049400_S39_L003	31
YY2	3049430_S42_L003	42
YY2	304944_S0_L001	41
YY2	3049450_S36_L003	43
YY2	304955_S0_L001	38
YY2	313308_S0_L001	41
YY2	m313309_S193	41
YY2	m318978_S195	49
YY2	m318979_S197	38
YY2	m318986_S33	44
YY2	m329861_S198	49
YY2	m329865_S206	40
YY2	m329883_S194	33
YY2	m329885_S199	52
YY2	m334087_S35	46
YY2	m344001_S207	43
YY2	m344004_S196	41
YY2	m357484_S37	57
YY2	m357486_S34	43
YY2	m357488_S36	34
YY2	m364088_S38	53
ZBED1	2705010_S40_L003	1
ZBED1	278106_S0_L001	1
ZBED1	2792020_S32_L003	1
ZBED1	2792040_S0_L001	1
ZBED1	2811610_S33_L003	1
ZBED1	2811630_S35_L003	1
ZBED1	2858490_S0_L001	1
ZBED1	2858800_S38_L003	1
ZBED1	2858810_S31_L003	1
ZBED1	3049380_S0_L001	1
ZBED1	304944_S0_L001	1
ZBED1	304955_S0_L001	1
ZBED1	313308_S0_L001	1
ZBED1	m318978_S195	1
ZBED1	m318986_S33	1
ZBED1	m329865_S206	1
ZBED1	m344001_S207	1
ZBED1	m344004_S196	1
ZBED1	m357484_S37	1
ZBED1	m357486_S34	1
ZBED1	m357488_S36	2
ZBTB12	2705010_S40_L003	21
ZBTB12	270502_S0_L001	16
ZBTB12	2781020_S37_L003	25
ZBTB12	278106_S0_L001	26
ZBTB12	2781080_S30_L003	12
ZBTB12	2781090_S41_L003	12
ZBTB12	2792010_S0_L001	17
ZBTB12	2792020_S32_L003	13
ZBTB12	2792040_S0_L001	16
ZBTB12	2811610_S33_L003	17
ZBTB12	2811630_S35_L003	22
ZBTB12	2858490_S0_L001	11
ZBTB12	2858800_S38_L003	15
ZBTB12	2858810_S31_L003	19
ZBTB12	3013500_S34_L003	12
ZBTB12	3049380_S0_L001	13
ZBTB12	3049400_S39_L003	9
ZBTB12	3049430_S42_L003	12
ZBTB12	304944_S0_L001	15
ZBTB12	3049450_S36_L003	15
ZBTB12	304955_S0_L001	18
ZBTB12	313308_S0_L001	25
ZBTB12	m313309_S193	13
ZBTB12	m318978_S195	20
ZBTB12	m318979_S197	14
ZBTB12	m318986_S33	17
ZBTB12	m329861_S198	17
ZBTB12	m329865_S206	14
ZBTB12	m329883_S194	8
ZBTB12	m329885_S199	15
ZBTB12	m334087_S35	18
ZBTB12	m344001_S207	11
ZBTB12	m344004_S196	23
ZBTB12	m357484_S37	23
ZBTB12	m357486_S34	21
ZBTB12	m357488_S36	13
ZBTB12	m364088_S38	21
ZBTB14	2705010_S40_L003	82
ZBTB14	270502_S0_L001	87
ZBTB14	2781020_S37_L003	85
ZBTB14	278106_S0_L001	87
ZBTB14	2781080_S30_L003	75
ZBTB14	2781090_S41_L003	79
ZBTB14	2792010_S0_L001	84
ZBTB14	2792020_S32_L003	84
ZBTB14	2792040_S0_L001	87
ZBTB14	2811610_S33_L003	75
ZBTB14	2811630_S35_L003	71
ZBTB14	2858490_S0_L001	75
ZBTB14	2858800_S38_L003	72
ZBTB14	2858810_S31_L003	79
ZBTB14	3013500_S34_L003	71
ZBTB14	3049380_S0_L001	60
ZBTB14	3049400_S39_L003	80
ZBTB14	3049430_S42_L003	84
ZBTB14	304944_S0_L001	74
ZBTB14	3049450_S36_L003	79
ZBTB14	304955_S0_L001	74
ZBTB14	313308_S0_L001	86
ZBTB14	m313309_S193	86
ZBTB14	m318978_S195	87
ZBTB14	m318979_S197	93
ZBTB14	m318986_S33	91
ZBTB14	m329861_S198	89
ZBTB14	m329865_S206	93
ZBTB14	m329883_S194	50
ZBTB14	m329885_S199	83
ZBTB14	m334087_S35	74
ZBTB14	m344001_S207	77
ZBTB14	m344004_S196	87
ZBTB14	m357484_S37	99
ZBTB14	m357486_S34	91
ZBTB14	m357488_S36	77
ZBTB14	m364088_S38	100
ZBTB18	2705010_S40_L003	19
ZBTB18	270502_S0_L001	20
ZBTB18	2781020_S37_L003	12
ZBTB18	278106_S0_L001	25
ZBTB18	2781080_S30_L003	16
ZBTB18	2781090_S41_L003	15
ZBTB18	2792010_S0_L001	18
ZBTB18	2792020_S32_L003	17
ZBTB18	2792040_S0_L001	11
ZBTB18	2811610_S33_L003	18
ZBTB18	2811630_S35_L003	11
ZBTB18	2858490_S0_L001	13
ZBTB18	2858800_S38_L003	18
ZBTB18	2858810_S31_L003	12
ZBTB18	3013500_S34_L003	12
ZBTB18	3049380_S0_L001	9
ZBTB18	3049400_S39_L003	13
ZBTB18	3049430_S42_L003	16
ZBTB18	304944_S0_L001	14
ZBTB18	3049450_S36_L003	11
ZBTB18	304955_S0_L001	17
ZBTB18	313308_S0_L001	17
ZBTB18	m313309_S193	14
ZBTB18	m318978_S195	14
ZBTB18	m318979_S197	11
ZBTB18	m318986_S33	18
ZBTB18	m329861_S198	10
ZBTB18	m329865_S206	18
ZBTB18	m329883_S194	11
ZBTB18	m329885_S199	11
ZBTB18	m334087_S35	15
ZBTB18	m344001_S207	11
ZBTB18	m344004_S196	18
ZBTB18	m357484_S37	15
ZBTB18	m357486_S34	19
ZBTB18	m357488_S36	11
ZBTB18	m364088_S38	12
ZBTB26	2705010_S40_L003	21
ZBTB26	270502_S0_L001	19
ZBTB26	2781020_S37_L003	26
ZBTB26	278106_S0_L001	27
ZBTB26	2781080_S30_L003	20
ZBTB26	2781090_S41_L003	20
ZBTB26	2792010_S0_L001	16
ZBTB26	2792020_S32_L003	21
ZBTB26	2792040_S0_L001	30
ZBTB26	2811610_S33_L003	19
ZBTB26	2811630_S35_L003	20
ZBTB26	2858490_S0_L001	16
ZBTB26	2858800_S38_L003	20
ZBTB26	2858810_S31_L003	14
ZBTB26	3013500_S34_L003	14
ZBTB26	3049380_S0_L001	29
ZBTB26	3049400_S39_L003	24
ZBTB26	3049430_S42_L003	20
ZBTB26	304944_S0_L001	17
ZBTB26	3049450_S36_L003	25
ZBTB26	304955_S0_L001	16
ZBTB26	313308_S0_L001	18
ZBTB26	m313309_S193	21
ZBTB26	m318978_S195	31
ZBTB26	m318979_S197	25
ZBTB26	m318986_S33	25
ZBTB26	m329861_S198	18
ZBTB26	m329865_S206	23
ZBTB26	m329883_S194	16
ZBTB26	m329885_S199	24
ZBTB26	m334087_S35	25
ZBTB26	m344001_S207	20
ZBTB26	m344004_S196	17
ZBTB26	m357484_S37	38
ZBTB26	m357486_S34	27
ZBTB26	m357488_S36	21
ZBTB26	m364088_S38	30
ZBTB32	2705010_S40_L003	10
ZBTB32	270502_S0_L001	6
ZBTB32	2781020_S37_L003	9
ZBTB32	278106_S0_L001	10
ZBTB32	2781080_S30_L003	7
ZBTB32	2781090_S41_L003	8
ZBTB32	2792010_S0_L001	7
ZBTB32	2792020_S32_L003	15
ZBTB32	2792040_S0_L001	10
ZBTB32	2811610_S33_L003	9
ZBTB32	2811630_S35_L003	9
ZBTB32	2858490_S0_L001	13
ZBTB32	2858800_S38_L003	7
ZBTB32	2858810_S31_L003	11
ZBTB32	3013500_S34_L003	9
ZBTB32	3049380_S0_L001	7
ZBTB32	3049400_S39_L003	9
ZBTB32	3049430_S42_L003	13
ZBTB32	304944_S0_L001	3
ZBTB32	3049450_S36_L003	9
ZBTB32	304955_S0_L001	6
ZBTB32	313308_S0_L001	8
ZBTB32	m313309_S193	7
ZBTB32	m318978_S195	12
ZBTB32	m318979_S197	5
ZBTB32	m318986_S33	13
ZBTB32	m329861_S198	4
ZBTB32	m329865_S206	12
ZBTB32	m329883_S194	3
ZBTB32	m329885_S199	10
ZBTB32	m334087_S35	11
ZBTB32	m344001_S207	4
ZBTB32	m344004_S196	4
ZBTB32	m357484_S37	14
ZBTB32	m357486_S34	9
ZBTB32	m357488_S36	12
ZBTB32	m364088_S38	9
ZBTB33	2705010_S40_L003	23
ZBTB33	270502_S0_L001	16
ZBTB33	2781020_S37_L003	15
ZBTB33	278106_S0_L001	24
ZBTB33	2781080_S30_L003	21
ZBTB33	2781090_S41_L003	16
ZBTB33	2792010_S0_L001	20
ZBTB33	2792020_S32_L003	17
ZBTB33	2792040_S0_L001	21
ZBTB33	2811610_S33_L003	12
ZBTB33	2811630_S35_L003	20
ZBTB33	2858490_S0_L001	15
ZBTB33	2858800_S38_L003	21
ZBTB33	2858810_S31_L003	10
ZBTB33	3013500_S34_L003	13
ZBTB33	3049380_S0_L001	7
ZBTB33	3049400_S39_L003	17
ZBTB33	3049430_S42_L003	15
ZBTB33	304944_S0_L001	15
ZBTB33	3049450_S36_L003	20
ZBTB33	304955_S0_L001	16
ZBTB33	313308_S0_L001	18
ZBTB33	m313309_S193	13
ZBTB33	m318978_S195	10
ZBTB33	m318979_S197	21
ZBTB33	m318986_S33	11
ZBTB33	m329861_S198	16
ZBTB33	m329865_S206	15
ZBTB33	m329883_S194	11
ZBTB33	m329885_S199	18
ZBTB33	m334087_S35	16
ZBTB33	m344001_S207	16
ZBTB33	m344004_S196	14
ZBTB33	m357484_S37	23
ZBTB33	m357486_S34	19
ZBTB33	m357488_S36	15
ZBTB33	m364088_S38	20
ZBTB6	2705010_S40_L003	38
ZBTB6	270502_S0_L001	41
ZBTB6	2781020_S37_L003	38
ZBTB6	278106_S0_L001	45
ZBTB6	2781080_S30_L003	44
ZBTB6	2781090_S41_L003	40
ZBTB6	2792010_S0_L001	38
ZBTB6	2792020_S32_L003	43
ZBTB6	2792040_S0_L001	38
ZBTB6	2811610_S33_L003	39
ZBTB6	2811630_S35_L003	49
ZBTB6	2858490_S0_L001	39
ZBTB6	2858800_S38_L003	44
ZBTB6	2858810_S31_L003	45
ZBTB6	3013500_S34_L003	31
ZBTB6	3049380_S0_L001	43
ZBTB6	3049400_S39_L003	34
ZBTB6	3049430_S42_L003	24
ZBTB6	304944_S0_L001	38
ZBTB6	3049450_S36_L003	44
ZBTB6	304955_S0_L001	46
ZBTB6	313308_S0_L001	46
ZBTB6	m313309_S193	40
ZBTB6	m318978_S195	38
ZBTB6	m318979_S197	42
ZBTB6	m318986_S33	38
ZBTB6	m329861_S198	43
ZBTB6	m329865_S206	32
ZBTB6	m329883_S194	28
ZBTB6	m329885_S199	51
ZBTB6	m334087_S35	60
ZBTB6	m344001_S207	42
ZBTB6	m344004_S196	39
ZBTB6	m357484_S37	71
ZBTB6	m357486_S34	50
ZBTB6	m357488_S36	47
ZBTB6	m364088_S38	54
ZBTB7A	2705010_S40_L003	53
ZBTB7A	270502_S0_L001	55
ZBTB7A	2781020_S37_L003	55
ZBTB7A	278106_S0_L001	54
ZBTB7A	2781080_S30_L003	52
ZBTB7A	2781090_S41_L003	47
ZBTB7A	2792010_S0_L001	52
ZBTB7A	2792020_S32_L003	63
ZBTB7A	2792040_S0_L001	79
ZBTB7A	2811610_S33_L003	58
ZBTB7A	2811630_S35_L003	41
ZBTB7A	2858490_S0_L001	54
ZBTB7A	2858800_S38_L003	46
ZBTB7A	2858810_S31_L003	50
ZBTB7A	3013500_S34_L003	43
ZBTB7A	3049380_S0_L001	48
ZBTB7A	3049400_S39_L003	46
ZBTB7A	3049430_S42_L003	53
ZBTB7A	304944_S0_L001	52
ZBTB7A	3049450_S36_L003	45
ZBTB7A	304955_S0_L001	60
ZBTB7A	313308_S0_L001	62
ZBTB7A	m313309_S193	49
ZBTB7A	m318978_S195	65
ZBTB7A	m318979_S197	40
ZBTB7A	m318986_S33	52
ZBTB7A	m329861_S198	61
ZBTB7A	m329865_S206	54
ZBTB7A	m329883_S194	30
ZBTB7A	m329885_S199	56
ZBTB7A	m334087_S35	65
ZBTB7A	m344001_S207	51
ZBTB7A	m344004_S196	59
ZBTB7A	m357484_S37	71
ZBTB7A	m357486_S34	56
ZBTB7A	m357488_S36	61
ZBTB7A	m364088_S38	78
ZBTB7B	2705010_S40_L003	36
ZBTB7B	270502_S0_L001	27
ZBTB7B	2781020_S37_L003	15
ZBTB7B	278106_S0_L001	22
ZBTB7B	2781080_S30_L003	18
ZBTB7B	2781090_S41_L003	26
ZBTB7B	2792010_S0_L001	24
ZBTB7B	2792020_S32_L003	31
ZBTB7B	2792040_S0_L001	33
ZBTB7B	2811610_S33_L003	19
ZBTB7B	2811630_S35_L003	27
ZBTB7B	2858490_S0_L001	21
ZBTB7B	2858800_S38_L003	22
ZBTB7B	2858810_S31_L003	26
ZBTB7B	3013500_S34_L003	21
ZBTB7B	3049380_S0_L001	16
ZBTB7B	3049400_S39_L003	12
ZBTB7B	3049430_S42_L003	21
ZBTB7B	304944_S0_L001	18
ZBTB7B	3049450_S36_L003	18
ZBTB7B	304955_S0_L001	25
ZBTB7B	313308_S0_L001	36
ZBTB7B	m313309_S193	25
ZBTB7B	m318978_S195	23
ZBTB7B	m318979_S197	30
ZBTB7B	m318986_S33	34
ZBTB7B	m329861_S198	26
ZBTB7B	m329865_S206	29
ZBTB7B	m329883_S194	10
ZBTB7B	m329885_S199	18
ZBTB7B	m334087_S35	28
ZBTB7B	m344001_S207	19
ZBTB7B	m344004_S196	30
ZBTB7B	m357484_S37	39
ZBTB7B	m357486_S34	33
ZBTB7B	m357488_S36	24
ZBTB7B	m364088_S38	38
ZBTB7C	2705010_S40_L003	32
ZBTB7C	270502_S0_L001	37
ZBTB7C	2781020_S37_L003	15
ZBTB7C	278106_S0_L001	23
ZBTB7C	2781080_S30_L003	22
ZBTB7C	2781090_S41_L003	30
ZBTB7C	2792010_S0_L001	22
ZBTB7C	2792020_S32_L003	28
ZBTB7C	2792040_S0_L001	33
ZBTB7C	2811610_S33_L003	22
ZBTB7C	2811630_S35_L003	28
ZBTB7C	2858490_S0_L001	18
ZBTB7C	2858800_S38_L003	27
ZBTB7C	2858810_S31_L003	27
ZBTB7C	3013500_S34_L003	19
ZBTB7C	3049380_S0_L001	18
ZBTB7C	3049400_S39_L003	14
ZBTB7C	3049430_S42_L003	22
ZBTB7C	304944_S0_L001	20
ZBTB7C	3049450_S36_L003	21
ZBTB7C	304955_S0_L001	33
ZBTB7C	313308_S0_L001	37
ZBTB7C	m313309_S193	34
ZBTB7C	m318978_S195	22
ZBTB7C	m318979_S197	35
ZBTB7C	m318986_S33	32
ZBTB7C	m329861_S198	25
ZBTB7C	m329865_S206	29
ZBTB7C	m329883_S194	12
ZBTB7C	m329885_S199	22
ZBTB7C	m334087_S35	27
ZBTB7C	m344001_S207	20
ZBTB7C	m344004_S196	26
ZBTB7C	m357484_S37	40
ZBTB7C	m357486_S34	32
ZBTB7C	m357488_S36	34
ZBTB7C	m364088_S38	32
ZEB1	2705010_S40_L003	78
ZEB1	270502_S0_L001	81
ZEB1	2781020_S37_L003	69
ZEB1	278106_S0_L001	92
ZEB1	2781080_S30_L003	84
ZEB1	2781090_S41_L003	68
ZEB1	2792010_S0_L001	81
ZEB1	2792020_S32_L003	86
ZEB1	2792040_S0_L001	81
ZEB1	2811610_S33_L003	78
ZEB1	2811630_S35_L003	75
ZEB1	2858490_S0_L001	75
ZEB1	2858800_S38_L003	68
ZEB1	2858810_S31_L003	76
ZEB1	3013500_S34_L003	69
ZEB1	3049380_S0_L001	77
ZEB1	3049400_S39_L003	67
ZEB1	3049430_S42_L003	73
ZEB1	304944_S0_L001	66
ZEB1	3049450_S36_L003	74
ZEB1	304955_S0_L001	73
ZEB1	313308_S0_L001	82
ZEB1	m313309_S193	63
ZEB1	m318978_S195	88
ZEB1	m318979_S197	69
ZEB1	m318986_S33	70
ZEB1	m329861_S198	75
ZEB1	m329865_S206	87
ZEB1	m329883_S194	50
ZEB1	m329885_S199	72
ZEB1	m334087_S35	77
ZEB1	m344001_S207	79
ZEB1	m344004_S196	87
ZEB1	m357484_S37	95
ZEB1	m357486_S34	79
ZEB1	m357488_S36	58
ZEB1	m364088_S38	95
ZFP57	2705010_S40_L003	13
ZFP57	270502_S0_L001	11
ZFP57	2781020_S37_L003	12
ZFP57	278106_S0_L001	16
ZFP57	2781080_S30_L003	13
ZFP57	2781090_S41_L003	9
ZFP57	2792010_S0_L001	14
ZFP57	2792020_S32_L003	5
ZFP57	2792040_S0_L001	16
ZFP57	2811610_S33_L003	6
ZFP57	2811630_S35_L003	7
ZFP57	2858490_S0_L001	8
ZFP57	2858800_S38_L003	5
ZFP57	2858810_S31_L003	9
ZFP57	3013500_S34_L003	12
ZFP57	3049380_S0_L001	10
ZFP57	3049400_S39_L003	10
ZFP57	3049430_S42_L003	12
ZFP57	304944_S0_L001	16
ZFP57	3049450_S36_L003	12
ZFP57	304955_S0_L001	13
ZFP57	313308_S0_L001	4
ZFP57	m313309_S193	14
ZFP57	m318978_S195	10
ZFP57	m318979_S197	8
ZFP57	m318986_S33	12
ZFP57	m329861_S198	7
ZFP57	m329865_S206	16
ZFP57	m329883_S194	4
ZFP57	m329885_S199	14
ZFP57	m334087_S35	15
ZFP57	m344001_S207	10
ZFP57	m344004_S196	8
ZFP57	m357484_S37	12
ZFP57	m357486_S34	10
ZFP57	m357488_S36	14
ZFP57	m364088_S38	16
ZIC1	2705010_S40_L003	15
ZIC1	270502_S0_L001	13
ZIC1	2781020_S37_L003	13
ZIC1	278106_S0_L001	17
ZIC1	2781080_S30_L003	10
ZIC1	2781090_S41_L003	11
ZIC1	2792010_S0_L001	17
ZIC1	2792020_S32_L003	11
ZIC1	2792040_S0_L001	16
ZIC1	2811610_S33_L003	8
ZIC1	2811630_S35_L003	12
ZIC1	2858490_S0_L001	5
ZIC1	2858800_S38_L003	10
ZIC1	2858810_S31_L003	11
ZIC1	3013500_S34_L003	7
ZIC1	3049380_S0_L001	11
ZIC1	3049400_S39_L003	9
ZIC1	3049430_S42_L003	6
ZIC1	304944_S0_L001	14
ZIC1	3049450_S36_L003	9
ZIC1	304955_S0_L001	18
ZIC1	313308_S0_L001	13
ZIC1	m313309_S193	9
ZIC1	m318978_S195	8
ZIC1	m318979_S197	8
ZIC1	m318986_S33	12
ZIC1	m329861_S198	13
ZIC1	m329865_S206	12
ZIC1	m329883_S194	8
ZIC1	m329885_S199	22
ZIC1	m334087_S35	10
ZIC1	m344001_S207	7
ZIC1	m344004_S196	17
ZIC1	m357484_S37	20
ZIC1	m357486_S34	7
ZIC1	m357488_S36	15
ZIC1	m364088_S38	16
ZIC3	2705010_S40_L003	25
ZIC3	270502_S0_L001	28
ZIC3	2781020_S37_L003	21
ZIC3	278106_S0_L001	28
ZIC3	2781080_S30_L003	24
ZIC3	2781090_S41_L003	27
ZIC3	2792010_S0_L001	31
ZIC3	2792020_S32_L003	22
ZIC3	2792040_S0_L001	30
ZIC3	2811610_S33_L003	19
ZIC3	2811630_S35_L003	28
ZIC3	2858490_S0_L001	15
ZIC3	2858800_S38_L003	19
ZIC3	2858810_S31_L003	18
ZIC3	3013500_S34_L003	20
ZIC3	3049380_S0_L001	17
ZIC3	3049400_S39_L003	22
ZIC3	3049430_S42_L003	18
ZIC3	304944_S0_L001	24
ZIC3	3049450_S36_L003	17
ZIC3	304955_S0_L001	33
ZIC3	313308_S0_L001	18
ZIC3	m313309_S193	22
ZIC3	m318978_S195	30
ZIC3	m318979_S197	23
ZIC3	m318986_S33	38
ZIC3	m329861_S198	31
ZIC3	m329865_S206	23
ZIC3	m329883_S194	12
ZIC3	m329885_S199	32
ZIC3	m334087_S35	19
ZIC3	m344001_S207	23
ZIC3	m344004_S196	29
ZIC3	m357484_S37	39
ZIC3	m357486_S34	25
ZIC3	m357488_S36	23
ZIC3	m364088_S38	36
ZIC4	2705010_S40_L003	42
ZIC4	270502_S0_L001	49
ZIC4	2781020_S37_L003	41
ZIC4	278106_S0_L001	56
ZIC4	2781080_S30_L003	50
ZIC4	2781090_S41_L003	42
ZIC4	2792010_S0_L001	52
ZIC4	2792020_S32_L003	43
ZIC4	2792040_S0_L001	50
ZIC4	2811610_S33_L003	45
ZIC4	2811630_S35_L003	44
ZIC4	2858490_S0_L001	38
ZIC4	2858800_S38_L003	47
ZIC4	2858810_S31_L003	36
ZIC4	3013500_S34_L003	38
ZIC4	3049380_S0_L001	46
ZIC4	3049400_S39_L003	32
ZIC4	3049430_S42_L003	45
ZIC4	304944_S0_L001	47
ZIC4	3049450_S36_L003	40
ZIC4	304955_S0_L001	56
ZIC4	313308_S0_L001	51
ZIC4	m313309_S193	38
ZIC4	m318978_S195	52
ZIC4	m318979_S197	54
ZIC4	m318986_S33	66
ZIC4	m329861_S198	53
ZIC4	m329865_S206	50
ZIC4	m329883_S194	25
ZIC4	m329885_S199	61
ZIC4	m334087_S35	42
ZIC4	m344001_S207	41
ZIC4	m344004_S196	49
ZIC4	m357484_S37	70
ZIC4	m357486_S34	48
ZIC4	m357488_S36	40
ZIC4	m364088_S38	64
ZIC5	2705010_S40_L003	14
ZIC5	270502_S0_L001	17
ZIC5	2781020_S37_L003	14
ZIC5	278106_S0_L001	17
ZIC5	2781080_S30_L003	15
ZIC5	2781090_S41_L003	14
ZIC5	2792010_S0_L001	20
ZIC5	2792020_S32_L003	11
ZIC5	2792040_S0_L001	13
ZIC5	2811610_S33_L003	9
ZIC5	2811630_S35_L003	13
ZIC5	2858490_S0_L001	5
ZIC5	2858800_S38_L003	15
ZIC5	2858810_S31_L003	13
ZIC5	3013500_S34_L003	9
ZIC5	3049380_S0_L001	10
ZIC5	3049400_S39_L003	8
ZIC5	3049430_S42_L003	13
ZIC5	304944_S0_L001	16
ZIC5	3049450_S36_L003	8
ZIC5	304955_S0_L001	20
ZIC5	313308_S0_L001	17
ZIC5	m313309_S193	12
ZIC5	m318978_S195	14
ZIC5	m318979_S197	11
ZIC5	m318986_S33	19
ZIC5	m329861_S198	19
ZIC5	m329865_S206	14
ZIC5	m329883_S194	7
ZIC5	m329885_S199	19
ZIC5	m334087_S35	16
ZIC5	m344001_S207	11
ZIC5	m344004_S196	15
ZIC5	m357484_S37	20
ZIC5	m357486_S34	13
ZIC5	m357488_S36	12
ZIC5	m364088_S38	20
ZKSCAN1	2705010_S40_L003	15
ZKSCAN1	270502_S0_L001	13
ZKSCAN1	2781020_S37_L003	11
ZKSCAN1	278106_S0_L001	19
ZKSCAN1	2781080_S30_L003	14
ZKSCAN1	2781090_S41_L003	13
ZKSCAN1	2792010_S0_L001	15
ZKSCAN1	2792020_S32_L003	13
ZKSCAN1	2792040_S0_L001	18
ZKSCAN1	2811610_S33_L003	11
ZKSCAN1	2811630_S35_L003	19
ZKSCAN1	2858490_S0_L001	17
ZKSCAN1	2858800_S38_L003	18
ZKSCAN1	2858810_S31_L003	14
ZKSCAN1	3013500_S34_L003	13
ZKSCAN1	3049380_S0_L001	15
ZKSCAN1	3049400_S39_L003	14
ZKSCAN1	3049430_S42_L003	11
ZKSCAN1	304944_S0_L001	9
ZKSCAN1	3049450_S36_L003	17
ZKSCAN1	304955_S0_L001	12
ZKSCAN1	313308_S0_L001	17
ZKSCAN1	m313309_S193	13
ZKSCAN1	m318978_S195	14
ZKSCAN1	m318979_S197	15
ZKSCAN1	m318986_S33	17
ZKSCAN1	m329861_S198	18
ZKSCAN1	m329865_S206	12
ZKSCAN1	m329883_S194	15
ZKSCAN1	m329885_S199	13
ZKSCAN1	m334087_S35	17
ZKSCAN1	m344001_S207	7
ZKSCAN1	m344004_S196	16
ZKSCAN1	m357484_S37	21
ZKSCAN1	m357486_S34	10
ZKSCAN1	m357488_S36	17
ZKSCAN1	m364088_S38	16
ZKSCAN5	2705010_S40_L003	78
ZKSCAN5	270502_S0_L001	75
ZKSCAN5	2781020_S37_L003	75
ZKSCAN5	278106_S0_L001	94
ZKSCAN5	2781080_S30_L003	81
ZKSCAN5	2781090_S41_L003	72
ZKSCAN5	2792010_S0_L001	77
ZKSCAN5	2792020_S32_L003	74
ZKSCAN5	2792040_S0_L001	103
ZKSCAN5	2811610_S33_L003	79
ZKSCAN5	2811630_S35_L003	73
ZKSCAN5	2858490_S0_L001	70
ZKSCAN5	2858800_S38_L003	63
ZKSCAN5	2858810_S31_L003	72
ZKSCAN5	3013500_S34_L003	76
ZKSCAN5	3049380_S0_L001	84
ZKSCAN5	3049400_S39_L003	78
ZKSCAN5	3049430_S42_L003	60
ZKSCAN5	304944_S0_L001	76
ZKSCAN5	3049450_S36_L003	84
ZKSCAN5	304955_S0_L001	71
ZKSCAN5	313308_S0_L001	79
ZKSCAN5	m313309_S193	78
ZKSCAN5	m318978_S195	75
ZKSCAN5	m318979_S197	67
ZKSCAN5	m318986_S33	98
ZKSCAN5	m329861_S198	72
ZKSCAN5	m329865_S206	79
ZKSCAN5	m329883_S194	49
ZKSCAN5	m329885_S199	80
ZKSCAN5	m334087_S35	86
ZKSCAN5	m344001_S207	81
ZKSCAN5	m344004_S196	90
ZKSCAN5	m357484_S37	101
ZKSCAN5	m357486_S34	87
ZKSCAN5	m357488_S36	81
ZKSCAN5	m364088_S38	116
ZNF135	2705010_S40_L003	24
ZNF135	270502_S0_L001	34
ZNF135	2781020_S37_L003	33
ZNF135	278106_S0_L001	36
ZNF135	2781080_S30_L003	23
ZNF135	2781090_S41_L003	20
ZNF135	2792010_S0_L001	33
ZNF135	2792020_S32_L003	25
ZNF135	2792040_S0_L001	38
ZNF135	2811610_S33_L003	28
ZNF135	2811630_S35_L003	38
ZNF135	2858490_S0_L001	31
ZNF135	2858800_S38_L003	25
ZNF135	2858810_S31_L003	29
ZNF135	3013500_S34_L003	28
ZNF135	3049380_S0_L001	24
ZNF135	3049400_S39_L003	24
ZNF135	3049430_S42_L003	24
ZNF135	304944_S0_L001	22
ZNF135	3049450_S36_L003	30
ZNF135	304955_S0_L001	27
ZNF135	313308_S0_L001	38
ZNF135	m313309_S193	26
ZNF135	m318978_S195	26
ZNF135	m318979_S197	24
ZNF135	m318986_S33	31
ZNF135	m329861_S198	28
ZNF135	m329865_S206	27
ZNF135	m329883_S194	13
ZNF135	m329885_S199	28
ZNF135	m334087_S35	31
ZNF135	m344001_S207	18
ZNF135	m344004_S196	24
ZNF135	m357484_S37	45
ZNF135	m357486_S34	44
ZNF135	m357488_S36	30
ZNF135	m364088_S38	48
ZNF136	2705010_S40_L003	5
ZNF136	270502_S0_L001	3
ZNF136	2781020_S37_L003	5
ZNF136	278106_S0_L001	3
ZNF136	2781080_S30_L003	1
ZNF136	2781090_S41_L003	1
ZNF136	2792010_S0_L001	4
ZNF136	2792020_S32_L003	5
ZNF136	2792040_S0_L001	2
ZNF136	2811610_S33_L003	2
ZNF136	2811630_S35_L003	3
ZNF136	2858490_S0_L001	4
ZNF136	2858800_S38_L003	6
ZNF136	2858810_S31_L003	5
ZNF136	3013500_S34_L003	3
ZNF136	3049380_S0_L001	5
ZNF136	3049400_S39_L003	8
ZNF136	3049430_S42_L003	4
ZNF136	304944_S0_L001	3
ZNF136	3049450_S36_L003	4
ZNF136	304955_S0_L001	3
ZNF136	313308_S0_L001	6
ZNF136	m313309_S193	2
ZNF136	m318978_S195	2
ZNF136	m318979_S197	3
ZNF136	m318986_S33	6
ZNF136	m329861_S198	4
ZNF136	m329865_S206	2
ZNF136	m329883_S194	1
ZNF136	m334087_S35	3
ZNF136	m344001_S207	6
ZNF136	m344004_S196	7
ZNF136	m357484_S37	1
ZNF136	m357486_S34	4
ZNF136	m357488_S36	4
ZNF136	m364088_S38	4
ZNF143	2705010_S40_L003	2
ZNF143	270502_S0_L001	4
ZNF143	278106_S0_L001	1
ZNF143	2781080_S30_L003	2
ZNF143	2781090_S41_L003	1
ZNF143	2792010_S0_L001	3
ZNF143	2792040_S0_L001	3
ZNF143	2811610_S33_L003	2
ZNF143	2858490_S0_L001	1
ZNF143	2858800_S38_L003	3
ZNF143	2858810_S31_L003	2
ZNF143	3013500_S34_L003	2
ZNF143	3049380_S0_L001	2
ZNF143	3049400_S39_L003	5
ZNF143	3049430_S42_L003	3
ZNF143	304944_S0_L001	2
ZNF143	3049450_S36_L003	2
ZNF143	304955_S0_L001	1
ZNF143	313308_S0_L001	4
ZNF143	m313309_S193	1
ZNF143	m318978_S195	1
ZNF143	m329861_S198	2
ZNF143	m329865_S206	2
ZNF143	m329883_S194	1
ZNF143	m329885_S199	2
ZNF143	m334087_S35	3
ZNF143	m344004_S196	2
ZNF143	m357484_S37	5
ZNF143	m357486_S34	1
ZNF143	m357488_S36	5
ZNF143	m364088_S38	3
ZNF148	2705010_S40_L003	188
ZNF148	270502_S0_L001	196
ZNF148	2781020_S37_L003	205
ZNF148	278106_S0_L001	207
ZNF148	2781080_S30_L003	189
ZNF148	2781090_S41_L003	192
ZNF148	2792010_S0_L001	191
ZNF148	2792020_S32_L003	208
ZNF148	2792040_S0_L001	231
ZNF148	2811610_S33_L003	209
ZNF148	2811630_S35_L003	192
ZNF148	2858490_S0_L001	201
ZNF148	2858800_S38_L003	171
ZNF148	2858810_S31_L003	198
ZNF148	3013500_S34_L003	188
ZNF148	3049380_S0_L001	192
ZNF148	3049400_S39_L003	188
ZNF148	3049430_S42_L003	188
ZNF148	304944_S0_L001	198
ZNF148	3049450_S36_L003	203
ZNF148	304955_S0_L001	216
ZNF148	313308_S0_L001	224
ZNF148	m313309_S193	198
ZNF148	m318978_S195	208
ZNF148	m318979_S197	216
ZNF148	m318986_S33	209
ZNF148	m329861_S198	237
ZNF148	m329865_S206	206
ZNF148	m329883_S194	154
ZNF148	m329885_S199	227
ZNF148	m334087_S35	216
ZNF148	m344001_S207	199
ZNF148	m344004_S196	218
ZNF148	m357484_S37	236
ZNF148	m357486_S34	227
ZNF148	m357488_S36	214
ZNF148	m364088_S38	245
ZNF24	2705010_S40_L003	17
ZNF24	270502_S0_L001	9
ZNF24	2781020_S37_L003	15
ZNF24	278106_S0_L001	8
ZNF24	2781080_S30_L003	13
ZNF24	2781090_S41_L003	14
ZNF24	2792010_S0_L001	8
ZNF24	2792020_S32_L003	14
ZNF24	2792040_S0_L001	9
ZNF24	2811610_S33_L003	13
ZNF24	2811630_S35_L003	15
ZNF24	2858490_S0_L001	10
ZNF24	2858800_S38_L003	13
ZNF24	2858810_S31_L003	7
ZNF24	3013500_S34_L003	9
ZNF24	3049380_S0_L001	11
ZNF24	3049400_S39_L003	13
ZNF24	3049430_S42_L003	11
ZNF24	304944_S0_L001	11
ZNF24	3049450_S36_L003	9
ZNF24	304955_S0_L001	7
ZNF24	313308_S0_L001	10
ZNF24	m313309_S193	9
ZNF24	m318978_S195	11
ZNF24	m318979_S197	11
ZNF24	m318986_S33	17
ZNF24	m329861_S198	13
ZNF24	m329865_S206	10
ZNF24	m329883_S194	6
ZNF24	m329885_S199	8
ZNF24	m334087_S35	14
ZNF24	m344001_S207	9
ZNF24	m344004_S196	13
ZNF24	m357484_S37	18
ZNF24	m357486_S34	15
ZNF24	m357488_S36	11
ZNF24	m364088_S38	16
ZNF263	2705010_S40_L003	137
ZNF263	270502_S0_L001	143
ZNF263	2781020_S37_L003	132
ZNF263	278106_S0_L001	142
ZNF263	2781080_S30_L003	145
ZNF263	2781090_S41_L003	120
ZNF263	2792010_S0_L001	138
ZNF263	2792020_S32_L003	153
ZNF263	2792040_S0_L001	161
ZNF263	2811610_S33_L003	134
ZNF263	2811630_S35_L003	150
ZNF263	2858490_S0_L001	136
ZNF263	2858800_S38_L003	128
ZNF263	2858810_S31_L003	145
ZNF263	3013500_S34_L003	132
ZNF263	3049380_S0_L001	137
ZNF263	3049400_S39_L003	132
ZNF263	3049430_S42_L003	130
ZNF263	304944_S0_L001	123
ZNF263	3049450_S36_L003	149
ZNF263	304955_S0_L001	146
ZNF263	313308_S0_L001	155
ZNF263	m313309_S193	114
ZNF263	m318978_S195	152
ZNF263	m318979_S197	144
ZNF263	m318986_S33	152
ZNF263	m329861_S198	149
ZNF263	m329865_S206	152
ZNF263	m329883_S194	100
ZNF263	m329885_S199	148
ZNF263	m334087_S35	137
ZNF263	m344001_S207	129
ZNF263	m344004_S196	138
ZNF263	m357484_S37	181
ZNF263	m357486_S34	151
ZNF263	m357488_S36	143
ZNF263	m364088_S38	162
ZNF274	2705010_S40_L003	2
ZNF274	270502_S0_L001	6
ZNF274	2781020_S37_L003	1
ZNF274	278106_S0_L001	3
ZNF274	2781080_S30_L003	4
ZNF274	2781090_S41_L003	3
ZNF274	2792010_S0_L001	3
ZNF274	2792020_S32_L003	2
ZNF274	2792040_S0_L001	6
ZNF274	2811610_S33_L003	7
ZNF274	2811630_S35_L003	5
ZNF274	2858490_S0_L001	6
ZNF274	2858800_S38_L003	5
ZNF274	2858810_S31_L003	8
ZNF274	3013500_S34_L003	6
ZNF274	3049380_S0_L001	6
ZNF274	3049400_S39_L003	7
ZNF274	3049430_S42_L003	5
ZNF274	304944_S0_L001	5
ZNF274	3049450_S36_L003	4
ZNF274	304955_S0_L001	5
ZNF274	313308_S0_L001	4
ZNF274	m313309_S193	4
ZNF274	m318978_S195	5
ZNF274	m318979_S197	5
ZNF274	m318986_S33	3
ZNF274	m329861_S198	6
ZNF274	m329865_S206	5
ZNF274	m329883_S194	1
ZNF274	m329885_S199	6
ZNF274	m334087_S35	7
ZNF274	m344001_S207	3
ZNF274	m344004_S196	9
ZNF274	m357484_S37	5
ZNF274	m357486_S34	3
ZNF274	m357488_S36	5
ZNF274	m364088_S38	5
ZNF282	2705010_S40_L003	4
ZNF282	270502_S0_L001	4
ZNF282	2781020_S37_L003	3
ZNF282	278106_S0_L001	1
ZNF282	2781080_S30_L003	5
ZNF282	2781090_S41_L003	3
ZNF282	2792010_S0_L001	1
ZNF282	2792020_S32_L003	3
ZNF282	2792040_S0_L001	4
ZNF282	2811610_S33_L003	6
ZNF282	2811630_S35_L003	5
ZNF282	2858490_S0_L001	3
ZNF282	2858800_S38_L003	3
ZNF282	2858810_S31_L003	3
ZNF282	3013500_S34_L003	3
ZNF282	3049380_S0_L001	4
ZNF282	3049400_S39_L003	1
ZNF282	3049430_S42_L003	2
ZNF282	304944_S0_L001	4
ZNF282	3049450_S36_L003	4
ZNF282	304955_S0_L001	3
ZNF282	313308_S0_L001	2
ZNF282	m313309_S193	2
ZNF282	m318978_S195	2
ZNF282	m318979_S197	5
ZNF282	m318986_S33	4
ZNF282	m329861_S198	6
ZNF282	m329865_S206	4
ZNF282	m329885_S199	6
ZNF282	m334087_S35	3
ZNF282	m344004_S196	2
ZNF282	m357484_S37	5
ZNF282	m357486_S34	7
ZNF282	m357488_S36	3
ZNF282	m364088_S38	10
ZNF317	2705010_S40_L003	28
ZNF317	270502_S0_L001	39
ZNF317	2781020_S37_L003	27
ZNF317	278106_S0_L001	25
ZNF317	2781080_S30_L003	29
ZNF317	2781090_S41_L003	28
ZNF317	2792010_S0_L001	31
ZNF317	2792020_S32_L003	29
ZNF317	2792040_S0_L001	34
ZNF317	2811610_S33_L003	31
ZNF317	2811630_S35_L003	24
ZNF317	2858490_S0_L001	34
ZNF317	2858800_S38_L003	27
ZNF317	2858810_S31_L003	30
ZNF317	3013500_S34_L003	23
ZNF317	3049380_S0_L001	23
ZNF317	3049400_S39_L003	30
ZNF317	3049430_S42_L003	34
ZNF317	304944_S0_L001	19
ZNF317	3049450_S36_L003	27
ZNF317	304955_S0_L001	27
ZNF317	313308_S0_L001	29
ZNF317	m313309_S193	28
ZNF317	m318978_S195	31
ZNF317	m318979_S197	31
ZNF317	m318986_S33	33
ZNF317	m329861_S198	21
ZNF317	m329865_S206	37
ZNF317	m329883_S194	29
ZNF317	m329885_S199	30
ZNF317	m334087_S35	37
ZNF317	m344001_S207	21
ZNF317	m344004_S196	29
ZNF317	m357484_S37	41
ZNF317	m357486_S34	44
ZNF317	m357488_S36	30
ZNF317	m364088_S38	36
ZNF341	2705010_S40_L003	35
ZNF341	270502_S0_L001	26
ZNF341	2781020_S37_L003	26
ZNF341	278106_S0_L001	34
ZNF341	2781080_S30_L003	31
ZNF341	2781090_S41_L003	25
ZNF341	2792010_S0_L001	18
ZNF341	2792020_S32_L003	32
ZNF341	2792040_S0_L001	30
ZNF341	2811610_S33_L003	31
ZNF341	2811630_S35_L003	37
ZNF341	2858490_S0_L001	32
ZNF341	2858800_S38_L003	23
ZNF341	2858810_S31_L003	29
ZNF341	3013500_S34_L003	22
ZNF341	3049380_S0_L001	27
ZNF341	3049400_S39_L003	31
ZNF341	3049430_S42_L003	26
ZNF341	304944_S0_L001	24
ZNF341	3049450_S36_L003	25
ZNF341	304955_S0_L001	31
ZNF341	313308_S0_L001	42
ZNF341	m313309_S193	24
ZNF341	m318978_S195	32
ZNF341	m318979_S197	29
ZNF341	m318986_S33	40
ZNF341	m329861_S198	30
ZNF341	m329865_S206	28
ZNF341	m329883_S194	22
ZNF341	m329885_S199	24
ZNF341	m334087_S35	23
ZNF341	m344001_S207	24
ZNF341	m344004_S196	23
ZNF341	m357484_S37	41
ZNF341	m357486_S34	32
ZNF341	m357488_S36	36
ZNF341	m364088_S38	33
ZNF384	2705010_S40_L003	38
ZNF384	270502_S0_L001	35
ZNF384	2781020_S37_L003	29
ZNF384	278106_S0_L001	33
ZNF384	2781080_S30_L003	30
ZNF384	2781090_S41_L003	29
ZNF384	2792010_S0_L001	28
ZNF384	2792020_S32_L003	38
ZNF384	2792040_S0_L001	48
ZNF384	2811610_S33_L003	33
ZNF384	2811630_S35_L003	40
ZNF384	2858490_S0_L001	28
ZNF384	2858800_S38_L003	25
ZNF384	2858810_S31_L003	30
ZNF384	3013500_S34_L003	23
ZNF384	3049380_S0_L001	40
ZNF384	3049400_S39_L003	32
ZNF384	3049430_S42_L003	33
ZNF384	304944_S0_L001	32
ZNF384	3049450_S36_L003	25
ZNF384	304955_S0_L001	37
ZNF384	313308_S0_L001	40
ZNF384	m313309_S193	28
ZNF384	m318978_S195	38
ZNF384	m318979_S197	31
ZNF384	m318986_S33	49
ZNF384	m329861_S198	32
ZNF384	m329865_S206	34
ZNF384	m329883_S194	25
ZNF384	m329885_S199	27
ZNF384	m334087_S35	47
ZNF384	m344001_S207	30
ZNF384	m344004_S196	31
ZNF384	m357484_S37	59
ZNF384	m357486_S34	46
ZNF384	m357488_S36	43
ZNF384	m364088_S38	47
ZNF410	270502_S0_L001	1
ZNF449	2705010_S40_L003	38
ZNF449	270502_S0_L001	57
ZNF449	2781020_S37_L003	42
ZNF449	278106_S0_L001	50
ZNF449	2781080_S30_L003	48
ZNF449	2781090_S41_L003	43
ZNF449	2792010_S0_L001	45
ZNF449	2792020_S32_L003	53
ZNF449	2792040_S0_L001	51
ZNF449	2811610_S33_L003	48
ZNF449	2811630_S35_L003	54
ZNF449	2858490_S0_L001	51
ZNF449	2858800_S38_L003	41
ZNF449	2858810_S31_L003	35
ZNF449	3013500_S34_L003	49
ZNF449	3049380_S0_L001	41
ZNF449	3049400_S39_L003	42
ZNF449	3049430_S42_L003	46
ZNF449	304944_S0_L001	50
ZNF449	3049450_S36_L003	41
ZNF449	304955_S0_L001	63
ZNF449	313308_S0_L001	58
ZNF449	m313309_S193	39
ZNF449	m318978_S195	48
ZNF449	m318979_S197	57
ZNF449	m318986_S33	45
ZNF449	m329861_S198	55
ZNF449	m329865_S206	58
ZNF449	m329883_S194	29
ZNF449	m329885_S199	55
ZNF449	m334087_S35	47
ZNF449	m344001_S207	35
ZNF449	m344004_S196	49
ZNF449	m357484_S37	67
ZNF449	m357486_S34	61
ZNF449	m357488_S36	51
ZNF449	m364088_S38	67
ZNF460	2705010_S40_L003	58
ZNF460	270502_S0_L001	66
ZNF460	2781020_S37_L003	59
ZNF460	278106_S0_L001	63
ZNF460	2781080_S30_L003	59
ZNF460	2781090_S41_L003	53
ZNF460	2792010_S0_L001	58
ZNF460	2792020_S32_L003	72
ZNF460	2792040_S0_L001	55
ZNF460	2811610_S33_L003	53
ZNF460	2811630_S35_L003	52
ZNF460	2858490_S0_L001	61
ZNF460	2858800_S38_L003	58
ZNF460	2858810_S31_L003	53
ZNF460	3013500_S34_L003	54
ZNF460	3049380_S0_L001	52
ZNF460	3049400_S39_L003	58
ZNF460	3049430_S42_L003	47
ZNF460	304944_S0_L001	55
ZNF460	3049450_S36_L003	56
ZNF460	304955_S0_L001	70
ZNF460	313308_S0_L001	74
ZNF460	m313309_S193	64
ZNF460	m318978_S195	68
ZNF460	m318979_S197	68
ZNF460	m318986_S33	74
ZNF460	m329861_S198	60
ZNF460	m329865_S206	66
ZNF460	m329883_S194	24
ZNF460	m329885_S199	69
ZNF460	m334087_S35	71
ZNF460	m344001_S207	59
ZNF460	m344004_S196	74
ZNF460	m357484_S37	79
ZNF460	m357486_S34	72
ZNF460	m357488_S36	62
ZNF460	m364088_S38	81
ZNF528	2705010_S40_L003	3
ZNF528	270502_S0_L001	4
ZNF528	2781020_S37_L003	2
ZNF528	278106_S0_L001	3
ZNF528	2781080_S30_L003	6
ZNF528	2781090_S41_L003	5
ZNF528	2792010_S0_L001	1
ZNF528	2792020_S32_L003	5
ZNF528	2792040_S0_L001	5
ZNF528	2811610_S33_L003	6
ZNF528	2811630_S35_L003	3
ZNF528	2858490_S0_L001	2
ZNF528	2858800_S38_L003	2
ZNF528	2858810_S31_L003	2
ZNF528	3013500_S34_L003	1
ZNF528	3049380_S0_L001	5
ZNF528	3049400_S39_L003	4
ZNF528	3049430_S42_L003	3
ZNF528	304944_S0_L001	1
ZNF528	3049450_S36_L003	5
ZNF528	304955_S0_L001	4
ZNF528	313308_S0_L001	5
ZNF528	m313309_S193	4
ZNF528	m318978_S195	4
ZNF528	m318979_S197	7
ZNF528	m318986_S33	3
ZNF528	m329861_S198	3
ZNF528	m329865_S206	4
ZNF528	m329883_S194	2
ZNF528	m329885_S199	3
ZNF528	m334087_S35	5
ZNF528	m344001_S207	6
ZNF528	m344004_S196	2
ZNF528	m357484_S37	2
ZNF528	m357486_S34	2
ZNF528	m357488_S36	5
ZNF528	m364088_S38	4
ZNF652	2705010_S40_L003	5
ZNF652	270502_S0_L001	9
ZNF652	2781020_S37_L003	9
ZNF652	278106_S0_L001	16
ZNF652	2781080_S30_L003	11
ZNF652	2781090_S41_L003	10
ZNF652	2792010_S0_L001	11
ZNF652	2792020_S32_L003	15
ZNF652	2792040_S0_L001	13
ZNF652	2811610_S33_L003	14
ZNF652	2811630_S35_L003	11
ZNF652	2858490_S0_L001	16
ZNF652	2858800_S38_L003	12
ZNF652	2858810_S31_L003	17
ZNF652	3013500_S34_L003	13
ZNF652	3049380_S0_L001	14
ZNF652	3049400_S39_L003	17
ZNF652	3049430_S42_L003	9
ZNF652	304944_S0_L001	13
ZNF652	3049450_S36_L003	13
ZNF652	304955_S0_L001	16
ZNF652	313308_S0_L001	13
ZNF652	m313309_S193	11
ZNF652	m318978_S195	7
ZNF652	m318979_S197	16
ZNF652	m318986_S33	16
ZNF652	m329861_S198	15
ZNF652	m329865_S206	11
ZNF652	m329883_S194	5
ZNF652	m329885_S199	9
ZNF652	m334087_S35	21
ZNF652	m344001_S207	14
ZNF652	m344004_S196	7
ZNF652	m357484_S37	18
ZNF652	m357486_S34	8
ZNF652	m357488_S36	19
ZNF652	m364088_S38	16
ZNF682	2705010_S40_L003	40
ZNF682	270502_S0_L001	47
ZNF682	2781020_S37_L003	50
ZNF682	278106_S0_L001	48
ZNF682	2781080_S30_L003	41
ZNF682	2781090_S41_L003	43
ZNF682	2792010_S0_L001	43
ZNF682	2792020_S32_L003	65
ZNF682	2792040_S0_L001	39
ZNF682	2811610_S33_L003	39
ZNF682	2811630_S35_L003	56
ZNF682	2858490_S0_L001	41
ZNF682	2858800_S38_L003	42
ZNF682	2858810_S31_L003	44
ZNF682	3013500_S34_L003	39
ZNF682	3049380_S0_L001	39
ZNF682	3049400_S39_L003	43
ZNF682	3049430_S42_L003	39
ZNF682	304944_S0_L001	48
ZNF682	3049450_S36_L003	45
ZNF682	304955_S0_L001	39
ZNF682	313308_S0_L001	50
ZNF682	m313309_S193	43
ZNF682	m318978_S195	50
ZNF682	m318979_S197	45
ZNF682	m318986_S33	38
ZNF682	m329861_S198	49
ZNF682	m329865_S206	50
ZNF682	m329883_S194	22
ZNF682	m329885_S199	53
ZNF682	m334087_S35	47
ZNF682	m344001_S207	41
ZNF682	m344004_S196	44
ZNF682	m357484_S37	64
ZNF682	m357486_S34	58
ZNF682	m357488_S36	45
ZNF682	m364088_S38	43
ZNF684	2705010_S40_L003	6
ZNF684	270502_S0_L001	5
ZNF684	2781020_S37_L003	4
ZNF684	278106_S0_L001	5
ZNF684	2781080_S30_L003	6
ZNF684	2781090_S41_L003	7
ZNF684	2792010_S0_L001	3
ZNF684	2792020_S32_L003	1
ZNF684	2792040_S0_L001	5
ZNF684	2811610_S33_L003	4
ZNF684	2811630_S35_L003	7
ZNF684	2858490_S0_L001	3
ZNF684	2858800_S38_L003	2
ZNF684	2858810_S31_L003	3
ZNF684	3013500_S34_L003	6
ZNF684	3049380_S0_L001	8
ZNF684	3049400_S39_L003	4
ZNF684	3049430_S42_L003	7
ZNF684	304944_S0_L001	9
ZNF684	3049450_S36_L003	5
ZNF684	304955_S0_L001	5
ZNF684	313308_S0_L001	8
ZNF684	m313309_S193	5
ZNF684	m318978_S195	7
ZNF684	m318979_S197	5
ZNF684	m318986_S33	3
ZNF684	m329861_S198	4
ZNF684	m329865_S206	7
ZNF684	m329883_S194	1
ZNF684	m329885_S199	8
ZNF684	m334087_S35	4
ZNF684	m344001_S207	4
ZNF684	m344004_S196	6
ZNF684	m357484_S37	4
ZNF684	m357486_S34	2
ZNF684	m357488_S36	8
ZNF684	m364088_S38	6
ZNF740	2705010_S40_L003	84
ZNF740	270502_S0_L001	99
ZNF740	2781020_S37_L003	81
ZNF740	278106_S0_L001	91
ZNF740	2781080_S30_L003	78
ZNF740	2781090_S41_L003	86
ZNF740	2792010_S0_L001	66
ZNF740	2792020_S32_L003	81
ZNF740	2792040_S0_L001	90
ZNF740	2811610_S33_L003	94
ZNF740	2811630_S35_L003	76
ZNF740	2858490_S0_L001	77
ZNF740	2858800_S38_L003	61
ZNF740	2858810_S31_L003	77
ZNF740	3013500_S34_L003	66
ZNF740	3049380_S0_L001	78
ZNF740	3049400_S39_L003	81
ZNF740	3049430_S42_L003	77
ZNF740	304944_S0_L001	77
ZNF740	3049450_S36_L003	92
ZNF740	304955_S0_L001	81
ZNF740	313308_S0_L001	95
ZNF740	m313309_S193	81
ZNF740	m318978_S195	80
ZNF740	m318979_S197	90
ZNF740	m318986_S33	99
ZNF740	m329861_S198	93
ZNF740	m329865_S206	78
ZNF740	m329883_S194	57
ZNF740	m329885_S199	89
ZNF740	m334087_S35	103
ZNF740	m344001_S207	75
ZNF740	m344004_S196	93
ZNF740	m357484_S37	113
ZNF740	m357486_S34	102
ZNF740	m357488_S36	101
ZNF740	m364088_S38	126
ZNF75D	2705010_S40_L003	53
ZNF75D	270502_S0_L001	48
ZNF75D	2781020_S37_L003	42
ZNF75D	278106_S0_L001	51
ZNF75D	2781080_S30_L003	50
ZNF75D	2781090_S41_L003	54
ZNF75D	2792010_S0_L001	52
ZNF75D	2792020_S32_L003	44
ZNF75D	2792040_S0_L001	58
ZNF75D	2811610_S33_L003	53
ZNF75D	2811630_S35_L003	43
ZNF75D	2858490_S0_L001	48
ZNF75D	2858800_S38_L003	50
ZNF75D	2858810_S31_L003	50
ZNF75D	3013500_S34_L003	47
ZNF75D	3049380_S0_L001	36
ZNF75D	3049400_S39_L003	40
ZNF75D	3049430_S42_L003	50
ZNF75D	304944_S0_L001	46
ZNF75D	3049450_S36_L003	54
ZNF75D	304955_S0_L001	43
ZNF75D	313308_S0_L001	65
ZNF75D	m313309_S193	38
ZNF75D	m318978_S195	44
ZNF75D	m318979_S197	41
ZNF75D	m318986_S33	50
ZNF75D	m329861_S198	44
ZNF75D	m329865_S206	57
ZNF75D	m329883_S194	26
ZNF75D	m329885_S199	49
ZNF75D	m334087_S35	54
ZNF75D	m344001_S207	49
ZNF75D	m344004_S196	58
ZNF75D	m357484_S37	80
ZNF75D	m357486_S34	47
ZNF75D	m357488_S36	53
ZNF75D	m364088_S38	68
ZSCAN29	2705010_S40_L003	8
ZSCAN29	270502_S0_L001	5
ZSCAN29	2781020_S37_L003	4
ZSCAN29	278106_S0_L001	3
ZSCAN29	2781080_S30_L003	7
ZSCAN29	2781090_S41_L003	6
ZSCAN29	2792010_S0_L001	4
ZSCAN29	2792020_S32_L003	3
ZSCAN29	2792040_S0_L001	8
ZSCAN29	2811610_S33_L003	3
ZSCAN29	2811630_S35_L003	10
ZSCAN29	2858490_S0_L001	8
ZSCAN29	2858800_S38_L003	5
ZSCAN29	2858810_S31_L003	5
ZSCAN29	3013500_S34_L003	5
ZSCAN29	3049380_S0_L001	6
ZSCAN29	3049400_S39_L003	4
ZSCAN29	3049430_S42_L003	9
ZSCAN29	304944_S0_L001	6
ZSCAN29	3049450_S36_L003	3
ZSCAN29	304955_S0_L001	11
ZSCAN29	313308_S0_L001	5
ZSCAN29	m313309_S193	9
ZSCAN29	m318978_S195	8
ZSCAN29	m318979_S197	8
ZSCAN29	m318986_S33	8
ZSCAN29	m329861_S198	8
ZSCAN29	m329865_S206	9
ZSCAN29	m329883_S194	5
ZSCAN29	m329885_S199	10
ZSCAN29	m334087_S35	16
ZSCAN29	m344001_S207	4
ZSCAN29	m344004_S196	5
ZSCAN29	m357484_S37	11
ZSCAN29	m357486_S34	9
ZSCAN29	m357488_S36	7
ZSCAN29	m364088_S38	13
ZSCAN4	2705010_S40_L003	3
ZSCAN4	270502_S0_L001	1
ZSCAN4	2781020_S37_L003	2
ZSCAN4	2781080_S30_L003	1
ZSCAN4	2781090_S41_L003	1
ZSCAN4	2792010_S0_L001	2
ZSCAN4	2792020_S32_L003	3
ZSCAN4	2792040_S0_L001	2
ZSCAN4	2811610_S33_L003	1
ZSCAN4	2811630_S35_L003	3
ZSCAN4	2858490_S0_L001	1
ZSCAN4	2858810_S31_L003	2
ZSCAN4	3049400_S39_L003	1
ZSCAN4	304944_S0_L001	3
ZSCAN4	3049450_S36_L003	1
ZSCAN4	304955_S0_L001	2
ZSCAN4	313308_S0_L001	2
ZSCAN4	m313309_S193	4
ZSCAN4	m318978_S195	1
ZSCAN4	m318986_S33	1
ZSCAN4	m329861_S198	2
ZSCAN4	m329865_S206	3
ZSCAN4	m329883_S194	3
ZSCAN4	m329885_S199	2
ZSCAN4	m344001_S207	2
ZSCAN4	m357484_S37	2
ZSCAN4	m357486_S34	1
ZSCAN4	m357488_S36	3
ZSCAN4	m364088_S38	2
Zfx	2705010_S40_L003	91
Zfx	270502_S0_L001	90
Zfx	2781020_S37_L003	87
Zfx	278106_S0_L001	104
Zfx	2781080_S30_L003	101
Zfx	2781090_S41_L003	84
Zfx	2792010_S0_L001	90
Zfx	2792020_S32_L003	90
Zfx	2792040_S0_L001	97
Zfx	2811610_S33_L003	94
Zfx	2811630_S35_L003	82
Zfx	2858490_S0_L001	79
Zfx	2858800_S38_L003	87
Zfx	2858810_S31_L003	93
Zfx	3013500_S34_L003	77
Zfx	3049380_S0_L001	93
Zfx	3049400_S39_L003	83
Zfx	3049430_S42_L003	83
Zfx	304944_S0_L001	76
Zfx	3049450_S36_L003	83
Zfx	304955_S0_L001	88
Zfx	313308_S0_L001	92
Zfx	m313309_S193	69
Zfx	m318978_S195	84
Zfx	m318979_S197	83
Zfx	m318986_S33	91
Zfx	m329861_S198	95
Zfx	m329865_S206	98
Zfx	m329883_S194	66
Zfx	m329885_S199	89
Zfx	m334087_S35	95
Zfx	m344001_S207	82
Zfx	m344004_S196	91
Zfx	m357484_S37	118
Zfx	m357486_S34	99
Zfx	m357488_S36	83
Zfx	m364088_S38	119
Zic1	2705010_S40_L003	77
Zic1	270502_S0_L001	90
Zic1	2781020_S37_L003	69
Zic1	278106_S0_L001	86
Zic1	2781080_S30_L003	69
Zic1	2781090_S41_L003	69
Zic1	2792010_S0_L001	72
Zic1	2792020_S32_L003	87
Zic1	2792040_S0_L001	86
Zic1	2811610_S33_L003	80
Zic1	2811630_S35_L003	71
Zic1	2858490_S0_L001	82
Zic1	2858800_S38_L003	78
Zic1	2858810_S31_L003	64
Zic1	3013500_S34_L003	73
Zic1	3049380_S0_L001	60
Zic1	3049400_S39_L003	59
Zic1	3049430_S42_L003	60
Zic1	304944_S0_L001	73
Zic1	3049450_S36_L003	65
Zic1	304955_S0_L001	73
Zic1	313308_S0_L001	73
Zic1	m313309_S193	70
Zic1	m318978_S195	76
Zic1	m318979_S197	62
Zic1	m318986_S33	76
Zic1	m329861_S198	80
Zic1	m329865_S206	74
Zic1	m329883_S194	52
Zic1	m329885_S199	81
Zic1	m334087_S35	70
Zic1	m344001_S207	74
Zic1	m344004_S196	84
Zic1	m357484_S37	102
Zic1	m357486_S34	81
Zic1	m357488_S36	79
Zic1	m364088_S38	95
Zic2	2705010_S40_L003	102
Zic2	270502_S0_L001	113
Zic2	2781020_S37_L003	94
Zic2	278106_S0_L001	114
Zic2	2781080_S30_L003	88
Zic2	2781090_S41_L003	96
Zic2	2792010_S0_L001	98
Zic2	2792020_S32_L003	112
Zic2	2792040_S0_L001	104
Zic2	2811610_S33_L003	101
Zic2	2811630_S35_L003	100
Zic2	2858490_S0_L001	102
Zic2	2858800_S38_L003	97
Zic2	2858810_S31_L003	86
Zic2	3013500_S34_L003	94
Zic2	3049380_S0_L001	80
Zic2	3049400_S39_L003	90
Zic2	3049430_S42_L003	82
Zic2	304944_S0_L001	90
Zic2	3049450_S36_L003	93
Zic2	304955_S0_L001	95
Zic2	313308_S0_L001	91
Zic2	m313309_S193	91
Zic2	m318978_S195	99
Zic2	m318979_S197	81
Zic2	m318986_S33	99
Zic2	m329861_S198	101
Zic2	m329865_S206	99
Zic2	m329883_S194	62
Zic2	m329885_S199	95
Zic2	m334087_S35	107
Zic2	m344001_S207	97
Zic2	m344004_S196	112
Zic2	m357484_S37	131
Zic2	m357486_S34	108
Zic2	m357488_S36	104
Zic2	m364088_S38	122
Znf281	2705010_S40_L003	82
Znf281	270502_S0_L001	79
Znf281	2781020_S37_L003	68
Znf281	278106_S0_L001	86
Znf281	2781080_S30_L003	73
Znf281	2781090_S41_L003	59
Znf281	2792010_S0_L001	64
Znf281	2792020_S32_L003	71
Znf281	2792040_S0_L001	88
Znf281	2811610_S33_L003	66
Znf281	2811630_S35_L003	79
Znf281	2858490_S0_L001	68
Znf281	2858800_S38_L003	61
Znf281	2858810_S31_L003	75
Znf281	3013500_S34_L003	62
Znf281	3049380_S0_L001	58
Znf281	3049400_S39_L003	58
Znf281	3049430_S42_L003	62
Znf281	304944_S0_L001	71
Znf281	3049450_S36_L003	72
Znf281	304955_S0_L001	76
Znf281	313308_S0_L001	74
Znf281	m313309_S193	67
Znf281	m318978_S195	72
Znf281	m318979_S197	72
Znf281	m318986_S33	71
Znf281	m329861_S198	81
Znf281	m329865_S206	61
Znf281	m329883_S194	44
Znf281	m329885_S199	62
Znf281	m334087_S35	79
Znf281	m344001_S207	73
Znf281	m344004_S196	75
Znf281	m357484_S37	90
Znf281	m357486_S34	86
Znf281	m357488_S36	76
Znf281	m364088_S38	103
Znf423	2705010_S40_L003	11
Znf423	270502_S0_L001	20
Znf423	2781020_S37_L003	16
Znf423	278106_S0_L001	18
Znf423	2781080_S30_L003	14
Znf423	2781090_S41_L003	11
Znf423	2792010_S0_L001	13
Znf423	2792020_S32_L003	15
Znf423	2792040_S0_L001	13
Znf423	2811610_S33_L003	14
Znf423	2811630_S35_L003	11
Znf423	2858490_S0_L001	9
Znf423	2858800_S38_L003	8
Znf423	2858810_S31_L003	8
Znf423	3013500_S34_L003	14
Znf423	3049380_S0_L001	16
Znf423	3049400_S39_L003	12
Znf423	3049430_S42_L003	12
Znf423	304944_S0_L001	16
Znf423	3049450_S36_L003	13
Znf423	304955_S0_L001	20
Znf423	313308_S0_L001	26
Znf423	m313309_S193	15
Znf423	m318978_S195	19
Znf423	m318979_S197	15
Znf423	m318986_S33	16
Znf423	m329861_S198	18
Znf423	m329865_S206	11
Znf423	m329883_S194	11
Znf423	m329885_S199	16
Znf423	m334087_S35	12
Znf423	m344001_S207	10
Znf423	m344004_S196	11
Znf423	m357484_S37	22
Znf423	m357486_S34	21
Znf423	m357488_S36	17
Znf423	m364088_S38	20
mix-a	2705010_S40_L003	10
mix-a	270502_S0_L001	4
mix-a	2781020_S37_L003	10
mix-a	278106_S0_L001	2
mix-a	2781080_S30_L003	4
mix-a	2781090_S41_L003	5
mix-a	2792010_S0_L001	5
mix-a	2792020_S32_L003	4
mix-a	2792040_S0_L001	6
mix-a	2811610_S33_L003	5
mix-a	2811630_S35_L003	7
mix-a	2858490_S0_L001	9
mix-a	2858800_S38_L003	5
mix-a	2858810_S31_L003	6
mix-a	3013500_S34_L003	5
mix-a	3049380_S0_L001	5
mix-a	3049400_S39_L003	8
mix-a	3049430_S42_L003	7
mix-a	304944_S0_L001	5
mix-a	3049450_S36_L003	5
mix-a	304955_S0_L001	7
mix-a	313308_S0_L001	7
mix-a	m313309_S193	9
mix-a	m318978_S195	5
mix-a	m318979_S197	5
mix-a	m318986_S33	10
mix-a	m329861_S198	4
mix-a	m329865_S206	5
mix-a	m329883_S194	6
mix-a	m329885_S199	5
mix-a	m334087_S35	7
mix-a	m344001_S207	4
mix-a	m344004_S196	3
mix-a	m357484_S37	15
mix-a	m357486_S34	10
mix-a	m357488_S36	11
mix-a	m364088_S38	9
NA	NA	1
