gene_name	cluster_id	A_diff	E_diff	O_diff	rank_A_diff	rank_E_diff	rank_O_diff	rank_sum	TF_rank
HOXB3	c3	8.292037132466591	1.1874825930181303	0.10083755848813958	19	38	31	88	1
OVOL1	c2	1.2356334395917428	2.6029470310548275	2.0105652221791885	86	11	9	106	1
IRF8	c1	9.26365971681859	0.2914606199259876	0.014879595171613857	3	96	20	119	1
CEBPB	c2	1.612261916397451	2.502505306977553	1.043255238687296	76	13	23	112	2
FOXA2	c3	6.250280139096913	2.4889948011171934	-0.048755065252294116	43	13	64	120	2
IKZF1	c1	3.813397323004929	1.5974770876310873	-0.28216570174115585	46	22	54	122	2
NFIL3	c2	4.431399496932771	1.2999996998572545	0.7283547030635198	17	35	61	113	3
PPARD	c1	1.5937734935884904	2.4935393463703015	2.4328843315286175	115	4	6	125	3
LBX2	c3	7.11451513859719	0.7958758372798035	0.09581981601965595	35	66	32	133	3
NFKB1	c2	2.9313193593047435	0.7054669615593651	2.1770304269970016	40	74	6	120	4
ZBTB7A	c1	5.2532380341783025	2.1300783004315225	-0.37547041712271145	22	9	101	132	4
HAND2	c3	9.988680488635058	1.1474399986347865	-0.07214462554555467	10	42	81	133	4
HSF1	c2	1.1202795558625434	1.3886381350158643	1.8179904088797496	89	31	14	134	5
SIX2	c3	4.388451608646184	1.3850683158454773	0.05912995549382494	68	31	35	134	5
RUNX3	c1	2.1770546268950444	2.077205433975059	-0.21948501353301886	94	10	36	140	5
NFKB2	c2	3.1748485977463696	5.956927680225959	0.6218249937413773	36	2	96	134	6
NEUROG2	c3	4.926101385173116	1.696972312939592	-0.012336572319762595	57	25	52	134	6
EGR3	c1	5.064320523970785	2.3815111349975355	-0.3812137978633974	27	7	106	140	6
NFIX	c3	7.517133249049756	1.2585777883858424	-0.06234445287624979	28	34	74	136	7
SPIC	c2	4.555507806833728	2.8058529517907402	0.583700209924098	15	8	118	141	7
RREB1	c1	6.431309458187326	0.5314789658569576	-0.34740279038247124	9	65	80	154	7
NFIC	c3	9.816417226635606	2.8433624239268367	-0.12341391058905771	11	8	117	136	8
RELA	c2	3.36887430296019	1.0644972887491888	0.6726644396562946	31	48	77	156	8
MEF2B	c1	2.9395195617559864	1.0251003558035878	-0.3352548419995838	69	36	71	176	8
PAX6	c3	3.4203286543108655	2.031323016532918	0.1685548797839438	94	19	25	138	9
ZNF684	c2	0.5956806373122959	1.7672724224742888	0.8938906050734108	110	18	31	159	9
EGR1	c1	7.158446606009102	0.6224686026595279	-0.4093994337928315	5	55	130	190	9
NEUROD1	c3	11.051955687904204	1.8631231466545584	-0.12005883509615067	8	22	116	146	10
SP1	c2	4.002162792540117	1.7609056013384918	0.5773104594080598	24	19	123	166	10
MEF2C	c1	3.067303902047182	0.8266213671674034	-0.3523477724226023	62	44	85	191	10
RAX	c3	7.415110532573324	0.1914825564268295	0.2176000216975229	30	125	23	178	11
TCF7	c1	8.24341663597633	0.14296677765264104	-0.32672436216653367	4	131	68	203	11
TEAD4	c2	6.253914886523615	0.9818145495806171	0.5322001771608988	9	53	163	225	11
ATOH7	c3	4.73036695722742	1.4852131590124544	-0.09042169831029767	60	29	92	181	12
REL	c1	4.538755350884218	0.3053539415806814	-0.33972304961007005	36	94	76	206	12
OTX2	c2	1.1495820635181162	0.6751291862398534	0.725444264373925	88	78	62	228	12
SIX1	c3	2.642274336279328	2.4599751387769055	0.022972041866808013	126	14	43	183	13
SPI1	c1	4.752793704926011	0.6970885397470746	-0.40048199184603117	34	51	121	206	13
OVOL2	c2	0.8234943244276991	0.22618903050234243	3.9538843540175854	100	143	1	244	13
FOXE1	c3	7.8240326008880015	0.12057202599488027	0.2719458077615915	24	147	19	190	14
MEF2A	c1	3.5623450467083297	0.4415293860458108	-0.3584982241014423	52	70	90	212	14
TEAD1	c2	4.382897680209185	0.20192808144894456	0.6602410072305016	19	151	82	252	14
PAX3	c3	3.3097585966900067	1.2441157118585626	-0.021498703833962907	101	36	53	190	15
ETS1	c1	6.28412016641409	1.503777347164133	-0.4730225799476049	12	23	179	214	15
POU5F1	c2	29.318234062563796	0.4023253305865475	0.548181900439209	1	112	146	259	15
FOXP2	c3	6.582608141787242	0.5912475829534677	-0.07505874120533385	38	77	84	199	16
KLF2	c1	4.5006668864752495	0.30774909841228587	-0.3690851149994847	37	91	93	221	16
GRHL2	c2	3.191748359968429	0.4571674091075507	0.5752554484339854	34	101	125	260	16
RFX2	c3	3.333097994074183	3.4356582985034163	-0.09794018615498068	99	4	97	200	17
KLF5	c1	2.2632722238541887	3.933178553434534	-0.41543513206050786	91	1	135	227	17
E2F1	c2	-0.1324705095996057	1.1643725484455956	0.7002232149228274	152	44	69	265	17
ZNF317	c3	3.881991743643425	1.2154857450798078	-0.08701824478464992	78	37	89	204	18
ELF1	c1	3.7839365804636724	0.2799389691132049	-0.355013155767411	47	100	87	234	18
TFCP2	c2	2.3529418311760555	0.3063450294827488	0.637606848117521	56	122	90	268	18
GBX2	c3	9.136791569769919	0.06717184801637	0.13921914162164306	14	166	27	207	19
MEF2D	c1	2.5648461763117165	1.4205194866608575	-0.4086673123310458	82	24	129	235	19
ETV3	c2	-0.07372397852937906	1.557288893561695	0.6166007273132124	147	25	99	271	19
LHX2	c3	7.792791762694143	3.1834584444353147	-0.18157402127993727	25	5	184	214	20
HOXD12	c1	-0.05120507713481953	0.7897401071960994	2.026893759671685	197	46	9	252	20
HLF	c2	4.378243423754705	0.03552973336848462	0.7012390701796516	20	186	68	274	20
NHLH1	c3	11.149579179706464	1.6950220478015574	-0.18488284947578304	7	26	188	221	21
EGR4	c1	2.664055148857975	0.21156044853938105	-0.30250570616377015	77	116	62	255	21
IRF5	c2	0.55235352148911665	0.3201216475251198	0.817465413795837	114	120	43	277	21
PKNOX2	c3	8.307887594042047	0.007057225288960515	5.425096629849526	18	203	1	222	22
STAT1	c1	1.9516466211865289	0.6704921634672769	-0.37921528453136766	102	53	103	258	22
E2F3	c2	-1.1606387701585923	0.9904554392774177	3.4560562730821953	224	52	3	279	22
FOXB1	c3	6.243829249414123	0.12429289364805049	0.048190962500536116	44	145	39	228	23
KLF17	c1	2.7757979186045505	0.31030867547116014	-0.3749134239166514	72	90	97	259	23
REL	c2	2.386735212462826	2.1944687626798243	0.4812534664811974	55	14	210	279	23
TFAP4	c3	8.416777151239746	0.48221314438008794	-0.13992575013185338	17	87	138	242	24
POU2F2	c1	1.7299637842664002	1.0735932681412057	-0.38992841456666305	112	34	114	260	24
ETV6	c2	0.7574690830819957	0.9644525259318594	0.5835350755184008	106	56	119	281	24
FOXA1	c3	4.96799756292563	0.158849461672574	-0.031420815709282124	56	133	58	247	25
FOS	c1	5.076271666436983	0.36699852965854257	-0.4483788735067158	26	81	158	265	25
KLF6	c2	4.449410178715186	3.585431068208308	0.43431478233228216	16	4	264	284	25
HEY2	c3	1.7566714756451034	2.24235902835471	-0.058861728600657415	162	15	71	248	26
IRF2	c1	6.200869738928637	1.6698460083734252	-0.5713413745800899	13	18	248	279	26
CEBPA	c2	0.8469715011541281	4.00292330083008	0.5123501914137218	98	3	186	287	26
HOXB7	c3	2.98681614670031	0.804038651728524	-0.0726002385259985	108	65	82	255	27
RARA	c1	3.001693610270997	0.16256547699248627	-0.36905217055447714	65	124	92	281	27
BCL6	c2	-0.5291281354533446	0.4741249638930339	1.994021806859493	180	98	10	288	27
HOXA10	c3	2.501733550608246	1.594056762906703	-0.10779339267940458	129	27	101	257	28
IRF7	c1	5.462573565271891	2.00538470774385	-0.5735899420858654	20	12	250	282	28
PBX1	c2	-1.0294338465448987	1.4424428390570736	0.7457024399500103	215	30	55	300	28
NFIA	c3	8.488273255736846	0.7137614889373678	-0.17179521390012553	16	74	168	258	29
ZKSCAN5	c1	1.0862554609241284	0.5506938994739435	-0.3500407319774608	142	63	82	287	29
CEBPG	c2	1.0618627942101724	0.18011562024957234	0.7325472553632242	90	154	58	302	29
PAX9	c3	1.0247153482003248	0.9929780487815789	1.2733247288632512	204	47	10	261	30
ZKSCAN1	c1	1.4582995989759373	0.3374241295583896	-0.3515672757635002	121	85	84	290	30
ZNF384	c2	1.8676988150976093	0.9255288437084679	0.519378440462205	70	57	179	306	30
MEOX2	c3	6.2954054544464135	0.39074540599351365	-0.13297644858174706	42	96	128	266	31
FLI1	c1	5.221721382088993	0.3067679336852789	-0.46696244630496153	23	92	175	290	31
KLF11	c2	4.966356056476548	1.348452787483857	0.43336978965450523	12	32	266	310	31
SCRT2	c3	3.992676798292238	0.17016705335443488	-0.04318362098654127	76	129	62	267	32
ETV5	c1	5.059470665548448	0.22113264080190465	-0.45682965929319685	28	111	164	303	32
ZBTB33	c2	1.0272140567907495	0.8800201719748211	0.535654243780515	92	60	159	311	32
ASCL1	c3	14.965311713427058	0.8095299492418103	-0.1936530878695759	1	64	202	267	33
ELK1	c1	6.604338231926262	0.7887659640596107	-0.5721194243757264	7	47	249	303	33
CEBPE	c2	2.038960893923463	-0.04638635431595546	1.043255238687296	64	224	24	312	33
FIGLA	c3	7.164433290015118	0.2614337124958666	-0.13117042867632733	34	114	123	271	34
PROX1	c1	-0.46820657745104843	0.4158272530401736	0.4864442345342592	219	75	14	308	34
TEAD2	c2	7.849620822301508	0.04432717081989897	0.5735380889531854	7	183	127	317	34
ZEB1	c3	7.83774779677951	1.1296633804595746	-0.19604861973265209	23	44	204	271	35
ERF	c1	5.098042526182289	-0.07636510312826923	-0.2728287779490355	25	232	51	308	35
IRF7	c2	0.43090314481874703	0.1883958645358818	0.8256954132140422	124	153	41	318	35
RFX1	c3	3.4409988583153654	0.2794056943727848	-0.06017030530661671	93	111	73	277	36
ELF2	c1	3.9548449809677324	0.8477920136468322	-0.5437946811238827	44	41	231	316	36
KLF13	c2	2.665576197263936	0.11526390855230992	0.5999148999288924	45	163	110	318	36
SCRT1	c3	3.2609356479625156	0.6227188472873753	-0.10876586511717967	103	76	102	281	37
TCFL5	c2	2.124826391058707	3.5753143298978967	0.4398829214395974	62	5	254	321	37
STAT3	c1	0.8352471282198235	1.261692747464657	-0.42307141841872387	149	29	145	323	37
EMX2	c3	2.380425908756416	0.9593319036615331	-0.09715981956443365	134	53	96	283	38
BHLHE23	c1	-1.0704653552835581	0.6156894564105729	0.9866833718897148	257	56	12	325	38
JDP2	c2	1.716177407875971	0.001513208397344214	0.7865294945111536	75	203	49	327	38
POU6F2	c3	8.219060596624738	0.19834612540866	-0.1500954492775488	20	124	143	287	39
ATF4	c2	-1.4683729381237751	2.708331509815796	0.6847612178501983	243	10	74	327	39
MAFK	c1	3.728429659302375	0.9898290191310127	-0.5678109515007801	50	39	243	332	39
POU4F2	c3	3.7231328333895153	0.032645479535136544	0.3979298938909466	86	186	16	288	40
MYB	c2	-0.09602309700723488	2.1341983377128257	0.5316927710861581	148	16	164	328	40
FOSL2	c1	4.8876047226278905	0.13817029045622936	-0.4613237016694569	32	133	168	333	40
HESX1	c3	8.036424472085635	-0.06774320539990307	0.11780146349255816	21	239	29	289	41
SPIB	c2	0.1714212705661854	2.9346705528128703	0.5124346478632926	136	7	185	328	41
ELK3	c1	5.471899603959162	0.7062462569941634	-0.597425157251875	19	50	265	334	41
TCF4	c3	13.649771938227119	0.43089370173146346	-0.19093211268675692	2	91	197	290	42
NR1I2	c2	3.5986239475548896	-0.07182082767042	0.7599832261915527	29	248	53	330	42
SP1	c1	3.540876705411265	0.1788521344079674	-0.45315861225845033	53	120	162	335	42
RFX3	c3	3.3277548835457162	0.14774217003699033	-0.040345146975655055	100	135	60	295	43
NR3C2	c2	-1.6587348245463596	0.8050199889716784	2.158766175865992	258	67	7	332	43
PPARG	c1	-1.2822440872184868	0.7126870569194598	1.0350174130384886	276	49	11	336	43
CLOCK	c3	1.8128949572126984	0.21020280863237062	0.22868800711338366	157	123	22	302	44
POU2F3	c2	13.33946295175424	0.43022701318569406	0.4740642621787803	2	108	223	333	44
SPIB	c1	5.776444608886855	0.05057482326979268	-0.4280730327316187	16	172	148	336	44
HOXA6	c3	2.678649332523748	1.2627510060721054	-0.1608445564163823	122	33	149	304	45
HOXC9	c2	-0.5709867320571602	0.43309097628820026	0.8016920901462985	185	106	44	335	45
IRF9	c1	11.497616150035972	0.2319855107575464	-0.5412524146474524	1	108	229	338	45
HES5	c3	2.277880715847761	0.10148988470949429	0.41396875707718195	136	155	15	306	46
ZNF135	c2	1.3011242165714223	0.3318621139051563	0.5588874217557205	84	117	138	339	46
ESRRA	c1	-1.235217958218224	0.814820049861122	-0.1852700349380676	269	45	30	344	46
EVX2	c3	2.739520649368904	0.07229803498742005	0.11632105348385124	118	164	30	312	47
GRHL1	c2	3.2534531557966817	1.3021957721291624	0.4276543882669692	33	34	273	340	47
TCF7L1	c1	5.767135889262027	-0.0965330472727309	-0.3570692609256536	17	244	88	349	47
MIXL1	c3	5.886450734716097	-0.04953302247571242	0.050807674693947646	45	233	38	316	48
FOSL2	c2	3.121113138600912	1.7223631017374283	0.4221655042006276	37	22	281	340	48
JUNB	c1	1.8598748443832998	2.0265488559750655	-0.5528860917288974	106	11	237	354	48
EBF1	c3	5.371612326771086	0.8381950239017	-0.19964018865304833	51	58	207	316	49
GLIS3	c2	-1.7569278525151102	1.0216001580890492	1.2831259851418437	270	51	20	341	49
ERG	c1	5.346736483783545	-0.004629523186674703	-0.42257262777039806	21	192	144	357	49
DMRTA2	c3	0.7624129785939967	2.2197538517245303	-0.0688433635316752	224	16	79	319	50
NFE2L1	c2	0.9451875390924148	2.7524376675187616	0.4553775259738142	94	9	238	341	50
BATF	c1	2.1447255233143183	0.385396721580391	-0.47975931660939963	95	79	183	357	50
FOXD2	c3	7.616545879134669	-0.12228744886487271	0.04764570759639675	27	254	40	321	51
VEZF1	c2	-0.269796487292201	0.3259493024121958	0.7036891360650026	163	118	67	348	51
KLF3	c1	3.2484558883184573	0.1011299746495762	-0.4492589118473065	60	141	159	360	51
TGIF2LY	c3	6.925061683499061	-0.05133082960202641	0.0017401301239257094	37	234	50	321	52
SMAD5	c2	0.2950304104814301	1.0284359004617272	0.5279173238253136	129	50	169	348	52
ETV4	c1	2.2203524248007476	-0.01766550255318977	-0.30622321293956567	93	209	63	365	52
ATF2	c3	4.678623878272107	0.7585712779799979	-0.18613156879889736	64	71	190	325	53
E2F4	c2	-0.14875139544918356	0.3347983436976	0.6683342795855189	155	116	79	350	53
E2F4	c1	1.3154999155291718	1.3855959987032822	-0.5093942848117479	128	25	212	365	53
TBR1	c3	2.9243150764954082	0.06717184801637	0.005104497681642783	109	168	49	326	54
ZNF460	c2	0.4723510674711481	1.4634689920714126	0.4880857697220593	123	27	204	354	54
DUX4	c1	0.8002164780578851	0.2211141187035758	-0.3752365535770217	154	112	100	366	54
PKNOX1	c3	2.6701052129576546	0.775945315742125	-0.13843861785885103	123	68	136	327	55
SREBF1	c2	-0.03939699322959095	1.2251156014384201	0.5273002710687784	144	42	170	356	55
E2F8	c1	1.348603584042039	-0.08810636394341671	2.7880207894108455	127	237	3	367	55
EBF3	c3	3.492838312779672	0.8345437109389044	-0.17906946893887632	90	60	181	331	56
KLF17	c2	0.16052799130059148	0.27112606702749686	0.6265689350844177	139	129	92	360	56
JUND	c1	1.9563679461305195	0.8315057044576601	-0.533244364295336	101	43	224	368	56
GATA1	c3	1.0442682942749293	1.7536593843859136	-0.11185920445546849	203	24	107	334	57
STAT3	c2	1.8819388271704316	1.0360011945553322	0.4491989802588652	68	49	244	361	57
YY2	c1	3.0145847714338316	-0.1450623819144228	-0.24933804371330304	64	260	45	369	57
CREB1	c3	3.785544180662881	0.355576497849695	-0.16291006602874525	82	101	151	334	58
SMAD3	c2	0.5912251470411685	1.2695236867985056	0.4807575063536369	111	40	211	362	58
EGR2	c1	5.194570025078571	0.08503773499552109	-0.4889488304724443	24	154	193	371	58
LHX6	c3	2.1270556458255365	0.08655206347804822	0.053939897310032237	143	161	36	340	59
ZSCAN29	c2	0.11022437057087224	1.2530652378855036	0.5160427924842566	141	41	183	365	59
MYBL2	c1	-0.3483304698638851	0.08563051940233359	0.8163720946508892	210	151	13	374	59
HOXD9	c3	2.233489876537196	0.5204878175395167	-0.13085179056552398	138	82	122	342	60
DBP	c2	-0.8961492733852088	0.25311549621239643	1.0295053016542184	206	135	25	366	60
SREBF1	c1	-0.2023218575168878	1.307165466660882	-0.42353680134663474	201	27	146	374	60
NKX2-2	c3	3.0177991460596396	0.8337211961973551	-0.1767948099055623	107	61	175	343	61
POU2F1	c2	10.087709431675975	0.23195486230694998	0.47218626591400614	4	138	224	366	61
KLF4	c1	1.8663351902039278	0.08545741790698037	-0.39934065782701733	104	152	119	375	61
NKX2-5	c3	5.172537373744474	-0.08251350371940931	0.011121437969116243	54	246	47	347	62
KLF15	c1	2.3714665586804733	0.28124606263043567	-0.48771765743496864	88	98	191	377	62
ZNF143	c2	-0.27219600897608054	0.021492886751105	1.1380003433924912	164	192	22	378	62
TBX6	c3	1.796948879160817	0.4490815913792052	-0.10367686698212886	158	90	100	348	63
HMBOX1	c1	1.1046106494452148	-0.040991695020098196	-0.0018997554535005179	140	217	21	378	63
BHLHE41	c2	-1.3558949016264243	2.1365633458378137	0.5667244662618867	238	15	132	385	63
GBX1	c3	2.7868109661154525	0.020500004936003832	0.03560906495236438	115	192	42	349	64
RORC	c1	-0.3588438693979412	0.17310483969895732	-0.24821484869844213	212	122	44	378	64
TFAP2B	c2	0.539723395222985	3.3513658356821616	0.4343921025311417	116	6	263	385	64
GLI2	c3	0.22690516247895964	0.940502541558791	-0.004729491979677647	255	55	51	361	65
NR2F2	c1	-0.35256829465052686	0.20778521225294816	-0.2737593190471763	211	117	52	380	65
PRDM4	c2	-1.116327542355401	1.2826251008604346	0.5712137704966018	221	38	129	388	65
FERD3L	c3	7.214442221993136	0.0905816468146294	-0.1774778726994395	32	159	176	367	66
BATF3	c1	1.8276648806426816	0.3329733692238856	-0.48172581253702873	110	86	185	381	66
KLF2	c2	2.870653742310183	0.8058323468043674	0.4220860224157894	42	66	282	390	66
ARGFX	c3	6.372024460539248	-0.06477723883971578	-0.09420970259986916	41	237	94	372	67
RELB	c1	0.23226951358183745	2.4230659026835926	-0.4911843094000776	183	6	196	385	67
ZNF528	c2	-1.4720429116328855	0.6386480026172323	0.713881605497793	244	83	64	391	67
TWIST1	c3	7.998949397183713	0.007057225288960515	-0.1524242568169214	22	204	146	372	68
ELF4	c1	4.674954774861032	0.09308416963819487	-0.4992875504885106	35	148	203	386	68
SP3	c2	4.559088675844784	0.33521568096619075	0.4344826283110752	14	115	262	391	68
PAX7	c3	1.8825444974202314	-0.013201069900739168	1.938705654969695	153	218	6	377	69
KLF16	c2	4.325154734322475	0.8450499454321153	0.39064604675821357	21	64	307	392	69
HNF4A	c1	0.16416125668535153	0.38794089135004856	-0.4086146109658664	187	78	128	393	69
FOXK2	c3	5.6590821734849754	-0.2237816646578218	0.04130319002729266	48	288	41	377	70
GSC	c2	0.574144544058993	0.2798424445294468	0.5424792539119636	113	128	152	393	70
TEAD2	c1	5.942018975868438	0.4737823550216625	-0.7116006243710036	15	68	313	396	70
FOXP1	c3	6.511413581529233	-0.22895336719978981	0.019096625924754917	40	292	45	377	71
ZNF652	c2	-0.2920471129286688	0.21590973708684585	0.6624118008417366	167	146	81	394	71
CTCF	c1	3.652214870159846	1.6173285670453577	-0.7446847072985019	51	20	327	398	71
EN2	c3	2.46632792941381	0.38439901318189024	-0.16308795210489535	131	97	152	380	72
KLF4	c2	2.4993352767657173	1.4540300203006065	0.37448094972114276	51	28	319	398	72
HNF1A	c1	-1.1830016073250142	0.28637151429482116	-0.2317702249995115	263	97	40	400	72
TBX2	c3	2.5363088546414123	0.06717184801637	-0.08104023254539605	128	170	85	383	73
HES1	c2	0.17388759535847828	1.2784177007416175	0.4686654526811047	135	39	226	400	73
ETV2	c1	4.846236468967333	-0.4424613050665893	-0.2942773837257313	33	313	56	402	73
MYOD1	c3	12.438835211274512	0.09070141894630171	-0.2135005072359526	4	158	224	386	74
HOXC10	c2	-1.3742436732864052	0.9688184947185948	0.6058371621767211	239	55	107	401	74
NFKB2	c1	5.000664987410593	-0.14490697264347677	-0.3898348231728619	31	259	113	403	74
FOXH1	c3	-0.09293669377352892	0.5888867999021449	0.09522466988576994	276	78	33	387	75
ZBTB7B	c2	0.016655477346532513	0.8637283163050166	0.500232612914532	143	62	197	402	75
BACH1	c1	2.695116092590314	-0.036118932086060214	-0.39090368664502684	73	215	115	403	75
HNF1B	c3	1.2171248888210229	0.06717184801637	0.17575837446060838	193	171	24	388	76
ZNF282	c1	0.3901071218283929	-0.054965440159781796	2.401924711292379	174	223	7	404	76
EHF	c2	3.3803501746585827	1.4454213736459594	0.33378604726059713	30	29	346	405	76
HOXC13	c3	1.7545382323956646	0.008222689274334704	0.1476998221383461	163	201	26	390	77
SP2	c1	2.389563887853341	0.1303079309785414	-0.4805805026470411	87	134	184	405	77
TGIF1	c2	-5.482810178023709	2.5885858750753474	3.3246619857038184	392	12	4	408	77
MYOG	c3	11.479355501969826	0.37316682792728634	-0.2742793619774613	6	98	289	393	78
DPRX	c2	0.7946108884905104	-0.1294082702018195	0.8892089206656877	101	275	32	408	78
TP63	c1	-1.6408931992558944	0.22020324921563056	3.314316812650452	295	113	2	410	78
MAZ	c3	1.9038613732971892	0.41693975177564707	-0.16499582278235803	152	93	154	399	79
EGR1	c2	3.716525441558197	0.9785322213437921	0.35886361050660653	26	54	329	409	79
NFATC4	c1	2.9825238863221193	-0.10900280439242288	-0.37009915160082407	67	250	94	411	79
PBX3	c3	2.8015251195060706	-0.02535679397786939	-0.05063655074932427	114	223	65	402	80
SREBF2	c1	-0.2633544480971973	0.2807137750641035	-0.38277880761985816	205	99	107	411	80
ELF4	c2	1.9274162276909212	-0.02866879477128048	0.565337752020735	66	215	133	414	80
FOXC2	c3	5.817603068559662	-0.20829148563702707	-0.06549464900802171	46	281	75	402	81
PRDM1	c1	-0.6359786612750112	1.1180781833511197	-0.43983842041980115	230	32	153	415	81
RREB1	c2	0.8988268395463228	-0.02999209406272778	0.6104637683385468	96	216	104	416	81
FOXA3	c3	6.994928416989806	-0.3357952537544501	-0.0288623472662195	36	315	57	408	82
POU4F1	c1	-4.685906132258906	3.2694640019876493	-0.23032219649198282	375	3	39	417	82
HIF1A	c2	0.1616167447320302	0.2070690534531773	0.5644307414171124	138	148	135	421	82
MEOX1	c3	3.1657322863475406	0.06717184801637	-0.14210346723085543	104	167	139	410	83
ETV6	c1	6.291158396670951	-0.17269286523069835	-0.4169242633781076	11	267	139	417	83
HINFP	c2	2.344114067898901	-0.045188427723491714	0.5526702231451379	57	223	141	421	83
BCL6B	c3	1.778028031278049	-0.05444281798350402	0.3713635168992506	161	236	17	414	84
FOSL1	c1	2.5925821697628004	0.5605882465024997	-0.616532298832011	80	62	275	417	84
NR6A1	c2	-1.6103823461315447	0.2670220479626508	0.8697639797993126	256	133	36	425	84
NEUROD2	c3	0.7771763802554306	0.2341772243374744	-0.06634494761730103	220	119	76	415	85
ESRRB	c1	-0.4778932981233357	0.004988838982359337	0.17341662177940975	221	183	15	419	85
RELB	c2	2.5552415663699923	-0.04266415471052805	0.5396487254891724	48	222	155	425	85
SOHLH2	c3	1.5546713684733462	0.026855167204019197	-0.03960561695433462	168	189	59	416	86
TFEB	c1	3.2846159072545937	1.8165056342798067	-0.8261684906378424	57	16	346	419	86
SREBF2	c2	-1.0325676292746608	1.6251898309819215	0.5120468689139805	216	24	187	427	86
ZNF75D	c3	0.5074294403043205	0.9830419212686552	-0.1321936850740819	241	49	127	417	87
ETV1	c1	4.069163270599051	-0.4914226337946414	-0.2982386260645864	43	319	58	420	87
YY2	c2	3.0808340680820963	0.10918830646848493	0.471075311353748	38	166	225	429	87
NR4A1	c3	2.14230335193058	0.27744842191274	-0.17018151131437698	142	113	164	419	88
GRHL1	c1	-0.6755229535941522	0.07010136676428173	-0.20014150190875846	232	163	33	428	88
HOXA13	c2	-0.4964612791479922	-0.004165844091973345	0.795754237616821	178	206	46	430	88
SOX8	c3	3.7539397166469737	-0.013201069900739168	-0.12655700760731214	85	215	121	421	89
ELK3	c2	0.7575073254864859	0.06953214948546686	0.5456928991478414	105	178	147	430	89
MAFF	c1	-3.086437059477425	0.5067382414843561	0.09603907179119275	345	67	18	430	89
ZBTB18	c3	7.305343587620019	-0.21776440834575522	-0.10958195324029596	31	285	106	422	90
OSR1	c2	2.589485823016997	-0.01956028078420387	0.523221300275722	47	211	174	432	90
ELF5	c1	2.551275801060199	0.004988838982359337	-0.46356675122767577	83	181	173	437	90
JUN	c3	3.262447578184089	0.08474554373407266	-0.16801346033890496	102	162	159	423	91
SOX15	c2	-0.398475417114457	0.7669595531981437	0.5089403028637633	173	69	193	435	91
TEAD4	c1	5.024625980128317	0.14670051668224068	-0.6195813007003022	30	130	279	439	91
MEIS2	c3	3.8412790695457306	0.28974931171023616	-0.21789774270316542	79	110	234	423	92
ZBTB14	c2	3.6605035953402267	0.6684078365025862	0.35738135462586307	27	79	330	436	92
SMAD3	c1	-1.090952460735387	0.5101007025011082	-0.39964285413274947	258	66	120	444	92
DMRT3	c3	1.783724046339664	0.2947057165763718	-0.16654842218148325	160	108	156	424	93
CREB3	c2	-0.5579826445466335	1.3258163450872595	0.4748902944849611	184	33	221	438	93
TCF7L2	c1	10.648044544514164	0.25948007699185194	-0.8243847809926184	2	104	345	451	93
RORC	c3	1.9682067991671626	0.7437568103914164	-0.19714127441689122	147	73	205	425	94
THAP11	c2	2.8825649675739915	1.073046821575925	0.3228445821775665	41	47	351	439	94
NR3C1	c1	-2.2494938687267765	0.13972774699680382	3.780727260705943	319	132	1	452	94
CUX2	c3	1.3860231020694591	1.2728052757676434	-0.2080418966696307	176	32	218	426	95
SPDEF	c2	0.7629764327886333	-0.18547670680614092	0.8005704693062228	104	291	45	440	95
OLIG1	c1	-0.3915333849171829	-0.06096808946305567	1.652575482844492	214	228	10	452	95
SOX21	c3	1.8169906453249138	-0.19712035601977546	3.5450268736183235	156	278	2	436	96
TFAP2C	c2	0.48238506023841754	0.7400879199243727	0.4451357454038458	121	72	247	440	96
HOXC11	c1	0.5075201780702436	-0.23628022788202505	2.101614477144059	170	277	8	455	96
ZNF24	c3	0.831912366918203	0.14265379093695246	-0.08391988403245954	212	138	86	436	97
FOSL1	c2	2.5028477042224493	0.0848862421693175	0.47503926137324815	50	174	220	444	97
MNX1	c1	-5.367674352158732	0.9966909631280321	-0.1962507547519472	387	38	32	457	97
E2F7	c3	0.6868549530953819	2.5393784503915713	-0.19210710924911878	228	11	200	439	98
SP2	c2	1.5658920794411566	-0.10730268925638146	0.6147946015380299	78	272	100	450	98
RELA	c1	3.450771008160007	0.1269086388390147	-0.6071127985558427	54	136	268	458	98
ESR2	c3	1.2700855011424739	0.5223363492054333	-0.17891426656560405	187	81	180	448	99
SOX2	c2	-2.081331222317122	0.7194908809953353	0.6530897047510802	293	73	85	451	99
LHX6	c1	-2.2985814285508757	0.3199254426738195	-0.2534890310630544	322	89	48	459	99
TP53	c3	4.705468705531745	-1.0521915054966566	0.4616798142851568	62	377	14	453	100
EGR3	c2	3.0282896837655624	-0.34826966835914913	0.6190972822488963	39	318	98	455	100
SPIC	c1	2.3176026452696283	-0.12293675190400892	-0.39172463390762857	90	254	116	460	100
ZNF274	c3	1.289350656485248	0.838906765442983	-0.20704119372429197	185	57	216	458	101
ZNF135	c1	0.6616472967909134	0.04826719473198517	-0.4048603005806761	162	173	125	460	101
PLAG1	c2	-1.3056847323126624	0.269355366637727	0.6194933277528678	234	130	97	461	101
NR2F1	c3	1.1528427061799758	2.966281185369279	-0.23781481597549003	196	7	256	459	102
LEF1	c1	6.915488179713391	0.77902433142327	-1.3288571041002886	6	48	406	460	102
RXRB	c2	-1.0082100103794296	0.08799275600321906	0.6579521132712713	212	173	83	468	102
VDR	c1	2.675993387522775	0.6230583194291013	-0.7650866610694376	75	54	332	461	103
ZSCAN4	c3	-0.4900667979870903	0.10103787890644104	0.8607154256139413	295	156	11	462	103
NFE2	c2	2.211059373652877	0.23893724156236804	0.42841881998956666	60	136	272	468	103
POU6F1	c1	-1.2278355905601535	1.2180192957442377	-0.46084181919316514	268	30	167	465	104
MNX1	c3	7.478875079964456	-0.31486921853852845	-0.1346592537123339	29	308	131	468	104
USF1	c2	-4.723251405752071	2.0427582582679378	0.6771811381568433	379	17	75	471	104
MLXIPL	c1	2.2508355845240615	1.9055148609578587	-0.8888852756322585	92	14	360	466	105
FOXC1	c3	4.815223910505888	-1.062115118753192	0.08378698691982756	58	378	34	470	105
FOS	c2	2.3985169495591956	0.28448875852964156	0.40689933844309145	53	127	292	472	105
TFAP2A	c1	-1.4199470512905972	3.364562499967177	-0.4792358455982688	283	2	182	467	106
POU4F1	c3	4.258660051051793	0.21945472437114583	-0.2622314266085901	71	121	280	472	106
EOMES	c2	-1.2991429395776601	0.2034347752752665	0.6272394080322403	233	150	91	474	106
ARGFX	c1	-4.455647462609797	0.5988623213820813	-0.2251803183964327	373	58	38	469	107
NFYA	c2	-1.244951617778807	0.5420991036763345	0.5383990940521839	227	90	158	475	107
RORA	c3	2.3796187746200266	2.0861589785796455	-0.31733392539815064	135	18	322	475	107
EHF	c1	4.229034681478313	-1.0036076438779509	-0.29102030357893227	42	373	55	470	108
SOX4	c2	0.4148823137928698	0.5076419903182097	0.4354815643497867	125	93	259	477	108
TBX19	c3	2.6262315443370765	-0.5316657606616708	0.4664177197505097	127	338	13	478	108
EMX2	c1	-2.593959904976476	0.5925222351209628	-0.35010119507000326	329	59	83	471	109
NR2F2	c2	-2.982536447519607	0.5530780004883858	0.7536392820286704	337	88	54	479	109
TGIF2	c3	7.7614006184735	-2.866878981722635	0.13362941048167087	26	425	28	479	109
YY1	c1	4.245679455694166	-0.7700770133419249	-0.3374112584062061	41	357	74	472	110
ZNF740	c2	1.8695466516696495	0.304318063616899	0.4153525310156656	69	123	288	480	110
HEY1	c3	1.1219027496194776	0.1304235380162314	-0.14223615670851508	199	142	140	481	110
MAFG	c1	-1.1053798313958676	0.0013105014927298128	-0.1530122364236437	259	190	24	473	111
CREB3L4	c2	-0.6049528377634406	0.0937147001545973	0.5767432261958776	187	170	124	481	111
ETV4	c3	1.2825173998132753	0.27921418217683136	-0.1808331543315198	186	112	183	481	111
ATF6	c1	1.8327492847561553	0.031022693916821647	-0.48658576361927075	109	175	190	474	112
IKZF1	c2	2.283614586603038	0.6500127510180239	0.3421181899376089	59	81	342	482	112
HES7	c3	2.0381866407358125	-0.034144161854696466	-0.11248831836938855	146	231	108	485	112
NFKB1	c1	5.055177124852983	0.42824745568261596	-0.9581216742115721	29	71	378	478	113
EGR2	c2	4.394397626991481	-0.04835450561533049	0.457640166816228	18	228	237	483	113
LMX1B	c3	5.4223694248009435	0.007057225288960515	-0.2150487373161507	50	205	231	486	113
NR6A1	c1	-0.44030218386105785	-0.10042134823536039	0.10726904093225009	218	246	17	481	114
ELK1	c2	0.9956925119096003	-0.13668376500315954	0.5938672062280776	93	278	113	484	114
BACH2	c3	-2.7814468454838117	0.4573528308838916	0.2564957529542973	378	89	20	487	114
HOXC12	c1	1.3143196083544828	0.1738659707007259	-0.5449017954683306	129	121	232	482	115
KLF5	c2	2.1569631979804993	0.4610194389282347	0.3658641772725364	61	99	326	486	115
HOXD11	c3	0.22596884084184268	0.944536966523363	-0.17821890489866377	256	54	178	488	115
KLF10	c1	3.7576423218432913	-0.37436703760062084	-0.4108926447546013	48	304	132	484	116
HES2	c2	-1.155308773534051	0.8656458753805621	0.491632452546062	223	61	203	487	116
MSGN1	c3	5.039276888094252	0.04468204073642274	-0.23997130655837218	55	179	257	491	116
PHOX2B	c1	-2.212839691374828	0.09601211783546366	-0.02189015460142052	316	147	22	485	117
SPI1	c2	0.4009323074965101	0.20541385430003836	0.47882718248224254	126	149	216	491	117
TFAP2E	c3	0.6671858091168098	0.1432567986718795	-0.13145218027792893	230	137	125	492	117
NFATC3	c1	3.2608878688797533	-0.18819106021673335	-0.4468707823524358	59	269	157	485	118
OLIG2	c2	-1.1333665829566177	-0.053981978251808976	0.8201375453692954	222	230	42	494	118
TFEB	c3	0.9186126961057042	0.10186347727637317	-0.1368273381781293	207	154	133	494	118
HOXD10	c1	0.47159448689978883	-0.4512765456359111	2.498949024603947	171	314	5	490	119
NR1D2	c2	-0.5341007296020766	0.0038845991564064454	0.596884281625341	181	202	111	494	119
MYCN	c3	1.125445350725525	0.12241017717853857	-0.16194925939566396	198	146	150	494	119
GFI1	c3	4.048956530152561	-0.02059997676394816	-0.19189373994448466	74	221	199	494	120
ZBTB7B	c1	-0.5772771239362949	0.2705326367870315	-0.45802346351590373	227	103	165	495	120
BARHL2	c2	-2.5413361989266003	0.13729365492688467	1.2607338405828834	317	160	21	498	120
ETV1	c3	0.823558889348255	0.4001789666318106	-0.18560491993703465	213	94	189	496	121
CREB3L4	c1	1.8657448705486157	0.1544315754683085	-0.5966332675569976	105	128	263	496	121
TCF7	c2	-0.8495746609324465	1.752470971666185	0.42313780697566195	200	20	279	499	121
ALX3	c3	6.5521404214363574	0.04842032268226676	-0.2623630452637542	39	177	281	497	122
NFE2	c1	2.650917548355547	0.3636141728372666	-0.7888650600952865	78	82	339	499	122
NEUROG1	c2	-1.5662702346103368	-0.05473249888940062	1.9158392535086506	253	235	12	500	122
ZIC5	c3	3.019264171653477	2.750571221829528	-0.4732844700189709	106	9	384	499	123
MEF2D	c2	1.4869555223720858	0.4308333334107467	0.38133350132860855	80	107	313	500	123
NR5A1	c1	-2.1305377243973047	0.21518232491601436	-0.33778781843264305	314	114	75	503	123
MNT	c3	1.845351170795652	-0.19710299702879758	-0.057896430833762835	154	277	70	501	124
LEF1	c2	-1.8907806432042458	0.03467449470131693	0.8856973101062469	282	187	34	503	124
GABPA	c1	4.359682844840154	-1.666564837550735	-0.29995131711382506	39	406	59	504	124
HNF1A	c3	1.5533473489216596	0.05942151449316372	-0.1681750552873975	169	173	160	502	125
ZKSCAN1	c2	0.48504113289590034	-0.07000501284317387	0.560214989364809	120	247	137	504	125
HSF1	c1	1.4257550217018307	0.12560740970044867	-0.5689467364653034	124	137	245	506	125
NR2C2	c2	-1.679820593564528	0.14342680944471695	0.655743748956942	263	158	84	505	126
ONECUT2	c3	3.8325151340816435	5.012259015596628	-1.2918692070490732	80	1	427	508	126
ELF3	c1	2.998925543783409	-0.6728605123130459	-0.3717452757755355	66	349	95	510	126
ZBTB6	c2	-2.515531444473553	0.861382550839112	0.5728997501979327	315	63	128	506	127
TP73	c3	5.753106779085626	1.0616480359528404	-0.8728531251451184	47	46	416	509	127
ETS2	c1	6.0518501133409925	-0.021894621137453583	-0.6331264079719059	14	212	284	510	127
ZNF449	c2	-1.34158251773932	0.07358068285058936	0.6241508571540066	237	177	93	507	128
BHLHE40	c1	2.4127947798453198	1.0177133814461603	-1.0328423042801393	85	37	388	510	128
SOX14	c3	1.5098112186238808	0.05116552324728751	-0.17000426141479785	172	176	163	511	128
IRF2	c2	-1.0866292557396866	0.23073614596411182	0.5447543592281132	219	140	149	508	129
PLAGL2	c1	-3.510616420222127	1.6114182307639888	-0.421783078761095	350	21	143	514	129
FOXF2	c3	4.708814534790486	-0.013201069900739168	-0.2258157939724903	61	214	242	517	129
XBP1	c2	-0.6893134312816951	-0.2631694234283371	1.365804077541295	191	302	16	509	130
MSGN1	c1	-1.7822784280323913	0.004988838982359337	-0.18469844713256123	300	186	29	515	130
GLIS1	c3	-0.27592969338043627	-0.031518503299614475	1.6369796391755609	287	229	7	523	130
SP4	c2	2.8131527887479786	-0.6398118847819224	0.5832092122796846	43	349	120	512	131
KLF9	c1	3.3400081921709512	-0.7937309657878939	-0.37509227481888185	56	362	98	516	131
BHLHE22	c3	0.47969328895409735	2.013579021780967	-0.24122126777356545	246	20	259	525	131
ELF5	c2	2.651683012666983	-0.05473249888940062	0.45858181048031277	46	231	236	513	132
NR2C2	c1	0.5170229291899404	0.025373295707777608	-0.46291219006933915	168	177	171	516	132
MAX	c3	1.3639497337805604	-0.14414518570108903	-0.08700881002035565	179	260	88	527	132
POU3F2	c2	9.046468798784685	0.2261254928285999	0.2972735518019025	5	144	364	513	133
KLF16	c1	2.054069686574404	-0.25291721282055096	-0.4156755465978996	98	285	136	519	133
MXI1	c3	4.643229428686695	-0.8777868618881716	-0.1033921401474327	65	368	98	531	133
SOX10	c2	4.0491890845029	0.3228618802716141	0.2583656607917799	23	119	372	514	134
SOX21	c1	0.055876548440184914	-0.5318236734653233	2.6790826778539327	191	325	4	520	134
E2F2	c3	-0.7594112145711742	2.1230216552844214	-0.20007111672652655	306	17	209	532	134
TFDP1	c2	1.8175195820112555	0.11141791242136379	0.4222975071121917	71	165	280	516	135
POU3F1	c1	0.3384653192610336	-0.3785026408469977	-0.2348363370288311	176	305	41	522	135
GLIS2	c3	1.9678833709602657	0.9788458264337309	-0.3276541175086578	148	50	335	533	135
YY1	c2	2.521236434896192	-0.06677294008684052	0.47430120160715816	49	246	222	517	136
XBP1	c1	1.7124165194430359	2.2049322122633868	-1.185587658991384	114	8	402	524	136
ZBTB32	c3	-0.16732291432924973	-0.008740541196488412	0.016847520288493456	279	210	46	535	136
NR1D1	c2	-0.9316363320858998	-0.2653654129028974	2.255235205337584	209	304	5	518	137
KLF14	c1	2.8513751568328725	-0.5743569081538401	-0.40718963083782445	70	330	127	527	137
TFDP1	c3	-1.5427485697877124	0.5813257734212489	-0.13380758621453293	328	79	130	537	137
NRF1	c2	2.0111706576362525	-0.036794762845993596	0.46248207740931413	65	220	233	518	138
ZNF341	c1	-2.053327810305292	1.6678630450891776	-0.49745898008378653	311	19	201	531	138
RFX4	c3	2.850562087118351	-0.13885359096778843	-0.1709914895384994	112	259	166	537	138
HSF2	c2	0.776174931315544	-0.3314152247676662	0.6145138999392756	102	315	102	519	139
HNF4G	c1	-0.31328053514658416	-0.013278646815815172	-0.4044892099327786	208	204	124	536	139
NR4A2	c3	3.3442641439393954	0.9101398456625975	-0.48015620351712407	97	56	385	538	139
ZNF682	c2	-1.782332625493104	0.2083635555766314	0.6138692287314855	274	147	103	524	140
SPDEF	c1	3.7497172788501913	0.0706529672132596	-0.7368835987630664	49	161	326	536	140
E2F6	c3	1.3593826259259907	-0.030390832327488355	-0.13701554352294476	180	227	134	541	140
GCM2	c2	0.8432777532843417	-0.5398736516813271	0.6235458346921181	99	335	94	528	141
RORA	c1	0.5193184405186342	-0.29225801863306783	-0.3497634084800634	167	292	81	540	141
HES6	c3	3.34670572497195	0.7848964658962625	-0.4321099483775086	96	67	380	543	141
ARNT2	c2	-1.99484160242003	0.4858414911394006	0.544335329613352	286	95	151	532	142
SP4	c1	2.589676294656221	-0.2168537759862959	-0.4832757188787262	81	273	186	540	142
ZBTB12	c3	1.5835703588086216	1.552635913795092	-0.34544322867284194	167	28	349	544	142
ELF2	c2	2.302534852671523	-0.8942572080964042	0.605634343078588	58	367	108	533	143
ELK4	c1	6.555663854741811	-0.4730028152446909	-0.5153950079706879	8	317	216	541	143
ZNF143	c3	0.8885282571782405	-0.2645494683430765	0.052941677507776674	209	299	37	545	143
ELF3	c2	0.5522147788634533	0.904883412448355	0.3058420026213451	115	58	360	533	144
PHOX2A	c1	-5.361737568460393	0.09632666269519562	0.10822676689087452	386	143	16	545	144
INSM1	c3	1.3066526567044312	2.7495787777644995	-0.3465475214568272	184	10	351	545	144
TCF7L2	c2	-1.5722800862748942	0.460107629079461	0.5189965334852715	254	100	180	534	145
NHLH2	c3	8.557300694540137	-0.13031147084697514	-0.2578592099555781	15	256	275	546	145
HESX1	c1	-5.381254123815691	0.9224157827204685	-0.39270893716836675	389	40	117	546	145
FLI1	c2	-0.18924458278328193	-0.08375827430998319	0.5844345857688804	159	260	117	536	146
SNAI3	c3	10.158611871723197	-0.07272339205946708	-0.2810558819841251	9	242	295	546	146
HES7	c1	-0.5008999565917132	0.2141638294118346	-0.504486774189532	223	115	208	546	146
ESRRA	c2	-3.7242832270289146	0.5059995633362524	0.6494886994721973	357	94	87	538	147
NRL	c3	4.257675256737094	0.7566963981590596	-0.5976483402967538	72	72	402	546	147
HSF4	c1	0.6879132724039472	-0.055432165623664736	-0.4538148902371031	160	224	163	547	147
ZNF148	c2	0.7675666035842751	0.4126236839752418	0.3658845614070092	103	111	325	539	148
CEBPD	c3	-1.1091531603040146	0.12829802344840596	-0.08632985958070094	317	143	87	547	148
PROP1	c1	-4.031646300833414	0.15757583547553208	-0.2970261021210856	364	127	57	548	148
GLI3	c2	-0.9054528174565845	0.010979863116753015	0.5645549197190878	208	198	134	540	149
TFCP2	c1	0.24585756665096212	0.09272309460350864	-0.5161687452347685	182	149	217	548	149
MITF	c3	0.3236774920476333	-0.0731879881630222	-0.025085943395103172	251	243	55	549	149
RORB	c2	1.4408027679790831	-0.05473249888940062	0.46763097232807205	81	232	227	540	150
ETV3	c1	4.365077889929992	-0.3916323769448639	-0.5004431649704735	38	307	204	549	150
ZNF263	c3	1.4984191201840789	0.020957403419309895	-0.1876951865371792	174	190	194	558	150
MYBL1	c2	0.15910085375982694	-1.3990666715402253	2.089409353112254	140	393	8	541	151
PAX5	c1	0.6620884191674722	1.927422133505663	-0.9493931652503491	161	13	376	550	151
SOX4	c3	3.680406758809567	-0.024713374894347915	-0.23228805862362822	87	222	250	559	151
MAFF	c2	-3.940000037073194	0.2293975342470847	0.831034152564424	363	141	38	542	152
ZNF740	c1	0.8020071603597231	-0.33244347602412455	-0.38028318452402754	153	297	105	555	152
MEIS1	c3	3.3397554746311027	0.2473669918382251	-0.34112779808559246	98	116	345	559	152
EGR4	c2	3.1805216115748287	-0.25324553137687855	0.486984074468773	35	301	206	542	153
CREM	c1	1.494812452208882	0.23216383729317644	-0.7498860805962266	120	107	328	555	153
HOXA9	c3	-1.0072712227319258	3.7305991462413206	-0.22807027344424746	312	3	246	561	153
HOXB13	c2	0.10394119765523246	0.26774722941899226	0.43122747153694263	142	131	269	542	154
HEY1	c1	0.7801395586892548	0.6001687793024332	-0.8003663944004966	155	57	343	555	154
ONECUT1	c3	3.7583776231160653	0.3151181681234857	-0.38736199525833825	84	107	370	561	154
ELK4	c2	-0.3929680416755717	1.2892005073456716	0.34781714703535194	171	36	336	543	155
LMX1B	c1	-4.434749801035739	0.08422653625993277	-0.17743364679465934	372	156	28	556	155
MYC	c3	1.532584552438126	-0.21116757923616009	-0.11289045601306213	171	283	110	564	155
SRF	c2	0.32509601880186345	0.5844817389741056	0.3489443623533237	127	85	333	545	156
RBPJ	c1	-3.1653559324883465	0.24073215246864993	-0.37946092544590204	346	106	104	556	156
PROP1	c3	4.033331907974018	0.5090325035848401	-0.6850827291033319	75	84	406	565	156
ZIC1	c2	-4.462003079318218	0.21960124691537666	0.9648864780359183	374	145	27	546	157
TCFL5	c1	1.8508868217231655	0.026806437534154744	-0.6145707627101675	108	176	273	557	157
SOX12	c3	0.6277578364471036	-0.21547513421159503	0.010619039685186848	234	284	48	566	157
CENPB	c2	6.025192185044791	0.04620325037414014	0.3207998782247863	10	181	355	546	158
KLF6	c1	3.942193703429608	-1.274920511820095	-0.4027060057096543	45	392	122	559	158
MSC	c3	9.502100374081051	-0.5708214482349268	-0.20153103680017814	13	343	212	568	158
OSR2	c2	0.2887139966601971	-0.05898397434753143	0.5205645064095172	131	241	178	550	159
TBX19	c1	-1.1634064944933606	-0.24027281132470582	0.0935932391598282	261	280	19	560	159
GABPA	c3	0.09600961235077732	0.24000598067560694	-0.1865241668248645	262	117	191	570	159
MEIS1	c2	-3.1459474436406034	0.09296136466334791	0.8288861752169279	342	171	40	553	160
TFAP2C	c1	-1.5357695970621934	0.11354363564851852	-0.41282336316375634	289	139	133	561	160
ZKSCAN5	c3	1.3316789147092636	0.016650264297166678	-0.18709214713348388	182	195	193	570	160
GCM1	c2	-0.3754399636520413	-0.05473249888940062	0.540089119287309	169	233	154	556	161
NR2F1	c1	2.0108454376584044	-1.6525165935892856	-0.3006414658940546	100	404	60	564	161
BHLHE23	c3	0.5013090167726747	-0.38959402145241023	0.5962223005032907	243	319	12	574	161
MEF2C	c2	0.530112628626253	-0.1337831546991801	0.5336794000815797	117	277	162	556	162
FOXC1	c1	-7.314686065572276	0.5712406746869132	-0.37523456702712465	405	61	99	565	162
CDX2	c3	1.719871176601448	-0.25825904271585226	-0.1193580132169405	165	295	114	574	162
KLF9	c2	2.805593620753048	-0.011168566914177227	0.39457985640262017	44	209	305	558	163
SNAI2	c1	-7.32849694815057	0.8359854455893135	-0.3930237096887348	406	42	118	566	163
GATA6	c3	1.8316075897829958	0.014197798759275577	-0.20975240233192416	155	198	221	574	163
JUNB	c2	1.7903355987913239	-0.20635220111357122	0.5090983926761021	72	295	192	559	164
ZNF384	c1	1.2658916331498293	-1.3735294664590412	-0.23673206805749558	132	397	42	571	164
TBX3	c3	2.0483505109147337	-0.8809648847879425	-0.051971155347725784	145	369	66	580	164
HOXD13	c2	-0.29040087271399484	-0.8269690648188415	0.8875896576502331	166	363	33	562	165
RORB	c1	-2.1709472478601577	0.004988838982359337	-0.33575757814937823	315	187	73	575	165
ZNF148	c3	-0.4341445140510694	0.14468305396684153	-0.16390705689086005	292	136	153	581	165
POU2F2	c2	10.608843016370875	-3.35253682975157	0.5559455124096733	3	420	140	563	166
NFYA	c1	2.6648014230785644	0.12223891383048226	-0.8936183284922077	76	138	361	575	166
TFAP2A	c3	0.788797344165674	0.09566053372529305	-0.20051622185284845	217	157	210	584	166
ERF	c2	-0.7124942058798156	0.16262787913039128	0.48065951384220185	194	156	213	563	167
FEV	c1	5.661040703351933	-0.6551920284241949	-0.5152980839374521	18	345	215	578	167
GATA2	c3	2.6560858110833587	-0.19935534429917653	-0.17932822113209568	125	279	182	586	167
ZBTB26	c2	-0.5964723546248153	0.4499419886220108	0.42580033435491593	186	102	277	565	168
MEOX1	c1	-3.74656005986281	-0.004917532184495741	-0.14216402823978314	357	199	23	579	168
SOX13	c3	4.1434504501652905	-0.1698591291818732	-0.2306194738666072	73	269	248	590	168
HNF4G	c2	-1.7767125390860117	-0.004070748111931947	0.6490105510886028	273	205	88	566	169
NR1I2	c1	-3.211201867832089	-0.004917532184495741	-0.22298125335418284	347	198	37	582	169
BACH1	c3	-2.1841565866845176	0.17001856895583684	-0.11789073619809542	349	130	113	592	169
SOX13	c2	-2.769603149496942	0.5734973140028904	0.540928326488535	328	86	153	567	170
RFX1	c1	-1.7441961198982203	1.2657006171173852	-0.5842096961253684	298	28	256	582	170
RBPJ	c3	1.3251546663077627	0.17961222938625682	-0.26370737439156855	183	127	283	593	170
TEF	c2	-0.8474956084783842	-0.6596605429085978	1.3533975350290284	199	351	18	568	171
NOTO	c1	-3.023742029542485	-0.004917532184495741	-0.2500008599890098	342	197	46	585	171
ZFP57	c3	0.5015026696706912	-0.15140343677226406	-0.08768029646466324	242	262	90	594	171
PPARG	c2	-0.8070616048511008	-0.27387170717851	0.705788676493114	197	305	66	568	172
ZBTB7C	c1	0.17792180492977216	0.04244885020706618	-0.5340827057283501	186	174	225	585	172
THRB	c3	0.4406888939904976	0.3498122061100007	-0.2291844765478217	247	102	247	596	172
ETV2	c2	3.2790913870993084	-0.4237217123185478	0.48503872373534485	32	328	208	568	173
NFE2L1	c1	0.25115058898413795	0.24133682753233718	-0.6622715575637947	181	105	300	586	173
MYBL2	c3	-0.004318741973820872	-0.4114949195059378	2.8908807084633343	272	321	4	597	173
CREM	c2	-2.2377603698387394	0.013316345108518896	0.6960369920547809	303	194	72	569	174
RXRG	c1	1.3987967734364675	-0.05192272830834669	-0.564668860296301	126	221	240	587	174
ZBTB6	c3	3.7692570281744455	0.017213845723507332	-0.31426100328079176	83	194	321	598	174
ZNF136	c2	-1.0186482671397987	-0.6016072217998955	1.9653511761991744	214	346	11	571	175
PLAG1	c1	-0.21184306538732361	-0.11828675515176415	-0.4131958246799723	202	252	134	588	175
MTF1	c3	-1.0260107007394104	-0.1663735602195035	0.3175387480697722	313	268	18	599	175
NEUROD2	c2	-0.5463531532251961	-0.16450403983655215	0.6062169783899769	182	285	106	573	176
ARNT2	c1	2.4002607441395263	0.22660021189102852	-1.0636172102649901	86	110	392	588	176
DMRTC2	c3	0.898696352143775	0.04468204073642274	-0.20212011774694005	208	181	213	602	176
ATF3	c2	-2.8018947986025067	-0.010891413731345487	0.8693187623902254	330	208	37	575	177
EN2	c1	-2.5436640386190743	5.460310904550245e-4	-0.33571319567824354	326	191	72	589	177
NFYB	c3	0.6940190716462364	-0.18724865606036228	-0.10878673581169629	227	275	103	605	177
NFATC3	c2	-0.05985883031574735	-0.04889730707860797	0.49631595593065114	145	229	201	575	178
ZIC1	c1	-3.869628625757221	0.06746106559925025	-0.30820389055981323	361	164	65	590	178
OSR2	c3	-0.5407615174193143	0.4241476479721213	-0.20435276040042005	298	92	215	605	178
CREB3L1	c2	-1.853057668629346	-0.020618258358493475	0.651272883190968	280	212	86	578	179
GRHL2	c1	-1.03377396767574	-0.05825863701587842	-0.3859090310390272	256	227	110	593	179
SP9	c3	-4.245514288097663	1.1737931270401205	-0.17056347225414914	403	39	165	607	179
BARX2	c2	-1.4278561577952413	0.3147515319198347	0.4786431434320555	240	121	217	578	180
TEF	c1	-0.9010953926281305	-0.3605238452700846	-0.2539936828309717	246	300	49	595	180
TCF3	c3	13.317985269239443	-1.8721638047828066	-0.19391696552590698	3	404	203	610	180
SP8	c2	4.752668094597647	-0.5135446034174772	0.4641054015706194	13	333	232	578	181
RXRB	c1	0.7761786214448484	0.35611743379572675	-0.8463517465207477	156	84	355	595	181
POU3F1	c3	-6.996500940032117	0.9753590936146209	-0.1359462039215007	428	51	132	611	181
IRF9	c2	0.5769851144924361	1.1389549328788144	-1.5869816592545272	112	45	421	578	182
MEOX2	c1	-3.515736100097124	-0.049040948134088526	-0.16888365627637114	352	219	26	597	182
PHOX2A	c3	5.568910385086544	-0.06768707633337913	-0.3179363712547367	49	238	325	612	182
CUX1	c2	-1.9255217160280087	-0.10252240705384688	0.9776017194052926	285	268	26	579	183
SNAI3	c1	-7.96555980064518	1.0666971898152584	-0.44093223495496314	411	35	154	600	183
CTCFL	c3	2.7569737950615942	-1.0712499120500154	-0.12388154449655264	116	379	119	614	183
HOXB9	c2	-1.2832108739329213	-0.3559184941769941	0.8970826684408912	231	320	30	581	184
JDP2	c1	1.4512172059695496	-0.25231497321575125	-0.48960809445866005	122	284	194	600	184
MZF1	c3	-0.30651839763469013	0.8363334461114547	-0.25245292013368736	289	59	267	615	184
ZIC4	c2	-4.0178642804817155	0.4332451221307982	0.5947306181582697	365	104	112	581	185
MITF	c1	4.320470867454427	0.08418958653127188	-1.2308811300980107	40	157	403	600	185
ONECUT3	c3	3.470730027583228	0.2559051527797957	-0.8242046514375971	91	115	411	617	185
USF2	c2	-4.368290558843393	0.761438023051292	0.5579141681607709	373	70	139	582	186
NR1D1	c1	2.049034606465898	0.3064921305261967	-1.7407456357626039	99	93	408	600	186
TBX20	c3	1.2206259343274304	0.17062829595710938	-0.28444532001304346	192	128	300	620	186
ZIC3	c2	-3.3051623433918014	0.23191885182611197	0.6231253307549665	349	139	95	583	187
ZNF652	c1	-0.2813208765284041	0.420945478860868	-0.7323668056665724	207	73	322	602	187
BARX2	c3	2.1461974530459207	-0.12427718369191565	-0.21410622144243696	141	255	226	622	187
TBX18	c2	-1.2467781308201293	-0.19266518047502265	0.725172204608203	228	293	63	584	188
KLF11	c1	2.5099806703222716	-1.095771240008928	-0.41643052670886505	84	382	137	603	188
TCF7L1	c3	-0.7258850763152325	0.13274882579806355	-0.17889791819651535	304	141	179	624	188
MYC	c2	-1.668383018424179	0.22729855657574694	0.5162217106436335	261	142	182	585	189
NRF1	c1	1.742236172710216	-0.05588755781128445	-0.6057859130730545	111	225	267	603	189
RFX5	c3	3.943500157170797	-5.045419832737735	-0.1194793651108732	77	434	115	626	189
MAF	c2	-2.340591230563862	0.644473119940144	0.5085224216461839	309	82	194	585	190
ZNF136	c1	0.36027450844152	1.671983683896823	-2.1998288147396554	175	17	412	604	190
POU6F1	c3	4.700330765065743	-0.5673300716250408	-0.2149852950017923	63	342	230	635	190
TBX20	c2	-1.7999377492882012	0.12980046606259177	0.5443657262417236	275	161	150	586	191
PBX2	c1	-5.1375767190661525	1.8822497858760077	-0.5051466500872461	384	15	209	608	191
FOXK1	c3	5.28356360762671	-0.737315631017162	-0.21278945509023828	53	360	223	636	191
HOXA9	c2	0.73144549968995	-1.6995610903200604	0.69207659774172825	107	407	73	587	192
MAFA	c1	-0.5475146373332344	0.09601211783546366	-0.5675664821613626	225	145	242	612	192
ETS2	c3	-1.9239758498325854	1.8332126209253516	-0.2547584572498405	340	23	273	636	192
ZNF24	c2	-0.6556233143533862	0.4276702521334142	0.4098691920939501	189	109	291	589	193
CREB3L1	c1	2.072008435131168	0.07741259383627713	-0.8480917047830534	97	160	357	614	193
CREB3	c3	-0.7526052700528808	-0.22642384320145803	0.020497611413915706	305	289	44	638	193
NOTO	c2	-1.7311396949311417	-0.07182082767042	0.6996488123150417	269	251	70	590	194
E2F2	c1	1.428009621713258	-0.6300390224380878	-0.43878671660370827	123	341	152	616	194
OSR1	c3	-2.7013461486026324	0.027853961608140493	-0.07205426988773134	375	188	80	643	194
ZNF263	c2	-0.8800460216151046	0.5256931527080904	0.4026407473204179	204	91	295	590	195
MZF1	c1	-1.2117722927857688	0.11338713511881457	-0.5055150264358899	266	140	210	616	195
TBX21	c3	1.2653343765351535	0.031787226473896056	-0.25359497415906773	188	187	268	643	195
MSANTD3	c2	-1.6985438978356138	1.5070209408092277	0.3954988172255858	264	26	302	592	196
SNAI1	c1	-8.590399702570078	1.0920283363156733	-0.4622670866168983	417	33	169	619	196
POU3F3	c3	-5.667732668375004	4.41569812113039	-0.20873311383560278	423	2	219	644	196
HOXD12	c2	-0.8928860785389013	-0.9328635581595718	1.3581217012165627	205	371	17	593	197
ATF7	c1	0.7699670102393583	0.05407050280710957	-0.6518610449209152	157	170	292	619	197
ARNT2	c3	0.7732630815717654	-0.6971226739312144	-0.052080200232815343	222	356	67	645	197
HSF4	c2	0.23159489817129986	-1.2975357294897312	0.6751625637932186	133	388	76	597	198
POU3F3	c1	-0.5017013908290633	-0.6027250907733013	-0.3021766528648957	224	336	61	621	198
NR5A1	c3	4.274607627934927	0.017404685721305053	-0.4665683816478676	70	193	382	645	198
KLF14	c2	5.656696733376807	-0.6714676129494496	0.461946110242363	11	353	234	598	199
POU3F2	c1	0.6501975840062492	-1.9009851196944478	-0.2668169319177043	163	411	50	624	199
MLX	c3	-0.26152554596050825	-0.11942107298596784	-0.11277936524793297	286	253	109	648	199
E2F6	c2	-0.8548017810058112	0.666783974808915	0.37680632248245516	201	80	317	598	200
POU2F3	c1	1.1359098644302879	-0.3535066703251107	-0.4859572642487233	138	299	188	625	200
HOXB13	c3	0.6097253154955368	-0.16301788368950149	-0.15528429147853906	236	265	147	648	200
NFYB	c2	-1.5112671466696577	0.821828379778114	0.4198093106421217	251	65	283	599	201
HSF2	c1	1.1092613816435846	-1.1562532579243876	-0.3763609913040362	139	385	102	626	201
MAF	c3	2.487752661352535	-0.32092127110657914	-0.2000710615881367	130	310	208	648	201
PAX1	c2	-1.8327790447616823	-0.36623286062943006	3.6941865561314575	278	322	2	602	202
MSC	c1	-6.001912716219594	0.4473776317471105	-0.452104568165403	397	69	160	626	202
SMAD5	c3	0.00863828830615155	-0.3296072030089824	-0.05360662032621555	268	313	68	649	202
ATF7	c2	-2.6091856809134604	-0.046546827833605656	0.763629007536359	324	226	52	602	203
HOXB7	c1	-3.051575262490727	-0.12094469020377017	-0.2073804421360208	343	253	34	630	203
USF2	c3	2.906678598928336	-0.5560064913520595	-0.19338186058771534	110	340	201	651	203
RXRG	c2	-0.7761034889023475	-0.07718920140850745	0.5447813435735096	195	259	148	602	204
CTCFL	c1	-0.3763411340890671	-0.14900906447860945	-0.44236371864352986	213	262	156	631	204
NR1D2	c3	-0.21414184442242587	0.3938759897572467	-0.25472458751553084	284	95	272	651	204
MAFA	c2	-2.2741385114103267	-0.05473249888940062	0.7321680514511613	306	238	59	603	205
GLI3	c1	0.9484690270674221	0.004988838982359337	-0.6682964178579347	146	182	303	631	205
JUND	c3	-2.396799589160885	0.2233220441250848	-0.17574066744451589	362	120	173	655	205
ESR2	c2	0.3207878124351252	-0.14221119190431794	0.5004468168456384	128	279	196	603	206
SP8	c1	2.981863289259077	-1.2262656734838053	-0.47005788248868186	68	388	177	633	206
NR3C1	c3	2.4427473385147778	0.2924159556530367	-0.8400817929247966	132	109	415	656	206
ZBTB7C	c2	0.8519762337509026	-1.0080551903278414	0.5668882168859142	97	376	131	604	207
POU2F1	c1	0.0720077750774184	-1.02726156429702	-0.3190474055849766	189	379	66	634	207
TBX18	c3	1.068698090122886	0.5382112367057074	-0.4103846251150376	201	80	377	658	207
PLAGL2	c2	-2.8682962991863135	0.11344809945226181	0.6048993145173727	334	164	109	607	208
SOX10	c1	-4.820179841794315	0.6788256309339157	-0.5016431860834238	378	52	205	635	208
HOXD13	c3	0.5674763568521424	1.8899234979616562	-0.5945363834374184	237	21	400	658	208
GATA2	c2	-0.8345664627745885	0.15758102928567258	0.4403426623794857	198	157	253	608	209
HOXC9	c1	0.5117860253891869	0.32914815931959274	-0.9787344799826307	169	87	381	637	209
GCM1	c3	0.8405004964626541	0.04468204073642274	-0.25158388200853565	211	182	266	659	209
DMRTC2	c2	-0.4694651423836002	-0.05473249888940062	0.4980182541068867	177	234	198	609	210
SP3	c1	2.339359740857567	-0.9904279053600319	-0.47089895624275613	89	372	178	639	210
HOXB9	c3	0.6456091165646026	0.8181968947591981	-0.3750937862551158	233	63	364	660	210
KLF3	c2	3.870034108603832	-0.5329652054854223	0.4411731785043207	25	334	250	609	211
ZBTB33	c1	3.2735524639248457	-1.9507284693418478	-0.46287267303824287	58	412	170	640	211
SOX2	c3	3.3691535835269306	-0.02915513923554511	-0.3370757847792625	95	226	340	661	211
BATF	c2	2.0427526294852454	-0.084490881973346	0.4194492515521233	63	261	285	609	212
ATF3	c1	-0.001386539035637846	-0.05641135626710279	-0.5219114526095012	194	226	220	640	212
FEV	c3	-2.65136698638039	2.505491572318394	-0.2608741725926915	373	12	278	663	212
PAX9	c2	-1.0013486045792641	-0.5751652011257522	0.7342173319353442	211	344	57	612	213
ZNF449	c1	0.05101323218832565	-0.1520001774709784	-0.48383106451687574	192	263	187	642	213
IRF8	c3	-4.665522909822395	-0.09600276467607621	3.421824700661637	411	250	3	664	213
FOXK1	c2	-2.402294625792124	1.102244700815389	0.4386118157796286	312	46	255	613	214
USF1	c1	1.540865424183139	-0.08006950933512846	-0.6526310720228263	117	234	294	645	214
KLF15	c3	-2.983228027186515	0.12739564416206162	-0.13942324740688505	383	144	137	664	214
PHOX2B	c2	-2.133816381128315	-0.05473249888940062	0.6639697672744784	297	237	80	614	215
ZFP57	c1	-1.0196928457541816	0.2757571232833969	-0.6482488266809394	254	102	290	646	215
EOMES	c3	0.7634338000993068	-0.16564908281098603	-0.17602671041507278	223	267	174	664	215
ZNF274	c2	-0.8640270194351314	-0.7575269561054684	0.7406840878741274	202	358	56	616	216
BHLHE22	c1	-0.46899991658637485	-0.7075502521230135	-0.3444396116786965	220	350	78	648	216
HIF1A	c3	-0.008882242880382363	0.009637956371220013	-0.18675190945195652	273	200	192	665	216
ZBTB18	c2	-6.962161936054852	0.7861587915158068	0.5492789566654235	403	68	145	616	217
ZSCAN4	c1	2.8082344371623114	0.07021630314842693	-3.4276662340564688	71	162	418	651	217
PAX1	c3	2.0555669949574535	0.47811011556999894	-1.9483956308300847	144	88	433	665	217
ESRRB	c2	-3.162549159326579	-0.05473249888940062	0.885620028214877	343	239	35	617	218
ONECUT3	c1	-0.5994814749478494	0.2310777855491481	-0.715508666710198	228	109	315	652	218
ZBTB26	c3	1.5037362305320305	-0.006676911117293448	-0.26685395674440393	173	209	284	666	218
MITF	c2	-2.3421747356518434	0.02055280721036389	0.5888126553115551	310	193	114	617	219
MAX	c1	-0.25949741602717946	0.15068793900637747	-0.7288832280639976	204	129	319	652	219
VDR	c3	-1.6101420202468675	-0.20265516994115854	-0.041327092787176056	330	280	61	671	219
ELF1	c2	-1.0412592242230718	0.6830168029799074	0.3691636635382949	218	77	323	618	220
PRDM4	c1	-0.7317979907750602	-0.42501682876233005	-0.383555861509004	236	310	109	655	220
CENPB	c3	-6.1808251671726255	-0.0274181328871891	0.23239711878563618	427	224	21	672	220
MAFK	c2	0.6957978934894983	-0.5401586325329282	0.5228654236951122	108	336	175	619	221
ONECUT1	c1	-1.392956779571234	-0.3325282439669844	-0.3460740828458615	281	298	79	658	221
RXRG	c3	0.12002312861338216	0.10792002993933789	-0.24649725938655287	260	151	261	672	221
MAFG	c2	-2.7102660069021893	-0.06449013546967745	0.7673654880937146	325	245	51	621	222
CDX2	c1	-1.8283887479391197	0.3705222984638249	-0.6165566864565513	303	80	276	659	222
SNAI1	c3	12.265882917834993	-0.8926506408018856	-0.28132586278362215	5	371	296	672	222
RARA	c2	-0.426620331540337	0.10368683084976059	0.4251799646571133	176	167	278	621	223
ZNF75D	c1	-0.9574910610649484	-0.1918411921502904	-0.4194358218130745	248	270	142	660	223
ZBTB7C	c3	-0.798104813015128	0.6338572129059168	-0.27730553333025654	307	75	291	673	223
RFX5	c2	-3.8757091725110735	7.313372401746554	0.43518340830208047	361	1	260	622	224
FOXD2	c1	-9.21855735914945	0.27589452525583363	-0.41683320072318253	422	101	138	661	224
TEF	c3	1.0755055621646683	0.966796958376331	-1.0591314588683467	200	52	421	673	224
ZSCAN4	c2	-0.7036648504135423	-0.17990227306789783	0.5519990894379436	193	288	142	623	225
SRF	c1	-0.7139953506460662	2.487110776071262	-4.359794866360659	234	5	422	661	225
BHLHE40	c3	0.5267377901506866	-1.1105701687032432	-0.023379427556692534	240	380	54	674	225
BHLHE40	c2	-1.7123924468590648	0.10040813995257308	0.49680037831048374	266	169	200	635	226
USF2	c1	2.1359228322111723	-0.1054255109535894	-0.7301435284424311	96	248	320	664	226
ATF6	c3	0.5494790588728303	-0.7172763121527658	-0.06677110555146726	239	358	77	674	226
SOX8	c2	-1.7184677974524802	0.010979863116753015	0.5263609868819152	267	199	171	637	227
FERD3L	c1	-3.3294122738791803	-0.014991740821368296	-0.3894170162750523	348	206	111	665	227
NRF1	c3	-2.3982045186983223	0.07075669147088137	-0.1600957000328913	364	165	148	677	227
MNT	c2	-2.168469069631943	0.4331493267803136	0.4650325608468133	302	105	230	637	228
SOX12	c1	-1.111162501170771	0.5385281844996451	-0.7949038818459329	260	64	341	665	228
ZIC3	c3	4.341268147797011	-0.11853234042262446	-0.36115447201960116	69	252	359	680	228
RUNX3	c2	1.328365064586794	-0.2771045275383188	0.4414425280967915	82	306	249	637	229
OLIG2	c1	0.06651401761917608	-0.03781886780542148	-0.5890384908920794	190	216	261	667	229
TP63	c3	3.5779288888548253	0.08942375271568058	-1.4131628025707155	89	160	431	680	229
TFAP2E	c2	-0.39652091628399955	0.013300571038250684	0.4305994771564734	172	195	270	637	230
FOXC2	c1	-7.9428139764536585	-0.07776853109472302	-0.17176572571185034	410	233	27	670	230
SP8	c3	-5.225785093423183	1.2445870067689018	-0.21426766704259848	421	35	227	683	230
GLIS2	c2	-1.4953558953204171	-0.6435432495321615	0.7918382270067461	249	350	47	646	231
TEAD1	c1	2.6885430828863663	-1.4882441799698094	-0.49068870882517146	74	401	195	670	231
SNAI2	c3	9.577788331292247	-1.2095384792387802	-0.26297479609743135	12	389	282	683	231
MEF2A	c2	1.2118786247505144	-0.9303976589189679	0.5110566897732163	87	370	189	646	232
GLIS1	c1	1.0175893264802893	0.19715734841060367	-1.9669101680617171	143	118	411	672	232
NOTO	c3	2.6569858615964987	0.06717184801637	-0.5013658716515845	124	169	390	683	232
PRDM1	c2	-0.4246806910297394	0.08276477292117713	0.39796317829629757	175	175	296	646	233
NR4A1	c1	-1.2794844097971527	-0.5918766397478749	-0.32784582979902055	274	333	69	676	233
MSANTD3	c3	1.3742429566979304	-0.5897658983096371	-0.16973100434160493	178	344	162	684	233
KLF10	c2	4.14367559838732	-1.0406070573768675	0.4451850351556761	22	379	246	647	234
THRB	c1	1.089713804303376	-0.2533956283109194	-0.5759300326748651	141	286	253	680	234
KLF10	c3	-5.0064500260037645	1.408951573528307	-0.22108894600640028	418	30	239	687	234
SOX14	c2	-0.6070887417403611	-0.10628704196126644	0.510985140115471	188	270	190	648	235
BHLHE41	c1	3.419592929082617	-0.08229317886522457	-1.0546875133102933	55	235	391	681	235
ZIC4	c3	4.808720745939866	-0.3031600354683204	-0.31778798039731626	59	305	324	688	235
CEBPD	c2	1.758329690754885	-0.09151227670833027	0.37692403600825664	73	265	316	654	236
HINFP	c1	1.5794828082330008	-0.31717317605237666	-0.6191250843146783	116	295	277	688	236
MLXIPL	c3	0.3975322898462165	-0.4365546338290847	-0.12619088390813715	249	323	120	692	236
HOXD11	c2	-0.4159869984790043	-1.6704433423126441	0.6690197063967016	174	404	78	656	237
MAZ	c1	-2.2371854860960085	-0.09521115005265425	-0.40990202959390665	317	241	131	689	237
KLF9	c3	-3.699233283599644	0.36447913063599824	-0.19171577027045483	394	100	198	692	237
BATF3	c2	1.7294461881696717	-0.2096032668839113	0.4193306364662739	74	296	286	656	238
TBX20	c1	0.821110645877793	-0.815726791702643	-0.4661737748411152	150	366	174	690	238
CREB3L1	c3	0.7796127250540974	-0.031159675634492165	-0.2273866926477517	219	228	245	692	238
PAX5	c2	0.289461068442074	-2.3210330817006457	0.58708473198514	130	415	115	660	239
MTF1	c1	1.518674521022338	0.017084510472243936	-1.0747131579535	119	178	394	691	239
MAFG	c3	2.748653073670266	0.05777706309319433	-0.5970190478709849	117	174	401	692	239
NFYC	c2	-1.2969518716430675	0.011141264039782805	0.4645047250040717	232	197	231	660	240
GCM1	c1	-1.3353190708694769	0.004988838982359337	-0.5412660801244158	280	185	230	695	240
HOXD10	c3	0.6615099198697358	1.1390321961613898	-1.127397369903269	231	43	422	696	240
E2F8	c2	0.47425533592209296	0.28588789979973145	-0.158928790892384	122	126	412	660	241
CENPB	c1	2.638127622773927	-0.020305700009689655	-1.3033523232575988	79	211	405	695	241
PAX5	c3	-0.5051288548989025	-0.18253611450809487	-0.13307515087881505	296	273	129	698	241
TBX3	c2	-2.022989272086891	0.7011677505833466	0.3976793087661328	289	76	298	663	242
MSANTD3	c1	0.20302897230081496	-0.8012890253913847	-0.43364624387501394	185	364	149	698	242
DBP	c3	1.264324437511332	0.33132827647095575	-0.6517333138756882	189	105	404	698	242
MZF1	c2	0.9090738446055067	-1.527106308992832	0.5248543991855588	95	397	173	665	243
GCM2	c1	-0.48342341303736613	-0.5328002861934621	-0.4352819448752161	222	326	150	698	243
HES2	c3	0.4849223986609421	-0.7382739301761045	-0.09418670839836452	245	361	93	699	243
THRB	c2	-1.010415371555363	-0.17099470739549416	0.5296643380899226	213	287	167	667	244
ZNF682	c3	1.9109605954972104	-0.32566867358376556	-0.221406909713866	151	311	240	702	244
ZBTB32	c1	-2.912463149530309	1.3584092604022135	-0.7744730340592376	341	26	335	702	244
FEV	c2	0.5258000539859409	-1.425298282445347	0.5391442658591341	118	394	156	668	245
CTCF	c3	-0.2878242403157767	-0.5278385613474118	-0.06730197642910518	288	337	78	703	245
ZSCAN29	c1	-1.904389499198672	-0.7480019216709198	-0.23858562709424724	305	355	43	703	245
HES6	c2	-3.2297926575136326	-0.1068749336402534	0.772764599045491	348	271	50	669	246
GSC	c1	-1.4418699350548583	0.012250048960759782	-0.5538021744933683	285	180	238	703	246
ESRRB	c3	2.891583896694037	0.04468204073642274	-0.8251369326091655	111	180	412	703	246
DUX4	c2	-1.3095026761819044	-0.07182082767042	0.5131926777481741	235	250	184	669	247
RFX4	c1	-1.0296525751744987	0.05855271849152187	-0.6228435231538292	255	166	282	703	247
ATF3	c3	2.3977158706515596	0.04561191821828632	-0.5407849318079414	133	178	393	704	247
JUN	c2	-3.2183490808969983	0.5962233523493466	0.45473168556506494	346	84	239	669	248
HOXC10	c1	0.29099811871927334	0.055894520408009345	-0.8466858684965235	179	169	356	704	248
GCM2	c3	-0.53347297273985	0.9893728807717699	-0.3642017911184503	297	48	360	705	248
ZFP57	c2	-0.12267520349306302	-0.035481737936121464	0.39714202098249984	151	219	299	669	249
NKX2-2	c1	-0.9815356970683943	-0.1359117501976702	-0.491386403264519	250	257	198	705	249
KLF13	c3	-2.5946307281923042	-0.046570483540694096	-0.10916949344132476	371	232	104	707	249
MTF1	c2	0.5089266861138326	0.16729745364918253	0.11735679483237682	119	155	396	670	250
GATA6	c1	-3.8529563820202783	-0.5185013855178933	-0.15678567329797133	360	323	25	708	250
PBX2	c3	4.610433647476565	-0.5080110273469799	-0.29829247965860795	66	332	310	708	250
MYBL2	c2	0.16337991198545268	0.36197241375204076	-3.75002970226599	137	113	423	673	251
GLI3	c3	0.4058161221866359	-0.013201069900739168	-0.22311504659269055	248	220	241	709	251
DMRTC2	c1	-1.278110163697215	0.004988838982359337	-0.5759027134001649	273	184	252	709	251
ATF6	c2	-1.4753161073379242	0.7584655174522889	0.29921949644554147	245	71	362	678	252
ZNF528	c3	2.696052871837373	-0.33454695428480596	-0.2581448846378738	119	314	276	709	252
BACH2	c1	1.8984855728681898	-0.14528684159477173	-0.8270063821659548	103	261	347	711	252
ETV5	c2	-0.1711066127051688	0.07498460768349478	0.3354358866640901	158	176	345	679	253
SRF	c3	-4.728463903463376e-4	-3.5383859368411925	1.3969344935712993	270	431	9	710	253
FOXA3	c1	-8.769601460063585	0.4249260799119261	-0.5311532210976022	419	72	222	713	253
GATA6	c2	-0.3894962299968817	0.18954618266792564	0.31643136071821054	170	152	357	679	254
HMBOX1	c3	0.3205633219531469	0.7727365669553979	-0.4879121609610273	252	69	389	710	254
ZNF682	c1	-0.9927668980508546	0.16110617545858077	-0.7811802496593296	252	125	337	714	254
HNF4A	c2	-1.7098032687762226	-0.183162888212277	0.5748603063475688	265	290	126	681	255
POU3F2	c3	-7.992611254962661	0.1354798730140068	-0.15057189857363085	430	140	144	714	255
E2F1	c1	0.8187956195379948	-2.088729489371338	-0.43836986158986235	151	414	151	716	255
HOXC11	c2	-0.8056115291328038	0.4771984057351864	0.14441820456448973	196	96	392	684	256
HSF4	c3	-0.46566412992586936	1.0817166764574526	-0.40115551393087934	294	45	375	714	256
SCRT2	c1	-2.8292540136865263	0.16973412113665562	-0.5782721594990026	339	123	254	716	256
ERG	c2	-0.22134271220669458	-0.6687982813578134	0.5218828094749632	160	352	176	688	257
NFATC3	c3	-1.2169105052942093	0.16451520666807717	-0.25084279138138754	322	132	265	719	257
MIXL1	c1	-4.816000975532476	-0.23936700264063795	-0.30758795508723935	377	278	64	719	257
TCF3	c2	-11.594446135969912	1.7164853860848748	0.45071754192773383	423	23	242	688	258
ERG	c3	-1.8899154232500956	0.5163722577643487	-0.28216593730675754	338	83	298	719	258
OVOL2	c1	0.9837482849003335	0.06391366475085034	-1.956869932380993	144	165	410	719	258
SP9	c2	3.605576040046313	-0.8867732665997026	0.4037314490762016	28	366	294	688	259
IRF5	c1	6.3853273833234	-0.5567740707880845	-0.9906527968502026	10	327	383	720	259
KLF14	c3	-5.948486432879608	1.1489380457208884	-0.2368690378815348	425	41	255	721	259
ZBTB12	c2	-1.2513330311827797	-1.457862671985099	0.7072232609522366	229	395	65	689	260
HSF2	c3	-1.0954402007646928	1.1723991843446788	-0.37938817332981145	316	40	365	721	260
OSR1	c1	1.2494498571979475	-0.01501485314763804	-0.9658044523238463	133	208	380	721	260
RBPJ	c2	-0.1100839263715131	-0.4185649948546799	0.4807116374785414	150	327	212	689	261
MYBL1	c3	-0.5911072955514529	3.0271004420045724	-0.9250580658552146	300	6	417	723	261
CUX1	c1	-0.7152644143678792	0.3000917187135129	-1.0668699728328779	235	95	393	723	261
MAX	c2	-1.4762735906402487	0.048425438607301426	0.43300916732560957	246	180	268	694	262
NFYA	c3	0.0288136084579822	-0.6213700061478651	-0.11311209716434245	266	347	111	724	262
FOXB1	c1	-5.8809655981991895	0.08565035548988262	-0.47904473401342784	395	150	181	726	262
HMBOX1	c2	-0.8767801520307239	-0.8191225396465737	0.571150466589156	203	362	130	695	263
BATF3	c3	-2.1903958590173174	-0.005428865059541382	-0.17142283965674743	350	208	167	725	263
EOMES	c1	0.8949989811012059	-0.035828861721210734	-0.9272865851750254	147	213	370	730	263
FOXF2	c2	-2.2592222551713936	0.010979863116753015	0.509213216606323	304	200	191	695	264
ATF7	c3	1.9328716896884324	0.008183029216735839	-0.3998255223118612	149	202	374	725	264
GBX1	c1	-2.610098784946234	-0.06480328865399033	-0.4629853196431277	330	230	172	732	264
SOHLH2	c2	-2.0755504724385725	-0.0017168466710228904	0.4937408471475635	292	204	202	698	265
ETV5	c3	-1.821180712398863	-0.22362921098935656	-0.10932805775414334	334	287	105	726	265
HES2	c1	1.29473599093249	-0.11202455892804826	-0.839397002576975	130	251	351	732	265
ZBTB7A	c2	0.1915297193787561	-0.5508673905607808	0.4674586083467043	134	337	228	699	266
KLF3	c3	-4.574317582818234	0.3476841107084987	-0.20273636477974488	409	103	214	726	266
HOXD11	c1	0.33410866306049974	0.05060528689713091	-1.0135661700476035	177	171	385	733	266
TBX21	c2	-1.7649046230465617	-0.022264732918007124	0.47765878534045214	271	213	218	702	267
PHOX2B	c3	2.686147228277769	-0.013201069900739168	-0.559550185212057	121	216	394	731	267
ZBTB26	c1	-2.5545111269077707	-0.7803743984902152	-0.2505648468094943	328	359	47	734	267
IRF4	c2	-0.5524720936087598	0.44236800989546393	-0.7892678596771718	183	103	417	703	268
CEBPG	c3	-0.11444684798263846	0.21496139156185418	-0.32651529697413295	277	122	333	732	268
ZNF148	c1	-0.5722749203255123	-1.4785574413431497	-0.383470745947494	226	400	108	734	268
VDR	c2	0.6656235488171552	-0.22069671751675668	0.396071058289305	109	299	300	708	269
MAFA	c3	2.1585741965028706	-0.013201069900739168	-0.4056901454010191	139	217	376	732	269
ZBTB14	c1	0.32523681191324655	-0.6095355311102999	-0.5203707656953025	178	338	218	734	269
PROX1	c2	1.030513038511761	-2.1528596913414897	0.4872038828453338	91	413	205	709	270
HES1	c3	-0.6478897198358603	-0.25515577922047905	-0.1456322813105233	301	293	141	735	270
SCRT1	c1	-2.2742306850569065	0.18124425121964716	-0.658058544638962	321	119	296	736	270
RFX4	c2	-2.863801918305768	0.10164614206039778	0.4829708749201167	333	168	209	710	271
HNF4G	c3	1.641907602663926	0.01208069465302261	-0.3979632231797243	166	199	372	737	271
GFI1	c1	-1.3091505979864257	0.09737011098006565	-0.7185765286890149	278	142	317	737	271
CTCFL	c2	-3.0513727514600797	1.2849774478530764	0.34587102801575753	339	37	337	713	272
ZNF449	c3	1.1279598971037361	0.020500476612577954	-0.34583920825297554	197	191	350	738	272
TBX2	c1	-0.8809358424723415	-0.004917532184495741	-0.6610797218944153	244	195	299	738	272
ETS2	c2	-0.5020380192467799	-2.860892313631481	0.5855543562532795	179	419	116	714	273
HINFP	c3	-2.619763127959671	0.2353960897426508	-0.23206921367957634	372	118	249	739	273
NEUROG1	c1	-0.0953094543080395	0.09601211783546366	-1.1071786611080352	198	144	399	741	273
ONECUT3	c2	-3.784205855315789	-0.55427323712798	1.2885872982368909	360	338	19	717	274
NFYC	c3	0.20828165488887218	-2.089913460831071	-0.05676473040547236	258	414	69	741	274
MYOG	c1	-5.815306450845925	-0.09593513484093488	-0.38981161770242956	392	243	112	747	274
DMRT3	c2	-1.1992547483208036	-0.1297386896315945	0.4791300501287594	226	276	215	717	275
VEZF1	c3	-0.25344048392262647	0.36562303926452827	-0.35401172833884953	285	99	357	741	275
TP53	c1	-2.098053015251002	0.5759435046063216	-0.9447576358917118	313	60	374	747	275
ALX3	c2	-5.338255504727303	0.5491240151877954	0.45429686039185135	388	89	240	717	276
THAP11	c3	-2.6806769546615197	-0.30858167024354116	-0.044652649662586086	374	306	63	743	276
CEBPD	c1	-1.0162171931647095	-0.06415669006097442	-0.607241811724931	253	229	269	751	276
JUND	c2	1.9121959079209283	-1.7264275952681498	0.44779497169276716	67	408	245	720	277
IRF4	c3	-5.031125872449705	-0.41724239840741223	2.336621320710316	419	322	5	746	277
HOXD9	c1	-2.054992750980722	0.41076054357639114	-0.8972653567026878	312	76	363	751	277
MEF2B	c2	1.240862190993811	-0.7953179698372747	0.4261561202938786	85	361	276	722	278
OLIG2	c3	0.9437915141220933	0.07416826430796716	-0.47260270902458856	206	163	383	752	278
TCF3	c1	-8.738466336053328	0.12947944671560166	-0.492934966602971	418	135	200	753	278
PBX3	c2	-2.5442234154382932	0.47683838185872773	0.3892265275388507	318	97	308	723	279
ZIC1	c3	5.322347100100061	-0.25699662848506166	-0.705656918213025	52	294	407	753	279
MYOD1	c1	-9.384929135553707	-0.014991740821368296	-0.4064832937306626	423	207	126	756	279
BACH1	c2	1.327857526765527	-0.1565274179938962	0.31547786091434205	83	282	358	723	280
SOX10	c3	-1.5897918338213581	-0.8823993588737521	-0.025962715200526176	329	370	56	755	280
EVX2	c1	-3.05982313247743	0.3607573359065355	-0.76229102114951	344	83	330	757	280
ZNF341	c2	-2.60062994452901	-0.16377868750615096	0.578752339132504	323	284	121	728	281
ZBTB14	c3	-3.258245169535123	-0.17976706877381277	-0.10339319452062057	386	272	99	757	281
HNF1B	c1	-0.8546087364349969	-0.004917532184495741	-0.7321168682200483	243	194	321	758	281
OLIG1	c2	-0.16563686055843774	0.1395496263326008	-0.16041233530206078	157	159	413	729	282
HOXA13	c3	0.7329293247725726	0.007057225288960515	-0.31827268967637856	225	206	326	757	282
GATA2	c1	-4.993888724681685	0.05842850869108536	-0.5076241457523416	381	167	211	759	282
NR5A1	c2	-4.027868391691399	-0.20073194861854668	0.6988795843305269	366	294	71	731	283
SOX15	c3	2.2639382495476954	-0.21793545816718238	-0.32719077862276436	137	286	334	757	283
NR4A2	c1	-0.9885306244313886	-0.4120802602237092	-0.4986260873978505	251	308	202	761	283
CUX2	c2	-2.1496457032303153	-0.9522362053879448	0.7320824840986067	300	372	60	732	284
DUX4	c3	0.809156992599785	-0.05133082960202641	-0.2931395201268181	215	235	308	758	284
MYC	c1	-0.2704890657362727	-0.010638446081194654	-0.8453980193824098	206	203	354	763	284
INSM1	c2	-1.4812441585977698	-1.5231718626615494	0.6425481395684933	247	396	89	732	285
CREM	c3	1.3332123627808008	-0.1532242363373878	-0.30387595074833307	181	263	314	758	285
SOHLH2	c1	0.5684846632905404	-0.04302909094344609	-0.9843868486992111	164	218	382	764	285
POU3F1	c2	8.023880499074732	-0.7000229694728762	0.2656419499862892	6	356	370	732	286
RORB	c3	-0.3884295495475988	0.04468204073642274	-0.2695118848225917	291	183	285	759	286
ZEB1	c1	-8.883081760277587	0.08096595621333158	-0.48622648711025995	421	159	189	769	286
GABPA	c2	-2.0938930478048743	0.4255679071439509	0.3543567677041768	295	110	331	736	287
SP3	c3	-4.810304655222924	0.10640069445955118	-0.1885966545717377	416	152	195	763	287
TBX18	c1	-0.005168915368850335	-0.6619302663891341	-0.5401040998422353	195	346	228	769	287
ONECUT1	c2	-3.759746737603282	-0.11358038537199731	0.6100671749721531	359	273	105	737	288
ELF3	c3	-1.6386992444989468	-0.39076233677624345	-0.11709721721888666	332	320	112	764	288
NR1D2	c1	1.7256720622108064	-0.7862906671009977	-0.6581393373929583	113	360	297	770	288
TFAP2A	c2	-0.2765404438927242	-0.4896773760071695	0.45220408522981526	165	331	241	737	289
BARHL2	c3	2.8034903608389437	-0.09600272512940651	-0.6760052566791472	113	249	405	767	289
HOXB13	c1	-1.7965357318300348	-0.08359828100252233	-0.5493979735793193	301	236	235	772	289
GFI1	c2	-4.137478140054618	-0.04654871417088347	0.5509170792093396	368	227	144	739	290
CUX1	c3	1.925549184855916	-0.06883490278793257	-0.4214987038339615	150	241	378	769	290
NKX2-5	c1	-2.24018721916774	0.08528178502494628	-0.6650487935260792	318	153	301	772	290
MXI1	c2	-3.724749778944128	1.1699447568530672	0.3447014640008632	358	43	339	740	291
SP4	c3	-3.4139048338506903	0.8205951901098864	-0.3110273242753383	389	62	319	770	291
ZNF460	c1	1.8529077864934227	-0.6102615400998697	-0.7358976427294337	107	340	325	772	291
NR4A2	c2	-3.459548066226584	-0.5628207023387674	0.7878697581229339	354	339	48	741	292
YY1	c3	-3.808155404847807	0.5025555037434387	-0.2745755386614892	398	85	290	773	292
NFYB	c1	1.5401672527257821	-0.8556930513272591	-0.6438431627540204	118	369	288	775	292
CREB1	c2	-4.239484133919644	0.041200604318290285	0.5112023418035232	370	184	188	742	293
ZNF341	c3	3.0234997676602116	-0.7099037543748851	-0.3016985090030033	105	357	313	775	293
FOXK2	c1	-8.150554751940662	0.416313208187111	-0.6519759633791278	412	74	293	779	293
SOX21	c2	-2.1491537308395934	1.726562058870565	-5.361302757799179	299	21	424	744	294
CEBPA	c3	0.03026110313216408	-2.536725163739569	-0.08941695869331134	265	422	91	778	294
ATF2	c1	-0.14559776426546722	-0.594497658262722	-0.5698448987525495	200	334	246	780	294
POU3F3	c2	6.852668686139839	-3.966845751547374	0.3813267934477338	8	423	314	745	295
MEF2A	c3	-2.422185897117568	0.3424490343503576	-0.29782141409985563	365	104	309	778	295
KLF13	c1	0.8076399527995504	-0.08918801720803038	-1.0390912252801527	152	238	390	780	295
NRL	c2	-3.718831089295784	-0.8410403656037387	0.9592861637337275	356	364	28	748	296
HOXC10	c3	1.0625758743097626	-1.13565051010715	-0.18906062322476735	202	382	196	780	296
ZIC3	c1	-3.8919037960160665	-0.15666794181793536	-0.4421927996105275	362	264	155	781	296
PROP1	c2	-2.881717547902496	-1.3323144396469655	0.9357579116043873	335	390	29	754	297
HOXD13	c1	-0.8203429976490062	-1.3119160227942956	-0.4238894037057257	241	394	147	782	297
MEF2B	c3	-2.204773037422033	0.03850547413164242	-0.23422335325159338	352	185	252	789	297
ZIC5	c2	-2.8433814133987134	-1.2626319011828002	0.8298968098141959	331	387	39	757	298
TGIF2	c1	-5.376519348369393	1.1471607823849195	-0.9088890657415067	388	31	366	785	298
BHLHE41	c3	-0.16979827880729909	-3.1426252825464798	-0.07470801040339126	280	428	83	791	298
FOXH1	c2	-0.1436032094981915	-0.034625818568394855	0.16812350063953474	154	218	387	759	299
NHLH2	c1	-7.035553346561296	-0.744850337986273	-0.19219535398917564	401	354	31	786	299
ZNF460	c3	-1.1246978302505355	-0.6275369453693947	-0.13140207525631542	318	349	124	791	299
MLXIPL	c2	-1.4877552148636575	-0.9624344823439738	0.5515345999852137	248	374	143	765	300
MLX	c1	3.0317045398847537	-0.6047989237732713	-1.0167540641742558	63	337	386	786	300
PROX1	c3	-0.6995808194957654	0.49990166623893845	-0.6060027465309972	303	86	403	792	300
KLF15	c2	2.4089505570515555	-1.6713691493548442	0.3846520815174488	52	405	311	768	301
FOXE1	c1	-8.813335133318912	-0.2429406670045731	-0.3542557850733008	420	281	86	787	301
ELF5	c3	-3.260824944582941	0.04468204073642274	-0.21206625682239455	387	184	222	793	301
SOX12	c2	-0.22866906154886157	-0.11677825191780526	0.34890808172650445	161	274	334	769	302
ZNF143	c1	-1.6859557272823837	0.4073900805605941	-2.639736497626334	297	77	414	788	302
DPRX	c3	-0.12490953562805587	0.15054325076808772	-0.45064810955722834	278	134	381	793	302
ETS1	c2	-0.6632906544063173	-0.8992113513430938	0.4804464931104633	190	368	214	772	303
OSR2	c1	0.7553588235686606	-0.7296775246428491	-0.6197633873570059	158	353	280	791	303
ETV2	c3	-4.690092369116704	0.7725787975133961	-0.30053636996912303	412	70	312	794	303
BACH2	c2	2.3880937797812525	-0.36309435586587363	0.07611176116781415	54	321	402	777	304
DMRTA2	c1	-1.8039744654901226	-1.3131349553445046	-0.37475040815089855	302	395	96	793	304
ZNF740	c3	-1.9113926976794813	-0.0685093575874438	-0.20746926033183666	339	240	217	796	304
CLOCK	c2	-1.0927345897694338	0.11663047873378636	0.11213779084377684	220	162	398	780	305
SOX15	c1	-4.944909581185125	-0.7885714459406313	-0.2783209498417367	380	361	53	794	305
ELK4	c3	-2.2132188411882705	-0.6214803810046321	-0.09714550047497816	354	348	95	797	305
SNAI2	c2	-7.8636825536497685	0.09295397000151093	0.4860202790633057	409	172	207	788	306
HOXA6	c1	-2.821672394373427	-1.1661128077895972	-0.32810001229179697	338	387	70	795	306
NFE2	c3	-2.922596510707952	-0.6068431720071947	-0.05975524484290595	381	346	72	799	306
TBX19	c2	-2.540800151728172	0.8800717818682671	-0.5877059499758417	316	59	415	790	307
NRL	c1	-2.766879406587517	-0.018664993246583078	-0.5736195423082631	334	210	251	795	307
HOXC12	c3	0.014205962453095022	-0.4659276402351107	-0.19892303850597237	267	328	206	801	307
E2F2	c2	0.23852821495378762	-1.3848374394351457	0.43329786475996457	132	392	267	791	308
OTX2	c1	0.4291977177896953	-0.441221168223022	-0.692548910862282	172	312	311	795	308
RXRB	c3	0.5607324338738486	-0.32678841399197384	-0.2337777954851319	238	312	251	801	308
SNAI1	c2	-10.43201913006749	-0.032023300399299806	0.5389438400274988	418	217	157	792	309
TFAP2B	c1	-1.1794177807527333	-0.6516174908714268	-0.4886365057258235	262	344	192	798	309
PRDM1	c3	0.610662959487948	-2.3024850586532337	-0.16943133349024286	235	416	161	812	309
GLI2	c2	-0.9033658611465138	-0.46185423443614493	0.4375629388320643	207	329	257	793	310
ASCL1	c1	-7.574203919373909	-0.37347779987099855	-0.3572295322900434	407	303	89	799	310
HNF4A	c3	1.3989911967975759	-0.28947856079521894	-0.332919246721751	175	303	337	815	310
NHLH2	c2	-6.804060978947622	0.5615081699571856	0.38875540630679595	400	87	309	796	311
SOX14	c1	-2.546776473204042	0.05814160284370119	-0.6870134931874148	327	168	308	803	311
NR2C2	c3	1.2361153686980082	-0.1502901845364631	-0.38100380019175173	191	261	367	819	311
FOXA1	c2	-2.323153166152724	0.2961644977860222	0.28565167070456	308	125	366	799	312
HOXA13	c1	-0.7924605924324606	-0.004917532184495741	-0.9322438350177471	239	193	371	803	312
PLAG1	c3	1.1994692408514593	-0.16306426762372375	-0.36932369303524126	194	266	361	821	312
EBF3	c2	-1.4357764622095595	-0.31447323305300506	0.44104394711504646	241	312	252	805	313
TBX6	c1	-0.4067896353927608	-0.49559717686669913	-0.6084805299417244	215	320	270	805	313
NEUROG1	c3	1.377095988508637	-0.013201069900739168	-1.2085374375709446	177	219	425	821	313
TFAP2E	c1	-0.8432746361898545	-0.2831090926371055	-0.6092989576009966	242	291	272	805	314
CDX2	c2	-1.1791532430683265	-0.2134811970308053	0.4197624053961544	225	297	284	806	314
IRF9	c3	-4.964937989635295	-1.5915617973641778	1.5682380252806603	417	399	8	824	314
ZNF263	c1	-1.9169764900629729	-1.0226040997884964	-0.40316487872359996	306	377	123	806	315
PPARD	c2	-1.5128859850630456	0.03578409616920117	0.2584379032413118	252	185	371	808	315
USF1	c3	3.4417785377388856	-1.610191121669926	-0.3255651124142016	92	401	332	825	315
POU5F1	c1	-2.7680899059486346	-0.10187964623987789	-0.5393082813650771	335	247	226	808	316
ONECUT2	c2	-4.364804496814353	-4.455682688800473	1.867604413683491	372	424	13	809	316
RARA	c3	-0.802327898120877	-0.21052489133987043	-0.2202447923243458	308	282	236	826	316
HEY1	c2	-1.6659237924659336	-1.1459646170940605	0.530052959841349	260	384	165	809	317
THAP11	c1	0.5515263833239838	-1.0307019549453766	-0.5954369816582865	166	381	262	809	317
ZNF282	c3	0.06913922952837892	0.11666337050771862	-0.835530930942225	264	148	414	826	317
ZBTB32	c2	1.5194191236778347	-1.1177801613144434	0.3323412904689498	79	383	347	809	318
TBR1	c1	-1.5508103440220187	-0.004917532184495741	-0.7333385573140028	290	196	323	809	318
GSC	c3	0.0695146426041953	-0.27777783818407126	-0.2487536271550379	263	302	262	827	318
NR4A1	c2	-1.922407108192881	0.023298240059420883	0.34793428650986513	284	191	335	810	319
INSM1	c1	-0.10122682546772929	-1.2604258044626186	-0.5224837090188421	199	391	221	811	319
PLAGL2	c3	3.819226552723562	-1.3250567091671328	-0.3534982162355478	81	390	356	827	319
HOXD9	c2	-1.676484968883408	-2.187745600272602	0.5607915407206665	262	414	136	812	320
ZIC4	c1	-3.5259805010713117	-0.1606669526233109	-0.4912382674979492	353	265	197	815	320
MAFF	c3	4.5711699992927315	-0.6629979569336656	-0.7483444140016928	67	352	409	828	320
BHLHE22	c2	-0.34749868734215117	-1.2979438247021438	0.4385103962126671	168	389	256	813	321
LBX2	c1	-4.715734844231342	-1.672201067253292	-0.21839248888962715	376	407	35	818	321
MAFK	c3	-2.045238620825272	-0.07549056990019848	-0.22652504802218232	344	244	243	831	321
CTCF	c2	-1.3236797250282428	-0.19245049298389158	0.41715769654632595	236	292	287	815	322
FOXF2	c1	-7.138091270941327	0.004988838982359337	-0.5395998920332232	404	189	227	820	322
BATF	c3	-2.5817482865151673	-0.26080080119824867	-0.17228906986871628	370	296	169	835	322
HOXC13	c2	-1.5027164685003094	0.04614922612096367	0.20645183324251448	250	182	383	815	323
MXI1	c1	-3.7452833029458477	-0.16527048922596765	-0.4924777175656416	356	266	199	821	323
CREB3L4	c3	-0.2079966884601848	-0.19551143777711275	-0.2614118228065294	283	276	279	838	323
PBX2	c2	-3.0535564039685137	-0.7539490420570926	0.5782656613289419	340	357	122	819	324
FOXH1	c1	0.5549071305993813	-1.1445135781652283	-0.6147351382560942	165	384	274	823	324
ETS1	c3	-1.8763425048356304	-0.13406533301600393	-0.22709544079265953	337	258	244	839	324
TP73	c2	-5.468768273384405	-2.377420349308874	1.4578405457910488	391	416	15	822	325
FOXK1	c1	-8.301258242868865	-0.18229093777514868	-0.41777311019742314	415	268	141	824	325
NR6A1	c3	1.549000189858511	-0.15864895519013925	-0.7858471430797334	170	264	410	844	325
FOXC1	c2	-2.303326488967536	0.35110789447522905	0.07262832497616856	307	114	403	824	326
BARX2	c1	-2.3775099035399796	-0.32083658020215516	-0.502456060412829	323	296	206	825	326
TGIF1	c3	7.211508421897568	-2.0068276449692535	-0.5866368684005892	33	413	399	845	326
TWIST1	c1	-2.8667906342091123	0.08422653625993277	-0.7634645766452905	340	155	331	826	327
RFX3	c2	-3.202396972816812	0.26200613627379116	0.33012095522398077	345	134	349	828	327
EGR2	c3	-5.779761868401044	-0.01166605791881999	-0.20138981975904446	424	213	211	848	327
MNT	c1	0.025443228287168246	-0.24005317938250273	-0.8741950974333115	193	279	358	830	328
ZNF282	c2	-0.2581335054746475	-0.08466839870790699	-0.11518936507056132	162	262	410	834	328
HLF	c3	-2.380054132646684	0.10951856481066954	-0.3367687072137766	360	149	339	848	328
PAX7	c1	-1.1872225966832106	0.09601211783546366	-4.284370305485178	264	146	421	831	329
GLIS1	c2	-0.14002537691650477	-0.09578553497325364	-1.019302748618706	153	267	418	838	329
ATF4	c3	1.7435123359704527	-1.1547556025925312	-0.282467751598924	164	386	299	849	329
BCL6B	c1	-0.7353108216562715	0.012496464691314055	-3.1476948820060127	237	179	417	833	330
TWIST1	c2	-8.046334721418381	-0.07182082767042	0.5251875752741295	411	256	172	839	330
ELF1	c3	-0.5806757783450223	-0.9753767714033156	-0.177779351562104	299	374	177	850	330
MAF	c1	-1.247777564808878	-0.36974529856908733	-0.6042808835378306	270	302	266	838	331
GATA1	c2	-0.6909941773919397	-1.6220084543821922	0.4428546361741841	192	400	248	840	331
POU2F1	c3	-8.658598870741775	0.18119259209559818	-0.2799075919989402	431	126	294	851	331
TP73	c1	-2.7624129447744914	0.15901225254370485	-0.9627697360814338	333	126	379	838	332
POU6F2	c2	-7.006012982152419	-0.06001798518196008	0.5009128158299685	404	243	195	842	332
TCF7L2	c3	-2.7957332490536544	-0.7198437855203255	-0.12343628604026868	379	359	118	856	332
HIF1A	c1	-0.332716785289483	-0.36721434540281883	-0.7615284353840437	209	301	329	839	333
TGIF2	c2	-6.6278945255803405	0.7043187758469271	0.2569411734753544	398	75	374	847	333
HOXD12	c3	0.7838267305246011	3.022125277964582e-4	-1.950185028690937	218	207	434	859	333
ALX3	c1	-5.104198973293423	-1.250164820277264	-0.3248052621838511	383	390	67	840	334
ATOH7	c2	-5.122137856205745	-0.18203877532021048	0.5212711462669617	384	289	177	850	334
ELF2	c3	-3.507941755439754	0.10926781981096662	-0.30667811753017027	393	150	318	861	334
VEZF1	c1	1.2452563735581674	-2.7146047378147413	-0.6378002264716827	134	421	285	840	335
TCF7L1	c2	-1.7729883020233768	-0.07401319368277	0.37140567233875643	272	258	322	852	335
NFE2L1	c3	-0.9063301236062309	-3.0635485912948828	-0.13205072205834334	309	427	126	862	335
DPRX	c1	-1.426948005921265	-0.03600839757109892	-0.7974502008887807	284	214	342	840	336
MSC	c2	-8.378208942852062	0.03358446495221698	0.44105783373772844	414	188	251	853	336
JDP2	c3	-2.032647362393156	0.13932113357689252	-0.48251653079228696	343	139	386	868	336
CUX2	c1	1.1651611417852274	-0.4129681648561278	-1.075616587866465	136	309	395	840	337
PAX3	c2	-2.7160709961808722	-0.6240187431287315	0.5165627583663301	327	347	181	855	337
TFAP2C	c3	0.18453651398687357	-0.9725660127232522	-0.22029594094849614	259	373	237	869	337
E2F3	c1	0.2849518894010013	-0.09584074943413225	-4.094395552049065	180	242	420	842	338
ZNF75D	c2	-0.1578761362352682	-0.8524714475698965	0.34516474571590905	156	365	338	859	338
ESRRA	c3	3.6666937446540473	-1.3531392502799708	-0.4836242070725181	88	393	388	869	338
ZNF317	c1	-4.302083571431	-1.4261467484207455	-0.34324664522617176	368	398	77	843	339
POU6F1	c2	-4.935786015406643	-0.06164574351969548	0.46075506781716946	381	244	235	860	339
TFAP2B	c3	-0.0031008789536019488	-2.337820542582511	-0.1816212688277119	271	417	185	873	339
TFAP4	c1	-3.8457877956687074	-0.4776601336066051	-0.460115825107799	359	318	166	843	340
TBX6	c2	-1.9154254790354142	-0.14889579261640426	0.3977628126798969	283	280	297	860	340
SPDEF	c3	-2.110992112049794	0.10576332795260249	-0.3983666686652434	347	153	373	873	340
HES1	c1	1.2834494269321315	-2.2888680966136428	-0.6565809868142303	131	418	295	844	341
HNF1B	c2	-1.0341549898528204	-0.07182082767042	0.12734852839281885	217	249	395	861	341
NR2F2	c3	2.688835519686424	-0.7889855533354502	-0.5383183172172945	120	364	392	876	341
GLI2	c1	1.4039344767192914	-0.6304041119323203	-0.9504769146256606	125	342	377	844	342
FOXP1	c2	-3.8807927313842456	0.30364073986435436	0.22725168670881146	362	124	380	866	342
FOSL1	c3	-3.1495516574091846	-0.5229586034531485	-0.16665991851799689	385	336	157	878	342
CEBPE	c1	-2.8079241923167775	0.08186530660768596	-0.8404918322568822	337	158	352	847	343
GBX1	c2	-2.070902980224318	0.026018359329721172	0.16882688755579878	291	189	386	866	343
EGR4	c3	-3.757134381125455	0.05136212205967022	-0.2990008224262608	395	175	311	881	343
FIGLA	c1	-6.851746421305604	-0.06696615735250466	-0.5329184492178065	400	231	223	854	344
FOXC2	c2	-3.1894258051232667	0.267149668410501	0.15462751702125743	344	132	390	866	344
ZNF652	c3	0.3592650930444627	-0.51953594820907	-0.2819207829609294	250	335	297	882	344
RFX5	c1	-1.613868796057688	-0.20026155441801252	-0.6501708451223305	292	271	291	854	345
ZNF410	c2	1.605596100212257	-0.9061666342410838	-1.251512038888919	77	369	420	866	345
TEAD1	c3	-4.795356991968111	0.3153291799465378	-0.3740494749763066	413	106	363	882	345
MYCN	c1	0.6987497141291718	-0.5052206371785526	-0.9391000891822117	159	322	373	854	346
TBX2	c2	-2.5640914601453915	-0.07182082767042	0.39521313240766354	320	253	303	876	346
MYB	c3	0.7742442167201425	-1.6075995935070804	-0.24987781834456158	221	400	264	885	346
OVOL1	c1	0.8654705265177722	-0.25569102026726037	-3.58989846038215	148	287	419	854	347
TP53	c2	-4.546238025507428	0.5202795414000917	-0.11019046791498965	375	92	409	876	347
ERF	c3	-1.3729937173737146	-0.0899787424560733	-0.30513083708481403	324	247	315	886	347
E2F6	c1	-1.614991405596905	-1.1569665757929952	-0.47664822611668267	293	386	180	859	348
NFIA	c2	-7.060484737634522	-0.3351573656539233	0.534221147769431	405	316	161	882	348
PBX1	c3	0.7994516379617451	-0.5179277241942445	-0.33043466822586964	216	334	336	886	348
PKNOX1	c1	-1.2268566396209133	-0.25718783867618616	-0.6685304032905126	267	288	304	859	349
PKNOX1	c2	-2.5632400880448953	-0.5639026197563562	0.46568882756447394	319	340	229	888	349
PRDM4	c3	1.2396683382054776	-0.6695242223487233	-0.3395445019491472	190	354	344	888	349
HOXC13	c1	-1.2056935097453136	-0.09891088390621768	-0.8339935757749988	265	245	349	859	350
NR3C2	c3	2.1515274285014074	-0.4656454489992107	-1.1548983278780725	140	327	423	890	350
BHLHE23	c2	-0.09937044252748284	-0.3667929340159584	-1.1453756501485248	149	323	419	891	350
POU4F2	c1	-4.221931630044446	0.32429593636376514	-1.2556599584294297	367	88	404	859	351
OLIG1	c3	0.2939745192789015	-0.09472141119663276	-0.5054265786810959	253	248	391	892	351
TCF4	c2	-11.239383759059795	-0.02294120332853616	0.43679481865161396	422	214	258	894	351
ONECUT2	c1	-0.25246902321836456	-0.5000024610907484	-0.786780320548921	203	321	338	862	352
NR1D1	c3	2.1984827008725283e-4	0.015078953344565993	-1.2525223728811437	269	197	426	892	352
TFEB	c2	-2.5667103818626513	-2.6157690229014348	0.5354591897189103	321	417	160	898	352
HOXB3	c1	-5.190508199253579	-0.08995207878837072	-0.5552704467872065	385	239	239	863	353
POU2F2	c3	-9.749218274554238	0.16980366163469315	-0.32400344384124224	433	131	330	894	353
HES7	c2	-2.154614275136535	-0.1041805647861476	0.3607920227256951	301	269	328	898	353
ZBTB12	c1	-1.3191053969057691	-0.24621215559139756	-0.6676085860790426	279	283	302	864	354
SP2	c3	-2.268982513242622	0.016405359800129336	-0.3390985191753533	356	196	342	894	354
DMRTA2	c2	-0.07114365949747282	-1.0788692202971841	0.25080736367704404	146	380	375	901	354
TFDP1	c1	-0.03147532954207263	-2.0253352488862384	-0.5849778653808801	196	413	257	866	355
NR1I2	c3	-1.8300219843067045	0.06717184801637	-0.563492939437257	335	172	395	902	355
PAX7	c2	-1.6607300504403697	-0.05473249888940062	-0.31857854877001834	259	236	414	909	355
DMRT3	c1	-1.9483585299962254	-0.22667060816058407	-0.6258187389594525	308	275	283	866	356
ZBTB7B	c3	0.21024697313430352	-1.1451612690253263	-0.24985655523736128	257	384	263	904	356
HOXA10	c2	-1.6552473991616312	-0.6314451813411236	0.3924103101065821	257	348	306	911	356
FOXP1	c1	-8.205890914886972	-0.04933366247330985	-0.5490593202801826	414	220	234	868	357
KLF16	c3	-4.4992150396992745	-0.5028414035490059	-0.17256779410506606	405	331	171	907	357
RORA	c2	-3.0174264303110983	-1.929397289702153	0.5298931504238382	338	411	166	915	357
CREB3	c1	3.1628325124242873	-1.8580524060464156	-1.0974667915026917	61	409	398	868	358
ZBTB33	c3	-2.1518868734473036	-0.17034177459047117	-0.27827592460845807	348	270	292	910	358
HNF1A	c2	-1.2778727941113492	-0.3729002640967963	0.3019183487123236	230	324	361	915	358
RFX2	c1	-0.9781507658521791	-0.42594291510130294	-0.6878462590119288	249	311	309	869	359
CEBPE	c3	-0.6524738011224381	-0.011205171580583793	-0.5657048805547884	302	212	396	910	359
MIXL1	c2	-4.691175740010546	0.23883929709278542	0.08042711305971473	377	137	401	915	359
HES5	c1	-0.6064891432159595	-0.09399766788873196	-1.182234875636599	229	240	401	870	360
GLIS3	c3	1.791868781014641	-0.6646282365721902	-0.5729395755119882	159	353	398	910	360
EN2	c2	-1.726510029812666	-0.29788793797111085	0.343219188807522	268	309	341	918	360
RAX	c1	-4.426241697901123	-0.05357299210711707	-0.6195748619858534	371	222	278	871	361
ZSCAN29	c3	0.6462928437555151	-0.46313342120870465	-0.34871997858876824	232	326	353	911	361
MEOX1	c2	-1.9972247230659783	-0.07182082767042	0.23071497453466705	287	252	379	918	361
NHLH1	c1	-7.117801016468899	-0.56950349294762	-0.41749345729035525	403	329	140	872	362
FLI1	c3	-1.8687601722089118	-0.11079617103896051	-0.31841974981700183	336	251	327	914	362
ATF2	c2	-5.4023406142233545	-0.305990024636803	0.4765767876394804	389	311	219	919	362
HOXB9	c1	1.1629261943434486	-0.7286177389819262	-1.0090549916282328	137	351	384	872	363
ZKSCAN1	c3	-0.9820961466349126	-0.13222471529034277	-0.3425744392151966	311	257	347	915	363
PHOX2A	c2	-4.07196259430747	0.007343624875138066	0.32241995547721913	367	201	352	920	363
TGIF2LY	c1	-4.842194923572659	-0.004917532184495741	-0.6589596984975934	379	200	298	877	364
MEF2D	c3	-2.26961323770623	-1.862166024191963	-0.1673258185635138	357	403	158	918	364
LHX2	c2	-7.3806290900764315	-2.0914535408408796	0.6146865408695934	408	412	101	921	364
NEUROG2	c1	-2.032573583621773	-0.5595984183707633	-0.5661677430939722	309	328	241	878	365
SREBF2	c3	0.985834590417231	-1.9707589947233783	-0.28922611821868394	205	409	304	918	365
FOXK2	c2	-2.909714016827592	-0.01245662249890386	0.24807625475082418	336	210	376	922	365
HEY2	c1	0.08100085742823843	-0.6685720069888981	-0.8057549850311005	188	347	344	879	366
FOS	c3	-4.026170149348362	-0.6392309882528558	-0.17375542763758922	400	350	172	922	366
ZKSCAN5	c2	-2.050260304625691	-0.37739197190025603	0.377788556639282	290	325	315	930	366
BARHL2	c1	-1.6180355759473342	-0.014991740821368296	-1.0353152178216778	294	205	389	888	367
ELF4	c3	-3.4670496294704116	-0.028547852355002946	-0.28951047376109784	392	225	305	922	367
TBR1	c2	-2.713116816153456	-0.07182082767042	0.32736941187846824	326	254	350	930	367
NEUROD2	c1	-0.7964766121328188	-0.10870136792452079	-1.163076058584883	240	249	400	889	368
LEF1	c3	-1.0716886307026858	-0.6922182902934111	-0.24098549149634252	314	355	258	927	368
MYOG	c2	-10.774107394775026	-0.3185579749922256	0.49777336620203183	420	313	199	932	368
EBF1	c1	-7.071808628169146	-0.21144318474975374	-0.5217389349164447	402	272	219	893	369
YY2	c3	-3.808163224916728	-0.009617418666505768	-0.30606630493636633	399	211	317	927	369
TGIF2LY	c2	-5.8932302492191235	0.06379713410823275	0.29749321735405765	394	179	363	936	369
CREB1	c1	-0.40739136993847597	-0.8142311419806884	-0.7057335536081215	216	365	312	893	370
ZNF136	c3	0.731403430825681	-0.2277660032089595	-0.8259781339049823	226	290	413	929	370
HES5	c2	-2.386781096282337	-0.042043296281112516	0.053519902731618885	311	221	404	936	370
ATOH7	c1	-0.8950974635035851	-0.243351953003221	-0.9142835832751235	245	282	367	894	371
IRF5	c3	-2.955751995233122	-0.033148251113499616	-0.31413321080580303	382	230	320	932	371
NKX2-5	c2	-5.027555986573139	0.024124356159511515	0.2892958228076914	382	190	365	937	371
GBX2	c1	-5.0314825235699905	-0.004917532184495741	-0.7132268654007046	382	201	314	897	372
E2F1	c3	-0.20508463827400203	-0.17614729621341613	-0.42860269326014055	282	271	379	932	372
MYOD1	c2	-10.273021419095146	-0.08945887079148668	0.4343111809325837	417	264	265	946	372
BCL6	c1	-0.9389105750828162	-0.2979760319372956	-0.9268886564627934	247	294	369	910	373
KLF4	c3	-2.86411719964553	-1.5736818392813579	-0.16509011227313763	380	398	155	933	373
MSGN1	c2	-5.079937336978558	-0.05473249888940062	0.36443978233627305	383	240	327	950	373
SOX4	c1	-10.376644184426059	-1.6119810094128422	-0.3607472908230598	425	402	91	918	374
TCFL5	c3	-2.5376963430203467	-3.3134182443716504	-0.13734453617770193	369	430	135	934	374
HOXA6	c2	-1.8483104691437324	-0.4928660871419619	0.33713650009983454	279	332	343	954	374
PBX1	c1	0.20902167906857505	-1.6537958653812745	-0.7908562210234997	184	405	340	929	375
BCL6	c3	0.8178304061978454	-0.2281623016453746	-1.3455397350220366	214	291	429	934	375
HOXD10	c2	-0.9875545432437514	-0.7716376437267923	0.18185126532670104	210	360	384	954	375
SOX8	c1	-5.872358688411046	0.004988838982359337	-0.8325618658642657	394	188	348	930	376
HOXC9	c3	0.2894829719975533	-0.852815198043265	-0.30527315713192316	254	366	316	936	376
SNAI3	c2	-8.252993187435148	-0.9629023555820501	0.5289306182077276	413	375	168	956	376
HAND2	c1	-2.6213697135651906	-0.4586513003112258	-0.6389572483390218	331	315	286	932	377
EHF	c3	-4.53670197000502	-0.7593298973915117	-0.1723979445978152	406	362	170	938	377
HEY2	c2	-2.0900709456889306	-1.6413885048201726	0.43505168896295743	294	401	261	956	377
HLF	c1	-3.5119963340260205	-0.23142447495921742	-0.6767492787026654	351	276	305	932	378
KLF5	c3	-2.725563267548834	-2.369702025911574	-0.15145902253186083	376	419	145	940	378
ETV4	c2	-2.50829741365222	-0.30247711148124196	0.35055579665872116	314	310	332	956	378
HOXA9	c1	0.9809459019927765	-2.226783922621581	-0.9361020976037402	145	416	372	933	379
ZNF384	c3	-2.090211288030666	-0.07768623810825713	-0.352294639261971	345	245	355	945	379
LHX6	c2	-1.4413591964288002	-0.3287664899351551	0.052175653627323015	242	314	405	961	379
ZNF274	c1	-1.4146136739190627	-0.1374187159268464	-1.0971133523177556	282	258	397	937	380
PPARG	c3	1.1891365180686866	-0.4866292142526031	-1.0063481949590756	195	330	420	945	380
LMX1B	c2	-4.322039028517325	-0.07182082767042	0.33200732462684	371	255	348	974	380
JUN	c1	-1.3087829373571176	-2.6247408796545226	-0.568375095943102	277	420	244	941	381
ZBTB7A	c3	-2.2067902176489422	-0.4766713082103282	-0.25392053603779274	353	329	270	952	381
FERD3L	c2	-6.9190957193975455	-0.08945887079148668	0.38444940405943306	401	263	312	976	381
DBP	c1	-1.2795915807245375	-1.7841131126231489	-0.5890259993875109	275	408	260	943	382
SMAD3	c3	-0.08156666884923805	-1.9938539987814614	-0.2558980899398211	275	411	274	960	382
EVX2	c2	-1.8112084260583288	-0.35292950760127073	0.21053624580112107	276	319	382	977	382
PAX1	c1	-1.2536298028434651	-0.12820867683617773	-3.117050229926136	272	255	416	943	383
ELK3	c3	-2.7760505577892234	-0.5085713851413566	-0.23453858589520138	377	333	253	963	383
FIGLA	c2	-5.2595827448787595	-0.21647091112724978	0.395551744201204	387	298	301	986	383
ZBTB6	c1	-4.158206037463901	-2.5537373826186784	-0.4522797277134156	366	419	161	946	384
KLF11	c3	-5.225097108999708	-0.4432601882986342	-0.20882672631762933	420	324	220	964	384
FOXP2	c2	-3.9661862365750213	-0.09318976010386344	0.3164661495479617	364	266	356	986	384
MYBL1	c1	1.1699683102892597	-1.4345402220891366	-2.217979836076408	135	399	413	947	385
JUNB	c3	-2.255016229559416	-0.9508845061949519	-0.22055070028387114	355	372	238	965	385
FOXE1	c2	-5.138911745633223	0.011466447416255077	-0.15683337949321619	386	196	411	993	385
RFX3	c1	-1.511810646063428	-1.0283482270507822	-0.6225214378410744	288	380	281	949	386
NFATC4	c3	-0.2027870343349656	-1.1334293215574964	-0.2920578420471305	281	381	306	968	386
EMX2	c2	-1.6032433131675428	-0.9535088040346179	0.2727003323149244	255	373	368	996	386
NEUROD1	c1	-4.355909600751715	-0.8313986665146403	-0.5109159249942206	369	368	214	951	387
ZNF135	c3	-1.3704913340409053	-0.3619130630651998	-0.3207135661651854	323	317	329	969	387
NR2F1	c2	-2.261499141223922	-1.664033219880956	0.4146205810920254	305	403	289	997	387
GLIS3	c1	-0.7424213042186916	-0.4602184484616844	-1.34960397313837	238	316	407	961	388
HOXC11	c3	0.4918764612307486	-0.3101086285821318	-0.940852316127863	244	307	418	969	388
FOXD2	c2	-4.712202877297267	-0.04646524167708884	0.13377984859267045	378	225	394	997	388
ZNF24	c1	-0.696831937640787	-2.8217003321388012	-0.685918235094654	233	422	307	962	389
POU2F3	c3	-11.854394361557073	-0.2933702987852834	-0.2166049326562316	434	304	232	970	389
NKX2-2	c2	-3.0811451136100487	-1.240710329832856	0.4300007403345276	341	386	271	998	389
FOXA2	c1	-8.532246057264265	-0.2971766822726131	-0.582540327597675	416	293	255	964	390
IRF2	c3	-1.4817776463394048	-1.4166689507798929	-0.24387930611401742	326	394	260	980	390
POU4F1	c2	-2.8476972722805147	-1.035307884562256	0.4111961723635389	332	378	290	1000	390
PAX9	c1	-0.43201539386931115	-0.5255589199376208	-4.8895417187632635	217	324	423	964	391
OTX2	c3	-1.1504415445948253	-0.320324108470329	-0.3513332941845828	319	309	354	982	391
ZNF317	c2	-2.581900414647055	-0.27940122853326005	0.2577308391368103	322	308	373	1003	391
HES6	c1	-1.5002708748264506	-2.893044234864493	-0.5889422506436333	286	423	259	968	392
SPI1	c3	-2.19132852610713	-0.8527058127830895	-0.2539202592946861	351	365	269	985	392
SCRT1	c2	-2.77774200441084	-1.6978327528042227	0.4262464535442838	329	406	275	1010	392
SOX13	c1	-4.561459942960331	-0.5745072220410496	-0.5970208140463598	374	331	264	969	393
EGR1	c3	-5.963534335669998	-2.356899837291679	-0.14781686473621747	426	418	142	986	393
TFAP4	c2	-8.089706113807434	-0.16262821006610897	0.37269313494337375	412	283	320	1015	393
GLIS2	c1	-1.7704885556214793	-0.3874384244040274	-0.8995049401068638	299	306	364	969	394
ELK1	c3	-3.420224017049537	-0.26247978658651305	-0.2855955002934625	390	298	301	989	394
FOXA3	c2	-4.189707875673469	-0.1540474129966456	0.2751684934074792	369	281	367	1017	394
TCF4	c1	-10.372769285509614	-1.0069703006224775	-0.4699803112676024	424	374	176	974	395
TEAD2	c3	-9.026571860806794	-0.5326522206173925	-0.2139601221823355	432	339	225	996	395
POU4F2	c2	-2.4326538695259843	-0.2777206442980815	0.10564166356941485	313	307	399	1019	395
SMAD5	c1	-0.6712796444178216	-0.768971751033764	-1.0235725172911447	231	356	387	974	396
SREBF1	c3	0.11238703879743975	-3.7724397813843153	-0.2864259202795987	261	433	302	996	396
SIX1	c2	-1.8889986310238625	-1.5710026597260636	0.3216783529389122	281	399	354	1034	396
ZIC5	c1	-1.5083830462031993	-2.2630389632236896	-0.6087557729710227	287	417	271	975	397
IKZF1	c3	-3.436746994151183	-2.384767284068004	-0.18297001182506012	391	420	187	998	397
SCRT2	c2	-3.380740537237312	-0.40364333806835295	0.3133253437825161	350	326	359	1035	397
EBF3	c1	-5.8228760160009845	-1.0151153755713769	-0.509832334953134	393	375	213	981	398
STAT3	c3	-1.9349215464424119	-2.667663156680659	-0.21978690928085953	341	423	235	999	398
PKNOX2	c2	-7.2077692588944915	-0.004165844091973345	-3.385104468779468	406	207	422	1035	398
POU6F2	c1	-5.721498687728291	-0.22309379898040027	-0.7160484681122306	391	274	316	981	399
E2F8	c3	-0.9302087367496946	-0.18527888386206778	-0.9482578970074016	310	274	419	1003	399
NR3C1	c2	-1.8326620137778291	-0.5746167882942155	-0.7365986072919002	277	343	416	1036	399
ESR2	c1	-3.971667333152209	-0.5951979777748012	-0.640917740177418	363	335	287	985	400
E2F3	c3	0.8821763241464062	-0.7651196882319659	-1.3645832078401305	210	363	430	1003	400
ZEB1	c2	-5.1232394818239015	-1.8597232442106741	0.4501597769454255	385	410	243	1038	400
PBX3	c1	-1.6066302219085091	-1.0262689239147085	-0.7260900872300695	291	378	318	987	401
MEF2C	c3	-1.6463812108430318	-0.5956893194930051	-0.3195682419054524	333	345	328	1006	401
HOXB7	c2	-2.104004143063019	-0.7656078396663486	0.17912125898831732	296	359	385	1040	401
HOXA10	c1	-2.7914848519799014	-1.6492313343787812	-0.5861196724874382	336	403	258	997	402
FOSL2	c3	-4.571020855158293	-2.119056767310036	-0.18178238072241548	408	415	186	1009	402
TP63	c2	-3.436134260038675	-0.26433287911492886	0.14524108816361814	352	303	391	1046	402
NR3C2	c1	-1.8832824878587706	-0.2770027258484663	-1.779547029504423	304	289	409	1002	403
POU5F1	c3	-24.006898623435667	-0.26880287020841087	-0.2592690720671289	435	300	277	1012	403
LBX2	c2	-6.172151206826625	-0.05999588823865868	-0.012727874423791974	396	242	408	1046	403
FOXP2	c1	-8.201096929845004	-1.1119325887457767	-0.5032173373346609	413	383	207	1003	404
TFCP2	c3	-2.1086837314815554	-0.36223436500428513	-0.34477579135369396	346	318	348	1012	404
RORC	c2	-2.1373906038456716	-1.78303204082123	0.3432497974281272	298	409	340	1047	404
E2F7	c1	0.4219737105017527	-2.1543216960834766	-2.761315024075702	173	415	415	1003	405
GRHL2	c3	-2.328694831654646	-0.35149988967609574	-0.34208726047834226	359	316	346	1021	405
RFX2	c2	-3.451214839764288	-3.7122878245565136	0.42713293271903474	353	422	274	1049	405
CEBPA	c1	-1.9411515677360751	-0.6096711973277342	-0.8972410987559538	307	339	362	1008	406
TCF7	c3	-2.4789148151930354	-1.8559500328165117	-0.2349584273477472	366	402	254	1022	406
GBX2	c2	-8.39232925914731	-0.07182082767042	0.16147035770229579	415	257	388	1060	406
ZNF528	c1	-3.6942129791323257	-0.2772912339196544	-0.9067384001691838	355	290	365	1010	407
KLF2	c3	-4.2062631020501975	-1.3265187726833985	-0.2175849411225972	401	391	233	1025	407
FOXB1	c2	-4.624816058575316	-0.22314352104572963	0.16142050734313784	376	300	389	1065	407
SIX1	c1	-2.638622733608631	-0.6691098275218411	-0.7667633412659729	332	348	333	1013	408
RUNX3	c3	-1.9831224657167743	-1.0376308679795656	-0.29232332433108255	342	376	307	1025	408
PAX6	c2	-2.011558151128613	-1.0908241661934446	0.11420223767744808	288	381	397	1066	408
ATF4	c1	-1.252896971480287	-1.8931144133693785	-0.7801290323017742	271	410	336	1017	409
KLF17	c3	-1.216817583125609	-0.5587347945989816	-0.39026486849352615	321	341	371	1033	409
NFIX	c2	-6.082592633703073	-0.6833831023178066	0.3674978129454072	395	354	324	1073	409
PKNOX2	c1	-5.50604715796881	-0.004917532184495741	-6.503018645441091	390	202	425	1017	410
ZNF684	c3	-1.1990952988761288	-3.2281590709280574	-0.270051809696648	320	429	286	1035	410
ASCL1	c2	-14.04910281857595	-0.5744677374178344	0.38872482517419904	424	342	310	1076	410
NFIC	c1	-7.923616295314837	-1.0213209654101736	-0.5520098011263457	409	376	236	1021	411
ETV3	c3	-1.6344553311198615	-0.8767594884909903	-0.3329193914350075	331	367	338	1036	411
HAND2	c2	-10.48354940262823	-0.5646235995545559	0.37475999988267183	419	341	318	1078	411
CLOCK	c1	-2.257713792482756	-0.7286361036611287	-0.8347580152907206	320	352	350	1022	412
TEAD4	c3	-7.3045928396312165	-1.1643547750228522	-0.21437853463198486	429	387	228	1044	412
NHLH1	c2	-9.796611566197019	-1.028952712467245	0.40586659036341377	416	377	293	1086	412
NFIX	c1	-5.948067417695468	-0.6463050118535159	-0.6481808810838263	396	343	289	1028	413
NFIL3	c3	-2.396909718803939	-0.4612519839579007	-0.35498040192978486	363	325	358	1046	413
ARGFX	c2	-5.422526496846616	-0.33726434622682083	0.21246992698523748	390	317	381	1088	413
CEBPG	c1	-2.0418062524498803	-1.2481011904842672	-0.7719931981513213	310	389	334	1033	414
OVOL2	c3	-1.087113921693828	-0.2618660632905764	-2.6217627514002135	315	297	435	1047	414
RFX1	c2	-3.2291302993759112	-1.5598673307199233	0.3358787901556308	347	398	344	1089	414
NFIL3	c1	-3.5855967591848255	-0.8848787694399082	-0.6895735989202976	354	370	310	1034	415
E2F4	c3	-0.38431821771037644	-1.4844905206267163	-0.37369932844081966	290	396	362	1048	415
RAX	c2	-6.655084266299478	-0.1677855371995945	0.027287249567894634	399	286	407	1092	415
MEIS1	c1	-1.6668582730420791	-0.799406317518527	-0.9463638189714292	296	363	375	1034	416
XBP1	c3	-0.07619382190906368	-1.0020986834585337	-0.707459398955347	274	375	408	1057	416
MEOX2	c2	-5.760204251906205	-0.46552246999771335	0.23219231613026103	393	330	378	1101	416
SOX2	c1	-4.084609097114438	-5.816515260305574	-0.5700310467342664	365	425	247	1037	417
RREB1	c3	-3.2700610853513696	-0.27304035245381125	-0.3871845833186853	388	301	369	1058	417
NFIC	c2	-7.872090650145263	-1.6493264652706583	0.39516357133035207	410	402	304	1116	417
NFIA	c1	-6.293921949098795	-0.5787907118564277	-0.7335274036352875	398	332	324	1054	418
PPARD	c3	0.6745572063806372	-1.8860578169491116	-1.167229668367586	229	405	424	1058	418
MNX1	c2	-6.3016903230031875	-0.5904850821745491	0.24659882143413192	397	345	377	1119	418
KLF6	c3	-5.339792926456729	-1.994927259112516	-0.2149725337749775	422	412	229	1063	419
FOXA1	c1	-7.663913910558485	-3.933007301665003	-0.5476372922975958	408	424	233	1065	419
NEUROD1	c2	-10.93791137513076	-1.1100344578337387	0.3725630199149519	421	382	321	1124	419
GRHL1	c3	-2.5208065513394353	-1.336837283094613	-0.2880492814416673	368	392	303	1063	420
PAX6	c1	-4.369702892887847	-1.3001196529514158	-0.6846717566205225	370	393	306	1069	420
FOXA2	c2	-3.427228578110037	-3.599596723226949	0.32177749790422006	351	421	353	1125	420
RELB	c3	-2.2764781509539302	-2.418455143936657	-0.27068334481848666	358	421	287	1066	421
CEBPB	c1	-2.4254457900416053	-1.3534841657650243	-0.8404918322568822	324	396	353	1073	421
NEUROG2	c2	-4.833883756348291	-1.236937154460126	0.2717683443775023	380	385	369	1134	421
OVOL1	c3	-1.3937249252965136	-1.9863204710400346	-0.32407862216024697	325	410	331	1066	422
ZBTB18	c1	-3.4684129659879455	-0.7744159872596932	-0.9266315391888842	349	358	368	1075	422
HESX1	c2	-6.947198807196855	-0.6852657650501104	0.04081404008522682	402	355	406	1163	422
CEBPB	c3	-0.43615072123497256	-1.154376917659305	-0.5657048805547884	293	385	397	1075	423
TGIF1	c1	-6.481696407513013	-0.13176202807382914	-5.805761564089742	399	256	424	1079	423
SIX2	c2	-3.6689702225621215	-2.6385702300230376	0.09913034460151238	355	418	400	1173	423
ETV6	c3	-3.0946184808977435	-0.6534058458576	-0.3371094621853672	384	351	341	1076	424
LHX2	c1	-3.8012233916167917	-0.9043073931379715	-0.8854057637646999	358	371	359	1088	424
HOXB3	c2	-7.332669544780752	-1.3729972895820215	0.13453357628077534	407	391	393	1191	424
SPIB	c3	-2.3930555460515137	-3.6108161896918354	-0.27194346377629763	361	432	288	1081	425
PAX3	c1	-2.5354516284620985	-0.8180946294883656	-1.0811556871185939	325	367	396	1088	425
STAT1	c3	-3.80617726741234	-2.8830275088900974	-0.2546145045764625	396	426	271	1093	426
REL	c3	-3.8070560960065025	-2.691249103937453	-0.27962455758555294	397	424	293	1114	427
RELA	c3	-4.224225629039276	-1.175661576606695	-0.3394023767120018	402	388	343	1133	428
SP1	c3	-4.80108021905537	-1.908015754125286	-0.31769282161527634	415	407	323	1145	429
HSF1	c3	-1.512921684010888	-1.4468916056661316	-1.334134730082834	327	395	428	1150	430
IRF7	c3	-2.492995743728441	-1.8922195115842415	-0.483365542716399	367	406	387	1160	431
SPIC	c3	-4.798779930118156	-1.5679710364361	-0.34705059974876207	414	397	352	1163	432
EGR3	c3	-4.560328044321398	-1.9316423475210784	-0.38142230897717866	407	408	368	1183	433
NFKB2	c3	-4.660962406509347	-5.336974589288161	-0.3804033967448408	410	435	366	1211	434
NFKB1	c3	-4.473808778181329	-1.136824289497972	-1.4899676031262672	404	383	432	1219	435
