cluster_id,TF_name,A_score,E_score,O_score,rank_A_score,rank_E_score,rank_O_score,rank_sum,TF_rank
c2,KLF14,5.634241988745857,54.435791247992285,59.5,9,20,38,67,1
c3,ASCL1,3.0420566177487576,32.15461126226134,87.79166666666667,10,38,22,70,1
c1,KLF10,3.9913358431239025,39.64506421722289,127,40,27,17,84,1
c2,SP9,3.9628381196999296,25.881424731657123,154.2,25,52,5,82,2
c3,SNAI2,4.39384365672674,93.33078828275265,41.458333333333336,4,8,71,83,2
c1,KLF5,2.2690317021104676,22.302777165793323,208.5,85,54,2,141,2
c2,KLF11,5.375774285219005,21.42319198064619,143.8,10,65,9,84,3
c3,FIGLA,3.7560785865713604,53.42972122892226,34.916666666666664,8,18,95,121,3
c1,SPIB,4.950784792593684,17.64476120591758,54.5,25,69,54,148,3
c2,KLF5,2.593612621076602,35.246190094031256,203.7,50,35,2,87,4
c3,MYOD1,3.965119397130787,16.57996437242903,44.083333333333336,6,78,65,149,4
c1,SP9,3.0581459876992825,13.35850581255104,157.25,62,93,6,161,4
c2,KLF10,4.3751655726462895,18.503444074783733,121.4,20,73,16,109,5
c1,KLF15,2.075836054522055,18.066462864869404,153,90,68,7,165,5
c3,CTCFL,0.7171673107483606,38.206125653387986,112.91666666666667,134,31,19,184,5
c2,SOX10,4.628227551153906,54.137433632894634,28.9,17,21,115,153,6
c1,KLF11,3.0026282258987846,12.662863457392026,147.75,63,96,9,168,6
c3,SOX10,1.140717442382925,69.3535351654589,33.958333333333336,85,12,97,194,6
c2,JUND,1.738680873412879,59.22554389953037,42.5,71,15,71,157,7
c1,SPI1,3.998780874137922,17.41997265389915,48.5,39,70,68,177,7
c3,FOXC2,2.0583921000581897,33.827898693663585,24.666666666666668,33,35,133,201,7
c2,KLF3,3.656080276584057,11.850136743950044,86.9,30,111,25,166,8
c1,KLF6,4.084349170261229,9.294039640431674,115.75,38,126,21,185,8
c3,MSC,1.7749996595025026,51.80099414761007,21.458333333333332,43,21,152,216,8
c2,KLF6,4.401251910037157,9.73246614385788,110.5,19,127,21,167,9
c1,JUND,1.6312904446383156,153.91211927772378,46.75,106,6,73,185,9
c3,MYF5,1.0756345586841947,115.18325814354846,27.708333333333332,94,5,118,217,9
c2,SP8,5.093488251974972,5.945996456186665,130,12,169,11,192,10
c1,EGR2,5.274175133754436,11.571268488908313,49,20,108,67,195,10
c3,FOXA1,2.4107613163755968,58.23312827263265,17.625,23,15,194,232,10
c2,JUNB,1.6408952266616348,28.113359731983703,40.8,75,45,79,199,11
c1,KLF14,3.08738509743447,11.0644794847296,65.25,59,113,35,207,11
c3,FOXB1,1.6630891605344966,44.534317250002566,19.791666666666668,49,24,166,239,11
c1,SP2,1.980926145696022,16.716077138846686,59.25,93,75,44,212,12
c2,FOSL1,0.6640219353732253,83.47659256802558,35.3,112,7,95,214,12
c3,PLAGL2,0.7703678134603082,20.870829193377507,43.666666666666664,123,60,67,250,12
c1,ELK3,4.857464936879408,23.755250894577202,27.5,28,50,139,217,13
c2,YY2,3.215512958536514,11.70998386888166,40.7,33,112,80,225,13
c3,TBX3,1.4035237713273643,20.62432142870085,24.458333333333332,65,62,135,262,13
c1,JUNB,1.6690918974194189,24.241202486783493,44,105,48,82,235,14
c2,SP3,4.776796514543481,3.3575581968817274,127.5,14,218,15,247,14
c3,MYOG,1.586165746273524,9.608719757363229,30.833333333333332,54,124,109,287,14
c1,FOSL1,1.1560483319455224,73.64100263690483,37.75,131,11,95,237,15
c2,STAT3,0.5526814104286719,61.993830226306244,26.6,120,12,122,254,15
c3,SIX2,3.579752644555673,33.120301993169626,12.791666666666666,9,37,251,297,15
c1,SP3,2.68734227166682,6.685781100822049,128.25,72,154,16,242,16
c2,EGR2,3.980664631056508,5.916681424756018,43.8,24,170,67,261,16
c3,SNAI1,5.262671624194961,1.7532672723760403,54.333333333333336,2,263,38,303,16
c1,KLF3,3.3674830905545496,4.393821816676717,90.75,54,184,26,264,17
c2,SPI1,0.4175168105088977,22.598424651344413,42.1,133,63,75,271,17
c3,SNAI3,4.610865874590506,1.5479300251532326,53.625,3,272,39,314,17
c1,ELF5,2.77000234029602,11.6380242710187,37.75,68,107,96,271,18
c2,SREBF1,0.3771186179305324,19.773462985145393,42.2,136,68,74,278,18
c3,ZEB1,4.228414503745644,1.2726945761643975,74.79166666666667,5,286,31,322,18
c1,CTCF,2.4455100230760003,20.64549123894638,28.5,81,60,131,272,19
c2,STAT1,1.9108061777893506,9.771374560097355,35.3,64,125,96,285,19
c3,INSM1,0.38979584455644883,17.437164101983495,50.583333333333336,199,76,47,322,19
c1,EHF,4.668765153670445,4.268066833053727,54.25,32,187,56,275,20
c2,SPIB,0.24074904425047783,15.412179084602968,49.4,151,83,54,288,20
c3,NKX2-3,3.8230172720414277,7.758552409942077,19.25,7,150,172,329,20
c1,REL,3.2971873708204065,16.258623303677936,26.5,55,79,143,277,21
c2,ELK3,0.6171673724929125,25.176902844075574,26.4,116,54,124,294,21
c3,NKX2-2,1.2089655914785327,13.097771365392413,20.375,82,91,160,333,21
c1,RREB1,6.118957170460916,2.4479929200169157,59.25,9,234,45,288,22
c2,OSR1,2.062941100126749,46.13635992694076,16.1,60,28,207,295,22
c3,POU6F2,2.1018911256548347,40.52695004233964,10.916666666666666,32,27,275,334,22
c1,YY2,3.2521188459934316,5.687974046201626,50.5,57,168,64,289,23
c2,SP1,4.161945450458363,3.244768175286041,47.6,22,221,57,300,23
c3,TFAP2E,-0.12459641345580261,83.27507752052064,50.958333333333336,290,9,42,341,23
c1,ZBTB7A,4.9560741903985175,2.262682295293601,64.5,24,240,36,300,24
c2,TEAD4,5.289226751671389,12.02800252247875,18,11,109,181,301,24
c3,SIX1,2.7073687417469703,11.14464556701333,15.708333333333334,19,108,216,343,24
c1,KLF16,2.47830190663045,2.839912030366838,173.75,79,219,4,302,25
c2,ZBTB7A,0.4232592434841924,9.375079582484151,55.2,129,132,41,302,25
c3,HES6,1.3645223051983328,42.20194341917172,12.291666666666668,67,26,254,347,25
c1,TCFL5,1.9064438496914433,6.384308166228869,56.25,96,155,51,302,26
c2,TFAP2E,-0.5142307864336709,38.52128003837568,51.1,222,32,50,304,26
c3,MEOX2,2.553903674467429,57.96604125477532,8.25,22,16,314,352,26
c1,STAT1,3.9499186032045386,5.231164930441983,40.5,42,172,89,303,27
c2,REL,1.2977203620891262,21.552138596227806,21.6,90,64,154,308,27
c3,PBX3,0.6246237785331668,12.58594669186165,28.208333333333332,151,97,115,363,27
c1,ZKSCAN5,0.9577640335109959,8.205667602956453,92.25,143,136,25,304,28
c2,ZNF740,2.6457885622665565,2.464634303081199,86,48,238,26,312,28
c3,FOXP1,2.871147934948549,6.338523578201993,18.875,15,170,180,365,28
c1,ELK1,5.870675112915716,5.8932718276001985,28.75,12,164,130,306,29
c2,TCFL5,1.4468234403055138,4.620671818705106,56.8,83,193,40,316,29
c3,NKX2-5,1.7344233273889849,14.924378982655933,14,46,84,235,365,29
c1,FOSL2,1.0908902098179973,14.208669208240973,44,134,90,83,307,30
c2,BATF,1.6127147591652387,59.983972598232675,14.9,76,14,229,319,30
c3,SREBF2,0.25578915681242465,20.038279290412166,36.916666666666664,219,65,87,371,30
c1,STAT3,0.5425093022135401,46.29426412170544,31.5,168,23,117,308,31
c2,SPIC,3.9883246618409216,8.591732897990955,20.5,23,140,160,323,31
c3,SOX4,2.606613808503488,1.9057641011948092,35.875,20,261,90,371,31
c1,SP8,3.2839246727766587,2.109086590801559,129.5,56,248,14,318,32
c2,KLF15,2.096224866870193,1.7602025828351635,153.3,57,262,6,325,32
c3,FOXC1,1.4604003375718455,7.032404866837012,22.458333333333332,60,164,148,372,32
c1,TEAD4,5.389462609824275,11.926281391304151,19,18,103,197,318,33
c2,KLF4,2.978961272462087,1.1129645162220942,191.6,37,286,3,326,33
c3,MAZ,1.0940951492351207,1.5131612094023579,127.375,90,275,11,376,33
c1,TBX20,1.2233088993889691,155.00850973807957,20.25,129,5,185,319,34
c2,THRB,0.44434221826879394,34.605072320159294,20,127,36,163,326,34
c3,ZIC1,1.636280241888914,23.962261079594928,10.458333333333334,50,55,280,385,34
c1,KLF4,2.0069538487695175,2.683940115958305,197.5,92,226,3,321,35
c2,EGR1,3.855323973100099,0.9952989477950578,130,27,288,12,327,35
c3,TCF4,5.804314338885471,0.2519717109395006,60.375,1,353,34,388,35
c1,GABPA,4.4851483133712815,2.2715942244460816,58,36,239,47,322,36
c2,JUN,0.232476341524987,8.068528780092938,51.4,153,146,48,347,36
c3,SREBF1,0.07456910327713799,19.96392723183036,39.375,251,66,76,393,36
c1,BATF,1.495365986471765,52.41269863746541,19.25,112,18,194,324,37
c2,INSM1,-0.7453235999151555,19.19243644399446,60.3,243,70,35,348,37
c3,FOXA2,2.876961322189969,4.058189090529384,18.958333333333332,14,205,177,396,37
c1,SPDEF,3.486467548885555,71.31079313591387,13.5,52,13,264,329,38
c2,POU3F2,6.383462093710547,14.551124160169007,11.8,6,88,261,355,38
c3,THRB,0.5372222418703111,25.36233277432966,18.833333333333332,164,51,181,396,38
c1,RARA,1.4960022021212078,12.251021993456053,31.25,111,99,120,330,39
c2,FOS,1.065086540378552,6.765628153175247,29,94,160,113,367,39
c3,KLF5,-0.5351296365614411,32.09187251977165,195.875,357,39,2,398,39
c1,EGR1,7.373406479357738,0.36041635727563914,139.75,6,317,10,333,40
c2,SP2,1.838890641779088,1.4680964691006233,59.6,67,269,37,373,40
c3,TBX18,1.0772074163646173,5.225024461153949,28.166666666666668,93,190,116,399,40
c1,BACH1,2.4583960741994453,16.528870889709268,20.75,80,77,177,334,41
c2,BACH1,1.748392701419381,15.947208937168279,15.4,70,81,222,373,41
c3,ZNF263,0.4225887871000446,3.9835797753055475,137.79166666666666,189,209,8,406,41
c1,CTCFL,-0.6404771303945758,16.021872890518072,121,241,83,19,343,42
c2,FOSL2,0.11525456767702379,9.375822082772507,37.3,160,131,90,381,42
c3,TGIF2LY,1.1093640911316098,53.24666632905149,9.125,89,19,298,406,42
c1,ZBTB14,0.7741324590811738,6.070980732744191,84,156,161,29,346,43
c2,ZBTB14,2.924623217493753,0.49665123260022115,79.5,39,320,28,387,43
c3,HOXB7,1.9422020201385177,27.993489415187646,7.75,37,46,323,406,43
c1,SP1,3.5619760731126497,2.397347997961006,48.25,50,236,69,355,44
c2,IKZF1,1.73207170369764,2.2684922787460056,42.3,72,247,72,391,44
c3,FOXF2,2.190879946337121,8.707945207422979,13,28,134,246,408,44
c1,THRB,1.7711797601115293,13.490523522737531,21.5,102,92,166,360,45
c2,NFKB2,2.7395850429243698,39.33653396292161,7.7,46,31,316,393,45
c3,ZIC5,0.8872097007594978,27.675175441420674,12.833333333333334,111,48,249,408,45
c1,JUN,0.9018573031055696,5.840321573383528,55,148,165,53,366,46
c2,KLF9,3.6529764008718772,0.20530586822953428,120,31,351,17,399,46
c3,FOXK2,2.9095308291070134,3.540557081054082,18.833333333333332,11,219,182,412,46
c1,SP4,2.4199811435487653,4.043860520462184,35.5,82,192,104,378,47
c2,RXRA,0.34572966874910854,5.462964486395492,40.2,142,176,81,399,47
c3,NHLH1,2.055443246316704,0.40843916668204133,50.916666666666664,34,339,43,416,47
c1,INSM1,-0.19208395657396277,8.900920710821957,59.75,208,129,42,379,48
c2,ZNF148,1.388670557366301,0.6183695817469931,209.7,88,311,1,400,48
c3,GABPA,0.41410929352727965,6.114555252762975,47.875,193,176,52,421,48
c1,NFKB2,4.866419510652235,25.08766238859894,9.75,27,46,314,387,49
c2,SREBF2,-0.7478260102814528,17.090275976095022,39.1,244,77,84,405,49
c3,TCF3,2.5790130506303792,0.15467981249832966,75.29166666666667,21,371,30,422,49
c1,ZKSCAN1,1.3440159068310167,24.52839222230994,17.5,120,47,221,388,50
c2,RELA,2.7871820231447697,2.682559102021862,26,42,234,129,405,50
c3,NHLH2,1.7478927471352286,15.623691107108055,9.291666666666666,45,82,295,422,50
c1,SREBF1,0.11325763313589376,9.527570827952896,46.25,191,124,75,390,51
c2,RREB1,1.503825316224962,1.1260161425835542,54.6,79,285,42,406,51
c3,MSANTD3,0.518260079584738,7.365093613337695,33.583333333333336,166,159,98,423,51
c1,FLI1,4.705743406675122,2.5497399633702664,28.5,30,231,132,393,52
c2,NFE2,1.969406244862208,30.05103489241921,8.3,62,43,307,412,52
c3,HEY2,0.3090033085523643,18.23638597398159,23.708333333333332,211,73,141,425,52
c1,IKZF1,3.7546118745825936,0.7934066580392416,53.75,47,292,57,396,53
c2,RARA,-0.19692343602350013,13.179618944074942,25.6,188,95,130,413,53
c3,TBX20,0.7851339145925303,12.611892816167893,15.833333333333334,121,96,215,432,53
c1,PRDM1,-0.737431675908761,12.136245971318903,56.75,250,101,50,401,54
c2,ZNF75D,0.06247944194704388,4.400875178993264,46.9,165,198,60,423,54
c3,USF1,0.39135524901310176,94.6505631071405,14.625,197,7,229,433,54
c1,USF1,0.8198466243070615,56.460591370584616,16,154,17,233,404,55
c2,ZBTB32,2.0295945124783707,26.443086160762356,7.8,61,49,313,423,55
c3,TAL1,0.7167723131690419,5.74271257825989,25.833333333333332,135,179,124,438,55
c1,ZNF449,-0.5558509939416431,10.172357391137368,53.5,235,116,58,409,56
c2,ZNF460,0.6263151351562829,1.217072743588194,63.3,115,279,33,427,56
c3,SOX13,1.5381117201875942,4.729026460901098,17.708333333333332,56,196,190,442,56
c1,MEF2A,3.4447698943336498,3.4859308711125454,24.25,53,205,152,410,57
c2,MZF1,0.5891382063236824,1.2028536224359045,78.8,118,281,29,428,57
c3,RARA,0.21611179905754901,12.97198782839905,25.458333333333332,223,94,128,445,57
c1,TFEB,2.6325196213783295,7.351900588139931,19.5,73,147,192,412,58
c2,CTCF,-1.260423939744835,54.61851497598488,28.9,295,19,114,428,58
c3,NR1H4,0.7066455121870381,10.351328555054305,17.25,136,115,197,448,58
c1,EGR4,3.11425534824843,0.28190392754298105,64.25,58,330,37,425,59
c2,SMAD3,0.420703558346263,3.4605233858295787,38.8,131,214,85,430,59
c3,ZKSCAN5,0.3368154343319254,3.8267453264387625,77.70833333333333,207,213,29,449,59
c1,ELK4,5.956837627784497,0.1140284584959739,53.5,11,355,59,425,60
c2,FOXA1,0.46230388772943054,19.137174618429174,14.7,126,71,234,431,60
c3,SOX2,1.2828776683103926,8.111419840198911,14.333333333333332,74,146,230,450,60
c1,KLF9,3.6806990879763974,0.0667768933248496,132,48,367,13,428,61
c2,ZNF384,1.9372594896257187,1.2751656222507264,35.4,63,276,94,433,61
c3,SCRT1,1.5037236520145556,4.919565001668804,16.291666666666668,57,193,210,460,61
c1,ARNT2,1.7754960533955655,12.241599861697136,16.25,101,100,232,433,62
c2,PRDM1,-0.2089853055710874,4.759450622905225,48.9,191,189,56,436,62
c3,GCM1,0.2363713024402262,46.10945121977751,15.458333333333334,220,23,221,464,62
c1,SREBF2,-0.11100638917488401,6.343437672134488,45.25,203,156,77,436,63
c2,HES1,-0.33673460815029943,5.568192953884469,45.2,204,175,64,443,63
c3,SCRT2,1.7573681233051404,2.7411424447684705,18.166666666666668,44,236,187,467,63
c1,TCF7,7.628927026402629,2.7691507470582035,18.25,5,222,209,436,64
c2,POU2F3,10.12497784425457,2.6426684154105873,16.2,2,236,205,443,64
c3,HOXD9,1.4303906542233702,11.701647676209996,8.666666666666666,61,103,305,469,64
c1,MEF2B,2.7998236561746,37.18160820998984,8,67,30,341,438,65
c2,DPRX,0.6023395944491985,135.19527109754208,7.3,117,3,325,445,65
c3,TBX2,1.1314290311870179,7.709391268040218,14.083333333333334,86,151,233,470,65
c1,OSR1,1.4758421175939778,17.0252725529878,13.75,113,73,257,443,66
c2,GRHL2,2.9040146513803173,3.1695600132873314,18,40,223,183,446,66
c3,POU6F1,0.5423822021732858,10.504274270705952,17.125,162,113,198,473,66
c1,TCF7L2,9.749864539293458,2.2840575750368752,18.75,3,238,204,445,67
c2,ZNF263,-0.3609267463414414,2.644197408744227,144.6,207,235,8,450,67
c3,KLF11,-0.7782258657369068,17.437902084168055,134.04166666666666,390,75,9,474,67
c1,MSANTD3,0.32069821953143024,4.974461117745897,37.5,177,173,97,447,68
c2,GCM2,0.8273953269120882,13.567812718796121,12.5,103,92,256,451,68
c3,RXRA,0.5741319853076653,3.2458978964941525,36.875,159,227,88,474,68
c1,ETV1,3.9782235151404803,0.08114439563429024,58.25,41,363,46,450,69
c2,MEF2B,1.3927804032306756,100.22193732808687,5.8,86,5,360,451,69
c3,TBX6,1.3069508249350095,3.439886784228314,17.833333333333332,72,221,188,481,69
c1,TFAP2E,-1.0520892140475366,10.08775352487294,52,273,117,61,451,70
c2,GABPA,-0.7962720346268122,8.546491415569944,46.3,254,141,61,456,70
c3,MNT,0.42923540316095105,10.377103087938082,18.583333333333332,185,114,184,483,70
c1,KLF17,2.5296225444043654,0.5057484005511939,47.75,77,303,71,451,71
c2,OSR2,-1.0104898336595234,15.204338793997463,33.8,271,84,102,457,71
c3,HESX1,2.2627010142901183,10.150550536705614,6.541666666666667,26,116,344,486,71
c1,FEV,5.126870891536387,1.033732205061847,25.5,22,285,148,455,72
c2,CENPB,4.289061000360813,23.586902078237628,5.1,21,61,375,457,72
c3,KLF10,-1.0314884979830992,22.909276207792153,113.45833333333333,412,58,18,488,72
c1,RXRA,0.16363467188847874,3.9661346922836556,46.5,188,194,74,456,73
c2,E2F6,-0.5899166168506927,3.3800711484161874,119.7,225,217,18,460,73
c3,ZNF449,-0.27106938974114286,10.135549863769963,45.708333333333336,315,117,57,489,73
c1,SPIC,2.5964430482995065,2.593052205003897,24,75,229,154,458,74
c2,EHF,3.157012078162817,0.18940591903952717,42.3,35,354,73,462,74
c3,KLF14,-1.250948650778226,42.208144838355004,56.875,429,25,36,490,74
c1,MAFK,3.90685670348419,1.5946016136044014,25.5,44,268,147,459,75
c2,TBX3,-0.31179267424241197,10.411497610913239,22.5,201,116,147,464,75
c3,NR5A1,0.6902051005219654,4.935033000366484,20.708333333333332,142,192,157,491,75
c1,FOSB,0.2286458044359749,4.525343942733043,35.75,181,180,103,464,76
c2,KLF2,2.7569910503484234,0.014163380031371232,150.8,44,415,7,466,76
c3,FOXA3,2.8901899206888104,0.9693918850804661,18.958333333333332,12,301,178,491,76
c1,TBX3,0.09366579890996851,8.420839755440868,27.75,193,134,137,464,77
c2,RORB,2.678708558980304,7.512272362881717,11,47,152,268,467,77
c3,EN2,1.614235547690876,9.99950010108941,7.958333333333333,52,118,321,491,77
c1,HES1,1.006662555591451,2.2279328939884064,44,140,242,84,466,78
c2,KLF16,4.772192426645906,0,169.1,15,450,4,469,78
c3,ARGFX,1.6339319811453892,11.596260196796349,7.083333333333333,51,105,336,492,78
c1,FOS,1.9565451052533003,1.4456231018794445,36,94,271,101,466,79
c2,PLAGL2,-2.40354849161559,26.973810976436994,50.2,370,47,52,469,79
c3,E2F6,0.433726957787431,1.1262031769772058,117.95833333333333,183,294,16,493,79
c2,MEF2A,1.4855937852172585,3.339724233567466,19.7,82,219,168,469,80
c1,KLF2,4.18677040792716,0,158.5,37,428,5,470,80
c3,FOXD2,2.4106999507837754,0.952759306816885,19.791666666666668,24,302,167,493,80
c1,ZNF740,0.9396075269465128,0.5158185518094675,96.5,144,302,24,470,81
c2,SOX4,2.12578351113082,0.4555978045947044,36,55,323,92,470,81
c3,YY2,-0.2523994436743858,11.693331448542512,38.458333333333336,310,104,80,494,81
c1,OSR2,0.2089889877256137,4.519393793783921,34.5,184,181,108,473,82
c2,CTCFL,-2.3884489970947445,14.659700439145073,111.6,369,86,20,475,82
c3,NFIX,0.2959345325155785,9.671324463747284,20.541666666666668,213,123,159,495,82
c1,STAT2,6.030518810863494,0.502900685038411,23,10,304,160,474,83
c2,RXRG,-0.07153880950749576,5.63029980431806,26.3,176,174,125,475,83
c3,PRDM4,-0.06593703198670457,22.986332008077017,20.208333333333332,278,56,162,496,83
c1,ELF1,3.891001288527494,0.016906309653024535,60.5,45,390,40,475,84
c2,STAT2,1.7529438013759933,2.333882549300477,20.1,69,245,161,475,84
c3,TGIF2,1.3427826734800912,32.023726211866254,4.708333333333334,68,40,391,499,84
c2,CEBPE,2.090454350090413,20.935775587346658,6,58,66,352,476,85
c1,PLAGL2,-3.640249723193378,27.2475863109515,55.25,383,42,52,477,85
c3,ESX1,1.896160378291333,7.819587144044591,8.416666666666666,41,149,310,500,85
c1,TCF7L1,5.51147671139606,4.811986871177553,11.5,16,175,287,478,86
c2,ZNF449,-1.4619989952755155,9.978965018891012,53.6,314,122,44,480,86
c3,MAX,0.3914255850906961,7.223377725488695,23.166666666666664,196,161,144,501,86
c2,CEBPA,0.8787321437068439,14.598246471351036,9.3,101,87,292,480,87
c1,RXRG,1.4207469319518022,2.6694231374606128,28,118,227,136,481,87
c3,SP9,-0.711785817209671,9.9212035741825,147.25,377,121,6,504,87
c2,EGR4,3.7424722889740356,0.018554511957888167,54.3,29,409,43,481,88
c1,NRF1,1.7487825857977652,0.13695219981781792,85.5,103,352,28,483,88
c3,FERD3L,0.5995326284953943,39.31202730067096,7.958333333333334,157,28,320,505,88
c2,TBX18,0.06166671902079359,3.4566444296287955,33.9,166,215,100,481,89
c1,LEF1,6.47991599084861,16.094084731435117,4.75,8,81,398,487,89
c3,BHLHE40,0.12401616844644192,15.485114290838226,18.416666666666668,238,83,185,506,89
c2,GCM1,-0.43898981669950815,24.13902751819752,16,214,59,209,482,90
c1,MYC,-0.8116537688138317,11.936205112769725,28.25,253,102,134,489,90
c3,HAND2,-0.799968766001871,39.218845048780366,38.333333333333336,396,29,82,507,90
c2,TEAD1,3.907964877328954,1.7204082394086664,16.6,26,263,198,487,91
c1,USF2,1.426365970292731,8.185727138933833,15.75,115,137,237,489,91
c3,BARX2,0.8821258303501263,9.383536614507026,11.041666666666666,113,127,272,512,91
c2,ZKSCAN1,0.7112178626033547,7.872726820422052,14.8,108,147,232,487,92
c1,NFE2,1.42526321927426,22.175729379938396,9.25,116,56,320,492,92
c3,MSGN1,0.4758038047248746,36.29542351320768,8.666666666666666,176,32,304,512,92
c2,SNAI2,-4.65782672078376,92.23753204777395,43.7,414,6,68,488,93
c1,RELB,-0.14679821580147098,9.681413137572289,21.25,205,121,169,495,93
c3,ZBTB7A,-0.42945978231665394,9.09047783995494,52.458333333333336,344,129,40,513,93
c2,FIGLA,-2.601312999924336,72.19788537699371,33.8,379,10,101,490,94
c1,IRF8,8.53247985775195,34.434710495973164,1,4,37,454,495,94
c3,ZIC4,1.4707078798783189,0.04679782937645097,44.583333333333336,58,401,59,518,94
c2,ELK1,0.7699825918960008,1.3674023223906755,28.1,105,273,117,495,95
c1,RELA,2.6309218671145693,1.2513090495393278,26.25,74,278,144,496,95
c3,ZBTB14,-0.31186170896596294,6.2852240086048,81.58333333333333,320,171,28,519,95
c1,TEAD1,3.0810790850168885,2.9065718075503613,17.5,61,214,222,497,96
c2,HOXD13,0.07604092589257339,107.79111955113687,7,163,4,330,497,96
c3,RXRG,0.4432986493753008,3.8721971516983347,24.708333333333332,180,210,132,522,96
c2,TFAP2B,0.4043161317723082,0.2288901353111462,115,134,349,19,502,97
c1,ELF3,3.0815790983144224,0.007043382623862133,65.75,60,408,34,502,97
c3,TBR1,1.4131129865766916,2.6304617298412967,15.666666666666666,63,239,220,522,97
c1,SOX10,-2.8835102740661425,28.182622840679446,38.75,367,41,94,502,98
c2,EGR3,3.1647404513669115,0.19924201001905495,28.2,34,352,116,502,98
c3,JUND,-2.8903340515906026,212.4510948448328,42.333333333333336,455,2,70,527,98
c1,CREB3L1,1.5298564742707785,41.452746411691656,6.25,108,26,368,502,99
c2,PRDM4,-1.2986252557241595,24.160783300135286,21.9,297,58,149,504,99
c3,GFI1,1.2649215550793196,6.2737018749531845,10.625,76,173,278,527,99
c1,TFAP2A,-1.737664308083361,4.874011376485123,129.25,314,174,15,503,100
c2,NRF1,0.8873040728073907,0.07869480590868755,90,100,383,22,505,100
c3,ZNF740,-0.04133938486540311,2.8411222657887953,83.58333333333333,273,233,26,532,100
c1,SNAI2,-5.671948423322764,48.00616709409819,49.5,417,20,66,503,101
c2,MAFK,1.3997637976486066,1.2372070679928446,22,84,277,148,509,101
c3,PHOX2B,0.4418994799283449,29.717259476078205,8.291666666666666,181,41,312,534,101
c1,GCM2,-0.27451286972843547,27.128794118058064,14.75,213,43,247,503,102
c2,ELF3,0.9344149870703522,0.13259265276228893,53.4,99,367,45,511,102
c3,RFX1,0.6841453623506523,1.5983230554002315,26.625,144,270,122,536,102
c1,NR2C2,0.9988046132786079,1.382615084955937,39.25,141,274,91,506,103
c2,NFIL3,3.6045727734444224,4.712033603233774,9.3,32,190,293,515,103
c3,LBX2,1.9175246470447749,6.512962685262074,7.208333333333333,39,168,332,539,103
c1,ZSCAN4,2.865944244696684,82.62677504498905,2.25,64,8,439,511,104
c2,YY1,2.156034710464943,0.4057876372260667,25.3,53,331,132,516,104
c3,ZNF75D,0.26850557998933977,1.5273113980881465,49.458333333333336,217,274,50,541,104
c1,ETV6,5.8585269604835215,0,46.25,13,423,76,512,105
c2,CEBPG,0.9720543496799662,5.1313962924880006,13.4,98,181,240,519,105
c3,FOSL1,-1.9578259009755548,117.60454653412279,35.041666666666664,444,4,93,541,105
c1,SNAI1,-6.939029875107957,35.94795620142516,61.5,444,34,39,517,106
c2,ASCL1,-13.12923763336855,34.56243955658277,89.5,460,37,23,520,106
c3,PHOX2A,1.675922007681153,8.548672932307106,6.291666666666666,48,138,358,544,106
c1,FIGLA,-5.194123928763893,47.59367036694756,39,404,21,92,517,107
c2,FLI1,-0.043712662403185755,3.2214194405456924,26.3,172,222,126,520,107
c3,TFEB,-0.04339594550534935,11.88247104631611,19.416666666666668,275,102,170,547,107
c1,NFYA,1.2930540265523818,1.0364640721969651,34.25,124,284,110,518,108
c2,FOXC1,0.06475099966090665,6.058676941709591,17.1,164,167,193,524,108
c3,RORB,1.0201275203849867,5.610472306167509,11.458333333333334,99,183,267,549,108
c1,TBX18,0.7415594167184071,2.0134648014122947,34.5,159,252,109,520,109
c2,THAP11,2.864842650662566,9.553854315370662,5.9,41,128,358,527,109
c3,PRDM1,0.05219883211678354,2.3727791148962436,48.875,255,245,51,551,109
c1,ETV5,4.686044651914582,0,50,31,426,65,522,110
c2,ZKSCAN5,-1.2296070412012141,4.067118488227415,77.8,293,203,32,528,110
c3,NR4A1,0.7643219170512914,2.454623949443854,18.708333333333336,126,242,183,551,110
c1,HEY2,-0.30679244636311254,8.373418091960641,21.25,217,135,170,522,111
c2,ELF5,2.5814683470617683,0.10447051716524083,33.4,51,374,103,528,111
c3,RBPJ,0.18651328885582616,2.3313478113141657,40.083333333333336,229,248,75,552,111
c1,YY1,3.9286553156708903,0.1032093009365553,30,43,359,124,526,112
c2,TFAP2A,-0.3836307724448714,0.6395676958530543,129.3,210,306,14,530,112
c3,MAFF,1.0200972164360764,9.462143956745683,7.375,100,125,328,553,112
c1,MAFA,-0.6977318518804475,32.650141977359034,15,244,40,244,528,113
c2,SIX1,-0.47148863594126766,19.090460612379186,13.1,218,72,243,533,113
c3,ARNT2,0.05099376861664984,9.036429295601796,19.708333333333332,256,130,168,554,113
c1,ZNF460,1.8824540260257974,0.016621880278285914,59.75,97,391,43,531,114
c2,TFDP1,1.5005540559057862,0.007431735719350202,87,80,430,24,534,114
c3,USF2,0.2814127131664525,9.981092926425195,15.375,215,119,222,556,114
c1,PRDM4,-1.2129589957366953,12.262826030774125,24.5,284,98,151,533,115
c2,SMAD4,0.3676309404532684,0.6365282013652568,37.5,138,308,88,534,115
c3,SP3,-0.7423612692951211,7.055628807966977,120.25,383,163,12,558,115
c1,ZNF384,1.301583112067749,0.2412417178383856,44.75,122,335,78,535,116
c2,KLF17,0.3537524486996201,0.40144050054988756,45,140,332,65,537,116
c3,ZBTB6,0.9821921968058878,0.09582665124614811,40.166666666666664,102,383,74,559,116
c1,RUNX3,2.251844942642533,2.0842890011315096,19,86,249,200,535,117
c2,MAZ,-0.19010290539913885,0.29480125001404067,130.8,187,341,10,538,117
c3,SMAD4,0.9323220248124244,0.195224736674885,35.625,105,363,91,559,117
c1,GCM1,-1.2077318573770033,37.59186561102168,17.25,283,29,224,536,118
c2,POU5F1,25.981514300748255,0.10654177967589863,19.8,1,373,166,540,118
c3,ZIC3,1.3032768772095826,0.3439247951363594,23.166666666666668,73,347,143,563,118
c1,CENPB,2.7229749278412902,19.78043242341167,4.5,69,62,406,537,119
c2,RELB,1.8249683480371872,0.8745914806682241,18.1,68,294,179,541,119
c3,PROP1,1.085764661579262,16.38875881208075,4.666666666666667,92,80,393,565,119
c1,ETV4,2.199437290360893,0,100.75,87,431,22,540,120
c2,SP4,2.946169417794482,0.024602086558188692,34.5,38,406,99,543,120
c3,SPI1,-1.0569087985367527,16.5661796230992,40.708333333333336,415,79,72,566,120
c1,ZBTB7B,-0.3984771498518985,3.8402394058066784,30,222,195,123,540,121
c2,HINFP,2.1277743634870263,0.0459009628966568,34.7,54,392,98,544,121
c3,HOXD13,0.5010423593800608,52.334663323402424,5.5,171,20,375,566,121
c1,HMBOX1,0.7686193293876216,23.74689050353844,8.25,157,51,333,541,122
c2,HLF,3.807291043093545,6.455448270655617,5.8,28,163,361,552,122
c3,HES1,-0.23031467610701184,4.387266272461238,44.416666666666664,308,198,62,568,122
c1,HSF4,0.4312949482510961,15.25637006198346,11.75,173,87,283,543,123
c2,ZNF135,1.8713959135447888,0.09282003460223232,30,65,378,111,554,123
c3,SPIB,-1.1266484285138185,13.090189182092969,46.125,421,92,56,569,123
c1,IRF5,5.853463865938577,5.734307870510507,6.5,14,166,363,543,124
c2,HEY2,-1.8739644481702606,20.65714702306353,22.9,344,67,145,556,124
c3,MAFA,0.15060993925560293,13.41006482060721,12.875,232,89,248,569,124
c1,FOXC2,-6.0693154948052825,209.10096199413192,32,429,3,114,546,125
c2,SOX12,0.24335590186824282,10.887012678378774,9.1,150,114,295,559,125
c3,CDX2,0.8330915764838771,5.348095389523764,11.5,115,188,266,569,125
c1,ERG,4.825613937014433,0.032161596217862215,27.25,29,377,141,547,126
c2,FOXC2,-0.620389992321942,5.892718045751499,20,228,171,164,563,126
c3,NEUROG2,-0.37798401785043917,7.588755940078483,36.708333333333336,331,152,89,572,126
c1,ZBTB33,2.8561171368546163,1.2034468136531964,18.75,65,279,205,549,127
c2,IRF5,0.747972617824141,9.35593377632501,7.3,106,133,326,565,127
c3,ATF2,0.3993164976305909,7.497322598489823,15.041666666666666,194,154,224,572,127
c1,ETS2,5.499363873017066,0.016001873946433286,27.5,17,393,140,550,128
c2,TCF7,-0.31144007352075465,10.061201728111797,13,200,120,246,566,128
c3,SMAD3,0.4653278924412215,0.7427221761021288,37.541666666666664,178,310,85,573,128
c1,ETS1,5.660281905027069,0,33.25,15,424,113,552,129
c2,HSF4,-0.34523921496445326,13.088319891095178,11.2,205,97,267,569,129
c3,JUNB,-2.8729822055713825,28.58595449620752,38.75,454,42,79,575,129
c1,HSF2,0.6729925389941921,199.05109797288452,5.25,165,4,389,558,130
c2,IRF8,1.3214210482490476,49.09112580568658,1.125,89,26,456,571,130
c3,NR2C2,0.7644793640196952,0.3608456953380611,31.625,125,345,105,575,130
c1,TBX6,0.5372576831396438,2.89943730479591,21,170,216,173,559,131
c2,RBPJ,-0.12699400844885034,0.590911117731852,41.5,182,313,77,572,131
c3,FOXP2,2.8801808110975156,0.006585364637161075,25.791666666666668,13,437,125,575,131
c1,NEUROG2,-4.106694673954564,17.322603680167816,36.25,389,72,100,561,132
c2,POU2F1,7.163872094543278,0.4534897696826318,13.1,4,324,245,573,132
c3,OSR2,-0.7325877527523748,12.974788942712706,32.916666666666664,381,93,102,576,132
c1,IRF4,13.137043680515823,11.728102724628934,1,1,105,457,563,133
c2,FOXF2,-0.15760558705821945,8.840468501932214,12.6,184,136,253,573,133
c3,FOXK1,2.752509454420711,0.3541256311969016,15.958333333333332,17,346,213,576,133
c1,HNF4A,0.060749589810492166,4.242677889909485,20.75,196,189,179,564,134
c2,FEV,0.5337717560515572,0.624792286901813,23.2,123,309,143,575,134
c3,PAX3,0.9149269217976427,19.653569587654047,4.291666666666667,108,68,400,576,134
c1,POU3F2,-0.6069973552101345,11.110223171158246,18,239,112,214,565,135
c2,HAND2,-13.139247582251269,54.118061855059366,35.5,461,22,93,576,135
c3,HOXA10,1.233598938045699,2.859872239945569,11.083333333333334,78,232,270,580,135
c1,E2F6,-1.734965165371095,2.4055786294867647,124,313,235,18,566,136
c2,NFE2L1,0.8051231072804739,19.610357950086375,4,104,69,403,576,136
c3,ELK3,-0.820593954324887,24.624220287362736,25.083333333333332,398,53,130,581,136
c1,MNT,-0.18919810499348289,8.822696581259395,16.75,207,132,227,566,137
c2,MYF5,-10.122652974589554,139.4344787650069,27.3,457,2,118,577,137
c3,ZBTB18,0.8024010627334196,2.687429678415352,15.041666666666666,119,237,225,581,137
c1,EGR3,5.016056859746151,0,31.5,23,425,119,567,138
c2,DMRTA2,0.08002271202919913,32.75737631370067,5,162,39,378,579,138
c3,NR6A1,0.610139465195703,12.580219820686892,7.291666666666667,154,98,329,581,138
c1,ETV2,4.525998962115121,0.06917848114970893,21.5,35,366,167,568,139
c2,GLI3,-0.6904949705824802,4.535621786217273,21.8,236,195,151,582,139
c3,DMRTA2,0.4315387162949427,28.170461303873797,6.333333333333333,184,45,354,583,139
c1,ELF2,3.846672406774048,0.43392012809923,18.25,46,312,210,568,140
c2,SMAD2,0.3676309404532684,0.18436828705133523,37.5,137,357,89,583,140
c3,STAT3,-0.5915343336701558,12.119472798245011,26.625,364,100,121,585,140
c1,HAND2,-7.250435590614548,42.263687969805574,36.5,447,25,99,571,141
c3,JUN,-1.8459150449506594,12.748175022165325,50.125,442,95,49,586,141
c2,TBX6,-0.20810238096709596,4.611087215583793,16.4,190,194,202,586,141
c1,TBX2,-0.495488317330095,11.432726811572206,16,232,109,234,575,142
c3,KLF6,-1.234030335702139,8.49153741619477,104.41666666666667,427,140,21,588,142
c2,ZIC5,-1.7809903971396817,31.734721366349174,15.9,334,42,212,588,142
c1,IRF2,5.360953319584169,2.0252590461731454,10.25,19,251,305,575,143
c3,KLF3,-1.0964576147472216,8.153232111873248,83.20833333333333,417,144,27,588,143
c2,TFAP2C,0.2606097610634817,0.008016877506946393,129.7,149,428,13,590,143
c1,MEF2C,2.516883968739962,0.3246545284970527,21,78,323,175,576,144
c3,MXI1,0.22847306737597273,5.788754642372204,17.791666666666668,221,178,189,588,144
c2,PBX3,-2.18476068059515,12.762554286402677,25.6,363,99,131,593,144
c1,NR1D2,1.6740046111348288,3.775211051438901,12.5,104,198,274,576,145
c3,EMX2,1.416553264840611,8.994490121948754,4.583333333333333,62,131,396,589,145
c2,ELK4,-0.04204422662545465,0.13880447146400215,47.4,171,365,59,595,145
c1,MEF2D,2.2801914691890453,8.146446682336403,7.5,84,138,354,576,146
c3,HES5,0.5500405285874844,71.1548385462239,3.391304347826087,161,11,417,589,146
c2,POU3F1,5.862418167050335,0.43163874495165516,12,8,327,260,595,146
c1,MYF5,-8.323324110977856,78.42005655767112,31.5,453,9,116,578,147
c3,SOX15,1.2249556417647314,0.1342099737382703,24.125,81,375,138,594,147
c2,ZBTB33,0.6896880591349298,0.9147803686914588,16.7,111,291,196,598,147
c1,NFYB,-0.0760339777121799,0.5937086550694396,44.25,202,299,79,580,148
c3,CTCF,-1.2223670936752613,21.399390195350932,30.666666666666668,426,59,110,595,148
c2,OVOL2,0.4192507897670137,36.195238066665496,2.2857142857142856,132,33,436,601,148
c1,HSF1,1.106660656777231,36.1977510485043,3.75,133,32,419,584,149
c3,TBX21,0.7684944017023737,2.467090268206668,14.25,124,240,232,596,149
c2,MEF2D,1.3937034270546147,7.114661815945907,5.6,85,155,363,603,149
c1,ERF,4.586050684689897,0,29.75,33,427,125,585,150
c3,ATOH7,0.007781513936760594,13.480455208237643,13.291666666666666,265,88,244,597,150
c2,MSANTD3,-1.1541197487434445,3.477798904013086,32.5,285,213,106,604,150
c1,FOXB1,-4.459737275119795,70.20699351062957,20.75,395,14,176,585,151
c3,MEOX1,2.11183005684326,3.6848422741216136,6.458333333333333,30,216,351,597,151
c2,ZBTB7C,0.627229926795927,0.10877522129312714,27.1,114,371,120,605,151
c1,MAX,-0.7164032139530352,4.634280140021388,22.75,247,178,161,586,152
c3,ZBTB32,0.08873942071073126,23.96979171321604,9.166666666666666,248,54,296,598,152
c2,FOXA2,-0.31589054790865395,4.396738440496927,16.3,202,199,204,605,152
c1,CREB3L4,1.522731935612078,0.033133961550668514,35.25,109,375,105,589,153
c3,SMAD2,0.9323220248124244,0.046004132774537985,35.625,104,403,92,599,153
c2,BARX2,-0.7348564869030462,13.330538913638737,10.6,241,93,272,606,153
c1,GSC2,-0.3387907675776003,58.358100096712164,7.5,220,16,353,589,154
c3,TFAP2A,-0.39676625904159907,2.109450944255661,119.875,335,252,15,602,154
c2,ELF1,-0.07129773331195453,0.09090741078915351,49.7,175,379,53,607,154
c1,NKX2-2,-0.5749818524384696,4.095530597032275,22.75,237,191,162,590,155
c3,NOTO,1.3071523853638571,6.566408485594928,6,71,167,364,602,155
c2,RUNX3,1.3887342537787108,1.4278696964716928,12.9,87,272,249,608,155
c1,HOXC12,0.9149433802380276,33.795251937007485,4.5,147,38,405,590,156
c3,SP8,-1.0108570880018535,5.734068494282927,119.875,410,180,14,604,156
c2,NR2C2,-0.2602080229354662,0.4170844690166609,37.7,196,330,87,613,156
c1,ZNF148,-0.40697721234993006,0.07062152312631441,216.5,226,365,1,592,157
c3,NFYA,-0.009903975596389374,1.9402822684254928,39.291666666666664,267,260,77,604,157
c2,ZBTB7B,0.3460745520762412,0.31182188085047524,24.6,141,338,137,616,157
c1,ZNF135,1.4225849972963225,0.041819872587279545,36,117,373,102,592,158
c3,ETV1,0.4702494309198609,0.1290212115468506,47.666666666666664,177,376,53,606,158
c2,MYOD1,-8.134145977514214,12.337027134976967,45.8,449,106,63,618,158
c1,HINFP,1.783332294655044,0.02354278773597459,34,100,384,111,595,159
c3,RAX,2.3067430430180766,1.627398720518757,8.291666666666666,25,268,313,606,159
c2,ETV6,1.0226382182748215,0,43,95,454,69,618,159
c1,NFATC4,1.9226758101247998,0.11068015045205683,26.25,95,357,145,597,160
c3,ONECUT3,0.8253009847798156,19.728391326620336,3,116,67,423,606,160
c2,POU3F3,4.531104060043409,0.21500360117100167,12.8,18,350,250,618,160
c1,POU2F3,0.16750794395971846,3.5331147205827986,18.5,187,204,206,597,161
c3,SOX12,0.4178679801908222,8.239485100164565,11,190,143,274,607,161
c2,ELF4,2.0988505792391923,0.26668129191832535,15.5,56,344,220,620,161
c1,GLI3,0.6098954688761036,1.8670814571501135,21,166,258,174,598,162
c3,LMX1B,1.3714179081555968,3.9839969153208887,7.208333333333333,66,208,333,607,162
c2,USF1,-3.93169210843063,82.8943998412901,16.1,407,8,206,621,162
c1,PBX3,-1.5871645428601209,6.974106643234173,27,305,152,142,599,163
c3,PBX2,1.4040536930643637,1.3247046587348037,11.875,64,283,262,609,163
c2,KLF13,2.6027542444498715,5.308054859377299,4.3,49,178,394,621,163
c1,NR2F1,2.722264951018995,0.00679883602666204,30.75,70,409,121,600,164
c3,NR2F1,0.9221053304306509,0.19515019851829574,23.958333333333332,107,364,140,611,164
c2,TFEB,-2.1346986086398223,13.192995689162341,19.2,361,94,172,627,164
c1,ELF4,4.55549639709798,0.15263959815476505,17.75,34,348,220,602,165
c3,FOXE1,2.7463082216724928,0.9129234546941628,9.333333333333334,18,304,294,616,165
c2,FOXB1,-2.2192216873362747,27.312008205080527,15.7,364,46,217,627,165
c1,ZIC5,-1.1290659902971,16.168587116548913,15,277,80,245,602,166
c3,MYC,0.42288403784699635,0.6194613899180085,31.125,188,322,108,618,166
c2,FOXK2,-0.10906844238566045,3.0723905546907178,15.4,180,224,224,628,166
c1,ASCL1,-9.147765226100786,9.648909774053399,99.25,460,122,23,605,167
c3,NFYB,-0.20830185981980395,2.0437233498949507,44.125,302,254,64,620,167
c2,ZBTB12,-1.2201438925880352,7.0866375630873915,18,291,156,182,629,167
c1,ATF2,-0.8179544762115797,9.928146947579702,16.5,255,119,231,605,168
c3,SOHLH2,0.5967563784452067,0.6741643662316551,22.708333333333332,158,317,145,620,168
c2,IRF2,-0.7625903790345918,23.110649206277806,7.6,247,62,320,629,168
c1,HOXD10,0.07747157742573507,36.8458150020049,5.666666666666667,195,31,382,608,169
c3,POU4F1,0.38818524071144606,7.387240071444224,11.708333333333334,200,158,264,622,169
c2,HMBOX1,-0.6370136339284439,51.785315071629796,5.1,232,23,374,629,169
c1,NR6A1,-0.034689620202194626,7.004546926965039,13.75,199,151,259,609,170
c3,GCM2,0.02877936216434006,11.973815424646864,11.916666666666666,261,101,261,623,170
c2,HOXD11,-0.540974531808324,32.242473197809574,5.5,224,41,365,630,170
c1,MZF1,-1.4649116793516184,1.118079653949505,78.75,298,280,32,610,171
c3,TFAP4,1.068224411354195,0.04383935042411046,26.625,95,407,123,625,171
c2,SOX2,-1.2159162913666346,9.484660515537856,15.8,290,129,213,632,171
c1,TBR1,-0.9875948250000772,8.098110034580447,18.25,267,139,208,614,172
c3,MEIS2,0.6197350140780978,5.549942138180051,9.541666666666666,152,184,290,626,172
c2,HES6,-2.149189506462387,32.692217707950384,14.8,362,40,231,633,172
c1,OVOL2,0.8088283844425532,39.12576101091858,2.5,155,28,433,616,173
c3,GSX1,1.7113020394926146,3.8645417018621786,5.75,47,211,368,626,173
c2,MSC,-8.148599884300554,46.30825537770016,21,451,27,156,634,173
c1,TFDP1,-0.1467671242245891,0.020481153955924848,86,204,386,27,617,174
c3,CREB1,0.7277972100157406,0.6454447528520398,19.125,133,319,175,627,174
c2,SPDEF,0.9783618482357834,0.7122838768114946,14.3,97,302,236,635,174
c1,FOXA1,-5.247385974616693,71.3497779937446,18.75,405,12,203,620,175
c3,MYF6,0.6120611487199483,4.335155760700289,10.875,153,199,276,628,175
c2,NEUROG2,-5.9840549071062386,12.672313877933343,31.5,429,101,107,637,175
c1,MLX,2.5884838966028925,3.569864075072986,8,76,201,343,620,176
c3,OSR1,-0.7774889861560699,35.04927987220082,16.5,389,33,207,629,176
c2,MAFA,-1.9755944534245908,24.383691357263974,15,352,57,228,637,176
c1,HOXD13,-0.649841041109153,47.17540481129579,7.25,242,22,356,620,177
c3,ATF4,0.2649550654648121,15.816368969854429,7.291666666666666,218,81,330,629,177
c2,E2F4,-0.3519041012759708,16.650626487012946,6,206,78,353,637,177
c1,ZNF75D,-0.9261157703282674,0.4720854674774966,58,263,310,48,621,178
c3,ZNF148,0.3088032667291527,0.0300275846360316,200.41666666666666,212,418,1,631,178
c2,TEAD2,6.659112647455567,0.0024799451970998706,17.4,5,442,191,638,178
c1,HES6,-1.1442174535121876,14.980497466092647,14,278,88,256,622,179
c3,POU4F2,0.3721181898294066,500.14533904150295,2.608695652173913,203,1,428,632,179
c2,SRF,0.3583282843768203,24.41084511996936,1.5,139,56,445,640,179
c1,POU6F1,-2.5443615430695963,13.557584132973524,20.25,351,91,186,628,180
c3,POU4F3,0.4971540767063459,5.891517988001709,9.958333333333334,172,177,286,635,180
c2,SOX15,0.2942970637931066,0.16265042090260368,24.8,146,360,136,642,180
c1,BHLHE40,2.0513222638931126,0.9488835542159405,14.5,91,286,251,628,181
c3,EGR2,-1.3157211637711521,8.550832914871801,43.041666666666664,432,137,68,637,181
c2,GATA2,0.6350876034682296,2.7066493424168807,8.9,113,233,298,644,181
c1,HOXD11,-0.03086557011852009,35.71983689073524,4.75,198,35,397,630,182
c3,ZBTB7B,0.4924569870563997,0.5430752039421585,24.583333333333332,174,329,134,637,182
c2,ATF4,-0.7979279506637188,17.69527385002656,7.8,255,75,314,644,182
c1,HOXD9,-1.7000263441554626,626.1659472471109,9.25,312,1,319,632,183
c3,PKNOX1,0.757447066540312,0.295494538289788,21.208333333333332,132,351,155,638,183
c2,ZNF684,0.4377084635084699,6.593695736298948,6,128,162,354,644,183
c1,VEZF1,0.7393636260224247,0.028942401272055995,39,160,381,93,634,184
c3,ZBTB12,0.06710422299944892,6.285165003379317,15.916666666666666,252,172,214,638,184
c2,ARNT2,-1.7908871322329636,8.669925787088168,19.5,336,139,171,646,184
c1,MSC,-7.3009866143080675,35.44675776290707,24.5,448,36,150,634,185
c3,HOXD12,0.21384662116217476,79.97326466605838,4.125,224,10,404,638,185
c2,NR1I2,4.87216888730176,0.26329673377583934,9.6,13,345,288,646,185
c1,NFYC,1.0357665420138824,0.01628969181406836,35,138,392,106,636,186
c3,ETV4,0.415872553538196,0.02052798234646045,84.04166666666667,191,423,25,639,186
c2,NR1D2,-0.06890930213336988,2.9755155302719096,13,174,226,247,647,186
c1,THAP11,0.754234475158779,8.84139543207463,7.75,158,131,347,636,187
c3,ZNF341,0.38624507096346894,0.5934107188212243,28.333333333333332,201,325,114,640,187
c2,POU1F1,6.0295562886844305,0.1538475351236033,10,7,363,279,649,187
c1,ETV3,3.6769273798441273,0,23.25,49,429,159,637,188
c3,TCFL5,-0.44189378564542736,1.9476527468035756,56.291666666666664,346,259,37,642,188
c2,TCF7L1,-0.8580233567648149,14.198533968069173,8.6,259,89,302,650,188
c1,E2F4,0.8983502687453171,7.454535953271557,7.75,149,145,348,642,189
c3,DPRX,-0.07205701371647749,133.814661677749,6.25,279,3,360,642,189
c2,NR1H4,-2.6402356116018395,14.154230624989333,18,382,90,180,652,189
c1,NKX2-5,-1.927734012195185,18.187918955166356,14.25,323,67,253,643,190
c3,HOXA6,1.9219767237414647,2.296150979653973,6.041666666666667,38,249,363,650,190
c2,ELF2,2.290302000182174,0.029091188110779397,16.6,52,401,199,652,190
c1,MYOD1,-8.993879917256875,9.458926801156021,51,459,125,63,647,191
c3,TFAP2C,-0.35914318220380553,0.717263151306916,120.04166666666667,325,313,13,651,191
c2,GATA5,-0.6150000474072618,9.920673419522043,8.1,227,123,308,658,191
c1,KLF13,1.1263891184457167,13.163038346965939,3.75,132,95,421,648,192
c3,TFEC,0.3839073720819657,1.2866192773488114,19.833333333333332,202,284,165,651,192
c2,BCL6,-0.7787604357903396,39.93046296720537,5,251,30,377,658,192
c1,GATA1,-2.3121470540497624,22.20620129809575,14.25,342,55,252,649,193
c3,TWIST1,-0.13425025125125098,3.4306213892082615,24.208333333333332,294,222,136,652,193
c2,HOXC12,-0.6038185402974527,56.55556105836156,3.6,226,18,414,658,193
c3,REL,-2.086362064353367,24.71098150880862,21.208333333333332,446,52,154,652,194
c1,MITF,3.555849091331269,3.1982198433656306,5,51,208,394,653,194
c2,HSF1,0.38369598018441664,12.59325961945701,3.2222222222222223,135,102,421,658,194
c1,NR1H2,1.205491010311442,16.48131058705934,1.5,130,78,446,654,195
c3,ZNF460,-0.3519582020537354,1.0014647133989472,60.958333333333336,324,298,33,655,195
c2,FOXP1,-0.9442087191989673,5.859558835691166,15.4,265,172,223,660,195
c1,HOXD12,-0.33304254522092513,27.126435925467128,5,219,44,392,655,196
c3,FLI1,-0.38305303402861113,5.418177869658567,24.041666666666668,332,186,139,657,196
c2,PAX5,0.5481568519003972,0.11049338412870573,19.6,121,370,170,661,196
c1,HOXA9,0.8924158182117697,15.655157120732472,3.75,151,84,420,655,197
c3,GATA2,0.9862898304816582,1.6532188661952782,9.541666666666668,101,267,289,657,197
c2,HNF4A,-1.3667335202759077,5.183417257987925,18.3,305,180,178,663,197
c1,NR1H4,-0.21076395166257825,0.9384805023325818,23.25,210,288,158,656,198
c3,CREB3L1,-0.0848840506040827,39.1798577220606,6.5,281,30,347,658,198
c2,VEZF1,-0.09188038524898633,0.015229023454673122,42.1,178,412,76,666,198
c1,TEAD2,6.504745421570814,0,16.75,7,422,229,658,199
c3,FOSL2,-1.7775645438058238,8.87138945849521,37.5,440,133,86,659,199
c2,HOXD12,-0.8689830828156124,73.08933428017347,4.222222222222222,260,9,398,667,199
c1,ZNF684,1.796100851413902,7.7096428620223465,4,99,143,416,658,200
c3,KLF15,-0.7155055867944793,1.4031760091367123,149,378,280,5,663,200
c2,ZSCAN4,0.16624364825856391,18.078809117235252,2.25,156,74,437,667,200
c1,MSGN1,-3.203759598396151,64.6381769687234,12.5,372,15,272,659,201
c3,HOXC13,0.6973798143028652,8.016695433069044,5.375,138,148,377,663,201
c2,MAX,-1.8113868229865544,5.2483758586098626,21.9,339,179,150,668,201
c1,PLAG1,-0.4792634273084311,0.04018253042141022,54.5,231,374,55,660,202
c3,HOXC11,0.14744068319192685,27.909480134488604,5.166666666666666,235,47,381,663,202
c2,NKX2-2,-2.2918225238110432,9.33203134240064,19.7,368,134,167,669,202
c1,HNF1A,-1.3179616072457703,44.29157451064974,7.75,292,24,346,662,203
c3,ELF1,0.12021583283486222,0.10154327101575272,50.791666666666664,240,382,44,666,203
c2,ETV2,2.076451230135216,0.015133343604458168,16.7,59,413,197,669,203
c1,IRF7,4.879708935270044,0.9456175365202499,7.75,26,287,350,663,204
c3,ZNF317,0.39054580721326926,0.22283539556794552,30.333333333333332,198,357,111,666,204
c2,ESR2,1.5788113074741943,5.93081508851552e-4,23,78,448,144,670,204
c3,HNF4A,0.015084934173193074,4.0359017461635744,17.291666666666668,263,207,196,666,205
c1,TFAP2B,-1.2334754153115692,0.08664215110511032,116.75,286,361,20,667,205
c2,MNT,-1.8824818515886597,8.534525045857517,17.7,345,142,184,671,205
c3,KLF4,-0.6109136052441427,1.0984110010610804,184.16666666666666,368,296,3,667,206
c1,BHLHE22,-1.3032372292394772,0.22394929561476276,60.25,291,336,41,668,206
c2,ZIC1,-2.899547020734972,26.85558562488357,14.4,388,48,235,671,206
c3,CUX2,0.4928745975052133,18.89100130289862,3,173,70,424,667,207
c1,ZBTB6,-4.080142717699971,3.1470111205416185,47.75,388,210,70,668,207
c2,TBX2,-1.4299340005517829,12.451185812881956,12.4,310,104,257,671,207
c1,NFATC3,2.3353756714302274,0,23.75,83,430,155,668,208
c3,RREB1,-0.6918664019152116,2.677601820294642,46.708333333333336,376,238,55,669,208
c2,NFYA,-1.943343527238092,2.384987560304409,40,349,241,82,672,208
c1,CUX2,1.2325064859980497,11.232234653642653,2.75,128,110,430,668,209
c3,MEIS1,0.6953385034955755,1.9730721049104234,11.083333333333334,141,258,271,670,209
c2,FOSB,-0.7921431115566531,0.5887673057538788,32.6,253,314,105,672,209
c1,ZBTB7C,0.20867735855936997,0.1079205773268632,29.25,185,358,127,670,210
c3,SOX8,1.3371306612615959,0.005603554533951202,20.375,70,440,161,671,210
c2,ETV5,0.1587144546744372,0.004261914985651671,41.4,157,438,78,673,210
c1,TFEC,0.7325330521788509,0.7444276086534836,17.75,161,293,218,672,211
c3,RFX3,0.6992668468717789,0.028582046934105723,28.166666666666668,137,419,117,673,211
c2,USF2,-3.566773412683787,24.49992950449874,15.7,401,55,218,674,211
c1,ZNF263,-1.8086238620453852,0.14442891196350557,151,319,349,8,676,212
c2,SNAI1,-6.999789132566631,4.38275740821525,60.1,440,200,36,676,212
c3,GLI3,-0.21009349011520437,3.8134431134354423,20.625,304,214,158,676,212
c1,MAZ,-1.9091871745061326,0.18353730366791104,138.75,322,343,11,676,213
c2,BATF3,1.494693941869253,0.07650289668892686,16,81,384,211,676,213
c3,ALX3,1.9433742048030895,0.5029231452972006,8.625,36,334,306,676,213
c1,TBX21,0.9820764466256829,0.31079832531995544,18.5,142,327,207,676,214
c3,RORA,0.7621488544309303,0.34081062834524756,16.958333333333332,128,348,201,677,214
c2,TBX20,-0.6337017336849616,2.740531050626424,15.8,230,232,215,677,214
c3,MEF2A,-0.7204070169088229,8.91827379372594,19.333333333333332,379,132,171,682,215
c1,RXRB,1.4564030734241926,1.7903060622846945,10.25,114,262,306,682,215
c2,ZFP57,-0.5058316537043214,4.785145554668597,10.3,221,188,277,686,215
c1,HES5,-0.7048629410444609,73.67051635308633,3,245,10,427,682,216
c3,EBF1,-0.7747221906194504,3.446643540055748,39.041666666666664,387,220,78,685,216
c2,SIX2,-1.840150617542355,23.938762986198867,9.6,340,60,286,686,216
c3,TFAP2B,-0.37270750687454374,0.43130489140629125,108.33333333333333,329,337,20,686,217
c1,DUXA,-0.4060797268507644,4.262822131950407,12.5,225,188,273,686,217
c2,GSC2,0.7257860564748848,2.1999781865458226,7,107,248,331,686,217
c1,HNF4G,-0.42602609511501244,1.7640865704399333,19.25,228,264,195,687,218
c3,HNF4G,0.06107209549159163,3.7579781024682526,15.666666666666666,253,215,219,687,218
c2,CREB3L1,-1.624206922132576,50.95648273727305,6.5,326,24,338,688,218
c1,E2F2,1.0657649787820072,3.538496546408447,7.75,135,203,349,687,219
c3,BATF,-2.575204086718418,56.608003661622746,15.666666666666668,453,17,218,688,219
c2,NFYB,-2.609407772489749,2.4601819165867975,42.7,380,239,70,689,219
c1,ATF6,1.306982520406897,7.621667545614528,3.5,121,144,423,688,220
c3,MZF1,-0.3768973147769643,0.5586921311388282,71.45833333333333,330,328,32,690,220
c2,NFKB1,2.748261823434677,3.911608244596326,2.142857142857143,45,206,439,690,220
c3,STAT1,-1.1152298701521972,6.1476697650415995,34.041666666666664,419,175,96,690,221
c1,RORA,0.7159116757380107,0.1639377072925664,20.75,163,346,181,690,221
c2,GLIS1,0.23367850945956553,15.572839294675756,1,152,82,458,692,221
c3,ESR2,1.119232847944584,0,22.666666666666668,87,456,147,690,222
c1,NFE2L1,-0.03074853762103555,15.370106654591593,4.5,197,86,407,690,222
c2,ZEB1,-1.8502760635636835,0.46779970639792456,77.9,341,322,31,694,222
c3,ZFP57,0.2028460941221254,4.9862750531304565,11.041666666666666,226,191,273,690,223
c1,MLXIPL,1.8004240741233106,0.7441222080123329,10.5,98,294,301,693,223
c2,IRF4,0.3230171588547342,14.012081091717095,1,144,91,459,694,223
c3,SP2,-0.6426212952014935,1.4181892345437277,51,371,279,41,691,224
c1,TAL1,-5.35223102599696,7.9638490489696725,25.75,409,140,146,695,224
c2,MYBL1,0.26775275052363495,11.645035656288119,2.125,148,113,440,701,224
c3,ELK4,-0.48837950198953856,1.201960829511736,50.583333333333336,352,291,48,691,225
c1,NR4A1,-0.9175567185319825,1.3461199971331703,23.5,262,276,157,695,225
c2,POU2F2,7.956444205946246,0.001622538582086849,12.6,3,445,255,703,225
c3,NR1I2,1.2256036653226934,1.1028238506792793,8.166666666666666,80,295,316,691,226
c1,PHOX2B,-2.8628312383724226,18.88460751544483,13,365,65,266,696,226
c2,ERG,-0.04824806440692128,0.04913051096736275,23.5,173,390,141,704,226
c3,PAX6,1.0888764566581557,2.348231899400965,6.333333333333333,91,246,355,692,227
c1,NFKB1,5.154902277172795,2.9039543337613964,1,21,215,461,697,227
c2,HOXA10,-0.9969512529016453,7.680511882205058,9.7,270,150,284,704,227
c3,EVX1,2.0420376836010576,1.4586735131815458,5.166666666666667,35,277,380,692,228
c1,RFX1,-2.630831746983638,3.0551081900800128,29,357,212,129,698,228
c2,PHOX2B,-2.44645613995003,35.92519280856275,8.9,373,34,297,704,228
c3,GATA1,0.9257925680663247,0.21484741925398795,14.666666666666668,106,359,228,693,229
c1,HOXC10,-0.20246567493654521,11.650513992778295,5.5,209,106,383,698,229
c2,HOXB7,-1.2639462075551484,26.004364960459604,5.9,296,51,357,704,229
c3,HSF4,-0.45462284513355933,20.820891401384962,10,349,61,284,694,230
c1,GRHL2,-0.5210506621815887,0.7129534935639242,21.25,234,296,171,701,230
c2,HOXC11,-0.7542897617894845,16.23576167127331,5,246,79,379,704,230
c3,PLAG1,0.20302117980209472,0.04143566959825276,44.333333333333336,225,410,63,698,231
c1,DPRX,-1.2768090450047191,25.7601152589413,6.25,289,45,369,703,231
c2,PLAG1,-1.1174723179674062,0.09934052410806515,52,283,375,47,705,231
c3,DUXA,0.3440875332504246,4.77477806326796,9.166666666666666,206,195,297,698,232
c1,BHLHE41,2.846756550027988,0.5457189588893618,8.25,66,301,337,704,232
c2,HOXA9,0.5341292833726627,5.995349494110092,3.6,122,168,415,705,232
c3,PAX1,0.6959080979877594,9.719768871042739,2.2857142857142856,139,122,437,698,233
c1,SIX2,-2.369414750798145,9.970841341718483,15.5,346,118,241,705,233
c2,TCF7L2,-1.0635933716885313,2.3020205557770157,17.7,276,246,185,707,233
c3,NFIC,0.6491625598496906,0.0015642224499283599,31.833333333333336,147,449,104,700,234
c1,FOXH1,0.8925118051383927,0.8968618337878225,13.25,150,290,265,705,234
c2,RXRB,0.4228751040299727,0.7888848096118678,9.9,130,296,281,707,234
c3,MIXL1,1.4661089901943205,1.2157735856803566,6.416666666666667,59,290,352,701,235
c1,NR5A1,-2.489596141378617,2.720833461961692,28.25,348,224,135,707,235
c2,GSC,0.5005326858361618,1.638820833584523,7.7,124,265,318,707,235
c3,KLF17,-0.27120863542295626,0.8423586803731719,38.458333333333336,316,308,81,705,236
c1,ATF3,-0.38999229287970405,10.211318982587413,6.25,221,115,371,707,236
c2,BHLHE22,-1.0602437189591134,0.052575661582902646,52.5,275,389,46,710,236
c3,LHX2,2.103377700316389,0.16810609020060185,8.583333333333334,31,368,307,706,237
c1,MEOX2,-4.219374323502766,35.949059097941,11.5,390,33,285,708,237
c2,HNF4G,-1.4666380348024686,3.9305216589364633,17.4,315,205,190,710,237
c3,ATF3,0.3553877828396953,9.975997245441235,5,204,120,383,707,238
c1,IRF9,10.647882481758344,1.8518125318440262,1.5,2,259,447,708,238
c2,ZNF682,-1.6489142681903979,0.427243313998645,49.4,328,328,55,711,238
c3,CEBPA,-0.14313294949783703,9.411935527804294,9.666666666666666,295,126,287,708,239
c1,MYOG,-7.796295320830297,5.980226106953533,37,451,162,98,711,239
c2,HOXD10,-0.9731134943396574,32.938606233255385,3.9,266,38,407,711,239
c3,FOXH1,0.14756134653605837,3.408808276844854,12.75,234,223,252,709,240
c1,FOXP1,-5.9765955712575725,11.897639369495131,20.5,425,104,183,712,240
c2,NR1D1,-0.21901881976799922,12.35204303775067,3.6666666666666665,194,105,413,712,240
c3,CLOCK,0.43728898944565026,4.330150033211905,7.434782608695652,182,200,327,709,241
c2,MEF2C,0.4725094250229149,0.05956764207252796,16.5,125,387,201,713,241
c1,GLI2,1.018735319025957,1.1079514150081227,11,139,281,296,716,241
c3,HOXC10,0.1132707935522493,12.322554453344145,5.708333333333334,242,99,370,711,242
c2,NKX2-5,-3.7682231706321474,28.28536339840606,11.3,404,44,266,714,242
c1,SCRT2,-2.1433695220872675,3.676003197091853,20.5,333,200,184,717,242
c3,NFIA,0.6953897913456059,0.043522722285400675,20.166666666666668,140,408,164,712,243
c2,HOXC9,-0.7102634553220105,12.915530416584398,5,239,98,380,717,243
c1,DMRTA2,-1.5695665915168533,16.777762440862688,8,304,74,342,720,243
c3,GATA6,0.8204427878323478,1.4505982296370938,8,117,278,319,714,244
c2,ETS2,-0.1549070937326777,0.014154228362742965,27.3,183,416,119,718,244
c1,ZEB1,-6.478608072019901,2.0066077029829588,80.25,439,253,31,723,244
c3,GATA5,1.1140202640052432,0.974376655772158,7.583333333333333,88,300,326,714,245
c2,GATA1,-0.8012684195012484,2.9788365979663336,13.9,256,225,239,720,245
c1,GATA6,-2.871868028217065,19.26345429111089,11,366,64,293,723,245
c3,HMBOX1,-0.10770948304613835,28.580276540661977,4.875,285,43,386,714,246
c2,TAL1,-7.148539675730213,7.599468979666027,26.2,443,151,127,721,246
c1,E2F1,0.359682127347149,1.7302594578077115,11.5,175,265,288,728,246
c3,HOXC9,-0.022253598719946515,22.93849381381168,4.833333333333334,270,57,388,715,247
c2,CREB3L4,-0.6905643478159496,0.03734833366467095,36.2,237,394,91,722,247
c1,HEY1,0.39512785397770833,0.22343625387786334,17.75,174,337,219,730,247
c3,HOXC12,-0.12618871454717634,68.09916047196737,3.833333333333333,291,14,410,715,248
c2,BHLHE40,-1.391967521894475,2.9065239366475986,17.6,306,228,188,722,248
c1,HES2,0.9350233188082177,0,24.25,145,433,153,731,248
c3,TCF7L1,0.04603666991513393,6.27245694540019,10.041666666666666,259,174,283,716,249
c2,NR4A1,-1.0595032659198975,1.8239968896300702,17.5,274,259,189,722,249
c1,EMX2,-2.354274410194563,147.41633743295534,5.75,344,7,380,731,249
c3,IKZF1,-1.0042136709341891,2.1875037709303613,44.666666666666664,409,251,58,718,250
c2,MEOX1,-1.0202453221589542,16.22678312370137,5.3,272,80,371,723,250
c1,SOX12,-0.8513631082738496,5.299504050795591,10.25,258,171,304,733,250
c3,GLIS2,0.7966269924163657,0.27074241933773546,12.791666666666668,120,352,250,722,251
c2,EBF1,-4.642399557089192,2.843633103518097,39.9,413,230,83,726,251
c1,ATF4,-1.1981744057819599,13.358079552026805,7.25,282,94,357,733,251
c3,CEBPG,-0.19603455324818903,7.355813141998203,11.5,300,160,265,725,252
c2,E2F1,-0.4333604057087155,2.7499327322627045,9.7,213,231,285,729,252
c1,SIX1,-1.813719092834489,4.740314463513877,15.75,320,176,238,734,252
c3,NR4A2,0.8840908348829664,1.5932280428847598,6.666666666666666,112,271,342,725,253
c2,RFX1,-3.3343903423417625,4.465177577847164,24.1,397,196,139,732,253
c1,ONECUT3,-0.8643494102587677,19.52333071369747,4.25,260,63,412,735,253
c3,NR1D2,-0.026333473169321386,4.285040600438227,12.291666666666666,271,201,255,727,254
c2,TBR1,-1.413989702810222,5.074759220535869,13.4,308,183,241,732,254
c1,BATF3,1.28844410949345,0,20.75,125,432,182,739,254
c3,EBF3,-1.1728665687325228,2.2460152739160995,46.791666666666664,424,250,54,728,255
c2,POU6F2,-6.854485204239097,43.28153908208032,10.8,438,29,270,737,255
c1,HOXC9,0.09691780078889178,7.262349240131007,4.75,192,148,400,740,255
c3,SP1,-1.114796470970486,2.4599467785429145,42.416666666666664,418,241,69,728,256
c2,MYC,-1.9944913640943973,1.3462090208787854,31.5,356,274,108,738,256
c1,TGIF2LY,-5.48331840129063,51.02712971050984,10,413,19,309,741,256
c3,BCL6,-0.03907064583715546,26.811872236299642,4,272,49,407,728,257
c2,CLOCK,-0.8496155600509554,7.705037041728774,6.9,258,149,333,740,257
c1,ZBTB12,-1.4386200181144324,2.7348270196907207,17,295,223,225,743,257
c3,BACH1,-2.244402500362009,14.79341943957816,17.416666666666668,449,85,195,729,258
c2,MYB,-0.30771013842664796,0.32263523083324175,16.1,199,336,208,743,258
c1,BCL6,-1.2899371793049133,18.377389300209394,5,290,66,393,749,258
c3,RFX2,0.6881773887424891,3.5445542307965456,5.75,143,218,369,730,259
c2,LEF1,-1.108412167295401,10.253995606553477,6.2,281,117,346,744,259
c1,FOXC1,-5.469445464203147,4.1765642089123745,25.25,412,190,149,751,259
c3,NEUROD1,-1.881350437453253,4.036028256843673,37.75,443,206,84,733,260
c2,EN2,-1.0409999169492705,8.41554857062782,7.1,273,143,329,745,260
c1,FOXA3,-6.672870718626488,8.750445142642203,20.75,440,133,178,751,260
c3,TLX1,1.5395414783613566,0.01711627256582489,12.375,55,426,253,734,261
c2,POU6F1,-5.1409768040034285,8.843841661949428,16.9,418,135,194,747,261
c1,RORB,-0.8493652783925825,2.2097961200203455,14.5,257,245,249,751,261
c3,TCF7,-0.5245376498189236,8.431786139989502,13.708333333333334,356,142,238,736,262
c2,ETV3,-0.1881992765739162,0.01741655234301783,21.8,186,410,152,748,262
c1,CDX2,-1.5246919374047927,5.565463924243534,12,302,169,280,751,262
c3,MEF2B,-0.725869617391228,68.22912991803281,6.583333333333333,380,13,343,736,263
c2,MTF1,0.1386262756417086,4.443255761938487,4.5,159,197,392,748,263
c1,SMAD3,-2.6246997517335684,0.3347515680625595,44.25,356,321,80,757,263
c3,TEAD4,-1.6980238005169654,11.373499834303672,17.666666666666668,438,107,192,737,264
c2,IRF9,1.0078906830395655,4.1218264644815745,1.1666666666666667,96,202,452,750,264
c1,MEOX1,-3.27594504483845,21.02789971303813,9,374,59,324,757,264
c3,EGR1,-1.039196480776254,0.6918945242901036,128.625,413,315,10,738,265
c2,NR6A1,-0.979420544958144,4.0552664146832464,9.9,267,204,280,751,265
c1,GLIS1,1.063439400775506,5.900039972162317,1,136,163,460,759,265
c3,IRF2,-0.4420325589816401,18.08398763182187,8.125,347,74,317,738,266
c2,HIF1A,0.3105409966457258,0.011522579534587806,17.7,145,420,187,752,266
c1,BACH2,1.2443202395070432,2.891141051615567,4,126,217,417,760,266
c3,SOX14,0.7595045780547915,0.20760780466767007,13,131,361,247,739,267
c2,ZNF652,-0.20756016330341268,0.5036543237578952,13.1,189,319,244,752,267
c1,POU4F3,-5.264976547234418,12.510898952025745,13.75,406,97,258,761,267
c3,BCL6B,0.3222642754126184,19.071640749007237,1,210,69,460,739,268
c2,EBF3,-3.095078640355825,0.6803466719065161,47.5,390,305,58,753,268
c1,MYCN,0.07878389876051295,0.2149611442404725,16.75,194,340,228,762,268
c3,ELF3,-0.4296943001177965,0.21068400930018336,57.458333333333336,345,360,35,740,269
c2,ETV1,-1.6336061734103178,0.15268443749060062,46.1,327,364,62,753,269
c1,SOX2,-3.5384858736258287,7.432309178490134,16,381,146,235,762,269
c3,BHLHE22,-0.7477463986355817,0.8293539339795518,50.75,385,309,46,740,270
c2,DUXA,-1.1374796818513921,7.259203362790187,7.7,284,153,317,754,270
c1,NR1D1,2.16718836007396,2.5243511841579873,2,88,232,443,763,270
c3,MNX1,2.142463020550386,0.01487241530222267,10.166666666666666,29,429,282,740,271
c2,MYOG,-10.788277874150506,4.6955322751779835,32.8,459,192,104,755,271
c1,CDX4,-0.8117793046780417,4.29633159456528,9,254,186,326,766,271
c3,NFYC,0.091850267679588,0.02375416835106593,40.208333333333336,247,421,73,741,272
c2,SOX14,0.1110592774643363,0.27193904279182096,12.7,161,343,251,755,272
c1,PAX5,0.8267376294974392,0.01159246868119389,18,153,399,215,767,272
c3,NR1H2,0.9044856603880578,5.502214707318528,1.6,109,185,447,741,273
c2,TGIF2LY,-5.573176516878593,69.99540043000113,7.5,423,11,321,755,273
c1,PPARA,1.363853190260694,0.0056722021861269675,16,119,412,236,767,273
c3,NRF1,-0.3668444036082049,0.07223565625789552,85.75,327,392,23,742,274
c2,HSF2,0.015953655242845158,4.837521161891678,4.2,168,187,400,755,274
c1,FERD3L,-5.1791838727835025,22.99543193954511,9.75,403,52,315,770,274
c3,ZNF682,-0.10951344478612156,0.07620610308648218,43.75,286,391,66,743,275
c2,NR5A1,-3.6283800201495064,3.3088233868912353,25.1,402,220,134,756,275
c1,TFAP2C,-1.6191732175315496,0,134.5,308,452,12,772,275
c3,ZNF384,-0.22491579803459727,0.37438760118310144,33.25,306,344,99,749,276
c2,CDX2,-0.44950933341304594,1.6977814480819031,10.4,216,264,276,756,276
c1,CREB1,-0.6796919107912103,0.21894352183519258,19.75,243,338,191,772,276
c3,PBX1,0.41571752245170746,1.2325204974929027,11.25,192,288,269,749,277
c2,IRF7,0.5642817109390399,0.5058865412411429,7.7,119,318,319,756,277
c1,GATA5,-2.576875958537715,11.17962455102344,10,353,111,310,774,277
c3,KLF9,-0.6014489540724947,0.16520175400024462,115.70833333333333,366,369,17,752,278
c2,MLX,-1.2263081647915737,6.101772017906508,8.8,292,166,299,757,278
c1,ATOH7,-2.7474264197194502,8.997322090967495,11.5,361,128,286,775,278
c3,RORC,0.626920669579969,0.9997705594330997,8.791666666666666,150,299,303,752,279
c2,SNAI3,-5.175989287812977,0.7126786026026208,59.2,420,301,39,760,279
c1,BARHL2,-1.94403650588701,33.02913607277971,4.25,325,39,411,775,279
c3,ZSCAN4,-0.04177429200606342,34.634694036472006,1.8333333333333333,274,34,444,752,280
c2,FOXA3,-1.4125257138325036,2.3413802232524716,16,307,244,210,761,280
c1,SNAI3,-6.29109341359622,0.4944780419908369,62,433,305,38,776,280
c3,ZKSCAN1,-0.640286913763035,8.086913008778406,14,370,147,236,753,281
c2,MSGN1,-5.4828304433328965,49.13172028407755,7.7,422,25,315,762,281
c1,CEBPA,-1.7714924905427922,9.241808545223602,8.25,315,127,334,776,281
c3,EHF,-0.8636254465075036,1.2180435405369523,44.5,404,289,61,754,282
c2,MEOX2,-5.31760361864088,61.16745891438061,6.9,421,13,332,766,282
c1,FOXK2,-5.7819389076077945,6.094330042126982,19,419,160,198,777,282
c3,GRHL2,-0.17559527485920015,2.022786008846106,16.875,297,256,202,755,283
c2,SOX13,-1.792639067039817,1.9170549551478278,18.4,337,253,177,767,283
c1,HOXC11,0.21006549879269398,3.2175243386111996,5.333333333333333,183,206,388,777,283
c3,HOXB3,2.256679154251639,0.016326547571367096,9.041666666666666,27,428,300,755,284
c2,ESX1,-1.592047636890857,12.285144653846606,6.7,323,108,336,767,284
c1,HOXA10,-2.5004037708861144,6.211311028289017,12.75,350,158,270,778,284
c3,ZNF135,0.0467231573041053,0.10327217123966567,27.375,258,381,120,759,285
c2,ZNF143,-0.038521337069895044,6.993914188111834,2.25,170,159,438,767,285
c1,EVX1,-2.44369066172749,19.794602819829215,6.25,347,61,370,778,285
c3,FOS,-2.5674193626276365,4.417024733849266,30,452,197,112,761,286
c2,NEUROD1,-15.142487706606031,3.521950884126527,35.2,462,212,97,771,286
c1,RBPJ,-3.4941150255819027,0.2917352461251781,47.75,378,329,72,779,286
c3,TGIF1,1.89819836624894,1.6698899850709834,1.1,40,266,455,761,287
c2,ETS1,-0.33032584595682424,0,29.9,203,456,112,771,287
c1,POU6F2,-6.73907710640193,24.206728183795402,11.25,442,49,291,782,287
c3,TFDP1,-0.41354374398465216,0.04789752554777367,85.45833333333333,339,400,24,763,288
c2,TBX21,-0.7332085723217453,0.7772682732699647,14.2,240,297,237,774,288
c1,PPARD,2.086988817055474,0.6629776740652085,5,89,298,396,783,288
c3,EGR4,-0.26327797503523087,0.0450049097156897,50.791666666666664,313,405,45,763,289
c2,PBX1,-0.8024451647932602,1.4601182403844353,13,257,270,248,775,289
c1,PBX1,0.26732541523804154,0.3470044700023375,11.5,178,319,289,786,289
c3,RXRB,0.6512829231246676,0.5988427264599109,9.375,146,324,293,763,290
c2,EMX2,-0.9801360774533912,12.522746657376914,4,268,103,404,775,290
c1,HOXB7,-2.7987390020192677,10.937363339750995,10,363,114,311,788,290
c3,SPIC,-1.1522093667963924,6.452515625802096,19.208333333333332,422,169,174,765,291
c2,TFEC,-1.9317718543181406,1.9064172208492323,19.2,347,256,173,776,291
c1,LMX1B,-5.584564305322375,17.388557839336272,10.25,415,71,303,789,291
c3,CDX4,1.0299906368224903,0.2204795323005369,8.541666666666666,98,358,309,765,292
c2,CUX2,-1.3483310229184602,25.403055064643752,3,301,53,424,778,292
c1,BCL6B,-1.1816819402354524,22.89167038966427,1,281,53,455,789,292
c3,ONECUT2,1.238809318364367,2.0405643636498705,2.375,77,255,433,765,293
c2,TWIST1,-9.428675034205462,4.921938889111773,24,455,184,140,779,293
c1,E2F7,-0.7103959449632218,14.455769454852637,1,246,89,456,791,293
c3,NR2F2,1.1731514785666994,0.0037113118099518683,13.791666666666668,83,446,237,766,294
c2,PAX9,-0.22919740183753592,9.46402253714842,1.1428571428571428,195,130,455,780,294
c1,ZNF143,-1.5929662255393007,21.905517464675427,3,307,57,428,792,294
c3,ONECUT1,0.777244365418812,0.38724067810871754,8.875,122,342,302,766,295
c2,ETV4,-1.5747282217949876,0.006364962592730762,83.8,321,433,27,781,295
c1,PKNOX1,-1.123454963687858,0.13458599762336731,21.75,276,353,164,793,295
c3,ELF5,-0.6874641191861756,1.1738906471502177,33.083333333333336,374,293,100,767,296
c2,NFIX,-7.355510135950919,6.622176083066708,18.5,445,161,176,782,296
c1,EN2,-2.2445232137720623,7.804123295460535,10,339,142,312,793,296
c3,HINFP,-0.3224470400233013,0.3795584041415702,33,323,343,101,767,297
c2,ZBTB6,-1.797167242817126,0.08315499175007202,44.5,338,380,66,784,297
c1,ZBTB32,-2.23994288926693,8.88656946729598,9,338,130,325,793,297
c3,ATF6,-0.1110899567628683,20.120963592695894,3.1666666666666665,287,64,421,772,298
c2,PROX1,1.079930473618061,2.1299672030983503,2,93,250,441,784,298
c1,MTF1,1.5180136773352775,0.9373817844851722,5,110,289,395,794,298
c3,PAX7,0.531340009546165,7.4383064493718685,1.4705882352941178,165,157,451,773,299
c2,HES5,-1.9325127182734116,58.77444677697048,3,348,16,423,787,299
c1,MYBL1,1.0608612074392272,2.635286767710687,2.75,137,228,431,796,299
c3,CEBPE,-0.22380259338459138,18.890089412769218,4.416666666666667,305,71,398,774,300
c2,GLIS2,-0.6751953058265524,0.32031507594039327,15.5,235,337,219,791,300
c1,SMAD4,-4.3389366032734635,0.34247510496558,42.75,393,320,86,799,300
c3,GATA4,1.2650215821685156,0,13.208333333333332,75,455,245,775,301
c2,VDR,3.103562627154411,0.10724641737179968,4.8,36,372,386,794,301
c1,XBP1,1.5850629515834342,0.40658209459855116,6,107,314,378,799,301
c3,ZNF652,0.14477596654537295,1.3431324314746675,12.166666666666668,236,282,257,775,302
c2,OTX2,0.8455813469239338,0.045988232762527816,8.4,102,391,306,799,302
c1,RORC,-0.40233829536043175,1.0904370632445828,11,224,282,297,803,302
c3,TCF7L2,-0.5411757391886761,2.7951625450136373,18.416666666666668,358,234,186,778,303
c2,CDX4,-0.39524887470901504,0.9491257939522149,8.8,211,290,300,801,303
c1,POU5F1,-0.3244943446216113,0.001361214853283975,21.75,218,421,165,804,303
c3,LEF1,0.05534629291600154,7.486168812418734,5.625,254,156,372,782,304
c2,DBP,-0.5035792505551697,2.3795192072816875,6.5,220,242,339,801,304
c1,MAFF,-3.473907599488885,5.706662319404478,13.75,377,167,260,804,304
c3,GLIS3,0.76306571069973,3.3226908458739755,2.5,127,224,431,782,305
c2,FOXK1,0.16645048333866116,0.009171405308133426,15.3,155,423,225,803,305
c1,NR2F2,0.3361437166953274,0,19.5,176,438,193,807,305
c3,HEY1,0.1600665123719647,0.10428045464032679,19.25,231,380,173,784,306
c2,GFI1,-3.892141000804072,9.841215979160243,10.6,406,124,273,803,306
c1,ZNF682,-1.6498011836133104,0.006061315888800485,42,310,410,88,808,306
c3,ESRRA,1.0430996650381898,0,14.291666666666666,96,457,231,784,307
c2,NR1H2,-0.5333122761639616,8.712915161265283,1.5714285714285714,223,138,443,804,307
c1,NKX2-3,-5.977686746967122,3.5465985409425484,20.75,426,202,180,808,307
c3,GBX2,2.8254565093043467,0,8.25,16,453,315,784,308
c2,GATA6,0.7061747415797004,0.15758597607825492,6.8,109,362,334,805,308
c1,TWIST1,-5.872732072428415,2.719627558593909,21.75,423,225,163,811,308
c3,THAP11,-0.41722265043989737,10.679002449118713,7.208333333333333,341,112,331,784,309
c2,ERF,-0.3794517246154508,0,23.4,209,457,142,808,309
c1,ZNF282,0.24474887545344026,1.5580033985732407,6.333333333333333,180,269,367,816,309
c3,HES7,0.5067156454405457,3.8607381298161587,4.125,168,212,405,785,310
c2,CEBPD,1.6753140652036431,0,9.8,73,452,283,808,310
c1,GFI1,-2.040081956575702,2.884934452257111,12.75,328,218,271,817,310
c3,CDX1,0.8970594595543213,0.6855693184047653,6.25,110,316,361,787,311
c2,HOXC10,-1.612447169463745,10.194099118398631,5.5,324,118,366,808,311
c1,HOXC13,-1.4858455489323308,7.914812700123948,6,300,141,376,817,311
c3,FOSB,-0.8420564370746075,1.348269262805951,31.291666666666668,400,281,107,788,312
c2,POU4F2,-2.586178594457584,224.6833877501485,2.4,378,1,430,809,312
c1,SOHLH2,0.5406558331552185,0,18,169,436,216,821,312
c3,POU3F2,-3.9604570035489197,13.398585930626288,13.666666666666666,459,90,239,788,313
c2,ZNF410,1.2032230110584776,1.8267542900845952,1,91,258,460,809,313
c1,POU2F2,0.7184794773722185,0.003025174499267715,15.75,162,419,240,821,313
c3,GLIS1,0.11745566391976427,14.502830501027118,1,241,86,461,788,314
c2,SCRT1,-1.57367417151606,1.8931152659661603,14.8,320,257,233,810,314
c1,NEUROD1,-10.342348768166318,1.4154148574244125,39.75,461,272,90,823,314
c3,TGIF2LX,1.2270257287956767,0.08768691602518923,7.666666666666666,79,385,325,789,315
c2,NKX2-3,-5.672434895138653,3.5733687580308864,18.9,426,211,174,811,315
c1,ESRRA,-0.9471807313530616,0.019511908803675093,21.25,264,387,172,823,315
c3,BARHL2,0.6400796967812354,3.0021199220618953,3.409090909090909,149,229,416,794,316
c2,BACH2,1.650748666438754,0.5852603656915483,3.2,74,315,422,811,316
c1,HOXB9,0.6031671278935851,1.9752518157631198,4.75,167,255,401,823,316
c3,PAX9,0.5025601550624164,5.689980029164991,1.8823529411764706,169,182,443,794,317
c2,FOXH1,-0.16180718615662495,0.2585332886754471,9.8,185,347,282,814,317
c1,FOXA2,-6.065677477919355,3.095652978290441,20.25,428,211,187,826,317
c3,HES2,0.1025047574718589,0.012941385152640138,27.5,244,432,119,795,318
c2,OLIG1,-0.9276268826913839,9.764059958871528,2.7,263,126,427,816,318
c1,SOX13,-4.013566836244967,2.235785640105508,19,386,241,199,826,318
c3,NFKB2,-1.3012978453875335,33.68246455680761,7.166666666666667,430,36,334,800,319
c2,PPARA,0.20601469358065191,0.008898694906187945,14,154,425,238,817,319
c1,ZNF136,-0.06464660474338174,4.488673740051189,2,201,183,442,826,319
c3,KLF16,-0.5882857136880387,0.006687145815761171,161.625,362,436,4,802,320
c2,GRHL1,2.7732242498030986,0.008427378112396525,6.2,43,426,348,817,320
c1,NHLH1,-8.333377004179395,0.3185433751453246,57.5,454,324,49,827,320
c3,CREB3L4,-0.2090085555937479,0.058895688852715636,32.916666666666664,303,396,103,802,321
c2,HES2,-1.207019024614651,0.022274156964089502,27.1,289,408,121,818,321
c1,ZIC1,-3.205337324135895,3.161545576962979,15,373,209,246,828,321
c3,NR1D1,0.17708890945874478,8.149836288223373,2.5833333333333335,230,145,430,805,322
c2,POU4F1,-2.878128300367389,6.410409005497911,10.9,385,165,269,819,322
c1,POU3F1,-0.7216347385084108,0.05938764693234575,18.25,248,369,212,829,322
c3,OVOL2,-0.4206053773062438,49.20647724646131,1.9130434782608696,342,22,441,805,323
c2,DMRTC2,-0.21572164271856584,1.1797257034845587,6.3,193,283,343,819,323
c1,ZFP57,-1.0211749862938357,1.2783102119227476,12,271,277,282,830,323
c3,MLX,-0.12167489558883011,3.288454831752228,9.458333333333332,289,226,292,807,324
c2,CEBPB,1.6067570767180683,0.05960073302954343,6,77,386,356,819,324
c1,SRF,-0.7782104780472678,9.766752966035051,1,252,120,458,830,324
c3,NFE2,-2.053173311610383,20.178410634154055,9.041666666666666,445,63,299,807,325
c2,BHLHE23,-0.7416270150878944,8.341067060488307,2.3,242,144,434,820,325
c1,CREB3,2.7007358024582713,0.01130898999856324,6.75,71,400,361,832,325
c3,LHX6,1.030992627438486,0.41100112837273645,5.541666666666667,97,338,373,808,326
c2,ZIC3,-2.07125617701075,0.3085682579931131,26.1,358,339,128,825,326
c1,ZIC4,-2.886908959320195,0.0073370054944265125,52.25,368,407,60,835,326
c3,RUNX3,-0.18309265257850552,1.6016115683095096,13.458333333333334,298,269,242,809,327
c2,PAX3,-2.540737141737289,26.082713937291974,4.2,376,50,399,825,327
c1,ZIC3,-3.2918827103765462,0.25594301916684176,29.25,375,334,126,835,327
c3,E2F4,-0.11347004156458917,7.2209168079059545,6.291666666666666,288,162,359,809,328
c2,HOXB13,0.0029461977002615217,0.00412033539440537,15.5,169,439,221,829,328
c1,EOMES,1.2932544343363488,0.005802423592428867,10.5,123,411,302,836,328
c3,DMRTC2,0.5022678864320991,0.9221750754743644,6.833333333333333,170,303,337,810,329
c2,ATF6,-1.6154863194194795,17.403354950435258,2.6,325,76,428,829,329
c1,POU4F2,-4.856570913506302,613.2120166188088,2.25,398,2,438,838,329
c3,HOXD11,0.023441809021796357,5.698901296489932,5.791666666666666,262,181,367,810,330
c2,NR4A2,-1.7879452550796986,4.867900805095385,8.1,335,186,309,830,330
c1,SOX21,-0.39997298320754004,6.234646590548237,1,223,157,459,839,330
c3,MYBL2,0.15052720445210474,9.154936297186328,1.4545454545454546,233,128,452,813,331
c2,ATF3,-2.263830099660365,10.527304783754863,6.1,366,115,349,830,331
c1,POU2F1,-1.2675790124349131,0.27758642294037816,17.5,288,331,223,842,331
c3,TBX19,0.7603467170703456,2.0910193309964358,2.4,130,253,432,815,332
c2,E2F2,0.04101474885510288,0.7546049559136805,5.6,167,299,364,830,332
c1,GLIS3,-0.2946508594273916,3.6851908213749938,3,214,199,429,842,332
c3,VEZF1,-0.23294511143036895,0.036389130060539204,35.041666666666664,309,414,94,817,333
c2,MXI1,-3.77239274003564,3.440997053725206,15.8,405,216,214,835,333
c1,TCF3,-7.106244363860984,0.04284598971810037,81.25,445,372,30,847,333
c3,MYCN,0.041398748926884076,0.22883721809114851,16.833333333333332,260,355,204,819,334
c2,HOXD9,-0.7870667166197807,1.1981421729884145,8.5,252,282,303,837,334
c1,SMAD2,-4.3389366032734635,0.0601456968753365,42.75,392,368,87,847,334
c3,POU2F3,-5.478217112076912,7.5619001214491535,16.625,462,153,206,821,335
c2,BHLHE41,-1.234117332645861,1.4767719053138588,10.1,294,267,278,839,335
c1,NFIX,-8.278447722546716,3.215252988752797,20,452,207,188,847,335
c3,SOX21,0.3454797702591699,7.488289199427105,1,205,155,463,823,336
c2,EOMES,-0.27298771174760467,0.1123665604591326,10.6,198,368,274,840,336
c1,MEIS2,-2.604361340022745,3.822893252278137,10.5,354,196,300,850,336
c3,DBP,0.5408647724619733,1.7117227872243121,4.583333333333333,163,264,397,824,337
c2,MYCN,-1.8735097288720257,0.6018011805143585,17.7,343,312,186,841,337
c1,CEBPG,-1.8545463859997358,2.1623257643677727,11.75,321,247,284,852,337
c3,EOMES,0.7613909626521798,0.038693590827111594,10,129,411,285,825,338
c2,MEIS2,-3.266976117992198,7.006014167011361,9.5,394,158,289,841,338
c1,PROP1,-4.734924780958611,16.046642493979267,6,397,82,375,854,338
c3,ETV6,-0.7843705728894215,0.3130283656998807,38.041666666666664,393,350,83,826,339
c2,TCF3,-10.408037954493945,0.18627602577053404,78.7,458,355,30,843,339
c1,MXI1,-4.41983614445878,1.4026624744265048,19.75,394,273,190,857,339
c3,HOXB13,0.33440841207398825,0.028020584953875542,17.041666666666668,208,420,199,827,340
c2,SCRT2,-2.0112296578413225,1.4579100625023305,15.8,357,271,216,844,340
c1,NR1I2,-1.0890453140722314,0.49005274589945746,12.5,274,307,276,857,340
c3,MAFK,-1.3076116859227653,2.344798365660008,21.5,431,247,151,829,341
c2,NHLH2,-6.20313931886871,10.06052334665969,9.4,433,121,291,845,341
c1,ONECUT1,-1.4650838456255397,1.7740405244105442,11,299,263,295,857,341
c3,ETV5,-0.41230672020438636,0.009433805032964974,44.541666666666664,338,433,60,831,342
c2,ZIC4,-2.5154745492269557,0.011469807825464808,50.6,374,421,51,846,342
c1,ZNF341,-2.575664074078975,0.01700772987264362,31.5,352,389,118,859,342
c3,EVX2,1.8374091455628405,0.018412800616093166,5.958333333333333,42,424,365,831,343
c2,NR2F1,-0.7735079076179764,0,24.4,248,460,138,846,343
c1,GSC,-1.4440182470067784,2.5227512794440026,8.5,296,233,330,859,343
c3,ZNF684,-0.41447535454692686,11.592436904834202,4.875,340,106,387,833,344
c2,NFATC4,-1.9631208142285574,0.29877627971693227,21.1,351,340,155,846,344
c1,TP53,-3.4181478447243783,21.872129930097902,3.25,376,58,425,859,344
c3,HOXB9,0.10457504121568509,4.08641127149905,4.791666666666666,243,204,389,836,345
c2,SOX8,-0.8913656606669554,0.009733448841724151,20.1,262,422,162,846,345
c1,PAX3,-2.7499399965516194,16.668491297867934,3.5,362,76,422,860,345
c3,E2F1,-0.13253460256501065,2.4341127637352984,8.875,293,243,301,837,346
c2,XBP1,-0.6341362046831961,2.372288242679957,5.222222222222222,231,243,373,847,346
c1,SOX4,-8.371217622399945,0.3153737538230906,44.25,455,325,81,861,346
c3,ZBTB7C,0.009379298175724285,0.0023586658713747686,25.583333333333332,264,447,127,838,347
c2,GLIS3,-0.7006175057744269,5.328338581939908,2.3333333333333335,238,177,432,847,347
c1,HIF1A,0.11798219132571178,0,16.75,190,441,230,861,347
c3,RELA,-1.7569816059858372,1.8548117693683914,23.25,439,262,142,843,348
c2,GLI2,-0.6490427448864885,0.19144412296459182,11.8,233,353,262,848,348
c1,GSX1,-5.687685475501137,15.573699502238297,6.5,418,85,362,865,348
c3,HIF1A,0.3325492222799312,0.014169503621059858,16.833333333333332,209,431,205,845,349
c2,MAF,-0.2669998382218589,5.20142389416881e-4,16.4,197,449,203,849,349
c1,PAX9,-0.036324907941764906,2.9645511538176375,1.25,200,213,453,866,349
c3,RFX4,0.5704797951760383,0.058861747576219876,9.625,160,397,288,845,350
c2,FOXD2,-1.6805675197948222,0.8948911232226033,15.1,329,293,227,849,350
c1,CREM,0.9340649579392225,0,11.5,146,434,290,870,350
c3,MYBL1,-0.19452187007957128,10.700755326809489,2.2857142857142856,299,110,436,845,351
c2,MYBL2,0.28227123414086464,2.1006061138093135,1.25,147,252,450,849,351
c1,NHLH2,-7.4711881835799625,6.116313789549635,13,449,159,267,875,351
c3,YY1,-0.8031037365529728,0.7207801823132075,24.208333333333332,397,312,137,846,352
c2,ZNF341,-2.516065326413249,0.13411346316447406,30.7,375,366,109,850,352
c1,VDR,1.2328239815962707,0.02861059635965961,6.5,127,382,366,875,352
c3,STAT2,-1.2418474529576435,3.2908414795366467,17.666666666666668,428,225,193,846,353
c2,MAFF,-3.465825701851859,6.440541370431867,9.5,400,164,290,854,353
c1,HNF1B,-0.9926796904507992,4.011859778740303,4.25,270,193,413,876,353
c3,RFX5,0.9622426568615603,0.08143402265605712,6.333333333333333,103,387,357,847,354
c2,HOXB9,-1.3544226242252349,5.090030541387311,5.4,302,182,370,854,354
c1,CEBPE,-2.2754861646580733,7.202961595989883,5.25,340,149,390,879,354
c3,NFATC4,-0.39904072846622235,0.22769448423732716,20.875,336,356,156,848,355
c2,PAX7,-1.3352167770541925,12.300310308269179,1.25,299,107,449,855,355
c1,PAX1,-0.9837311520877974,4.513611774089116,2.5,266,182,434,882,355
c3,PKNOX2,1.3381013017010812,0.49270492453012893,1.8181818181818181,69,335,445,849,356
c2,JDP2,1.1536983854178797,0,7.9,92,453,312,857,356
c1,POU3F3,-1.7935667575165049,0.21692493789659228,17,318,339,226,883,356
c3,ESRRB,0.8331670497297782,0.14787021784686152,6.083333333333333,114,374,362,850,357
c2,TCF4,-7.443661977190553,0.08278415283348041,62,447,381,34,862,357
c1,RFX3,-2.3338738811835613,0.004882272861014945,29.25,343,414,128,885,357
c3,ELK1,-1.0550905376777893,0.7354130600317508,25.75,414,311,126,851,358
c2,POU4F3,-2.803307261234682,4.703564575760927,9.6,384,191,287,862,358
c1,MAF,-0.4193806053222354,0,18,227,443,217,887,358
c3,PAX5,-0.050746242197220334,0.04867386461553107,18.958333333333332,277,399,179,855,359
c2,HEY1,-1.5883453519549156,0.0976835713906451,19.9,322,376,165,863,359
c1,ARGFX,-5.61529091965021,7.04993331661244,9.25,416,150,321,887,359
c3,MITF,-0.25782470152342035,4.092790329673965,6.75,312,203,340,855,360
c2,CDX1,-0.3678745067157499,0.5701285451669305,6.5,208,316,340,864,360
c1,EBF1,-8.906315121369463,0.16053505337615936,43.5,458,347,85,890,360
c3,KLF13,-0.3597466685650984,8.53432409778751,4.666666666666666,326,139,394,859,361
c2,TGIF2,-6.073096338172455,58.208406855851706,3.4,430,17,419,866,361
c1,GLIS2,-1.4500923459015016,0.2737566183347633,13.75,297,332,261,890,361
c3,E2F7,-0.48280623050798366,26.46673331921153,1,351,50,459,860,362
c2,PROP1,-2.9799776391071826,11.990576193773475,5.4,389,110,368,867,362
c1,HES7,-0.5807572643637193,2.2122658184070705,4.5,238,244,408,890,362
c3,BHLHE41,-0.20122796897426323,1.274872056359506,10.583333333333334,301,285,279,865,363
c2,ATF2,-4.564900450717253,2.9257740536189853,14.9,412,227,230,869,363
c1,BARX2,-2.3054681221236453,1.3472210096186474,12.5,341,275,275,891,363
c3,FEV,-0.6025036680805396,0.32963409798084126,22.083333333333332,367,349,150,866,364
c2,ZNF282,-0.10594494933924295,1.2137102707467013,3.8,179,280,410,869,364
c1,HOXB13,-1.658084968898479,0.02147814108422781,19.25,311,385,196,892,364
c3,XBP1,-0.04619445529966554,2.416935243701827,6.5,276,244,348,868,365
c2,NFYC,-1.9557612339185904,0.006023499385498884,38.8,350,434,86,870,365
c1,TCF4,-8.463146793151967,0.00817713955636133,65.75,456,405,33,894,365
c2,ZNF317,-2.61266151749275,0.11187410272749101,26.6,381,369,123,873,366
c3,GBX1,1.6036272816518582,0,5.791666666666667,53,454,366,873,366
c1,ZNF652,-0.5139467794553589,0.014891413052831067,13,233,395,268,896,366
c2,HOXA13,-0.12244836406158134,0.03432356117180367,9.3,181,398,294,873,367
c3,SRF,-0.280487410013172,10.745563104022976,1.5,317,109,448,874,367
c1,ESX1,-3.5432359844517376,2.83447608378854,11,382,220,294,896,367
c2,PAX1,-1.1082122339214062,7.7404572332416555,1.5,280,148,446,874,368
c3,KLF2,-1.1956331643661018,0.0038820518392957666,140.79166666666666,425,445,7,877,368
c1,NFIL3,-3.500933799435278,4.357600637355257,8.25,379,185,335,899,368
c2,NFATC3,-1.201172697147502,0.007459226134416866,20.7,288,429,158,875,369
c3,ERG,-0.41210859469116434,0.0721842299113842,22.458333333333332,337,393,149,879,369
c1,SOX15,-4.33195387464436,0.015592452494432243,31.75,391,394,115,900,369
c2,PKNOX1,-2.1119251548685765,0.1712240852434674,20.6,359,359,159,877,370
c3,NFE2L1,-1.4869068561254306,28.30090444944419,4.166666666666667,436,44,403,883,370
c1,MYB,-2.0147738757444764,0.08194081285070086,18.25,327,362,211,900,370
c2,MEIS1,-2.8924783447808498,2.157518737348386,13.3,386,249,242,877,371
c3,CREM,-0.10506990167304933,0.6412705749520407,10.25,284,320,281,885,371
c1,SCRT1,-1.621089783002895,0.0305966762066984,18.25,309,378,213,900,371
c2,ZSCAN29,0.3324809864067463,0.032843611422598125,6.7,143,399,337,879,372
c3,HOXD10,0.08226549216870992,2.965087551584067,4.041666666666667,249,230,406,885,372
c1,NR4A2,-0.9883762922122701,0.5847942463431498,8.5,268,300,332,900,372
c2,RORA,-1.9826628643744697,0.33449187648919576,17.2,354,334,192,880,373
c3,TP53,-0.7608961015248235,16.686800471052223,3.130434782608696,386,77,422,885,373
c1,DUX4,0.5000209351823979,0.0125206674984093,8.25,171,398,339,908,373
c2,SOX21,-1.8516077088848433,13.139255539850188,1.25,342,96,448,886,374
c3,NFATC3,-0.5648300397715764,0.1786097026028691,20.166666666666668,359,366,163,888,374
c1,BHLHE23,-1.7724043490991797,6.922110182146973,2,316,153,440,909,374
c2,FOXP2,-1.4140727200018042,0.006477556447334133,22.7,309,432,146,887,375
c3,SPDEF,-0.5902600376535199,1.6805859647449841,11.958333333333334,363,265,260,888,375
c1,DBP,-1.1733268782141542,2.033100024452283,5.5,279,250,384,913,375
c3,MTF1,-0.2262695887235618,4.106630257101734,5.260869565217392,307,202,379,888,376
c2,ZBTB26,-1.2010844154553342,0.0014588605586192429,20.9,287,446,157,890,376
c1,ATF7,0.19700204439166757,0.48425133768215034,4,186,309,418,913,376
c3,NR3C2,0.5132224555662542,1.4962187820516175,1.6111111111111112,167,276,446,889,377
c2,NHLH1,-9.324631000011006,0.04528646436208191,51.4,454,393,49,896,377
c1,POU4F1,-5.346976925111175,1.6527018472467692,15.75,408,267,239,914,377
c3,MYB,-0.2669562989334351,0.1858850151991553,15.708333333333334,314,365,217,896,378
c2,CREB1,-3.442303190256838,0.44348307913572105,18.8,399,326,175,900,378
c1,CLOCK,-2.1552989390303634,2.0043639943975107,9,334,254,327,915,378
c3,ZSCAN29,0.19763554269343656,0.5313554800698798,6.75,227,331,341,899,379
c2,PHOX2A,-4.068840541591116,10.061697358639263,5.3,409,119,372,900,379
c1,EBF3,-7.515153119452085,0.00818187319041851,51.75,450,404,62,916,379
c2,TFCP2,1.8684412076871277,9.62998480325521e-4,4.8,66,447,387,900,380
c3,ZBTB33,-0.8602226926896798,1.2652348405478635,16.291666666666668,403,287,211,901,380
c1,E2F3,-0.24830365262347776,1.8155640731930611,2,212,260,444,916,380
c2,HOXC13,-1.552608707060503,5.814468423643883,3.8,318,173,409,900,381
c3,IRF8,-1.5049129151045286,114.71241249239064,1,437,6,458,901,381
c1,ZNF317,-4.620228698487095,0.004299026656890535,35,396,416,107,919,381
c3,ETS2,-0.4219368852361113,0.01420176758501593,25.125,343,430,129,902,382
c2,PAX6,-1.3081301171741488,3.5778148594554766,4.3,298,210,395,903,382
c1,OLIG1,-1.248911947607223,3.7897230563215323,2.3333333333333335,287,197,437,921,382
c3,HOXA13,0.4268453598139657,0.044844933374699504,8.375,186,406,311,903,383
c2,ONECUT3,-3.1360978468512366,15.100834873148836,3,393,85,425,903,383
c1,LBX2,-5.842547340924162,4.629170890740942,9.25,421,179,322,922,383
c3,CENPB,-1.8006235231895023,18.825753134482795,4.782608695652174,441,72,390,903,384
c2,EVX1,-0.774490199194129,1.7860414740783612,4.1,249,260,402,911,384
c1,HLF,-3.196874648810295,5.390146263125834,5.75,371,170,381,922,384
c3,ZBTB26,-0.13133933896597183,0,21.291666666666668,292,461,153,906,385
c2,OVOL1,0.6993717121205768,0.17275004565222848,1.5714285714285714,110,358,444,912,385
c1,DMRTC2,-1.113904682821381,0.4067619369677169,8.25,275,313,338,926,385
c3,E2F2,-0.16345386417303606,1.9735037843875676,6.333333333333333,296,257,356,909,386
c2,ESR1,4.698379967887465,0,1.5,16,451,447,914,386
c1,OTX2,0.2659094116188325,0.00888266398742891,8,179,403,344,926,386
c3,GSC,-0.08645967670243157,0.8556880983142597,7.833333333333334,282,306,322,910,387
c2,ZNF274,-0.7500883292130628,0.9612007959859734,4.8,245,289,385,919,387
c1,FOXF2,-5.459048189038995,1.6814034607319241,14.5,411,266,250,927,387
c3,ETS1,-0.44363932876808276,9.053761639321198e-4,29.291666666666668,348,451,113,912,388
c2,GATA4,-0.4014964480184407,0,12.7,212,458,252,922,388
c1,JDP2,0.8640171040864428,0,8.25,152,435,340,927,388
c3,NRL,1.1632600144106051,0.005991102822071962,4.708333333333333,84,438,392,914,389
c2,BARHL2,-2.1273694034880544,8.257026099810354,3.5555555555555554,360,145,417,922,389
c1,GATA2,-3.6832401391803975,2.191671903503802,10.75,384,246,299,929,389
c3,PPARA,0.2863671064988409,0.0043027176654278,12,214,443,259,916,390
c2,MITF,-1.9803186792006475,2.9008414252789936,6.3,353,229,342,924,390
c1,ESRRB,-0.2960174416447653,0,12.5,215,442,277,934,390
c3,MEF2D,-0.9052721208551473,6.796209132718292,6.541666666666667,405,166,345,916,391
c2,ZNF136,-1.1097124903648659,2.5935894827928485,3.888888888888889,282,237,408,927,391
c1,CDX1,-0.5704164014907218,0.20852705373197247,7.25,236,341,359,936,391
c3,ZNF136,-0.07308940042531323,3.165892653526966,4,280,228,408,916,392
c2,RORC,-1.4337839011532791,0.8654948915118964,7.4,311,295,324,930,392
c1,PROX1,-0.17595733705908556,0.493487443858873,3.3333333333333335,206,306,424,936,392
c3,HLF,-0.9265076149686657,8.462746896464179,5.708333333333333,407,141,371,919,393
c2,ZNF24,-0.631249120813642,0.008294529235272465,10.6,229,427,275,931,393
c1,MEIS1,-2.0404542282507405,0.3638363988928049,11.25,329,316,292,937,393
c3,MAFG,0.4242509238343506,0.004352256098902782,9.541666666666666,187,442,291,920,394
c2,ATOH7,-5.786995774449353,1.9106437530208498,12.4,427,254,258,939,394
c1,TGIF2,-5.950417391003697,9.647870331717312,4.75,424,123,399,946,394
c3,IRF5,-0.9436221661637457,6.843560817043996,6.458333333333333,408,165,350,923,395
c2,SMAD5,0.1490778068071557,0.034477521088532144,4.9,158,397,384,939,395
c1,TBX19,-1.042607165484075,2.5829802386627554,1.3333333333333333,272,230,450,952,395
c3,SP4,-0.850126503389776,0.03305298815651656,31.583333333333332,402,416,106,924,396
c2,RFX3,-3.2910368576317732,0.016235632607791668,25.1,395,411,135,941,396
c1,OLIG2,-0.89927019249263,0.32854550259946885,6.25,261,322,372,955,396
c3,GLI2,-0.2544274023526998,0.16059911893814396,13.458333333333334,311,370,243,924,397
c2,CREB3,-0.6670917632891654,0.06297801044132267,7.5,234,385,322,941,397
c1,ALX3,-6.239057005356575,2.2259859928958052,12,432,243,281,956,397
c3,NFIL3,-1.1245006869317842,5.304265160106703,8.041666666666666,420,189,318,927,398
c2,PPARD,-0.0737973958420333,0.1622606875493261,4,177,361,405,943,398
c1,ZBTB26,-2.991246666939239,0,28.5,370,457,133,960,398
c3,ERF,-0.31511997407597864,0,22.708333333333332,321,462,146,929,399
c2,SOHLH2,-1.6976191512314067,0,21.8,330,461,153,944,399
c1,GRHL1,-0.47410825120269073,0.005583323600626393,9.5,230,413,317,960,399
c3,TEAD1,-1.0202461028434688,1.1943781796502528,14.958333333333332,411,292,226,929,400
c2,PBX2,-2.8928549588834613,0.748644223746487,12,387,300,259,946,400
c1,ONECUT2,-0.29685467364767515,0.37011895772058323,2.75,216,315,432,963,400
c3,TEF,0.47884696147408823,0.5645564402779214,2.75,175,327,427,929,401
c2,ARGFX,-5.616320673553498,7.131919241095364,5.4,424,154,369,947,401
c1,RAX,-5.103947781241274,2.353546273858906,8.5,402,237,331,970,401
c3,HOXA9,-0.3209135110668246,4.889208716739513,3.666666666666667,322,194,414,930,402
c2,TP53,-4.989732266448284,12.747582950094632,2.3,417,100,433,950,402
c1,ESR2,-2.6676210321882876,0,23.75,360,456,156,972,402
c3,ATF7,0.12273711274034331,1.5427452551393717,3.2916666666666665,239,273,420,932,403
c2,HES7,-1.7711712185645359,4.236243974490534,3.5,333,201,418,952,403
c1,TP63,-2.6119026452542426,4.668948933307512,2,355,177,441,973,403
c3,ELF4,-0.7355512234529699,0.5832125769281107,14.791666666666666,382,326,227,935,404
c2,ZBTB18,-7.061380360949533,1.0949733738559524,15.1,441,287,226,954,404
c1,ZSCAN29,-1.5924519009038058,0.16913074990958224,9.25,306,345,323,974,404
c3,RELB,-1.1638306912708822,0.5997283884967207,17.708333333333332,423,323,191,937,405
c2,NR2F2,-1.492930119502086,0.002010804353678532,16.9,316,444,195,955,405
c1,MYBL2,-0.24829505475098274,0.3044465143881551,2.5,211,328,435,974,405
c3,OLIG1,-0.8495409436877568,10.700624416228917,2.608695652173913,401,111,429,941,406
c2,TEF,-0.4501341212032398,0.1847211844882845,4.9,217,356,383,956,406
c1,MIXL1,-5.859320903581806,2.794562111819749,8.25,422,221,336,979,406
c3,NR3C1,0.6023409837259861,0.4892790394484415,1.5,155,336,450,941,407
c2,HESX1,-6.724083584539493,8.824157964767602,4.5,437,137,391,965,407
c1,HOXA13,-0.7219869281924469,0.02593780283680018,7.75,249,383,351,983,407
c3,PPARD,0.6016753760468765,0.12293102407931987,3.7916666666666665,156,377,411,944,408
c2,NFIC,-9.742532078802581,0.02693937633043373,30.4,456,404,110,970,408
c1,FOXD2,-7.226498281352577,0.04363948241731534,21.5,446,371,168,985,408
c3,HNF1A,0.0759014774949847,0.640380600022679,5.541666666666666,250,321,374,945,409
c2,LHX6,-0.8772129449973507,0.7639391145095737,3.7,261,298,412,971,409
c1,TFAP4,-5.415959424377955,0,30.25,410,458,122,990,409
c3,ETV3,-0.5980948815607995,0.03737279457301896,19.625,365,413,169,947,410
c2,RFX2,-3.964758934437132,4.893814982382834,4.9,408,185,381,974,410
c1,POU1F1,-1.1778351769175743,0,13.75,280,449,263,992,410
c3,ZNF274,0.27382873771657956,0.40727508245769156,4.666666666666666,216,340,395,951,411
c2,ONECUT1,-3.1239091669320773,0.8963498710579045,9.1,392,292,296,980,411
c1,PAX7,-1.2309852070124307,1.7965017451034504,1.5,285,261,448,994,411
c3,DUX4,0.45667188774466927,0.02197136954772185,6.416666666666667,179,422,353,954,412
c2,TFAP4,-7.974417694857688,0.03251766685995857,25.3,448,400,133,981,412
c1,FOXP2,-6.362136802001233,0.0024362114746960925,27.75,437,420,138,995,412
c3,HSF1,-0.7846468755154206,8.61493182368987,2.75,394,136,426,956,413
c2,LMX1B,-4.733847850925332,3.845426632048453,5.9,415,208,359,982,413
c1,RFX2,-2.17501006079343,1.0783363984816787,6,335,283,377,995,413
c3,DMRT3,0.8039066672589112,0,5.083333333333333,118,458,382,958,414
c2,MYF6,-5.9642224813202205,1.1696619275608433,10.7,428,284,271,983,414
c1,ZNF24,-0.9887522630104413,0,12.25,269,448,279,996,414
c3,MLXIPL,-0.09000585255155522,0.017257804461572716,11.75,283,425,263,971,415
c2,FERD3L,-7.402118303363152,3.7031568006293734,7.2,446,209,328,983,415
c1,MAFG,-1.5248728349468863,0,15.25,303,451,243,997,415
c3,PROX1,0.09799941180262273,1.0193615509614429,2.35,246,297,434,977,416
c2,ALX3,-5.6342285716011125,1.9073564811945196,8.1,425,255,310,990,416
c1,OVOL1,0.6978314624693844,0.019499891247522622,2,164,388,445,997,416
c3,IRF4,-1.4822124133261982,13.560031742492832,1,435,87,462,984,417
c2,MLXIPL,-1.182720514890597,0.004112656147614796,11.4,286,440,265,991,417
c1,CEBPD,-0.8278742020724902,0,11,256,445,298,999,417
c3,EGR3,-0.91521194230766,7.302351158846999e-4,24.958333333333332,406,452,131,989,418
c2,NOTO,-1.075120232882644,0.09397356276325683,6.8,279,377,335,991,418
c1,ZNF274,-1.3620315575896682,0.8087247045489926,4.25,294,291,414,999,418
c3,MEF2C,-0.7883884948672405,0.09466507511988448,16,395,384,212,991,419
c2,OLIG2,-1.7244674950256387,0.6228390712903941,6.1,332,310,351,993,419
c1,PBX2,-5.487469152753905,0.1703601439921455,15.25,414,344,242,1000,419
c3,ZNF282,-0.013267477921884313,0.85162512045138306,3.347826086956522,268,307,418,993,420
c2,HOXA6,-1.0675818843192488,0.2914088838615281,5.1,278,342,376,996,420
c1,SOX14,-2.072253776626202,0.010660068061421552,13,330,401,269,1000,420
c2,GBX1,-1.366442573187155,0.6877905903616891,4.7,304,303,389,996,421
c3,BHLHE23,-0.678402419080173,5.361268491082875,2.25,373,187,438,998,421
c1,TFCP2,0.21631076322077594,0,6,182,439,379,1000,421
c3,ZNF24,-0.46948785511141783,0.06260466779185554,12.041666666666666,350,395,258,1003,422
c1,SOX8,-5.3004778759392,0.014257709922754047,19,407,396,201,1004,422
c2,NFIA,-8.2790557241299,0.05767701549647386,19.7,452,388,169,1009,422
c1,PAX6,-4.017626303331228,1.9371385339137643,6.5,387,256,364,1007,423
c3,ELF2,-0.7818502827189501,0.06661047979277465,15.375,391,394,223,1008,423
c2,TP63,-3.6672823251465054,7.06482904752407,1.2,403,157,451,1011,423
c3,GSC2,-0.28665296722779743,0.24547615084053137,7.083333333333334,319,354,335,1008,424
c1,NEUROG1,-1.3509548608443227,0.4846662772246567,4.5,293,308,409,1010,424
c2,NR3C2,-1.3448628205385154,1.4706835755360257,1.1666666666666667,300,268,453,1021,424
c3,CUX1,0.6685600372692724,0.005677633618778683,2.791666666666667,145,439,425,1009,425
c1,E2F8,0.436016341192356,0,4.666666666666667,172,437,403,1012,425
c2,RAX,-6.131652488286021,2.4258925279243377,6.1,432,240,350,1022,425
c1,TEF,-0.7487167477782241,0.1393921255487722,4.5,251,351,410,1012,426
c3,E2F3,0.047830858747801686,0.6997184409415784,1.2307692307692308,257,314,454,1025,426
c2,ATF7,-2.234153002217541,2.129365933205221,3.7,365,251,411,1027,426
c1,PHOX2A,-6.075220372633507,1.5248766392844544,9.75,430,270,316,1016,427
c3,IRF9,-1.440355531843678,8.681348978541621,1.0909090909090908,434,135,456,1025,427
c2,E2F3,-1.354746189461674,1.6107045813561336,1,303,266,461,1030,427
c1,LHX2,-5.053738649937483,0.7087612962856775,9,401,297,328,1026,428
c3,ZNF528,0.39567642428864447,0.031514522472171326,3.625,195,417,415,1027,428
c2,FOXE1,-2.4094850507201193,0.6379418774812609,6,371,307,355,1033,428
c3,MAF,-0.6397804128338646,0.0015570955071623899,16.416666666666668,369,450,209,1028,429
c1,MYF6,-4.98795107032686,0.032514403556078604,14.25,400,376,254,1030,429
c2,GSX1,-6.912753149491182,3.8669403484058256,4.7,439,207,388,1034,429
c3,HSF2,-0.7838692977413303,2.776563593468946,4.25,392,235,401,1028,430
c1,FOXK1,-5.992572056133458,0.010614085835715084,19,427,402,202,1031,430
c2,TBX19,-1.7113501087676233,1.7659048549493024,2,331,261,442,1034,430
c3,BATF3,-2.1498879488399383,0.10724983930969717,16.875,448,378,203,1029,431
c1,GATA4,-1.9929167354771518,0,14.25,326,453,255,1034,431
c2,CREM,-1.9884226675003143,0.013812370758434346,11.6,355,418,264,1037,431
c3,TP63,-0.5164352768520837,3.571070364571505,1.0833333333333333,355,217,457,1029,432
c1,NFIC,-11.34959284530311,0,33.5,463,463,112,1038,432
c2,NEUROD2,-1.4423384870659777,0.32517593431009206,4.5,312,335,393,1040,432
c3,POU2F1,-4.421908797481676,0.5326717226777355,13.5,460,330,241,1031,433
c1,LHX6,-2.212328836352275,0.19151423878549495,7,337,342,360,1039,433
c2,ESRRA,-2.657995414642645,0,16.6,383,462,200,1045,433
c3,HNF1B,0.007366608791373343,0.17499161751383357,4.208333333333333,266,367,402,1035,434
c1,NFIA,-8.708269228708186,0.012888158183954074,20,457,397,189,1043,434
c2,DMRT3,-0.5029825914579399,0.0027493913340159632,4.3,219,441,397,1057,434
c1,NOTO,-2.82687987488789,0.14344499087363827,9,364,350,329,1043,435
c3,TP73,0.19431188192514837,0.045427248993729,3.7391304347826084,228,404,412,1044,435
c2,HNF1B,-0.7771484448911186,0.08136220123459895,2.8,250,382,426,1058,435
c1,NEUROD2,-1.7811799681622653,0.4390677686894534,4.25,317,311,415,1043,436
c3,VDR,0.10117127914098381,0.0810973431047225,3.6956521739130435,245,388,413,1046,436
c2,OLIG3,-1.5653979961495312,0.013990620985701653,7.5,319,417,323,1059,436
c1,ZBTB18,-4.9300898939719575,0.04507475329615218,12.25,399,370,278,1047,437
c3,POU5F1,-7.203197516311291,0.03747241406576244,19.125,463,412,176,1051,437
c2,HNF1A,-0.9866187614651489,0.028979494516320755,4.7,269,402,390,1061,437
c1,HESX1,-6.358525868877603,1.9271367372828718,7.25,436,257,358,1051,438
c3,SMAD5,-0.021068001555755993,0.041596075788143755,5.416666666666667,269,409,376,1054,438
c2,DUX4,-1.5019888015460003,0.023669427565205937,6.5,317,407,341,1065,438
c1,RFX4,-2.141051636515805,0.00453019566011641,10.25,332,415,308,1055,439
c3,IRF7,-0.6890771862424285,0.5251901135581046,6.5,375,332,349,1056,439
c2,LHX2,-7.236031579451346,0.450754307231268,8.4,444,325,305,1074,439
c1,CEBPB,-2.0793862173863173,0.25777844849666204,5.25,331,333,391,1055,440
c3,ESR1,0.6401927033679095,0,1.2727272727272727,148,459,453,1060,440
c2,MAFG,-2.5494693700006303,0.004776559181164475,11.8,377,436,263,1076,440
c1,OLIG3,-0.8549947728912153,0,7.75,259,446,352,1057,441
c3,GRHL1,-0.38432970102352676,0.07766313619566548,6.833333333333333,333,389,339,1061,441
c2,PPARG,-0.20931551651166755,0,2.375,192,455,431,1078,441
c1,MNX1,-6.673154970008451,0.11368155282845382,13.75,441,356,262,1059,442
c3,CREB3,-0.36868191676538836,0.01704605651853702,8.583333333333334,328,427,308,1063,442
c2,NR3C1,-1.4552567160443435,0.49038838430685927,1.1666666666666667,313,321,454,1088,442
c1,SMAD5,-0.6215551550668073,0.00306441262896356,4.75,240,418,402,1060,443
c3,POU3F3,-3.2033041980101933,0.15258341197127392,13.625,456,373,240,1069,443
c2,NEUROG1,-2.434402849162873,0.56575293274858,4.111111111111111,372,317,401,1090,443
c3,OLIG3,-0.5727985992544126,0.1536367793062154,6.833333333333333,360,372,338,1070,444
c1,FOXE1,-6.84496664910309,0.315005222190724,10.25,443,326,307,1076,444
c2,EVX2,-0.9383757576259528,0.007202598046640144,4.3,264,431,396,1091,444
c3,ETV2,-1.3713534022662235,0.008921687726020316,16.458333333333332,433,435,208,1076,445
c1,ESR1,0.1346748913395433,0,1.3333333333333333,189,440,452,1081,445
c2,LBX2,-6.273064749799321,0.6807106938522653,5.7,434,304,362,1100,445
c3,ZNF143,0.22384769184015174,0.03339499633256478,2.25,222,415,439,1076,446
c1,RFX5,-2.640446861411625,0.07810017249975156,6.5,359,364,365,1088,446
c2,ONECUT2,-3.313536528204967,1.2190303768174269,2.4444444444444446,396,278,429,1103,446
c3,TEAD2,-2.1163035011081655,0.009305240879951188,17,447,434,200,1081,447
c2,RFX4,-3.391984390653527,0.02560074939821288,8.8,398,405,301,1104,447
c1,CUX1,-0.43995560183176496,0,2.5,229,444,436,1109,447
c3,POU3F1,-3.514027248264823,0.07759034434544365,14.083333333333334,458,390,234,1082,448
c2,ESRRB,-2.2753910978326823,0.004561430086381443,8.5,367,437,304,1108,448
c1,EVX2,-2.6336190766946777,0.02947903104970826,6.25,358,380,373,1111,448
c3,OTX2,-0.5773476701578953,0.05697969192847679,7.708333333333334,361,398,324,1083,449
c2,E2F8,-0.44721414347114824,0,2.3,215,459,435,1109,449
c1,PPARG,-0.9663921150361556,0,4.666666666666667,265,447,404,1116,449
c3,OLIG2,-0.6628184893054256,0.5234457344285249,5.291666666666667,372,333,378,1083,450
c2,RFX5,-4.161211456648482,0.2610375795550948,5.5,410,346,367,1123,450
c1,DMRT3,-1.4917297871313622,0,5.5,301,450,387,1138,450
c3,POU1F1,-3.4916171239962464,0.1973928166120287,11.333333333333334,457,362,268,1087,451
c2,TLX1,-9.09806637652556,0.01238230778527609,12.6,453,419,254,1126,451
c1,NR3C2,-1.938194839166339,0.1326706741235313,1,324,354,462,1140,451
c3,NFKB1,-1.0829268744888805,2.922111058692883,1.9,416,231,442,1089,452
c2,TGIF2LX,-6.123207708435595,0.24873590977489032,6.2,431,348,347,1126,452
c1,HOXA6,-2.4930406551709026,0,7.5,349,455,355,1159,452
c3,CEBPD,-0.5006694222454068,0,10.666666666666666,354,463,277,1094,453
c2,MIXL1,-4.961542736361319,0.42280621039410987,4.9,416,329,382,1127,453
c1,NR3C1,-2.2023090780512558,0.1028741532137608,1,336,360,463,1159,453
c3,NEUROG1,-0.7755928684395027,0.871410836742102,3.9166666666666665,388,305,409,1102,454
c2,CUX1,-1.063714730255555,0.005077420964923426,3.3,277,435,420,1132,454
c1,NRL,-2.9482038578327474,0.00759199398436554,5.5,369,406,385,1160,454
c3,NEUROD2,-0.7458620629781184,0.3910790308826908,5,384,341,384,1109,455
c2,MNX1,-6.422939290052021,0.03463455617466158,7.9,435,396,311,1142,455
c1,TLX1,-11.250246235671561,0,14.75,462,462,248,1172,455
c3,CEBPB,-0.2857188627388483,0.04667023689694079,4.416666666666667,318,402,399,1119,456
c2,TGIF1,-4.355828968849149,1.3025998791440565,1,411,275,462,1148,456
c1,GBX1,-2.3672206844412704,0,6.25,345,454,374,1173,456
c3,OVOL1,-0.493327430519413,0.6529834636614597,1.5,353,318,449,1120,457
c2,NRL,-3.1073010847725104,0.014527952220880937,6.3,391,414,344,1149,457
c1,TP73,-3.51994676260876,0.00323546870753774,5.5,380,417,386,1183,457
c3,PPARG,0.14031841024765712,0,2.3,237,460,435,1132,458
c2,ZNF528,-1.892495332877229,0.028262596378510647,3.6,346,403,416,1165,458
c1,TGIF1,-6.367165635513775,0.7427674423281672,1.3333333333333333,438,295,451,1184,458
c3,POU2F2,-4.631761318863502,0.005216015559485026,12.291666666666666,461,441,256,1158,459
c1,ZNF528,-3.9031631784248124,0.03021809923152863,3.25,385,379,426,1190,459
c2,HOXB3,-7.098872425233718,0.0090872012510607985,7.3,442,424,327,1193,459
c3,TFCP2,-0.39564117659471604,0.00417878782755682,5,334,444,385,1163,460
c1,TGIF2LX,-5.790269652480138,0,9.5,420,459,318,1197,460
c2,TP73,-5.144280184812191,0.035912097163424556,4,419,395,406,1220,460
c1,PKNOX2,-6.303083062889173,0.35928213681852095,1.5,434,318,449,1201,461
c3,E2F8,-0.8214653493309322,0.10520300859851059,2.0434782608695654,399,379,440,1218,461
c2,PKNOX2,-6.680927692370406,0.38115528081308614,1.125,436,333,457,1226,461
c1,HOXB3,-6.33554279359992,0,10,435,461,313,1209,462
c2,GBX2,-8.13720387594539,0.002141491104118506,6.3,450,443,345,1238,462
c3,JDP2,-2.2591734506525922,0.0018773543551558168,6.541666666666666,450,448,346,1244,462
c1,GBX2,-6.213436061426087,0,8,431,460,345,1236,463
c3,BACH2,-2.535947149850567,0.08146606151183618,3.3043478260869565,451,386,419,1256,463
